date,gc_comex_carry_2m,gc_comex_carry_4m,si_comex_carry_2m,gc_cal_curvature,gc_si_cal_ratio,gc_comex_lbma_basis,si_comex_lbma_basis,gc_si_comex_basis_spread,gc_comex_curve_slope,comex_lbma_slope_basis
2018-01-01,,,,,,,,,,
2018-01-02,2.2253731170292115,2.1524100640118093,2.6067917596416224,-0.07296305301740214,0.8536827342645706,0.4153731170292114,0.7067917596416224,-0.291418642612411,-0.03648152650870107,-0.07473152650870118
2018-01-03,2.2675999305837173,2.17087226542831,2.6317613338055654,-0.0967276651554072,0.8616282568848045,0.4575999305837173,0.6817613338055655,-0.2241614032218482,-0.0483638325777036,-0.10326383257770377
2018-01-04,2.2161119546929067,2.121124915651173,2.6314565377740866,-0.09498703904173356,0.8421617164794543,0.46611195469290667,0.7314565377740867,-0.26534458308118003,-0.04749351952086678,-0.1401435195208669
2018-01-05,2.214938787961889,2.1423178440943373,2.731450087017493,-0.0726209438675518,0.8109021645643214,0.5149387879618892,0.831450087017493,-0.3165112990556038,-0.0363104719337759,-0.09996047193377611
2018-01-06,2.214938787961889,2.1423178440943373,2.731450087017493,-0.0726209438675518,0.8109021645643214,0.5149387879618892,0.831450087017493,-0.3165112990556038,-0.0363104719337759,-0.09996047193377611
2018-01-07,2.214938787961889,2.1423178440943373,2.731450087017493,-0.0726209438675518,0.8109021645643214,0.5149387879618892,0.831450087017493,-0.3165112990556038,-0.0363104719337759,-0.09996047193377611
2018-01-08,2.2181259916101226,2.167748471650378,2.753914766338046,-0.05037751995974471,0.8054446777812314,0.5181259916101226,0.9039147663380458,-0.38578877472792317,-0.025188759979872355,-0.08703875997987254
2018-01-09,2.2294386536667474,2.178804203370044,2.775609332986323,-0.05063445029670355,0.80322494494139,0.49943865366674745,0.9256093329863231,-0.42617067931957564,-0.025317225148351774,-0.03331722514835178
2018-01-10,2.2199754106890066,2.1919224427260757,2.8061801402127564,-0.028052967962930886,0.791102245674326,0.4699754106890066,0.9561801402127563,-0.4862047295237497,-0.014026483981465443,-0.020826483981465582
2018-01-11,2.2146038255742955,2.1866187362484015,2.8175927554240423,-0.02798508932589394,0.7859914536304242,0.44460382557429545,0.9675927554240422,-0.5229889298497468,-0.01399254466294697,-0.05239254466294696
2018-01-12,2.2397411854629503,2.2326225701194335,2.857686631898851,-0.007118615343516765,0.7837602487487252,0.4697411854629503,1.007686631898851,-0.5379454464359008,-0.0035593076717583827,-0.03380930767175849
2018-01-13,2.2397411854629503,2.2326225701194335,2.857686631898851,-0.007118615343516765,0.7837602487487252,0.4697411854629503,1.007686631898851,-0.5379454464359008,-0.0035593076717583827,-0.03380930767175849
2018-01-14,2.2397411854629503,2.2326225701194335,2.857686631898851,-0.007118615343516765,0.7837602487487252,0.4697411854629503,1.007686631898851,-0.5379454464359008,-0.0035593076717583827,-0.03380930767175849
2018-01-15,2.2397411854629503,2.2326225701194335,2.857686631898851,-0.007118615343516765,0.7837602487487252,0.4697411854629503,1.007686631898851,-0.5379454464359008,-0.0035593076717583827,-0.022959307671758467
2018-01-16,2.2360560230907427,2.2289491203743172,2.9183742175943927,-0.007106902716425445,0.7661992110572842,0.4660560230907427,1.0183742175943928,-0.5523181945036502,-0.0035534513582127225,-0.019303451358212875
2018-01-17,2.1869874248222865,2.181385510311974,2.922284424224048,-0.0056019145103123336,0.748382808563542,0.41698742482228646,0.9222844242240482,-0.5052969994017618,-0.0028009572551561668,-0.05730095725515638
2018-01-18,2.206761271339667,2.178875285328896,2.9588259069381864,-0.027885986010770747,0.745823289624782,0.4267612713396669,0.9588259069381864,-0.5320646355985195,-0.013942993005385373,-0.04284299300538552
2018-01-19,2.2427653652949004,2.2356371381385487,2.9099419166355402,-0.007128227156351752,0.7707251311352544,0.4627653652949004,0.9099419166355402,-0.4471765513406398,-0.003564113578175876,-0.037314113578176045
2018-01-20,2.2427653652949004,2.2356371381385487,2.9099419166355402,-0.007128227156351752,0.7707251311352544,0.4627653652949004,0.9099419166355402,-0.4471765513406398,-0.003564113578175876,-0.037314113578176045
2018-01-21,2.2427653652949004,2.2356371381385487,2.9099419166355402,-0.007128227156351752,0.7707251311352544,0.4627653652949004,0.9099419166355402,-0.4471765513406398,-0.003564113578175876,-0.037314113578176045
2018-01-22,2.2905979860553485,2.2598063409968594,2.987468265386713,-0.03079164505848908,0.7667355039698948,0.5105979860553485,0.9874682653867128,-0.4768702793313644,-0.01539582252924454,-0.02779582252924473
2018-01-23,2.2823726023992807,2.2516915280719565,3.0008927074235716,-0.030681074327324254,0.7605645469273777,0.5323726023992807,1.0008927074235716,-0.46852010502429087,-0.015340537163662127,-0.025740537163662314
2018-01-24,2.294377650062482,2.24090854699924,2.9695480719028398,-0.05346910306324215,0.7726352948353791,0.564377650062482,1.0095480719028398,-0.4451704218403578,-0.026734551531621076,-0.03388455153162129
2018-01-25,2.2832668624107453,2.2733587612720703,2.9483069105596806,-0.009908101138675018,0.7744332363204718,0.5432668624107453,0.9883069105596807,-0.4450400481489354,-0.004954050569337509,-0.04435405056933761
2018-01-26,2.3015046274534012,2.2696934095232755,2.910045201574277,-0.03181121793012576,0.7908827760504656,0.5215046274534012,0.9700452015742771,-0.4485405741208759,-0.01590560896506288,-0.051855608965062805
2018-01-27,2.3015046274534012,2.2696934095232755,2.910045201574277,-0.03181121793012576,0.7908827760504656,0.5215046274534012,0.9700452015742771,-0.4485405741208759,-0.01590560896506288,-0.051855608965062805
2018-01-28,2.3015046274534012,2.2696934095232755,2.910045201574277,-0.03181121793012576,0.7908827760504656,0.5215046274534012,0.9700452015742771,-0.4485405741208759,-0.01590560896506288,-0.051855608965062805
2018-01-29,2.185192538477957,2.2236274482224125,2.9633968798188226,0.0384349097444554,0.7373944925701469,0.4051925384779571,1.0133968798188226,-0.6082043413408655,0.0192174548722277,-0.027182545127772295
2018-01-30,2.101826914045899,2.1654959403089045,2.975383887950221,0.06366902626300552,0.7064052885941632,0.3218269140458989,1.0253838879502208,-0.7035569739043219,0.03183451313150276,-0.001515486868497451
2018-01-31,1.8683307806229887,2.071523892310161,3.0464932523597024,0.20319311168717213,0.613272581245945,0.10333078062298884,1.1464932523597025,-1.0431624717367136,0.10159655584358607,0.056446555843586044
2018-02-01,2.3539441768173397,2.342441612271143,3.0617656755426186,-0.01150256454619658,0.7688191802594966,0.5939441768173397,1.1617656755426187,-0.567821498725279,-0.00575128227309829,-0.07275128227309846
2018-02-02,2.3726025244389675,2.338943283077138,3.037530573981505,-0.033659241361829295,0.7810958496226856,0.6126025244389675,1.137530573981505,-0.5249280495425375,-0.016829620680914648,-0.06472962068091492
2018-02-03,2.3726025244389675,2.338943283077138,3.037530573981505,-0.033659241361829295,0.7810958496226856,0.6126025244389675,1.137530573981505,-0.5249280495425375,-0.016829620680914648,-0.06472962068091492
2018-02-04,2.3726025244389675,2.338943283077138,3.037530573981505,-0.033659241361829295,0.7810958496226856,0.6126025244389675,1.137530573981505,-0.5249280495425375,-0.016829620680914648,-0.06472962068091492
2018-02-05,2.3740227130057847,2.3624220345531923,3.0444543435101052,-0.011600678452592383,0.7797859468861845,0.6140227130057847,1.1444543435101053,-0.5304316305043206,-0.005800339226296192,-0.06715033922629621
2018-02-06,2.3865222684710274,2.352665552808567,3.0611639542012647,-0.03385671566246051,0.7796126911777033,0.6265222684710274,1.2211639542012647,-0.5946416857302372,-0.016928357831230256,-0.08972835783123045
2018-02-07,2.413571699324685,2.3568847221494793,3.0529480534427313,-0.056686977175205655,0.7905708374575722,0.653571699324685,1.2329480534427313,-0.5793763541180463,-0.028343488587602828,-0.09274348858760284
2018-02-08,2.405520360828075,2.3490224835009137,3.033704821724684,-0.05649787732716138,0.7929315810826046,0.6455203608280751,1.183704821724684,-0.5381844608966089,-0.02824893866358069,-0.1069489386635809
2018-02-09,2.411553816167995,2.3324864779329277,2.99854034468996,-0.07906733823506729,0.8042425777057012,0.651553816167995,1.1485403446899598,-0.4969865285219648,-0.03953366911753364,-0.09443366911753381
2018-02-10,2.411553816167995,2.3324864779329277,2.99854034468996,-0.07906733823506729,0.8042425777057012,0.651553816167995,1.1485403446899598,-0.4969865285219648,-0.03953366911753364,-0.09443366911753381
2018-02-11,2.411553816167995,2.3324864779329277,2.99854034468996,-0.07906733823506729,0.8042425777057012,0.651553816167995,1.1485403446899598,-0.4969865285219648,-0.03953366911753364,-0.09443366911753381
2018-02-12,2.3460980147614636,2.269176768375842,2.8849293113170975,-0.0769212463856217,0.8132254768108569,0.5760980147614636,1.0349293113170974,-0.4588312965556338,-0.03846062319281085,-0.10276062319281087
2018-02-13,2.2931805905194813,2.2179943416499905,2.892260327234173,-0.07518624886949077,0.7928679755851774,0.5231805905194813,1.0422603272341728,-0.5190797367146915,-0.037593124434745384,-0.11799312443474541
2018-02-14,2.2915054541823308,2.2163741278157465,2.832283368202649,-0.07513132636658426,0.809066451439323,0.4715054541823307,0.982283368202649,-0.5107779140203184,-0.03756566318329213,-0.09446566318329208
2018-02-15,2.4311335160018768,2.351424220395209,2.916385243949643,-0.07970929560666784,0.8336119245718742,0.5111335160018768,1.066385243949643,-0.5552517279477662,-0.03985464780333392,-0.0034546478033337102
2018-02-16,2.4295201697664095,2.393379766512507,2.9663577364649996,-0.03614040325390233,0.8190246711988495,0.4595201697664095,1.1163577364649995,-0.65683756669859,-0.018070201626951166,-0.03717020162695128
2018-02-17,2.4295201697664095,2.393379766512507,2.9663577364649996,-0.03614040325390233,0.8190246711988495,0.4595201697664095,1.1163577364649995,-0.65683756669859,-0.018070201626951166,-0.03717020162695128
2018-02-18,2.4295201697664095,2.393379766512507,2.9663577364649996,-0.03614040325390233,0.8190246711988495,0.4595201697664095,1.1163577364649995,-0.65683756669859,-0.018070201626951166,-0.03717020162695128
2018-02-19,2.4295201697664095,2.393379766512507,2.9663577364649996,-0.03614040325390233,0.8190246711988495,0.4595201697664095,1.1163577364649995,-0.65683756669859,-0.018070201626951166,-0.03747020162695125
2018-02-20,2.4751466753584768,2.416160939470336,2.692681292247773,-0.05898573588814093,0.9192126385266692,0.4851466753584768,0.8426812922477729,-0.3575346168892961,-0.029492867944070467,-0.042342867944070495
2018-02-21,2.473474404502172,2.458831796460937,2.166456038996207,-0.014642608041234961,1.1417145605447954,0.44347440450217235,0.3164560389962068,0.12701836550596557,-0.007321304020617481,-0.047621304020617705
2018-02-22,2.4723608120636333,2.457724796327416,1.8145753093228942,-0.014636015736217534,1.3625010763461731,0.49236081206363336,-0.03542469067710585,0.5277855027407392,-0.007318007868108767,-0.05971800786810899
2018-02-23,2.5226882683528755,2.4843403989978943,2.327144851838363,-0.038347869354981245,1.0840271787809168,0.5726882683528756,0.47714485183836297,0.09554341651451259,-0.019173934677490623,-0.11862393467749044
2018-02-24,2.5226882683528755,2.4843403989978943,2.327144851838363,-0.038347869354981245,1.0840271787809168,0.5726882683528756,0.47714485183836297,0.09554341651451259,-0.019173934677490623,-0.11862393467749044
2018-02-25,2.5226882683528755,2.4843403989978943,2.327144851838363,-0.038347869354981245,1.0840271787809168,0.5726882683528756,0.47714485183836297,0.09554341651451259,-0.019173934677490623,-0.11862393467749044
2018-02-26,2.5637373593505823,2.5461004073760654,2.567480560645803,-0.01763695197451698,0.9985420721961459,0.6137373593505824,0.6274805606458029,-0.013743201295220553,-0.00881847598725849,-0.16621847598725847
2018-02-27,2.5913462403628515,2.5735193560979983,3.1771948017563174,-0.017826884264853238,0.8156082336941961,0.6413462403628516,1.1571948017563174,-0.5158485613934658,-0.008913442132426619,-0.1866134421324266
2018-02-28,2.6853198655796566,2.597276591298357,3.0007110118461227,-0.08804327428129977,0.8948945283229962,0.7053198655796566,0.9407110118461226,-0.23539114626646596,-0.04402163714064988,-0.22142163714064989
2018-03-01,2.711448859061776,2.6225488964695867,3.2996386110093097,-0.08889996259218913,0.8217411597788233,0.641448859061776,1.2496386110093098,-0.6081897519475339,-0.044449981296094565,-0.17254998129609445
2018-03-02,2.6741597784852877,2.6310769329868076,3.3332470485630585,-0.04308284549848018,0.8022687006167457,0.6041597784852879,1.2632470485630587,-0.6590872700777708,-0.02154142274924009,-0.16294142274924028
2018-03-03,2.6741597784852877,2.6310769329868076,3.3332470485630585,-0.04308284549848018,0.8022687006167457,0.6041597784852879,1.2632470485630587,-0.6590872700777708,-0.02154142274924009,-0.16294142274924028
2018-03-04,2.6741597784852877,2.6310769329868076,3.3332470485630585,-0.04308284549848018,0.8022687006167457,0.6041597784852879,1.2632470485630587,-0.6590872700777708,-0.02154142274924009,-0.16294142274924028
2018-03-05,2.681250890860997,2.6156974137384563,3.2722957611983627,-0.06555347712254056,0.8193791412910315,0.611250890860997,1.222295761198363,-0.6110448703373659,-0.03277673856127028,-0.14502673856127002
2018-03-06,2.6505265509642224,2.5857242483474057,3.094281829689512,-0.06480230261681674,0.8565886033820594,0.5805265509642226,1.024281829689512,-0.4437552787252894,-0.03240115130840837,-0.12515115130840848
2018-03-07,2.6656997972639114,2.578299803910946,3.1486859603194355,-0.08739999335296522,0.8466070706503468,0.5956997972639115,1.0686859603194354,-0.4729861630555239,-0.04369999667648261,-0.08649999667648278
2018-03-08,2.723764848301367,2.63446108278334,3.147540983606592,-0.08930376551802688,0.8653627903457373,0.6237648483013669,1.057540983606592,-0.4337761353052252,-0.04465188275901344,-0.11375188275901316
2018-03-09,2.7190332326284405,2.6298846020504087,3.233677627215048,-0.0891486305780318,0.8408485774044716,0.6190332326284405,1.1636776272150482,-0.5446443945866077,-0.0445743152890159,-0.11757431528901585
2018-03-10,2.7190332326284405,2.6298846020504087,3.233677627215048,-0.0891486305780318,0.8408485774044716,0.6190332326284405,1.1636776272150482,-0.5446443945866077,-0.0445743152890159,-0.11757431528901585
2018-03-11,2.7190332326284405,2.6298846020504087,3.233677627215048,-0.0891486305780318,0.8408485774044716,0.6190332326284405,1.1636776272150482,-0.5446443945866077,-0.0445743152890159,-0.11757431528901585
2018-03-12,2.7256208358570984,2.613915063895712,3.21206785790763,-0.11170577196138654,0.8485564304462087,0.6056208358570982,1.1420678579076302,-0.536447022050532,-0.05585288598069327,-0.13740288598069306
2018-03-13,2.7126817873559306,2.6237414008852444,3.1944881276454313,-0.08894038647068614,0.8491757298704921,0.5926817873559305,1.1044881276454315,-0.511806340289501,-0.04447019323534307,-0.15697019323534334
2018-03-14,2.6697216738439713,2.6044500727168503,3.176186137989703,-0.06527160112712105,0.8405432042889377,0.5197216738439714,1.076186137989703,-0.5564644641457317,-0.032635800563560524,-0.20203580056356074
2018-03-15,2.639221506825727,2.5974736831629777,3.054678749618196,-0.04174782366274954,0.8639931472845068,0.439221506825727,0.9146787496181958,-0.4754572427924688,-0.02087391183137477,-0.12292391183137497
2018-03-16,2.650282787239917,2.6083599936540214,3.0828376613956503,-0.04192279358589568,0.8596893765856264,0.41028278723991685,0.9028376613956501,-0.4925548741557333,-0.02096139679294784,-0.18916139679294752
2018-03-17,2.650282787239917,2.6083599936540214,3.0828376613956503,-0.04192279358589568,0.8596893765856264,0.41028278723991685,0.9028376613956501,-0.4925548741557333,-0.02096139679294784,-0.18916139679294752
2018-03-18,2.650282787239917,2.6083599936540214,3.0828376613956503,-0.04192279358589568,0.8596893765856264,0.41028278723991685,0.9028376613956501,-0.4925548741557333,-0.02096139679294784,-0.18916139679294752
2018-03-19,2.5929193751270727,2.5750816686529214,3.0728290613310882,-0.017837706474151283,0.8438215479529055,0.39291937512707253,0.8728290613310881,-0.47990968620401553,-0.008918853237075641,-0.16901885323707555
2018-03-20,2.651090861875756,2.609155285976145,3.099408985247453,-0.041935575899611166,0.855353673714699,0.45109086187575587,0.8994089852474527,-0.44831812337169685,-0.020967787949805583,-0.21541778794980515
2018-03-21,2.6780045787721756,2.657189110734841,3.1271248124174327,-0.020815468037334472,0.8563791787709095,0.4780045787721754,0.9271248124174325,-0.4491202336452571,-0.010407734018667236,-0.160657734018667
2018-03-22,2.6661014395415314,2.645378491664928,3.1332313599244412,-0.02072294787660356,0.8509111308032565,0.4561014395415315,0.9532313599244411,-0.4971299203829096,-0.01036147393830178,-0.15966147393830132
2018-03-23,2.621663123822083,2.60128558399587,3.16756664840994,-0.02037753982621293,0.8276583935931102,0.41166312382208314,0.9775666484099399,-0.5659035245878568,-0.010188769913106466,-0.15698876991310629
2018-03-24,2.621663123822083,2.60128558399587,3.16756664840994,-0.02037753982621293,0.8276583935931102,0.41166312382208314,0.9775666484099399,-0.5659035245878568,-0.010188769913106466,-0.15698876991310629
2018-03-25,2.621663123822083,2.60128558399587,3.16756664840994,-0.02037753982621293,0.8276583935931102,0.41166312382208314,0.9775666484099399,-0.5659035245878568,-0.010188769913106466,-0.15698876991310629
2018-03-26,2.6568265682657235,2.635049301312666,3.1835743285998905,-0.021777266953057595,0.8345420254202683,0.4068265682657235,0.9935743285998906,-0.5867477603341671,-0.010888633476528797,-0.07438863347652847
2018-03-27,2.6825633383010845,2.6605751142165888,3.2110969166532,-0.021988224084495744,0.8354040404040545,0.36256333830108467,0.9610969166532,-0.5985335783521153,-0.010994112042247872,0.013105887957751916
2018-03-28,2.672544216015277,2.6517711900287155,3.195374775703487,-0.0207730259865615,0.8363789550873247,0.42254421601527703,0.8253747757034868,-0.4028305596882098,-0.01038651299328075,-0.0932865129932805
2018-03-29,2.0757202236652605,2.3422744600375753,3.1198732702640073,0.2665542363723148,0.6653219678662174,-0.07427977633473937,0.8498732702640073,-0.9241530465987466,0.1332771181861574,0.02277711818615713
2018-03-30,2.0757202236652605,2.3422744600375753,3.1198732702640073,0.2665542363723148,0.6653219678662174,-0.07427977633473937,0.8498732702640073,-0.9241530465987466,0.1332771181861574,0.024777118186157132
2018-03-31,2.0757202236652605,2.3422744600375753,3.1198732702640073,0.2665542363723148,0.6653219678662174,-0.07427977633473937,0.8498732702640073,-0.9241530465987466,0.1332771181861574,0.024777118186157132
2018-04-01,2.0757202236652605,2.3422744600375753,3.1198732702640073,0.2665542363723148,0.6653219678662174,-0.07427977633473937,0.8498732702640073,-0.9241530465987466,0.1332771181861574,0.024777118186157132
2018-04-02,2.718105983482472,2.6508959858034458,3.0796702432270764,-0.06720999767902613,0.8825964368945767,0.568105983482472,0.8696702432270764,-0.30156425974460443,-0.03360499883951307,-0.13800499883951334
2018-04-03,2.7832452690534417,2.691991325805738,2.9522597988623267,-0.09125394324770353,0.942750793858313,0.6632452690534416,0.7622597988623268,-0.09901452980888514,-0.045626971623851764,-0.1510269716238517
2018-04-04,2.777222726686337,2.686166243844213,2.8683985984785534,-0.09105648284212409,0.9682136674308175,0.6772227266863369,0.7183985984785535,-0.0411758717922166,-0.04552824142106204,-0.19902824142106224
2018-04-05,2.8476107244694426,2.7320347735952564,2.850684855987313,-0.11557595087418626,0.9989216164980799,0.7476107244694425,0.6906848559873127,0.05692586848212988,-0.05778797543709313,-0.16343797543709337
2018-04-06,2.8314129537142843,2.738579742117095,2.8855344550849202,-0.09283321159718927,0.981243855440623,0.7314129537142842,0.7455344550849201,-0.014121501370635947,-0.046416605798594635,-0.14451660579859515
2018-04-07,2.8314129537142843,2.738579742117095,2.8855344550849202,-0.09283321159718927,0.981243855440623,0.7314129537142842,0.7455344550849201,-0.014121501370635947,-0.046416605798594635,-0.14451660579859515
2018-04-08,2.8314129537142843,2.738579742117095,2.8855344550849202,-0.09283321159718927,0.981243855440623,0.7314129537142842,0.7455344550849201,-0.014121501370635947,-0.046416605798594635,-0.14451660579859515
2018-04-09,2.7774299666481364,2.6863666890530657,2.713561559464804,-0.0910632775950706,1.0235367452640098,0.6774299666481363,0.573561559464804,0.10386840718333223,-0.0455316387975353,-0.16843163879753553
2018-04-10,2.765460954235106,2.6967146123198593,2.4181216884179584,-0.06874634191524676,1.1436401102065266,0.665460954235106,0.26812168841795847,0.3973392658171475,-0.03437317095762338,-0.18177317095762335
2018-04-11,2.7816550348953344,2.690453230472537,2.322925791515418,-0.09120180442279757,1.1974790779177897,0.6816550348953343,0.17292579151541787,0.5087292433799164,-0.045600902211398786,-0.14065090221139886
2018-04-12,2.7737043731314026,2.6827632461434883,2.364524960367427,-0.09094112698791434,1.1730493099554307,0.6637043731314027,0.23452496036742732,0.4291794127639754,-0.04547056349395717,-0.1408705634939571
2018-04-13,2.806625749282228,2.7146052329123695,2.302836819408307,-0.09202051636985864,1.2187688357368565,0.6966257492822283,0.1728368194083072,0.5237889298739211,-0.04601025818492932,-0.13851025818492912
2018-04-14,2.806625749282228,2.7146052329123695,2.302836819408307,-0.09202051636985864,1.2187688357368565,0.6966257492822283,0.1728368194083072,0.5237889298739211,-0.04601025818492932,-0.13851025818492912
2018-04-15,2.806625749282228,2.7146052329123695,2.302836819408307,-0.09202051636985864,1.2187688357368565,0.6966257492822283,0.1728368194083072,0.5237889298739211,-0.04601025818492932,-0.13851025818492912
2018-04-16,2.800807616389764,2.708977858475296,2.158661629789529,-0.09182975791446779,1.297474128292559,0.6908076163897641,0.008661629789529002,0.6821459866002351,-0.045914878957233896,-0.1565648789572338
2018-04-17,2.8032981455781063,2.7113867309689885,2.039048561191471,-0.09191141460911778,1.3748069560148504,0.6932981455781064,-0.1009514388085293,0.7942495843866357,-0.04595570730455889,-0.18135570730455908
2018-04-18,2.795013555565316,2.7033737668582565,2.2924967304358463,-0.09163978870705947,1.2192006725496756,0.6750135555653158,0.1024967304358464,0.5725168251294694,-0.04581989435352973,-0.14651989435352974
2018-04-19,2.804753000784145,2.712793886004337,2.25945934637337,-0.091959114779808,1.2413381127153356,0.6847530007841449,0.07945934637336993,0.605293654410775,-0.045979557389904,-0.14237955738990404
2018-04-20,2.8267584603285174,2.734077855071845,1.9943779174224328,-0.09268060525667243,1.417363497476881,0.7067584603285173,-0.1856220825775674,0.8923805429060847,-0.046340302628336216,-0.13879030262833614
2018-04-21,2.8267584603285174,2.734077855071845,1.9943779174224328,-0.09268060525667243,1.417363497476881,0.7067584603285173,-0.1856220825775674,0.8923805429060847,-0.046340302628336216,-0.13879030262833614
2018-04-22,2.8267584603285174,2.734077855071845,1.9943779174224328,-0.09268060525667243,1.417363497476881,0.7067584603285173,-0.1856220825775674,0.8923805429060847,-0.046340302628336216,-0.13879030262833614
2018-04-23,2.857289159711219,2.7413203902728838,2.526173469841634,-0.11596876943833534,1.1310740112753788,0.757289159711219,0.3161734698416341,0.44111568986958494,-0.05798438471916767,-0.1858343847191677
2018-04-24,2.8379976350019915,2.7670852139264324,2.9679560852423554,-0.07091242107555917,0.956212812282985,0.7279976350019917,0.8679560852423553,-0.13995845024036369,-0.03545621053777959,-0.16185621053777965
2018-04-25,2.8598811970499356,2.788421976235209,2.6822382185170826,-0.07145922081472644,1.0662293816061819,0.7798811970499355,0.4722382185170826,0.30764297853285294,-0.03572961040736322,-0.17832961040736328
2018-04-26,2.9168129574399737,2.7987894302784233,2.7198143845972798,-0.1180235271615504,1.0724308886511986,0.8468129574399739,0.5098143845972798,0.3369985728426941,-0.0590117635807752,-0.19361176358077503
2018-04-27,2.9046907938719517,2.8094550301384453,3.273492504741407,-0.0952357637335064,0.8873369313247934,0.8046907938719516,1.063492504741407,-0.25880171086945536,-0.0476178818667532,-0.18816788186675315
2018-04-28,2.9046907938719517,2.8094550301384453,3.273492504741407,-0.0952357637335064,0.8873369313247934,0.8046907938719516,1.063492504741407,-0.25880171086945536,-0.0476178818667532,-0.18816788186675315
2018-04-29,2.9046907938719517,2.8094550301384453,3.273492504741407,-0.0952357637335064,0.8873369313247934,0.8046907938719516,1.063492504741407,-0.25880171086945536,-0.0476178818667532,-0.18816788186675315
2018-04-30,2.8214326093882875,2.7736631241984404,3.2199969448218257,-0.04776948518984714,0.8762221386344848,0.7214326093882875,1.0099969448218258,-0.2885643354335383,-0.02388474259492357,-0.16128474259492354
2018-05-01,2.8948965774851962,2.777401436119757,3.073961089589078,-0.11749514136543926,0.9417479574772956,0.7948965774851962,0.8539610895890779,-0.05906451210388175,-0.05874757068271963,-0.19064757068271976
2018-05-02,2.8975573280159734,2.8025554484088926,3.027405831560492,-0.09500187960708084,0.9571089867797515,0.7975573280159733,0.8474058315604918,-0.04984850354451842,-0.04750093980354042,-0.1840009398035407
2018-05-03,2.9283673319190533,2.7873972678011603,3.050035533910745,-0.14097006411789303,0.9601092509779094,0.7483673319190531,0.8400355339107448,-0.09166820199169168,-0.07048503205894652,-0.20338503205894676
2018-05-04,2.923912524994403,2.8280465405683577,3.0724679678344313,-0.09586598442604544,0.9516494738447234,0.783912524994403,0.8524679678344311,-0.06855544284002812,-0.04793299221302272,-0.17583299221302284
2018-05-05,2.923912524994403,2.8280465405683577,3.0724679678344313,-0.09586598442604544,0.9516494738447234,0.783912524994403,0.8524679678344311,-0.06855544284002812,-0.04793299221302272,-0.17583299221302284
2018-05-06,2.923912524994403,2.8280465405683577,3.0724679678344313,-0.09586598442604544,0.9516494738447234,0.783912524994403,0.8524679678344311,-0.06855544284002812,-0.04793299221302272,-0.17583299221302284
2018-05-07,2.925247543269371,2.8293377877522916,3.1127167199200856,-0.09590975551707936,0.9397731327585995,0.7852475432693709,0.8927167199200854,-0.10746917665071454,-0.04795487775853968,-0.16185487775854002
2018-05-08,2.926138232937612,2.8301992744806417,3.152891344676219,-0.09593895845697054,0.9280808987847018,0.7761382329376123,0.9628913446762191,-0.18675311173860676,-0.04796947922848527,-0.1615694792284854
2018-05-09,2.927698245704601,2.8317081392880574,3.1758020535663354,-0.0959901064165436,0.9218768035044499,0.7376982457046011,0.9558020535663352,-0.2181038078617341,-0.0479950532082718,-0.19139505320827177
2018-05-10,2.907107159199986,2.789476359497795,3.169327173361213,-0.11763079970219081,0.917263191895985,0.717107159199986,0.9493271733612128,-0.23222001416122673,-0.05881539985109541,-0.1962153998510956
2018-05-11,2.9106290577800724,2.7928557508623717,3.1706515101695665,-0.11777330691770072,0.9179908446085934,0.7206290577800725,0.9606515101695665,-0.24002245238949405,-0.05888665345885036,-0.20373665345885028
2018-05-12,2.9106290577800724,2.7928557508623717,3.1706515101695665,-0.11777330691770072,0.9179908446085934,0.7206290577800725,0.9606515101695665,-0.24002245238949405,-0.05888665345885036,-0.20373665345885028
2018-05-13,2.9106290577800724,2.7928557508623717,3.1706515101695665,-0.11777330691770072,0.9179908446085934,0.7206290577800725,0.9606515101695665,-0.24002245238949405,-0.05888665345885036,-0.20373665345885028
2018-05-14,2.8235729770179248,2.7757672534081195,3.120121732022155,-0.047805723609805284,0.9049560304135837,0.6335729770179248,1.020121732022155,-0.38654875500423014,-0.023902861804902642,-0.17480286180490268
2018-05-15,2.7900488258544955,2.790048825854463,3.119681502283912,-3.241851231905457e-14,0.8943377148634907,0.5400488258544955,0.9096815022839122,-0.36963267642941666,-1.6209256159527285e-14,-0.09750000000001635
2018-05-16,2.787456445993074,2.7874564459930418,3.1362935859191143,-3.241851231905457e-14,0.8887740798590413,0.607456445993074,0.9162935859191141,-0.3088371399260401,-1.6209256159527285e-14,-0.1121000000000163
2018-05-17,2.7446743065359307,2.769111061950257,3.115360857659233,0.024436755414326328,0.8810132860814646,0.5646743065359305,0.9053608576592329,-0.3406865511233024,0.012218377707163164,-0.12988162229283695
2018-05-18,2.6461311488751305,2.696482005045102,3.084418010371132,0.0503508561699717,0.8579028977193449,0.4861311488751303,0.8544180103711319,-0.36828686149600154,0.02517542808498585,-0.054574571915014136
2018-05-19,2.6461311488751305,2.696482005045102,3.084418010371132,0.0503508561699717,0.8579028977193449,0.4861311488751303,0.8544180103711319,-0.36828686149600154,0.02517542808498585,-0.054574571915014136
2018-05-20,2.6461311488751305,2.696482005045102,3.084418010371132,0.0503508561699717,0.8579028977193449,0.4861311488751303,0.8544180103711319,-0.36828686149600154,0.02517542808498585,-0.054574571915014136
2018-05-21,2.599684098992819,2.697317540564521,2.9651093557734995,0.09763344157170195,0.8767582530913592,0.47968409899281905,0.8651093557734995,-0.3854252567806804,0.048816720785850976,-0.05418327921414923
2018-05-22,2.550244004827665,2.6493427396842915,2.9552703805356386,0.09909873485662635,0.8629477768343609,0.430244004827665,0.7252703805356386,-0.29502637570797363,0.049549367428313174,-0.0639006325716871
2018-05-23,2.4603608529251173,2.631391612089656,3.0578442198249265,0.1710307591645388,0.8046063422635645,0.3403608529251172,0.8378442198249263,-0.4974833668998091,0.0855153795822694,-0.05188462041773101
2018-05-24,2.5260006548889944,2.646779374726609,3.00616853995493,0.12077871983761446,0.8402724668680305,0.3260006548889942,0.7761685399549298,-0.45016788506593564,0.06038935991880723,-0.012110640081192559
2018-05-25,2.480554042406012,2.6029321338887934,3.031786197644749,0.12237809148278123,0.8181823785374566,0.280554042406012,0.7817861976447489,-0.5012321552387369,0.06118904574139061,-0.04761095425860917
2018-05-26,2.480554042406012,2.6029321338887934,3.031786197644749,0.12237809148278123,0.8181823785374566,0.280554042406012,0.7817861976447489,-0.5012321552387369,0.06118904574139061,-0.04761095425860917
2018-05-27,2.480554042406012,2.6029321338887934,3.031786197644749,0.12237809148278123,0.8181823785374566,0.280554042406012,0.7817861976447489,-0.5012321552387369,0.06118904574139061,-0.04761095425860917
2018-05-28,2.480554042406012,2.6029321338887934,3.031786197644749,0.12237809148278123,0.8181823785374566,0.280554042406012,0.7817861976447489,-0.5012321552387369,0.06118904574139061,-0.05421095425860911
2018-05-29,2.3955846087602812,2.5442017188505766,3.0998655323187485,0.14861711009029532,0.772802750243281,0.15558460876028102,0.8598655323187483,-0.7042809235584673,0.07430855504514766,-0.00859144495485209
2018-05-30,2.344101004707736,2.539314662148981,3.067825094333587,0.19521365744124486,0.764092128015185,0.054101004707736156,0.7978250943335872,-0.743724089625851,0.09760682872062243,0.04840682872062252
2018-05-31,2.158895208843191,2.4285647636184464,3.047996987861832,0.26966955477525545,0.7082996529985598,-0.13110479115680906,0.747996987861832,-0.8791017790186411,0.13483477738762772,0.07248477738762782
2018-06-01,2.864645500119424,2.8161443803914805,3.0870444839521296,-0.048501119727943465,0.9279573116005172,0.574645500119424,0.7670444839521298,-0.19239898383270582,-0.024250559863971732,-0.08780055986397173
2018-06-02,2.864645500119424,2.8161443803914805,3.0870444839521296,-0.048501119727943465,0.9279573116005172,0.574645500119424,0.7670444839521298,-0.19239898383270582,-0.024250559863971732,-0.08780055986397173
2018-06-03,2.864645500119424,2.8161443803914805,3.0870444839521296,-0.048501119727943465,0.9279573116005172,0.574645500119424,0.7670444839521298,-0.19239898383270582,-0.024250559863971732,-0.08780055986397173
2018-06-04,2.86906181939811,2.7977400730141824,3.0530055642522007,-0.07132174638392774,0.9397499477210597,0.53906181939811,0.6730055642522008,-0.13394374485409077,-0.03566087319196387,-0.08306087319196376
2018-06-05,2.858265933270641,2.787212560836506,2.996661457523005,-0.07105337243413512,0.9538167636838232,0.5182659332706412,0.6466614575230047,-0.12839552425236356,-0.03552668621706756,-0.09042668621706751
2018-06-06,2.813137351431184,2.7662517289072897,2.8281487213429646,-0.04688562252389428,0.9946921568167559,0.45313735143118405,0.45814872134296447,-0.005011369911780417,-0.02344281126194714,-0.04934281126194717
2018-06-07,2.7628549501151616,2.7402085980649744,2.7376025504160304,-0.02264635205018717,1.0092242753409524,0.36285495011516167,0.3476025504160303,0.015252399699131391,-0.011323176025093584,-0.1345731760250939
2018-06-08,2.8571688787173017,2.8087943451620347,2.749703535347085,-0.048374533555266996,1.0390825199839777,0.4671688787173016,0.29970353534708494,0.16746534337021668,-0.024187266777633498,-0.08998726677763358
2018-06-09,2.8571688787173017,2.8087943451620347,2.749703535347085,-0.048374533555266996,1.0390825199839777,0.4671688787173016,0.29970353534708494,0.16746534337021668,-0.024187266777633498,-0.08998726677763358
2018-06-10,2.8571688787173017,2.8087943451620347,2.749703535347085,-0.048374533555266996,1.0390825199839777,0.4671688787173016,0.29970353534708494,0.16746534337021668,-0.024187266777633498,-0.08998726677763358
2018-06-11,2.856072665979918,2.8303595688796306,2.750292049296272,-0.025713097100287463,1.0384615941825932,0.48607266597991794,0.2802920492962717,0.20578061668364622,-0.012856548550143732,-0.05370654855014334
2018-06-12,2.8644250410228023,2.838636747855883,2.7602244283744306,-0.025788293166919107,1.0377507754721735,0.46442504102280235,0.2602244283744306,0.20420061264837175,-0.012894146583459554,0.005455853416540757
2018-06-13,2.860242755940343,2.8344921157027083,2.7787131277793806,-0.025750640237634848,1.029340786332311,0.46024275594034325,0.2287131277793808,0.23152962816096245,-0.012875320118817424,-0.027275320118817392
2018-06-14,2.8449391563901,2.8193262937888366,2.7350894887091504,-0.025612862601263497,1.040163098185425,0.4949391563901,0.20508948870915056,0.28984966768094944,-0.012806431300631749,-0.04600643130063187
2018-06-15,2.768074345598303,2.81579976535003,2.7574407130351095,0.047725419751727394,1.0038563413214745,0.4380743455983027,0.21744071303510948,0.22063363256319324,0.023862709875863697,0.010612709875863713
2018-06-16,2.768074345598303,2.81579976535003,2.7574407130351095,0.047725419751727394,1.0038563413214745,0.4380743455983027,0.21744071303510948,0.22063363256319324,0.023862709875863697,0.010612709875863713
2018-06-17,2.768074345598303,2.81579976535003,2.7574407130351095,0.047725419751727394,1.0038563413214745,0.4380743455983027,0.21744071303510948,0.22063363256319324,0.023862709875863697,0.010612709875863713
2018-06-18,2.8122802906023403,2.8122802906023074,2.7282517649873266,-3.2862601528904634e-14,1.0307994030072236,0.5522802906023405,0.1282517649873265,0.42402852561501403,-1.6431300764452317e-14,-0.003900000000016668
2018-06-19,2.767857853001383,2.792501019301368,2.639341249348465,0.024643166299985086,1.0486926818139348,0.5278578530013829,0.039341249348464835,0.48851660365291805,0.012321583149992543,0.007721583149992606
2018-06-20,2.7767619072949628,2.7783315861572206,2.6416069172306695,0.001569678862257895,1.051163929494091,0.5467619072949628,0.19160691723066936,0.3551549900642934,0.0007848394311289475,-0.008915160568871094
2018-06-21,2.7855041722529945,2.7638531364313987,2.819599833715886,-0.021651035821595777,0.9879076239630936,0.5555041722529945,0.21959983371588576,0.33590433853710877,-0.010825517910797888,-0.025325517910797846
2018-06-22,2.737047376796209,2.7634181237396906,2.868528753514761,0.026370746943481738,0.9541641768249838,0.5370473767962087,0.40852875351476126,0.12851862328144747,0.013185373471740869,-0.023114626528259352
2018-06-23,2.737047376796209,2.7634181237396906,2.868528753514761,0.026370746943481738,0.9541641768249838,0.5370473767962087,0.40852875351476126,0.12851862328144747,0.013185373471740869,-0.023114626528259352
2018-06-24,2.737047376796209,2.7634181237396906,2.868528753514761,0.026370746943481738,0.9541641768249838,0.5370473767962087,0.40852875351476126,0.12851862328144747,0.013185373471740869,-0.023114626528259352
2018-06-25,2.7890165110311527,2.7905931173121417,2.8553987518172774,0.0015766062809889902,0.9767520243034788,0.5490165110311525,0.4553987518172775,0.09361775921387494,0.0007883031404944951,-0.016611696859505365
2018-06-26,2.760509644967699,2.7871064448258003,2.941740226986111,0.02659679985810115,0.9383934106907572,0.5005096449676993,0.34174022698611095,0.1587694179815884,0.013298399929050575,-0.030701600070949242
2018-06-27,2.817437346427489,2.7955381019314487,3.142474048706264,-0.021899244496040193,0.8965666232271383,0.5174373464274891,0.722474048706264,-0.2050367022787749,-0.010949622248020097,-0.004449622248020146
2018-06-28,2.7801487623460774,2.7833470928175386,3.3298698575863943,0.0031983304714611194,0.8349121380861492,0.5201487623460777,0.9298698575863944,-0.40972109524031675,0.0015991652357305597,0.01754916523573069
2018-06-29,2.772392269186881,2.775581676456549,3.44482177322816,0.0031894072696676545,0.8047999146814665,0.5123922691868814,1.06482177322816,-0.5524295040412786,0.0015947036348338273,0.019194703634833887
2018-06-30,2.772392269186881,2.775581676456549,3.44482177322816,0.0031894072696676545,0.8047999146814665,0.5123922691868814,1.06482177322816,-0.5524295040412786,0.0015947036348338273,0.019194703634833887
2018-07-01,2.772392269186881,2.775581676456549,3.44482177322816,0.0031894072696676545,0.8047999146814665,0.5123922691868814,1.06482177322816,-0.5524295040412786,0.0015947036348338273,0.019194703634833887
2018-07-02,2.6535517872571512,2.6853718527085313,4.286002681339784,0.03182006545138005,0.6191204216483747,0.4435517872571513,1.8860026813397837,-1.4424508940826324,0.015910032725690026,-0.013439967274309739
2018-07-03,2.6772494642120703,2.6600927239794045,4.230433987347602,-0.01715674023266578,0.6328545658008607,0.47724946421207015,1.8904339873476017,-1.4131845231355316,-0.00857837011633289,-0.039978370116332984
2018-07-04,2.6772494642120703,2.6600927239794045,4.230433987347602,-0.01715674023266578,0.6328545658008607,0.46724946421207036,1.8904339873476017,-1.4231845231355313,-0.00857837011633289,-0.013378370116332583
2018-07-05,2.6175049684122524,2.625451249433507,4.216242309685995,0.00794628102125472,0.6208146439778959,0.4075049684122525,1.8662423096859952,-1.4587373412737428,0.00397314051062736,-0.025126859489372544
2018-07-06,2.7209341874044086,2.67871828812672,4.223589050906564,-0.04221589927768843,0.6442232316187056,0.5109341874044087,1.8935890509065638,-1.3826548635021552,-0.021107949638844214,-0.06050794963884387
2018-07-07,2.7209341874044086,2.67871828812672,4.223589050906564,-0.04221589927768843,0.6442232316187056,0.5109341874044087,1.8935890509065638,-1.3826548635021552,-0.021107949638844214,-0.06050794963884387
2018-07-08,2.7209341874044086,2.67871828812672,4.223589050906564,-0.04221589927768843,0.6442232316187056,0.5109341874044087,1.8935890509065638,-1.3826548635021552,-0.021107949638844214,-0.06050794963884387
2018-07-09,2.7611671178905546,2.6940636892273897,4.278405125960058,-0.06710342866316488,0.6453729921780045,0.5511671178905546,1.9284051259600576,-1.377238008069503,-0.03355171433158244,-0.06895171433158209
2018-07-10,2.770404732909673,2.7030768065563326,4.29223474407095,-0.0673279263533404,0.6454457638265365,0.5604047329096731,1.9522347440709504,-1.3918300111612774,-0.0336639631766702,-0.07701396317666998
2018-07-11,2.745860778320731,2.655832556080707,4.3281922231423415,-0.09002822224002394,0.6344128533938331,0.5058607783207307,1.9781922231423414,-1.4723314448216107,-0.04501411112001197,-0.05141411112001171
2018-07-12,2.6431214938531555,2.5801327150834092,4.321786338353219,-0.06298877876974629,0.6115807878786288,0.4031214938531553,1.9917863383532186,-1.5886648445000633,-0.031494389384873145,-0.0748943893848728
2018-07-13,2.556301446932187,2.5438100621820348,4.328739575936923,-0.012491384750152434,0.590541750569251,0.336301446932187,1.9787395759369226,-1.6424381290047356,-0.006245692375076217,-0.016945692375075705
2018-07-14,2.556301446932187,2.5438100621820348,4.328739575936923,-0.012491384750152434,0.590541750569251,0.336301446932187,1.9787395759369226,-1.6424381290047356,-0.006245692375076217,-0.016945692375075705
2018-07-15,2.556301446932187,2.5438100621820348,4.328739575936923,-0.012491384750152434,0.590541750569251,0.336301446932187,1.9787395759369226,-1.6424381290047356,-0.006245692375076217,-0.016945692375075705
2018-07-16,2.51017537047641,2.523085304879398,4.292237064192798,0.012909934402988377,0.5848175049363159,0.30017537047640985,1.9622370641927978,-1.662061693716388,0.006454967201494188,-0.010445032798505505
2018-07-17,2.485820465759895,2.524534063177467,4.232462102563662,0.038713597417571854,0.5873225573016232,0.27582046575989505,1.9324621025636626,-1.6566416368037675,0.019356798708785927,-0.032493201291214024
2018-07-18,2.4846057965853228,2.5233004770239473,4.168359624173938,0.03869468043862456,0.5960632048578841,0.2846057965853226,1.858359624173938,-1.5737538275886154,0.01934734021931228,-0.038052659780687614
2018-07-19,2.3429710867398033,2.410800385728062,4.061639855160386,0.06782929898825873,0.5768534804391918,0.1829710867398031,1.7516398551603856,-1.5686687684205824,0.03391464949412937,-0.031485350505870535
2018-07-20,2.180769850306165,2.2291140403557965,3.9093758599203485,0.04834419004963131,0.5578306943222894,0.06076985030616511,1.6293758599203487,-1.5686060096141836,0.024172095024815654,-0.0382279049751848
2018-07-21,2.180769850306165,2.2291140403557965,3.9093758599203485,0.04834419004963131,0.5578306943222894,0.06076985030616511,1.6293758599203487,-1.5686060096141836,0.024172095024815654,-0.0382279049751848
2018-07-22,2.180769850306165,2.2291140403557965,3.9093758599203485,0.04834419004963131,0.5578306943222894,0.06076985030616511,1.6293758599203487,-1.5686060096141836,0.024172095024815654,-0.0382279049751848
2018-07-23,2.041200159313251,2.1187347515302415,3.826022265324003,0.07753459221699055,0.5335045166393965,-0.06879984068674894,1.526022265324003,-1.594822106010752,0.038767296108495275,-0.009132703891505
2018-07-24,2.2405244486857665,2.191143126592671,3.726550616866684,-0.04938132209309565,0.6012327965022031,0.15052444868576664,1.4265506168666842,-1.2760261681809175,-0.024690661046547824,-0.09309066104654806
2018-07-25,2.278600146953265,2.2038919454137598,3.7479138821089766,-0.0747082015395053,0.607964915584208,0.1886001469532652,1.4479138821089768,-1.2593137351557115,-0.03735410076975265,-0.09875410076975277
2018-07-26,2.389502781530559,2.311158428037754,3.7706505006903415,-0.07834435349280522,0.6337110217701382,0.26950278153055907,1.4606505006903414,-1.1911477191597823,-0.03917217674640261,-0.10707217674640246
2018-07-27,2.394778053411289,2.3403884562283133,3.733044960547982,-0.054389597182975535,0.6415079589772082,0.22477805341128887,1.4330449605479822,-1.2082669071366934,-0.027194798591487768,-0.08359479859148777
2018-07-28,2.394778053411289,2.3403884562283133,3.733044960547982,-0.054389597182975535,0.6415079589772082,0.22477805341128887,1.4330449605479822,-1.2082669071366934,-0.027194798591487768,-0.08359479859148777
2018-07-29,2.394778053411289,2.3403884562283133,3.733044960547982,-0.054389597182975535,0.6415079589772082,0.22477805341128887,1.4330449605479822,-1.2082669071366934,-0.027194798591487768,-0.08359479859148777
2018-07-30,2.5479934551541343,2.4644526861326326,3.722473165589875,-0.08354076902150176,0.6844894084684077,0.3679934551541342,1.4224731655898752,-1.054479710435741,-0.04177038451075088,-0.08067038451075081
2018-07-31,2.3934081550396384,2.3872774989047936,3.793071112708002,-0.00613065613484487,0.630994801816648,0.19340815503963826,1.6930711127080018,-1.4996629576683635,-0.003065328067422435,-0.0479653280674226
2018-08-01,2.5956162924837143,2.655351471976654,3.933916984591088,0.05973517949293994,0.6598045415423316,0.40561629248371434,1.833916984591088,-1.4283006921073738,0.02986758974646997,-0.0025324102535300153
2018-08-02,2.611639934095063,2.647455298891193,3.7976099777833507,0.03581536479613012,0.6877062018937148,0.4116399340950627,1.497609977783351,-1.0859700436882882,0.01790768239806506,0.004007682398065482
2018-08-03,2.55468714126898,2.6405003223240935,3.8168667340979656,0.08581318105511349,0.6693152575767688,0.36468714126898005,1.5168667340979658,-1.1521795928289857,0.04290659052755674,0.03540659052755668
2018-08-04,2.55468714126898,2.6405003223240935,3.8168667340979656,0.08581318105511349,0.6693152575767688,0.36468714126898005,1.5168667340979658,-1.1521795928289857,0.04290659052755674,0.03540659052755668
2018-08-05,2.55468714126898,2.6405003223240935,3.8168667340979656,0.08581318105511349,0.6693152575767688,0.36468714126898005,1.5168667340979658,-1.1521795928289857,0.04290659052755674,0.03540659052755668
2018-08-06,2.566274457182702,2.6524768618035446,3.7683128468705944,0.08620240462084272,0.6810141730440114,0.39627445718270193,1.4683128468705946,-1.0720383896878927,0.04310120231042136,0.0596012023104211
2018-08-07,2.514503797599208,2.577984713145188,3.8005743516683044,0.06348091554598012,0.6616115262935032,0.324503797599208,1.5005743516683046,-1.1760705540690966,0.03174045777299006,0.03234045777299044
2018-08-08,2.4081677021230106,2.523312332688993,3.7478010351069138,0.11514463056598245,0.6425548420433457,0.2781677021230107,1.447801035106914,-1.1696333329839033,0.05757231528299123,0.04517231528299126
2018-08-09,2.410347756828364,2.525596624982652,3.7786980667570065,0.11524886815428781,0.6378778389396424,0.2903477568283641,1.4986980667570067,-1.2083503099286426,0.057624434077143905,0.029224434077143924
2018-08-10,2.412134375985839,2.5274686699195796,3.781370746895779,0.11533429393374073,0.6378994648874405,0.2721343759858388,1.5213707468957791,-1.2492363709099403,0.057667146966870364,0.04526714696686995
2018-08-11,2.412134375985839,2.5274686699195796,3.781370746895779,0.11533429393374073,0.6378994648874405,0.2721343759858388,1.5213707468957791,-1.2492363709099403,0.057667146966870364,0.04526714696686995
2018-08-12,2.412134375985839,2.5274686699195796,3.781370746895779,0.11533429393374073,0.6378994648874405,0.2721343759858388,1.5213707468957791,-1.2492363709099403,0.057667146966870364,0.04526714696686995
2018-08-13,2.4014374561794667,2.5203785509745305,3.820978616963359,0.11894109479506376,0.6284875412592489,0.26143745617946657,1.545978616963359,-1.2845411607838924,0.05947054739753188,0.0720705473975316
2018-08-14,2.3466095318259614,2.5163749398660515,3.802956330256028,0.1697654080400901,0.617048771545578,0.16660953182596128,1.527956330256028,-1.3613467984300667,0.08488270402004505,0.10448270402004534
2018-08-15,2.3259319880257574,2.4996354698273167,3.878896760100397,0.17370348180155926,0.5996375082603528,0.13093198802575756,1.5988967601003972,-1.4679647720746396,0.08685174090077963,0.1274517409007796
2018-08-16,2.275979792058257,2.4765271917682803,3.8106146788888866,0.2005473997100231,0.5972736641853004,0.075979792058257,1.5706146788888864,-1.4946348868306294,0.10027369985501156,0.12987369985501163
2018-08-17,2.275593967377454,2.476107370240603,3.7916348736289547,0.200513402863149,0.6001616830788072,0.07559396737745372,1.4816348736289546,-1.406040906251501,0.1002567014315745,0.1268567014315749
2018-08-18,2.275593967377454,2.476107370240603,3.7916348736289547,0.200513402863149,0.6001616830788072,0.07559396737745372,1.4816348736289546,-1.406040906251501,0.1002567014315745,0.1268567014315749
2018-08-19,2.275593967377454,2.476107370240603,3.7916348736289547,0.200513402863149,0.6001616830788072,0.07559396737745372,1.4816348736289546,-1.406040906251501,0.1002567014315745,0.1268567014315749
2018-08-20,2.2557097653434557,2.4544710766340074,3.701096248617139,0.19876131129055175,0.6094707118698329,0.03570976534345549,1.391096248617139,-1.3553864832736835,0.09938065564527587,0.1409806556452764
2018-08-21,2.296748399719286,2.4682724149988693,3.7569693780350284,0.17152401527958316,0.6113300824720941,0.07674839971928593,1.4869693780350284,-1.4102209783157424,0.08576200763979158,0.11936200763979188
2018-08-22,2.3415196971860293,2.4863000490968816,4.00111141983883,0.14478035191085237,0.5852173187619826,0.12151969718602906,1.7411114198388304,-1.6195917226528014,0.07239017595542618,0.11999017595542605
2018-08-23,2.4113315481119306,2.5307626886183336,4.058340905145286,0.11943114050640302,0.5941668293697979,0.19133154811193043,1.768340905145286,-1.5770093570333557,0.05971557025320151,0.1687155702532015
2018-08-24,2.372825260772397,2.4903492185783422,4.268456197350693,0.11752395780594505,0.5558977651557351,0.1428252607723972,1.988456197350693,-1.8456309365782957,0.05876197890297252,0.11436197890297306
2018-08-25,2.372825260772397,2.4903492185783422,4.268456197350693,0.11752395780594505,0.5558977651557351,0.1428252607723972,1.988456197350693,-1.8456309365782957,0.05876197890297252,0.11436197890297306
2018-08-26,2.372825260772397,2.4903492185783422,4.268456197350693,0.11752395780594505,0.5558977651557351,0.1428252607723972,1.988456197350693,-1.8456309365782957,0.05876197890297252,0.11436197890297306
2018-08-27,2.4181089492420793,2.5337289126621148,4.488089682358414,0.11561996342003544,0.5387835628033628,0.18810894924207933,2.2480896823584136,-2.0599807331163342,0.05780998171001772,0.11790998171001799
2018-08-28,2.4719557738525273,2.561687189530968,4.993264640806734,0.08973141567844056,0.49505803350594035,0.2419557738525273,2.7532646408067336,-2.5113088669542063,0.04486570783922028,0.11626570783922041
2018-08-29,2.528675886968188,2.592514589688346,4.537560358587788,0.06383870272015812,0.5572765290454849,0.31867588696818805,2.2975603585877877,-1.9788844716195997,0.03191935136007906,0.10451935136007906
2018-08-30,2.542372881355932,2.5819672131147544,4.769577973880523,0.03959433175882232,0.5330393790139593,0.3123728813559321,2.539577973880523,-2.2272050925245908,0.01979716587941116,0.05739716587941146
2018-08-31,2.58976731589526,2.627644015629446,4.864213062523977,0.03787669973418595,0.5324123928386195,0.3597673158952599,2.6242130625239763,-2.2644457466287164,0.018938349867092974,0.029038349867092972
2018-09-01,2.58976731589526,2.627644015629446,4.864213062523977,0.03787669973418595,0.5324123928386195,0.3597673158952599,2.6242130625239763,-2.2644457466287164,0.018938349867092974,0.029038349867092972
2018-09-02,2.58976731589526,2.627644015629446,4.864213062523977,0.03787669973418595,0.5324123928386195,0.3597673158952599,2.6242130625239763,-2.2644457466287164,0.018938349867092974,0.029038349867092972
2018-09-03,2.58976731589526,2.627644015629446,4.864213062523977,0.03787669973418595,0.5324123928386195,0.3597673158952599,2.6342130625239766,-2.2744457466287167,0.018938349867092974,0.042038349867093316
2018-09-04,2.6062515969678435,2.6443693879232337,4.328423778584517,0.03811779095539025,0.6021248681477628,0.3862515969678433,2.0884237785845166,-1.7021721816166733,0.019058895477695126,0.06965889547769533
2018-09-05,2.6526890359771187,2.6643969951523228,4.233243411496101,0.011707959175204063,0.6266327678614665,0.4326890359771185,1.9932434114961008,-1.5605543755189824,0.005853979587602032,0.05645397958760223
2018-09-06,2.697162889978914,2.7071740111294935,4.203268978002235,0.010011121150579338,0.6416822011854317,0.4471628899789142,1.9732689780022352,-1.526106088023321,0.005005560575289669,-0.010394439424709967
2018-09-07,2.7059646097270997,2.7160084004219422,4.206531924985865,0.010043790694842514,0.6432768508552785,0.47596460972709975,1.9665319249858646,-1.4905673152587648,0.005021895347421257,0.015121895347421699
2018-09-08,2.7059646097270997,2.7160084004219422,4.206531924985865,0.010043790694842514,0.6432768508552785,0.47596460972709975,1.9665319249858646,-1.4905673152587648,0.005021895347421257,0.015121895347421699
2018-09-09,2.7059646097270997,2.7160084004219422,4.206531924985865,0.010043790694842514,0.6432768508552785,0.47596460972709975,1.9665319249858646,-1.4905673152587648,0.005021895347421257,0.015121895347421699
2018-09-10,2.707323821753636,2.7173726574669423,4.369735076140918,0.010048835713306392,0.6195624619295178,0.47732382175363597,2.119735076140918,-1.642411254387282,0.005024417856653196,0.02012441785665353
2018-09-11,2.753104323393502,2.7368063469799586,4.461777784470159,-0.01629797641354358,0.6170420080031925,0.513104323393502,2.2217777844701585,-1.7086734610766565,-0.00814898820677179,0.014851011793228341
2018-09-12,2.7332353830255856,2.741533001067523,4.50065548537459,0.008297618041937405,0.607297179690282,0.49323538302558534,2.26065548537459,-1.7674201023490048,0.004148809020968702,0.027748809020968768
2018-09-13,2.739370846555823,2.747687090777269,4.5990028588396425,0.008316244221445945,0.5956445191788777,0.49937084655582265,2.3590028588396423,-1.8596320122838197,0.004158122110722973,0.013758122110723248
2018-09-14,2.499440318069297,2.614837696421158,4.548710850831496,0.11539737835186115,0.5494832272340204,0.2594403180692968,2.2787108508314957,-2.019270532762199,0.05769868917593057,0.0502986891759305
2018-09-15,2.499440318069297,2.614837696421158,4.548710850831496,0.11539737835186115,0.5494832272340204,0.2594403180692968,2.2787108508314957,-2.019270532762199,0.05769868917593057,0.0502986891759305
2018-09-16,2.499440318069297,2.614837696421158,4.548710850831496,0.11539737835186115,0.5494832272340204,0.2594403180692968,2.2787108508314957,-2.019270532762199,0.05769868917593057,0.0502986891759305
2018-09-17,2.336646404442968,2.530256628617273,4.605793202651396,0.19361022417430496,0.507327685293782,0.09664640444296779,2.3257932026513966,-2.2291467982084288,0.09680511208715248,0.09490511208715291
2018-09-18,2.240088245900642,2.4867149510658595,4.576526809086,0.24662670516521734,0.4894734237005422,8.824590064193671e-05,2.3065268090860003,-2.3064385631853583,0.12331335258260867,0.11191335258260904
2018-09-19,2.230040503955296,2.475560984178447,4.339440694310529,0.24552048022315098,0.513900445022585,-0.009959496044704252,2.0494406943105288,-2.059400190355233,0.12276024011157549,0.11236024011157575
2018-09-20,2.3767583376177024,2.543388412909349,4.3318569112026815,0.16663007529164675,0.5486696320626684,0.09675833761770258,2.0518569112026817,-1.955098573584979,0.08331503764582338,0.03491503764582338
2018-09-21,2.396620934455557,2.5399835051772826,4.31556606412385,0.14336257072172565,0.5553433544626135,0.07662093445555707,2.0055660641238497,-1.9289451296682927,0.07168128536086282,0.0617812853608628
2018-09-22,2.396620934455557,2.5399835051772826,4.31556606412385,0.14336257072172565,0.5553433544626135,0.07662093445555707,2.0055660641238497,-1.9289451296682927,0.07168128536086282,0.0617812853608628
2018-09-23,2.396620934455557,2.5399835051772826,4.31556606412385,0.14336257072172565,0.5553433544626135,0.07662093445555707,2.0055660641238497,-1.9289451296682927,0.07168128536086282,0.0617812853608628
2018-09-24,2.4414917967006877,2.5828281558333654,4.2798304985934355,0.14133635913267772,0.5704646007600261,0.12149179670068788,1.9798304985934356,-1.8583387018927477,0.07066817956633886,0.053268179566339
2018-09-25,2.746449324195386,2.730190744407391,4.357106257062455,-0.01625857978799461,0.6303379266327629,0.3864493241953859,1.977106257062455,-1.590656932867069,-0.008129289893997305,-0.061029289893997474
2018-09-26,2.4010353400614366,2.5446619744600376,4.3849413918204405,0.14362663439860102,0.5475638384905822,0.06103534006143674,1.8849413918204405,-1.8239060517590038,0.07181331719930051,0.08741331719930012
2018-09-27,2.632042972832398,2.64557967728923,4.336403996833755,0.013536704456832194,0.6069644283037734,0.2920429728323981,1.9464039968337548,-1.6543610240013567,0.006768352228416097,-0.14113164777158382
2018-09-28,2.406879236399093,2.5756210314867145,4.332361671970712,0.16874179508762133,0.5555582425103138,0.06687923639909332,1.9123616719707117,-1.8454824355716184,0.08437089754381066,-0.07602910245618899
2018-09-29,2.406879236399093,2.5756210314867145,4.332361671970712,0.16874179508762133,0.5555582425103138,0.06687923639909332,1.9123616719707117,-1.8454824355716184,0.08437089754381066,-0.07602910245618899
2018-09-30,2.406879236399093,2.5756210314867145,4.332361671970712,0.16874179508762133,0.5555582425103138,0.06687923639909332,1.9123616719707117,-1.8454824355716184,0.08437089754381066,-0.07602910245618899
2018-10-01,2.918491316350544,2.798041645974812,4.352901425767368,-0.12044967037573207,0.6704703440041825,0.5684913163505438,1.922901425767368,-1.3544101094168242,-0.06022483518786603,-0.22812483518786597
2018-10-02,2.8814963560024385,2.787021065641703,4.3379639908822645,-0.09447529036073554,0.6642508702374899,0.5114963560024384,1.8979639908822645,-1.3864676348798262,-0.04723764518036777,-0.23263764518036734
2018-10-03,2.8913177335562423,2.7965204308167495,4.38499446847028,-0.09479730273949283,0.6593663354300394,0.5213177335562422,1.93499446847028,-1.4136767349140378,-0.047398651369746414,-0.23529865136974637
2018-10-04,2.945225574939721,2.8241033812839715,4.48993808919204,-0.12112219365574939,0.6559612886487954,0.46522557493972094,2.02993808919204,-1.564712514252319,-0.060561096827874694,-0.3044610968278747
2018-10-05,2.9860650298606966,2.888161258389854,4.753863353286592,-0.0979037714708424,0.6281343841733009,0.48606502986069655,2.253863353286592,-1.7677983234258954,-0.0489518857354212,-0.31035188573542083
2018-10-06,2.9860650298606966,2.888161258389854,4.753863353286592,-0.0979037714708424,0.6281343841733009,0.48606502986069655,2.253863353286592,-1.7677983234258954,-0.0489518857354212,-0.31035188573542083
2018-10-07,2.9860650298606966,2.888161258389854,4.753863353286592,-0.0979037714708424,0.6281343841733009,0.48606502986069655,2.253863353286592,-1.7677983234258954,-0.0489518857354212,-0.31035188573542083
2018-10-08,3.0287733467945954,2.9294693026373957,4.8188415331054735,-0.09930404415719973,0.6285272769371855,0.5687733467945955,2.1888415331054736,-1.6200681863108781,-0.04965202207859987,-0.3090520220785997
2018-10-09,3.021401594628666,2.9223392472637357,4.795081967213078,-0.09906234736493014,0.6301042641789745,0.6314015946286657,2.3150819672130782,-1.6836803725844125,-0.04953117368246507,-0.30793117368246503
2018-10-10,3.0165912518852993,2.917686620676002,4.861045948785096,-0.09890463120929738,0.620564233226231,0.6365912518852994,2.4010459487850957,-1.7644546968997963,-0.04945231560464869,-0.30735231560464893
2018-10-11,2.982255579303146,2.9085140137493726,4.848669870679729,-0.07374156555377365,0.6150667417753206,0.5822555793031463,2.378669870679729,-1.7964142913765828,-0.036870782776886823,-0.2922707827768871
2018-10-12,2.945990180032778,2.849400338064436,4.798736467148697,-0.09658984196834197,0.6139095572762762,0.5459901800327782,2.3387364671486974,-1.7927462871159192,-0.048294920984170986,-0.29669492098417116
2018-10-13,2.945990180032778,2.849400338064436,4.798736467148697,-0.09658984196834197,0.6139095572762762,0.5459901800327782,2.3387364671486974,-1.7927462871159192,-0.048294920984170986,-0.29669492098417116
2018-10-14,2.945990180032778,2.849400338064436,4.798736467148697,-0.09658984196834197,0.6139095572762762,0.5459901800327782,2.3387364671486974,-1.7927462871159192,-0.048294920984170986,-0.29669492098417116
2018-10-15,2.975710760914039,2.85416191972372,4.808832221847429,-0.12154884119031939,0.6188011191978846,0.5857107609140391,2.2988322218474293,-1.7131214609333902,-0.060774420595159695,-0.30817442059516
2018-10-16,2.924451665312799,2.828568004154948,4.737048109808535,-0.09588366115785085,0.6173573916755093,0.5244516653127991,2.2570481098085353,-1.7325964444957362,-0.047941830578925426,-0.2753418305789257
2018-10-17,2.9330291673455404,2.836864276612955,4.789572952105379,-0.09616489073258538,0.6123780129617302,0.5030291673455403,2.299572952105379,-1.7965437847598387,-0.04808244536629269,-0.23548244536629248
2018-10-18,2.9761945769876776,2.8546259733648425,4.768511658606908,-0.12156860362283517,0.6241349062481175,0.5561945769876777,2.268511658606908,-1.7123170816192301,-0.060784301811417585,-0.2656843018114179
2018-10-19,2.9299259379831666,2.8818943652294107,4.632686174676896,-0.04803157275375591,0.6324464527726212,0.5099259379831667,2.1626861746768955,-1.6527602366937288,-0.024015786376877957,-0.23441578637687788
2018-10-20,2.9299259379831666,2.8818943652294107,4.632686174676896,-0.04803157275375591,0.6324464527726212,0.5099259379831667,2.1626861746768955,-1.6527602366937288,-0.024015786376877957,-0.23441578637687788
2018-10-21,2.9299259379831666,2.8818943652294107,4.632686174676896,-0.04803157275375591,0.6324464527726212,0.5099259379831667,2.1626861746768955,-1.6527602366937288,-0.024015786376877957,-0.23441578637687788
2018-10-22,2.9895614479442614,2.891543039814942,4.6526943483249825,-0.09801840812931939,0.6425441312345253,0.5495614479442614,2.1926943483249826,-1.6431329003807211,-0.049009204064659695,-0.24740920406466005
2018-10-23,3.009406450764205,2.9107373868046684,4.827272092582576,-0.09866906395953645,0.6234176141403667,0.5794064507642047,2.337272092582576,-1.7578656418183711,-0.049334531979768226,-0.26273453197976826
2018-10-24,3.023340019742643,2.9002451492800985,4.785330348645488,-0.12309487046254475,0.6317933767307027,0.5833400197426433,2.3053303486454877,-1.7219903289028444,-0.061547435231272374,-0.25694743523127217
2018-10-25,3.0696615120557573,2.9211295034079408,4.840715798437941,-0.14853200864781657,0.6341338016675782,0.6696615120557574,2.330715798437941,-1.6610542863821838,-0.07426600432390829,-0.30366600432390833
2018-10-26,3.0118416396707945,2.913092733452026,4.817664770826404,-0.09874890621876853,0.6251662959011062,0.6118416396707946,2.2876647708264044,-1.6758231311556098,-0.049374453109384264,-0.27927445310938404
2018-10-27,3.0118416396707945,2.913092733452026,4.817664770826404,-0.09874890621876853,0.6251662959011062,0.6118416396707946,2.2876647708264044,-1.6758231311556098,-0.049374453109384264,-0.27927445310938404
2018-10-28,3.0118416396707945,2.913092733452026,4.817664770826404,-0.09874890621876853,0.6251662959011062,0.6118416396707946,2.2876647708264044,-1.6758231311556098,-0.049374453109384264,-0.27927445310938404
2018-10-29,3.0319598389582665,2.9085140137493726,4.903730240350857,-0.12344582520889391,0.6182966212149005,0.6319598389582666,2.403730240350857,-1.7717704013925903,-0.061722912604446956,-0.3084229126044471
2018-10-30,2.9878535453787176,2.9139735601719816,4.8561407963436025,-0.073879985206736,0.61527325312075,0.2678535453787174,1.9961407963436026,-1.7282872509648852,-0.036939992603368,-0.2693399926033677
2018-10-31,2.9127432517262792,2.8658166363084288,4.834699644858446,-0.04692661541785048,0.6024662265884276,0.20274325172627927,1.9846996448584462,-1.781956393132167,-0.02346330770892524,-0.24786330770892584
2018-11-01,2.9065073470047276,2.882683516291562,4.832498887837453,-0.023823830713165517,0.6014501843590474,0.1965073470047276,1.9824988878374525,-1.785991540832725,-0.011911915356582758,-0.23631191535658336
2018-11-02,2.968472349916924,2.8950715991881366,4.879371103280017,-0.07340075072878749,0.6083719166024191,0.25847234991692414,2.0493711032800173,-1.7908987533630931,-0.036700375364393745,-0.28310037536439414
2018-11-03,2.968472349916924,2.8950715991881366,4.879371103280017,-0.07340075072878749,0.6083719166024191,0.25847234991692414,2.0493711032800173,-1.7908987533630931,-0.036700375364393745,-0.28310037536439414
2018-11-04,2.968472349916924,2.8950715991881366,4.879371103280017,-0.07340075072878749,0.6083719166024191,0.25847234991692414,2.0493711032800173,-1.7908987533630931,-0.036700375364393745,-0.28310037536439414
2018-11-05,3.0203959249413033,2.9453121778148974,4.996267349549586,-0.07508374712640586,0.6045304851858242,0.30039592494130307,2.186267349549586,-1.885871424608283,-0.03754187356320293,-0.2807418735632028
2018-11-06,3.0351740180259057,2.9356601157954936,5.046919163369158,-0.09951390223041212,0.6013914468960353,0.3051740180259057,2.216919163369158,-1.9117451453432524,-0.04975695111520606,-0.29215695111520645
2018-11-07,3.0292454613046544,2.9299259379832456,5.063524730817399,-0.09931952332140881,0.5982483788156885,0.28924546130465423,2.223524730817399,-1.9342792695127446,-0.049659761660704405,-0.32505976166070427
2018-11-08,3.0381470070240533,2.962621987365411,5.073863126177133,-0.07552501965864211,0.5987837928361942,0.28814700702405327,2.223863126177133,-1.9357161191530796,-0.037762509829321056,-0.28816250982932146
2018-11-09,3.029138630773244,2.9786529869270346,5.050200570408273,-0.05048564384620935,0.5998056094093625,0.22913863077324415,2.1802005704082728,-1.9510619396350286,-0.025242821923104675,-0.32414282192310484
2018-11-10,3.029138630773244,2.9786529869270346,5.050200570408273,-0.05048564384620935,0.5998056094093625,0.22913863077324415,2.1802005704082728,-1.9510619396350286,-0.025242821923104675,-0.32414282192310484
2018-11-11,3.029138630773244,2.9786529869270346,5.050200570408273,-0.05048564384620935,0.5998056094093625,0.22913863077324415,2.1802005704082728,-1.9510619396350286,-0.025242821923104675,-0.32414282192310484
2018-11-12,2.9912754466140883,2.9177194930088017,5.180940970268139,-0.07355595360528655,0.5773614221393599,0.19127544661408846,2.330940970268139,-2.1396655236540507,-0.036777976802643275,-0.3521779768026432
2018-11-13,2.9965040785749264,2.9473810608934383,5.10909609111927,-0.04912301768148808,0.5865037621397468,0.19650407857492658,2.2390960911192703,-2.0425920125443437,-0.02456150884074404,-0.403961508840744
2018-11-14,2.9749607470457446,2.901805974577385,5.15555141579729,-0.07315477246835966,0.5770402634197522,0.1549607470457448,2.2255514157972898,-2.070590668751545,-0.03657738623417983,-0.46547738623417945
2018-11-15,3.063402385436238,2.9629629629629743,5.08940362717702,-0.10043942247326365,0.6019177510460965,0.2134023854362379,2.1594036271770203,-1.9460012417407824,-0.050219711236631825,-0.4976197112366314
2018-11-16,2.9934725667641393,2.87119820918732,5.211432323190902,-0.12227435757681926,0.5744049583917976,0.11347256676413942,2.2814323231909017,-2.1679597564267623,-0.06113717878840963,-0.5225371787884094
2018-11-17,2.9934725667641393,2.87119820918732,5.211432323190902,-0.12227435757681926,0.5744049583917976,0.11347256676413942,2.2814323231909017,-2.1679597564267623,-0.06113717878840963,-0.5225371787884094
2018-11-18,2.9934725667641393,2.87119820918732,5.211432323190902,-0.12227435757681926,0.5744049583917976,0.11347256676413942,2.2814323231909017,-2.1679597564267623,-0.06113717878840963,-0.5225371787884094
2018-11-19,2.888258427199404,2.8417262818205677,5.0809086904708565,-0.0465321453788361,0.5684531258387452,-0.0017415728005962805,2.1909086904708563,-2.1926502632714526,-0.02326607268941805,-0.4248660726894178
2018-11-20,2.8979553315160738,2.8271036819468196,4.963183974430379,-0.07085164956925416,0.5838903708679608,-0.0020446684839261486,2.033183974430379,-2.035228642914305,-0.03542582478462708,-0.39382582478462713
2018-11-21,2.8819080218627278,2.811448710418124,5.005527784748713,-0.07045931144460393,0.5757450853921101,-0.048091978137272395,2.095527784748713,-2.143619762885985,-0.03522965572230197,-0.43162965572230183
2018-11-22,2.8819080218627278,2.811448710418124,5.005527784748713,-0.07045931144460393,0.5757450853921101,-0.05809197813727218,2.095527784748713,-2.153619762885985,-0.03522965572230197,-0.43062965572230194
2018-11-23,2.9431000654021555,2.8466049812906644,5.137985527547062,-0.0964950841114911,0.5728120582712556,-0.036899934597844464,2.1679855275470614,-2.204885462144906,-0.04824754205574555,-0.49514754205574585
2018-11-24,2.9431000654021555,2.8466049812906644,5.137985527547062,-0.0964950841114911,0.5728120582712556,-0.036899934597844464,2.1679855275470614,-2.204885462144906,-0.04824754205574555,-0.49514754205574585
2018-11-25,2.9431000654021555,2.8466049812906644,5.137985527547062,-0.0964950841114911,0.5728120582712556,-0.036899934597844464,2.1679855275470614,-2.204885462144906,-0.04824754205574555,-0.49514754205574585
2018-11-26,3.1446889697399714,2.9450261780104277,5.7333771876676956,-0.1996627917295437,0.5484880667722496,0.1846889697399714,2.7733771876676956,-2.588688217927724,-0.09983139586477185,-0.5186313958647719
2018-11-27,3.2685855405597937,2.9911885583659945,5.7407312564891875,-0.27739698219379916,0.5693674541662374,0.37858554055979354,2.7507312564891873,-2.3721457159293937,-0.13869849109689958,-0.5470984910968995
2018-11-28,3.0917381885074002,2.918022068714228,5.355763453780823,-0.17371611979317203,0.5772731031137741,0.22173818850740012,2.365763453780823,-2.144025265273423,-0.08685805989658602,-0.4460080598965861
2018-11-29,3.1403217029738424,2.9409361980230484,5.333927523364629,-0.199385504950794,0.5887447268861529,0.2903217029738423,2.3239275233646293,-2.033605820390787,-0.099692752475397,0.0769072475246031
2018-11-30,2.9003303153970084,2.8052375181708773,5.150430249356243,-0.09509279722613107,0.5631238896516506,0.050330315397008274,2.1004302493562435,-2.050099933959235,-0.04754639861306553,0.1260536013869349
2018-12-01,2.9003303153970084,2.8052375181708773,5.150430249356243,-0.09509279722613107,0.5631238896516506,0.050330315397008274,2.1004302493562435,-2.050099933959235,-0.04754639861306553,0.1260536013869349
2018-12-02,2.9003303153970084,2.8052375181708773,5.150430249356243,-0.09509279722613107,0.5631238896516506,0.050330315397008274,2.1004302493562435,-2.050099933959235,-0.04754639861306553,0.1260536013869349
2018-12-03,2.904162633107499,2.8565534096138894,3.7447466699229173,-0.04760922349360941,0.775529799233997,0.024162633107498888,0.6947466699229174,-0.6705840368154186,-0.023804611746804705,0.14959538825319574
2018-12-04,2.8878549655062216,2.887854965506188,3.7086804622412823,-3.375077994860476e-14,0.7786745164238259,0.017854965506221454,0.6786804622412825,-0.6608254967350611,-1.687538997430238e-14,0.2112999999999836
2018-12-05,2.946255391238164,2.897151134717539,3.6829596785616836,-0.049104256520625,0.7999694942054791,0.016255391238163774,0.6529596785616838,-0.63670428732352,-0.0245521282603125,0.20554787173968725
2018-12-06,2.943886256957657,2.918549530975688,3.5794628320013593,-0.02533672598196901,0.8224380012102718,-0.05611374304234307,0.5594628320013593,-0.6155765750437023,-0.012668362990984505,0.2016816370090151
2018-12-07,2.971446509903535,2.944694707140296,3.4535995073935704,-0.026751802763239407,0.8603911668223755,-0.12855349009646488,0.3935995073935703,-0.5221529974900352,-0.013375901381619704,0.2662240986183806
2018-12-08,2.971446509903535,2.944694707140296,3.4535995073935704,-0.026751802763239407,0.8603911668223755,-0.12855349009646488,0.3935995073935703,-0.5221529974900352,-0.013375901381619704,0.2662240986183806
2018-12-09,2.971446509903535,2.944694707140296,3.4535995073935704,-0.026751802763239407,0.8603911668223755,-0.12855349009646488,0.3935995073935703,-0.5221529974900352,-0.013375901381619704,0.2662240986183806
2018-12-10,3.027894067118229,2.9522367457691168,3.4751179979908198,-0.0756573213491123,0.8713068358740168,-0.12210593288177085,0.2751179979908196,-0.39722393087259045,-0.03782866067455615,0.36827133932544376
2018-12-11,3.0332351246453295,2.9574443474694787,3.429309162307148,-0.07579077717585081,0.8845032573862922,-0.1167648753546704,0.1793091623071481,-0.2960740376618185,-0.037895388587925405,0.35770461141207455
2018-12-12,3.0264406779661237,2.9744262295081754,3.3380762569391327,-0.05201444845794834,0.906642163034716,-0.023559322033876118,0.1080762569391327,-0.13163557897300882,-0.02600722422897417,0.2570927757710255
2018-12-13,3.0327487954605705,2.980625931445582,3.297449111906911,-0.05212286401498867,0.9197257311748884,0.17274879546057065,0.16744911190691125,0.005299683553659396,-0.026061432007494334,0.08653856799250614
2018-12-14,2.998255113827154,2.971261954377263,3.4272005483520505,-0.02699315944989067,0.8748408712962092,0.17825511382715398,0.37720054835205064,-0.19894543452489666,-0.013496579724945335,0.10275342027505463
2018-12-15,2.998255113827154,2.971261954377263,3.4272005483520505,-0.02699315944989067,0.8748408712962092,0.17825511382715398,0.37720054835205064,-0.19894543452489666,-0.013496579724945335,0.10275342027505463
2018-12-16,2.998255113827154,2.971261954377263,3.4272005483520505,-0.02699315944989067,0.8748408712962092,0.17825511382715398,0.37720054835205064,-0.19894543452489666,-0.013496579724945335,0.21020342027505468
2018-12-17,3.0220888699933335,2.9701492146391484,3.398870819583235,-0.0519396553541851,0.8891449632569142,0.22208886999333366,0.4088708195832349,-0.18678194958990124,-0.02596982767709255,0.006130172322907246
2018-12-18,3.0177495592355257,2.9423457164677207,3.452424893589274,-0.07540384276780498,0.8740956435689922,0.2577495592355259,0.45242489358927385,-0.19467533435374795,-0.03770192138390249,-0.007601921383902477
2018-12-19,3.011024233888503,2.9357884353421952,3.4251652288200782,-0.07523579854630791,0.8790887541871255,0.2010242338885031,0.4051652288200782,-0.20414099493157511,-0.037617899273153954,0.029482100726846427
2018-12-20,3.0318383126509514,2.932433777809937,3.453107962545014,-0.09940453484101441,0.8780027573816204,0.1818383126509513,0.48310796254501387,-0.3012696498940626,-0.04970226742050721,0.018297732579492854
2018-12-21,2.95845632167965,2.9083668972598757,3.452190066702211,-0.050089424419774264,0.8569795592123315,0.10845632167964991,0.502190066702211,-0.3937337450225611,-0.025044712209887132,0.01755528779011306
2018-12-22,2.95845632167965,2.9083668972598757,3.452190066702211,-0.050089424419774264,0.8569795592123315,0.10845632167964991,0.502190066702211,-0.3937337450225611,-0.025044712209887132,0.01755528779011306
2018-12-23,2.95845632167965,2.9083668972598757,3.452190066702211,-0.050089424419774264,0.8569795592123315,0.10845632167964991,0.502190066702211,-0.3937337450225611,-0.025044712209887132,-0.01974471220988705
2018-12-24,2.974564276975668,2.9002394953325483,3.384880865467542,-0.07432478164311984,0.8787796070822131,0.19456427697566836,0.41488086546754177,-0.2203165884918734,-0.03716239082155992,-0.042562390821560214
2018-12-25,2.974564276975668,2.9002394953325483,3.384880865467542,-0.07432478164311984,0.8787796070822131,0.19456427697566836,0.41488086546754177,-0.2203165884918734,-0.03716239082155992,-0.042562390821560214
2018-12-26,2.971760288654874,2.8975055696495953,3.473159436879896,-0.07425471900527869,0.8556360117243991,0.19176028865487416,0.503159436879896,-0.3113991482250218,-0.037127359502639345,-0.036027359502639245
2018-12-27,3.0005993260559527,2.9252525045715174,3.3921898255720264,-0.07534682148443528,0.8845611479157008,0.4005993260559526,0.43218982557202645,-0.031590499516073844,-0.03767341074221764,-0.13777341074221794
2018-12-28,2.9961557261185825,2.9209204860534457,3.2498014010255254,-0.07523524006513682,0.9219504075458577,0.2961557261185823,0.3998014010255253,-0.10364567490694299,-0.03761762003256841,-0.08101762003256896
2018-12-29,2.9961557261185825,2.9209204860534457,3.2498014010255254,-0.07523524006513682,0.9219504075458577,0.2961557261185823,0.3998014010255253,-0.10364567490694299,-0.03761762003256841,-0.08101762003256896
2018-12-30,2.9961557261185825,2.9209204860534457,3.2498014010255254,-0.07523524006513682,0.9219504075458577,0.2961557261185823,0.3998014010255253,-0.10364567490694299,-0.03761762003256841,-0.721917620032569
2018-12-31,3.0477520844164268,2.970855675524239,3.2660294955377043,-0.07689640889218774,0.9331673484824603,0.32775208441642656,0.5360294955377043,-0.20827741112127773,-0.03844820444609387,-0.1348482044460939
2019-01-01,3.0477520844164268,2.970855675524239,3.2660294955377043,-0.07689640889218774,0.9331673484824603,0.32775208441642656,0.5360294955377043,-0.20827741112127773,-0.03844820444609387,-0.13534820444609408
2019-01-02,3.0411064136459522,2.9413980066411676,3.2432806160557175,-0.09970840700478467,0.9376636725761839,0.41110641364595235,0.4932806160557175,-0.08217420240976514,-0.049854203502392336,-0.13825420350239281
2019-01-03,3.0159752438699163,2.939880581595001,3.287613232228127,-0.07609466227491524,0.9173753208876969,0.29597524386991614,0.4576132322281268,-0.16163798835821064,-0.03804733113745762,-0.09544733113745751
2019-01-04,3.037085663215716,2.960458373813352,3.3646746546535273,-0.07662728940236407,0.902638731805841,0.32708566321571597,0.5746746546535273,-0.24758899143781132,-0.03831364470118204,-0.07786364470118223
2019-01-05,3.037085663215716,2.960458373813352,3.3646746546535273,-0.07662728940236407,0.902638731805841,0.32708566321571597,0.5746746546535273,-0.24758899143781132,-0.03831364470118204,-0.07786364470118223
2019-01-06,3.037085663215716,2.960458373813352,3.3646746546535273,-0.07662728940236407,0.902638731805841,0.32708566321571597,0.5746746546535273,-0.24758899143781132,-0.03831364470118204,-0.11411364470118213
2019-01-07,3.0747357895303926,2.9739247800375934,3.3710811182000873,-0.1008110094927992,0.9120919021883633,0.4347357895303925,0.5410811182000872,-0.1063453286696947,-0.0504055047463996,-0.11735550474639989
2019-01-08,3.0843002526753667,2.9602281491944478,3.492983256007086,-0.1240721034809189,0.8829988656175539,0.44430025267536655,0.6729832560070861,-0.22868300333171954,-0.06203605174045945,-0.11543605174045979
2019-01-09,3.069738153959175,2.946251839821368,3.600618856365941,-0.12348631413780664,0.8525584840872112,0.4197381539591749,0.7706188563659411,-0.35088070240676617,-0.06174315706890332,-0.09714315706890342
2019-01-10,3.1281021004099276,3.0026206078078115,3.621794905383755,-0.12548149260211616,0.8636883595368807,0.4681021004099275,0.771794905383755,-0.30369280497382745,-0.06274074630105808,-0.09514074630105851
2019-01-11,3.1230078666675,3.020614166121077,3.5810918351105734,-0.10239370054642283,0.872082596723206,0.4430078666674997,0.7110918351105733,-0.2680839684430736,-0.051196850273211414,-0.08694685027321158
2019-01-12,3.1230078666675,3.020614166121077,3.5810918351105734,-0.10239370054642283,0.872082596723206,0.4430078666674997,0.7110918351105733,-0.2680839684430736,-0.051196850273211414,-0.08694685027321158
2019-01-13,3.1230078666675,3.020614166121077,3.5810918351105734,-0.10239370054642283,0.872082596723206,0.4430078666674997,0.7110918351105733,-0.2680839684430736,-0.051196850273211414,-0.1236968502732112
2019-01-14,3.165906910261261,3.039255141279651,3.574242877119226,-0.12665176898161024,0.8857559542268498,0.5159069102612612,0.6842428771192259,-0.1683359668579647,-0.06332588449080512,-0.15972588449080516
2019-01-15,3.0783155036597747,2.9544841485944895,3.4382149828929274,-0.1238313550652852,0.8953237418183979,0.4283155036597748,0.5382149828929275,-0.10989947923315269,-0.0619156775326426,-0.12931567753264228
2019-01-16,3.06546737897299,2.919345478689021,3.4342574518983553,-0.14612190028396865,0.892614319662753,0.4454673789729897,0.4842574518983551,-0.038790072925365404,-0.07306095014198433,-0.11246095014198443
2019-01-17,3.021809754517347,2.899900165291783,3.4947915787341293,-0.12190958922556394,0.8646609351198837,0.4218097545173469,0.5947915787341294,-0.17298182421678243,-0.06095479461278197,-0.10730479461278186
2019-01-18,2.9970901267817562,2.898824876723286,3.4492339826197567,-0.09826525005847042,0.8689147045064803,0.39709012678175615,0.5492339826197568,-0.1521438558380006,-0.04913262502923521,-0.11353262502923522
2019-01-19,2.9970901267817562,2.898824876723286,3.4492339826197567,-0.09826525005847042,0.8689147045064803,0.39709012678175615,0.5492339826197568,-0.1521438558380006,-0.04913262502923521,-0.11353262502923522
2019-01-20,2.9970901267817562,2.898824876723286,3.4492339826197567,-0.09826525005847042,0.8689147045064803,0.39709012678175615,0.5492339826197568,-0.1521438558380006,-0.04913262502923521,-0.11353262502923522
2019-01-21,2.9970901267817562,2.898824876723286,3.4492339826197567,-0.09826525005847042,0.8689147045064803,0.39709012678175615,0.5092339826197567,-0.11214385583800057,-0.04913262502923521,-0.13353262502923524
2019-01-22,2.9001354981338854,2.874025705285908,3.4658893375765465,-0.02610979284797743,0.8367651750132757,0.33013549813388554,0.6458893375765467,-0.3157538394426611,-0.013054896423988716,-0.04905489642398875
2019-01-23,2.9463012830667092,2.918645625861815,3.491867232300811,-0.02765565720489427,0.8437609700084086,0.3763012830667094,0.6318672323008112,-0.2555659492341018,-0.013827828602447134,-0.06922782860244725
2019-01-24,2.908293403895271,2.882110165778977,3.5486981677916587,-0.02618323811629386,0.8195381140868035,0.27829340389527113,0.7086981677916588,-0.4304047638963877,-0.01309161905814693,-0.04049161905814702
2019-01-25,2.8672936586589386,2.8414795394529966,3.458505762609939,-0.02581411920594201,0.8290556255991761,0.2372936586589387,0.6585057626099391,-0.4212121039510004,-0.012907059602971005,-0.057307059602971
2019-01-26,2.8672936586589386,2.8414795394529966,3.458505762609939,-0.02581411920594201,0.8290556255991761,0.2372936586589387,0.6585057626099391,-0.4212121039510004,-0.012907059602971005,-0.057307059602971
2019-01-27,2.8672936586589386,2.8414795394529966,3.458505762609939,-0.02581411920594201,0.8290556255991761,0.2372936586589387,0.6585057626099391,-0.4212121039510004,-0.012907059602971005,-0.057307059602971
2019-01-28,2.90311629764228,2.8985106134048984,3.481461839621905,-0.004605684237381613,0.8338785347587109,0.28311629764227986,0.6714618396219048,-0.3883455419796249,-0.0023028421186908066,-0.03960284211869047
2019-01-29,2.936868971357737,2.885666728037173,3.502456584131904,-0.05120224332056411,0.8385168811694635,0.31686897135773684,0.6924565841319041,-0.3755876127741673,-0.025601121660282056,-0.05250112166028198
2019-01-30,2.608557258219953,2.7032472757900425,3.483104780314327,0.09469001757008932,0.7489172513450911,-0.011442741780046894,0.6831047803143271,-0.694547522094374,0.04734500878504466,0.010445008785044507
2019-01-31,2.542950824725188,2.6608133741274727,3.451680552268933,0.11786254940228469,0.7367283229769339,-0.07704917527481214,0.6816805522689329,-0.758729727543745,0.058931274701142344,0.041531274701142484
2019-02-01,2.9998500074996253,2.8122175227935005,3.519275235107161,-0.1876324847061248,0.8524056253327628,0.37985000749962516,0.7092752351071607,-0.32942522760753556,-0.0938162423530624,-0.11271624235306277
2019-02-02,2.9998500074996253,2.8122175227935005,3.519275235107161,-0.1876324847061248,0.8524056253327628,0.37985000749962516,0.7092752351071607,-0.32942522760753556,-0.0938162423530624,-0.11271624235306277
2019-02-03,2.9998500074996253,2.8122175227935005,3.519275235107161,-0.1876324847061248,0.8524056253327628,0.37985000749962516,0.7092752351071607,-0.32942522760753556,-0.0938162423530624,-0.11271624235306277
2019-02-04,3.006216701974725,2.8405525533287133,3.6406940434200514,-0.16566414864601153,0.8257262670583267,0.3762167019747249,0.8406940434200516,-0.4644773414453267,-0.08283207432300577,-0.08973207432300612
2019-02-05,3.0526975773709375,2.885504379206443,3.6894562710404673,-0.1671931981644943,0.8274112370791274,0.4026975773709376,0.8694562710404674,-0.4667586936695298,-0.08359659908224715,-0.10199659908224734
2019-02-06,3.017423687549645,2.8735918900851,3.7211788744791314,-0.1438317974645451,0.8108784310918153,0.3674236875496453,0.9011788744791316,-0.5337551869294863,-0.07191589873227255,-0.06741589873227238
2019-02-07,3.0178828906675195,2.851575851169206,3.680778054717173,-0.16630703949831327,0.8199035219740817,0.3378828906675193,0.830778054717173,-0.4928951640496537,-0.08315351974915663,-0.11305351974915712
2019-02-08,3.0080407242436515,2.819895932411998,3.658426565486175,-0.18814479183165345,0.8222225239182592,0.3680407242436514,0.8384265654861753,-0.4703858412425239,-0.09407239591582672,-0.10447239591582691
2019-02-09,3.0080407242436515,2.819895932411998,3.658426565486175,-0.18814479183165345,0.8222225239182592,0.3680407242436514,0.8384265654861753,-0.4703858412425239,-0.09407239591582672,-0.10447239591582691
2019-02-10,3.0080407242436515,2.819895932411998,3.658426565486175,-0.18814479183165345,0.8222225239182592,0.3680407242436514,0.8384265654861753,-0.4703858412425239,-0.09407239591582672,-2.544172395915827
2019-02-11,3.023173789858414,2.834082465801676,3.6861737140708053,-0.18909132405673823,0.82013871953956,0.383173789858414,0.9061737140708055,-0.5229999242123915,-0.09454566202836912,-0.1139456620283692
2019-02-12,2.9719061992106295,2.8070963395463733,3.6861737140708053,-0.1648098596642562,0.8062306417807482,0.33190619921062936,0.8861737140708055,-0.5542675148601761,-0.0824049298321281,-0.12115492983212839
2019-02-13,3.015817576545703,2.8047483766739676,3.6197123501736574,-0.21106919987173534,0.8331649824055819,0.38581757654570303,0.7897123501736574,-0.40389477362795434,-0.10553459993586767,-0.1428845999358681
2019-02-14,3.0185719574665146,2.8073099856640034,3.5726049611067254,-0.21126197180251127,0.8449218400378132,0.3985719574665145,0.7426049611067254,-0.34403300364021083,-0.10563098590125564,-0.13638098590125547
2019-02-15,2.95369846892275,2.789898336104633,3.6362765444542964,-0.16380013281811712,0.8122865334396666,0.33369846892275,0.8062765444542963,-0.4725780755315463,-0.08190006640905856,-0.11030006640905854
2019-02-16,2.95369846892275,2.789898336104633,3.6362765444542964,-0.16380013281811712,0.8122865334396666,0.33369846892275,0.8062765444542963,-0.4725780755315463,-0.08190006640905856,-0.11030006640905854
2019-02-17,2.95369846892275,2.789898336104633,3.6362765444542964,-0.16380013281811712,0.8122865334396666,0.33369846892275,0.8062765444542963,-0.4725780755315463,-0.08190006640905856,-2.5520000664090583
2019-02-18,2.95369846892275,2.789898336104633,3.6362765444542964,-0.16380013281811712,0.8122865334396666,0.33369846892275,0.8062765444542963,-0.4725780755315463,-0.08190006640905856,-0.11130006640905843
2019-02-19,2.9492130390506053,2.7647477594328422,3.696147895197767,-0.18446527961776304,0.7979153222960533,0.32921303905060517,0.8861478951977668,-0.5569348561471616,-0.09223263980888152,-0.13223263980888156
2019-02-20,2.9424302210217776,2.7583891882819342,3.79409341536301,-0.1840410327398434,0.7755291973327053,0.31243022102177775,0.9740934153630101,-0.6616631943412323,-0.0920205163699217,-0.10272051636992163
2019-02-21,2.98697220584068,2.7779218181683496,3.9217273030032502,-0.2090503876723302,0.7616470945221671,0.3669722058406797,1.1017273030032504,-0.7347550971625707,-0.1045251938361651,-0.1309251938361653
2019-02-22,3.0215476020917467,2.8117804498848824,3.634288398502635,-0.20976715220686426,0.8314000626193166,0.4315476020917468,0.784288398502635,-0.3527407964108882,-0.10488357610343213,-0.12673357610343183
2019-02-23,3.0215476020917467,2.8117804498848824,3.634288398502635,-0.20976715220686426,0.8314000626193166,0.4315476020917468,0.784288398502635,-0.3527407964108882,-0.10488357610343213,-0.12673357610343183
2019-02-24,3.0215476020917467,2.8117804498848824,3.634288398502635,-0.20976715220686426,0.8314000626193166,0.4315476020917468,0.784288398502635,-0.3527407964108882,-0.10488357610343213,-2.570983576103432
2019-02-25,3.029047494597774,2.8187596717612418,3.653573314830761,-0.21028782283653236,0.8290643798776716,0.44904749459777404,0.8235733148307611,-0.3745258202329871,-0.10514391141826618,-0.12309391141826609
2019-02-26,3.0772567506363315,2.8430930977251454,3.50400516902888,-0.23416365291118613,0.8782112474706137,0.48725675063633167,0.69400516902888,-0.20674841839254832,-0.11708182645559306,-0.11448182645559335
2019-02-27,3.0942594559645524,2.858801983293866,3.539778575552912,-0.2354574726706864,0.8741392688612536,0.48425945596455255,0.749778575552912,-0.2655191195883595,-0.1177287363353432,-0.11612873633534337
2019-02-28,3.0598880359151126,2.8698800853490787,3.646269642484109,-0.19000795056603392,0.8391831476924154,0.4398880359151125,0.866269642484109,-0.4263816065689965,-0.09500397528301696,-0.08240397528301746
2019-03-01,3.099691074559529,2.9072114996365883,3.636301116679683,-0.19247957492294088,0.8524297012536372,0.4796910745595291,0.8463011166796828,-0.3666100421201537,-0.09623978746147044,-0.08113978746147055
2019-03-02,3.099691074559529,2.9072114996365883,3.636301116679683,-0.19247957492294088,0.8524297012536372,0.4796910745595291,0.8463011166796828,-0.3666100421201537,-0.09623978746147044,-0.08113978746147055
2019-03-03,3.099691074559529,2.9072114996365883,3.636301116679683,-0.19247957492294088,0.8524297012536372,0.4796910745595291,0.8463011166796828,-0.3666100421201537,-0.09623978746147044,-2.5302397874614706
2019-03-04,3.080467335856508,2.9107114435779193,3.6726520910999825,-0.16975589227858867,0.8387582758850127,0.47046733585650813,0.8926520910999827,-0.42218475524347454,-0.08487794613929434,-0.0802779461392944
2019-03-05,3.0871812056629984,2.917055330899487,3.711722858026557,-0.1701258747635115,0.831738069825716,0.4871812056629983,0.9317228580265571,-0.4445416523635588,-0.08506293738175574,-0.07146293738175546
2019-03-06,3.127616219375489,2.910485386460524,3.677521367985763,-0.21713083291496504,0.8504685374781478,0.527616219375489,0.897521367985763,-0.369905148610274,-0.10856541645748252,-0.09496541645748224
2019-03-07,3.1787074047277555,2.9597678073627303,3.6492849668643177,-0.21893959736502522,0.8710493791497707,0.5787074047277554,0.8992849668643177,-0.3205775621365623,-0.10946979868251261,-0.09736979868251239
2019-03-08,3.1464139099671877,2.9524094310555626,3.5758190046022107,-0.1940044789116251,0.8799141975356239,0.5464139099671876,0.8258190046022107,-0.27940509463502305,-0.09700223945581254,-0.08640223945581238
2019-03-09,3.1464139099671877,2.9524094310555626,3.5758190046022107,-0.1940044789116251,0.8799141975356239,0.5464139099671876,0.8258190046022107,-0.27940509463502305,-0.09700223945581254,-0.08640223945581238
2019-03-10,3.1464139099671877,2.9524094310555626,3.5758190046022107,-0.1940044789116251,0.8799141975356239,0.5464139099671876,0.8258190046022107,-0.27940509463502305,-0.09700223945581254,-2.5291022394558125
2019-03-11,3.0718780070600684,2.9254505308093273,3.593377366874452,-0.14642747625074115,0.8548720864605468,0.5718780070600684,0.823377366874452,-0.25149935981438354,-0.07321373812537058,-0.11061373812537045
2019-03-12,3.0083081008880423,2.8642113757686514,3.5609709921260837,-0.14409672511939098,0.8447999457282652,0.5283081008880424,0.7909709921260837,-0.2626628912380413,-0.07204836255969549,-0.07894836255969584
2019-03-13,3.029177190036855,2.8622477534610637,3.58924753080139,-0.16692943657579118,0.8439588420808957,0.5091771900368549,0.8192475308013898,-0.3100703407645349,-0.08346471828789559,-0.08186471828789532
2019-03-14,2.96816291916476,2.848061609268732,3.578872979184854,-0.12010130989602796,0.8293568775499841,0.43816291916476,0.8288729791848541,-0.3907100600200941,-0.06005065494801398,-0.08845065494801396
2019-03-15,2.8098986485168025,2.7857150945746394,3.620165089798045,-0.024183553942163094,0.7761796986649456,0.25989864851680267,0.8701650897980451,-0.6102664412812424,-0.012091776971081547,-0.03249177697108152
2019-03-16,2.8098986485168025,2.7857150945746394,3.620165089798045,-0.024183553942163094,0.7761796986649456,0.25989864851680267,0.8701650897980451,-0.6102664412812424,-0.012091776971081547,-0.03249177697108152
2019-03-17,2.8098986485168025,2.7857150945746394,3.620165089798045,-0.024183553942163094,0.7761796986649456,0.25989864851680267,0.8701650897980451,-0.6102664412812424,-0.012091776971081547,-2.4696917769710818
2019-03-18,2.9066852458376142,2.8113840902363814,3.620637634516792,-0.09530115560123287,0.802810316648973,0.3566852458376144,0.8406376345167921,-0.48395238867917767,-0.047650577800616434,-0.06755057780061668
2019-03-19,2.8955613068944928,2.8006248706028702,3.6088609052865754,-0.09493643629162252,0.8023477166029926,0.34556130689449294,0.8288609052865756,-0.4832995983920827,-0.04746821814581126,-0.07686821814581113
2019-03-20,2.8593638306099938,2.788283165645923,3.583055614416982,-0.07108066496407073,0.7980238484451366,0.28936383060999393,0.793055614416982,-0.5036917838069881,-0.035540332482035364,-0.036940332482035654
2019-03-21,2.94046339524986,2.798911033001339,3.5554347283565026,-0.14155236224852086,0.8270334347015526,0.3204633952498597,0.7754347283565028,-0.45497133310664317,-0.07077618112426043,-0.04367618112426008
2019-03-22,2.975756111988697,2.810732751782317,3.562357753075831,-0.16502336020637998,0.835333315251494,0.3657561119886972,0.792357753075831,-0.42660164108713383,-0.08251168010318999,-0.06576168010319039
2019-03-23,2.975756111988697,2.810732751782317,3.562357753075831,-0.16502336020637998,0.835333315251494,0.3657561119886972,0.792357753075831,-0.42660164108713383,-0.08251168010318999,-0.06576168010319039
2019-03-24,2.975756111988697,2.810732751782317,3.562357753075831,-0.16502336020637998,0.835333315251494,0.3657561119886972,0.792357753075831,-0.42660164108713383,-0.08251168010318999,-0.06576168010319039
2019-03-25,2.9525818431595097,2.78884363387565,3.525743296822723,-0.16373820928385951,0.8374352851554092,0.33258184315950956,0.7357432968227231,-0.40316145366321354,-0.08186910464192976,-0.07521910464193016
2019-03-26,2.969646194496401,2.782521972199734,3.5572782358959962,-0.18712422229666714,0.8348085242616441,0.3296461944964011,0.7872782358959962,-0.4576320413995951,-0.09356211114833357,-0.06246211114833322
2019-03-27,3.0266343825665856,2.8373266078183903,3.626317808606696,-0.18930777474819527,0.8346302068128659,0.38663438256658544,0.8063178086066962,-0.4196834260401108,-0.09465388737409763,-0.050653887374097595
2019-03-28,2.6019012276243068,2.653861699234123,3.6261992898692563,0.05196047160981632,0.7175284697929879,-0.01809877237569335,0.8261992898692565,-0.8442980622449499,0.02598023580490816,-0.00941976419509194
2019-03-29,2.5954618742380746,2.624472252862197,3.6714367859739436,0.029010378624122257,0.7069335591323714,-0.014538125761925258,0.8614367859739436,-0.8759749117358688,0.014505189312061129,-0.018394810687939023
2019-03-30,2.5954618742380746,2.624472252862197,3.6714367859739436,0.029010378624122257,0.7069335591323714,-0.014538125761925258,0.8614367859739436,-0.8759749117358688,0.014505189312061129,-0.018394810687939023
2019-03-31,2.5954618742380746,2.624472252862197,3.6714367859739436,0.029010378624122257,0.7069335591323714,-0.014538125761925258,0.8614367859739436,-0.8759749117358688,0.014505189312061129,-2.4495948106879393
2019-04-01,2.8759340892482066,2.758840830844276,3.713197812470507,-0.11709325840393081,0.7745168004757488,0.30593408924820675,0.9231978124705069,-0.6172637232223002,-0.058546629201965406,-0.05794662920196547
2019-04-02,2.8261671677879745,2.7107267329288445,3.6050117500307697,-0.11544043485913003,0.7839550502890462,0.26616716778797445,0.7950117500307696,-0.5288445822427952,-0.05772021742956501,-0.03612021742956517
2019-04-03,2.8263853540898185,2.733716981824579,3.5952246038414395,-0.09266837226523972,0.7861498697660979,0.25638535408981866,0.8352246038414397,-0.578839249751621,-0.04633418613261986,-0.06308418613261946
2019-04-04,2.828569071430536,2.713030526026495,3.5603896866075,-0.11553854540404096,0.7944549109526615,0.2585690714305362,0.8203896866074998,-0.5618206151769636,-0.05776927270202048,-0.1041692727020207
2019-04-05,2.8728264111648407,2.7558596814439094,3.5599176741870924,-0.11696672972093136,0.8069923728842553,0.3028264111648409,0.7999176741870926,-0.4970912630222517,-0.05848336486046568,-0.11438336486046552
2019-04-06,2.8728264111648407,2.7558596814439094,3.5599176741870924,-0.11696672972093136,0.8069923728842553,0.3028264111648409,0.7999176741870926,-0.4970912630222517,-0.05848336486046568,-0.11438336486046552
2019-04-07,2.8728264111648407,2.7558596814439094,3.5599176741870924,-0.11696672972093136,0.8069923728842553,0.3028264111648409,0.7999176741870926,-0.4970912630222517,-0.05848336486046568,-2.5354833648604655
2019-04-08,2.8120569545683556,2.7198583658939834,3.5682887728189687,-0.09219858867437214,0.7880687729056228,0.24205695456835574,0.8082887728189689,-0.5662318182506132,-0.04609929433718607,-0.07949929433718639
2019-04-09,2.7983008095639703,2.706553242037283,3.6082601999631403,-0.09174756752668722,0.7755263352661086,0.22830080956397047,0.8682601999631401,-0.6399593903991696,-0.04587378376334361,-0.062273783763344026
2019-04-10,2.786374114584475,2.6950175862374435,3.5617345819478765,-0.09135652834703167,0.7823081845308741,0.2163741145844753,0.8317345819478765,-0.6153604673634012,-0.04567826417351584,-0.05257826417351574
2019-04-11,2.8307561657407736,2.715128284107394,3.572661202553344,-0.11562788163337956,0.7923382613827646,0.25075616574077353,0.8526612025533438,-0.6019050368125702,-0.05781394081668978,-0.05121394081669006
2019-04-12,2.826603574083186,2.7567107807895788,3.549739630980527,-0.06989279329360709,0.796284761117087,0.24660357408318578,0.849739630980527,-0.6031360568973412,-0.034946396646803546,-0.026846396646803772
2019-04-13,2.826603574083186,2.7567107807895788,3.549739630980527,-0.06989279329360709,0.796284761117087,0.24660357408318578,0.849739630980527,-0.6031360568973412,-0.034946396646803546,-0.026846396646803772
2019-04-14,2.826603574083186,2.7567107807895788,3.549739630980527,-0.06989279329360709,0.796284761117087,0.24660357408318578,0.849739630980527,-0.6031360568973412,-0.034946396646803546,-2.451046396646804
2019-04-15,2.882392858596119,2.765036632292054,3.4286652617750804,-0.11735622630406484,0.8406749094847052,0.30239285859611886,0.6986652617750804,-0.3962724031789615,-0.05867811315203242,-0.04907811315203259
2019-04-16,2.8664398286505968,2.772458194924348,3.2841841473266618,-0.09398163372624868,0.872801188990541,0.2864398286505967,0.5541841473266618,-0.2677443186760651,-0.04699081686312434,-0.05939081686312475
2019-04-17,2.8673378361157127,2.7733267595217552,3.1208883338692353,-0.09401107659395747,0.918756946539265,0.29733783611571285,0.4308883338692353,-0.13355049775352246,-0.04700553829697873,-0.06990553829697865
2019-04-18,2.869135540088199,2.7750655223803897,3.2753999704030203,-0.09407001770780932,0.8759649404695963,0.2991355400881992,0.5753999704030202,-0.27626443031482095,-0.04703500885390466,-0.08943500885390487
2019-04-19,2.869135540088199,2.7750655223803897,3.2753999704030203,-0.09407001770780932,0.8759649404695963,0.2991355400881992,0.5753999704030202,-0.27626443031482095,-0.04703500885390466,-0.09043500885390476
2019-04-20,2.869135540088199,2.7750655223803897,3.2753999704030203,-0.09407001770780932,0.8759649404695963,0.2991355400881992,0.5753999704030202,-0.27626443031482095,-0.04703500885390466,-0.09043500885390476
2019-04-21,2.869135540088199,2.7750655223803897,3.2753999704030203,-0.09407001770780932,0.8759649404695963,0.2991355400881992,0.5753999704030202,-0.27626443031482095,-0.04703500885390466,-0.29653500885390494
2019-04-22,2.913301423219449,2.817783343769579,3.271025479624518,-0.09551807944987001,0.8906385600988554,0.3433014232194491,0.591025479624518,-0.2477240564050689,-0.047759039724935004,-0.10025903972493522
2019-04-23,2.875445294653269,2.781168399746605,2.9526151813630515,-0.09427689490666413,0.9738638860909203,0.31544529465326887,0.2626151813630515,0.05283011329021736,-0.047138447453332066,-0.10268844745333228
2019-04-24,2.8615108247245136,2.7676907976843657,3.16526647587144,-0.09382002704014791,0.904034730262861,0.3015108247245135,0.46526647587143977,-0.16375565114692625,-0.046910013520073957,-0.10731001352007397
2019-04-25,2.8608400009006343,2.76704196808422,3.2128018474712925,-0.09379803281641408,0.8904501854517801,0.30084000090063423,0.5128018474712923,-0.21196184657065809,-0.04689901640820704,-0.10329901640820705
2019-04-26,2.8406400909004828,2.7704002198003796,3.2644856086222003,-0.0702398711001031,0.8701646848733989,0.2506400909004829,0.5644856086222001,-0.3138455177217172,-0.03511993555005155,-0.0430199355500509
2019-04-27,2.8406400909004828,2.7704002198003796,3.2644856086222003,-0.0702398711001031,0.8701646848733989,0.2506400909004829,0.5644856086222001,-0.3138455177217172,-0.03511993555005155,-0.0430199355500509
2019-04-28,2.8406400909004828,2.7704002198003796,3.2644856086222003,-0.0702398711001031,0.8701646848733989,0.2506400909004829,0.5644856086222001,-0.3138455177217172,-0.03511993555005155,-2.444219935550051
2019-04-29,2.8568216536500524,2.7401290751744773,3.5384391110168876,-0.11669257847557502,0.8073677584998913,0.2668216536500525,0.8584391110168874,-0.5916174573668349,-0.05834628923778751,-0.07574628923778737
2019-04-30,2.8474892658882647,2.7541289620886498,3.327098690725038,-0.09336030379961491,0.855847550848497,0.2574892658882648,0.6070986907250377,-0.34960942483677293,-0.046680151899807454,-0.0660801518998071
2019-05-01,2.8508152539733236,2.757345901384035,3.445861793784773,-0.09346935258928868,0.8273156106014693,0.2608152539733237,0.7258617937847727,-0.46504653981144894,-0.04673467629464434,-0.05353467629464448
2019-05-02,2.782219379597036,2.7605938756573054,3.3107643581412196,-0.021625503939730617,0.8403556033081957,0.15221937959703613,0.5907643581412194,-0.4385449785441833,-0.010812751969865309,-0.036212751969865176
2019-05-03,2.8096464528213967,2.7635866749062497,3.309772365589736,-0.04605977791514704,0.8488941662671636,0.1796464528213968,0.599772365589736,-0.4201259127683392,-0.02302988895757352,-0.046429888957573606
2019-05-04,2.8096464528213967,2.7635866749062497,3.309772365589736,-0.04605977791514704,0.8488941662671636,0.1796464528213968,0.599772365589736,-0.4201259127683392,-0.02302988895757352,-0.046429888957573606
2019-05-05,2.8096464528213967,2.7635866749062497,3.309772365589736,-0.04605977791514704,0.8488941662671636,0.1796464528213968,0.599772365589736,-0.4201259127683392,-0.02302988895757352,-0.04452988895757359
2019-05-06,2.8517034967693897,2.7582050214654754,3.2815439510536053,-0.09349847530391431,0.8690127389132769,0.24170349676938985,0.5715439510536053,-0.3298404542842155,-0.046749237651957154,-0.04299923765195701
2019-05-07,2.847710756963708,2.7543431911616194,3.281763805264449,-0.09336756580208849,0.8677378769293348,0.23771075696370803,0.5717638052644491,-0.3340530483007411,-0.046683782901044246,-0.07128378290104465
2019-05-08,2.857044598995272,2.763371005585592,3.2561864232910276,-0.0936735934096804,0.8774204629560667,0.2470445989952723,0.5561864232910274,-0.3091418242957551,-0.0468367967048402,-0.08413679670484076
2019-05-09,2.848597065945022,2.7552004408320707,3.1959056897108513,-0.09339662511295144,0.8913270110304,0.23859706594502228,0.49590568971085114,-0.25730862376582886,-0.04669831255647572,-0.07529831255647568
2019-05-10,2.7963336958209695,2.727571391825404,3.192232234895092,-0.0687623039955656,0.8759806586919159,0.1863336958209696,0.4922322348950918,-0.30589853907412223,-0.0343811519977828,-0.06273115199778245
2019-05-11,2.7963336958209695,2.727571391825404,3.192232234895092,-0.0687623039955656,0.8759806586919159,0.1863336958209696,0.4922322348950918,-0.30589853907412223,-0.0343811519977828,-0.06273115199778245
2019-05-12,2.7963336958209695,2.727571391825404,3.192232234895092,-0.0687623039955656,0.8759806586919159,0.1863336958209696,0.4922322348950918,-0.30589853907412223,-0.0343811519977828,-0.06513115199778263
2019-05-13,2.7654017514211517,2.67473284153844,3.1950405869999603,-0.09066890988271181,0.8655294592103365,0.17540175142115189,0.4950405869999601,-0.31963883557880823,-0.045334454941355906,-0.06713445494135573
2019-05-14,2.7300648390399056,2.6405545164484856,3.1874908691667843,-0.08951032259142,0.8564933833845144,0.16006483903990576,0.5174908691667843,-0.35742603012687857,-0.04475516129571,-0.04825516129571028
2019-05-15,2.773925104022234,2.6375025579227707,3.0679599615730253,-0.13642254609946347,0.9041594866837729,0.2239251040222343,0.4479599615730252,-0.2240348575507909,-0.06821127304973174,-0.10601127304973157
2019-05-16,2.751502916224094,2.6383475532194214,3.084975515261968,-0.11315536300467244,0.8919042963588785,0.201502916224094,0.41497551526196785,-0.21347259903787386,-0.05657768150233622,-0.08807768150233608
2019-05-17,2.7263197473504293,2.660063198989433,3.1993874676984677,-0.06625654836099626,0.852138034194293,0.18631974735042922,0.5493874676984678,-0.3630677203480386,-0.03312827418049813,-0.054078274180498154
2019-05-18,2.7263197473504293,2.660063198989433,3.1993874676984677,-0.06625654836099626,0.852138034194293,0.18631974735042922,0.5493874676984678,-0.3630677203480386,-0.03312827418049813,-0.054078274180498154
2019-05-19,2.7263197473504293,2.660063198989433,3.1993874676984677,-0.06625654836099626,0.852138034194293,0.18631974735042922,0.5493874676984678,-0.3630677203480386,-0.03312827418049813,-0.05397827418049839
2019-05-20,2.675134387021417,2.6336290818363235,3.186762678106304,-0.041505305185093544,0.8394520261581211,0.135134387021417,0.5167626781063039,-0.38162829108488694,-0.020752652592546772,-0.02975265259254667
2019-05-21,2.683748941676341,2.642109979759243,3.1535477412088584,-0.041638961917097816,0.8510253092434782,0.17374894167634114,0.5135477412088583,-0.3397987995325171,-0.020819480958548908,-0.04816948095854867
2019-05-22,2.5379832876194617,2.5937200068960125,3.185880468215486,0.05573671927655077,0.7966348119272245,0.027983287619461894,0.5558804682154861,-0.5278971805960242,0.027868359638275386,0.003868359638275365
2019-05-23,2.6582769196688325,2.6399895930845023,3.190511929081811,-0.018287326584330188,0.8331819403144658,0.14827691966883272,0.560511929081811,-0.4122350094129783,-0.009143663292165094,-0.03304366329216535
2019-05-24,2.6620046373811594,2.643691666368666,3.284320074786967,-0.018312971012493406,0.8105192480528338,0.15200463738115966,0.6243200747869668,-0.47231543740580717,-0.009156485506246703,-0.0304564855062468
2019-05-25,2.6620046373811594,2.643691666368666,3.284320074786967,-0.018312971012493406,0.8105192480528338,0.15200463738115966,0.6243200747869668,-0.47231543740580717,-0.009156485506246703,-0.0304564855062468
2019-05-26,2.6620046373811594,2.643691666368666,3.284320074786967,-0.018312971012493406,0.8105192480528338,0.15200463738115966,0.6243200747869668,-0.47231543740580717,-0.009156485506246703,-0.03185648550624709
2019-05-27,2.6620046373811594,2.643691666368666,3.284320074786967,-0.018312971012493406,0.8105192480528338,0.15200463738115966,0.6243200747869668,-0.47231543740580717,-0.009156485506246703,-0.0304564855062468
2019-05-28,2.5799978500018352,2.6109358934368885,3.3382177855114743,0.030938043435053242,0.772866845656247,0.029997850001835413,0.6682177855114744,-0.638219935509639,0.015469021717526621,-0.03803097828247348
2019-05-29,2.5245107768030586,2.5799516259070248,3.1533289119991434,0.05544084910396618,0.8005859354527569,-0.055489223196941495,0.4833289119991435,-0.538818135196085,0.02772042455198309,-0.03317957544801664
2019-05-30,2.5125462707519675,2.56772436701647,3.1766466693290045,0.05517809626450276,0.790942944650085,-0.06745372924803261,0.5366466693290044,-0.604100398577037,0.02758904813225138,0.020489048132251053
2019-05-31,2.476564791763454,2.5083549058551187,3.200586999359683,0.031790114091664545,0.7737845564763344,-0.10343520823654595,0.5605869993596828,-0.6640222075962288,0.015895057045832273,-0.004654942954167796
2019-06-01,2.476564791763454,2.5083549058551187,3.200586999359683,0.031790114091664545,0.7737845564763344,-0.10343520823654595,0.5605869993596828,-0.6640222075962288,0.015895057045832273,-0.004654942954167796
2019-06-02,2.476564791763454,2.5083549058551187,3.200586999359683,0.031790114091664545,0.7737845564763344,-0.10343520823654595,0.5605869993596828,-0.6640222075962288,0.015895057045832273,0.07724505704583229
2019-06-03,2.6650975606954055,2.5332739108588505,3.1630224436684196,-0.13182364983655503,0.8425794025047988,0.07509756069540563,0.5430224436684195,-0.4679248829730138,-0.06591182491827752,-0.12401182491827756
2019-06-04,2.6634929260536087,2.5317486462177077,3.036932697975066,-0.13174427983590098,0.8770338993121397,0.09349292605360882,0.4169326979750658,-0.323439771921457,-0.06587213991795049,-0.11332213991795004
2019-06-05,2.607952985674072,2.5003196082095465,2.8329145659023824,-0.10763337746452573,0.9205900584027489,0.157952985674072,0.20291456590238255,-0.04496158022831054,-0.05381668873226286,-0.13211668873226334
2019-06-06,2.5902778742049177,2.483373969991944,2.890437250125126,-0.1069039042129738,0.8961543358510154,0.11027787420491775,0.27043725012512576,-0.160159375920208,-0.0534519521064869,-0.0805519521064868
2019-06-07,2.5837353106715275,2.4771014259774544,2.983997007277806,-0.10663388469407309,0.865863908164096,0.14373531067152756,0.3639970072778058,-0.22026169660627826,-0.053316942347036544,-0.14256694234703637
2019-06-08,2.5837353106715275,2.4771014259774544,2.983997007277806,-0.10663388469407309,0.865863908164096,0.14373531067152756,0.3639970072778058,-0.22026169660627826,-0.053316942347036544,-0.14256694234703637
2019-06-09,2.5837353106715275,2.4771014259774544,2.983997007277806,-0.10663388469407309,0.865863908164096,0.14373531067152756,0.3639970072778058,-0.22026169660627826,-0.053316942347036544,-0.1481669423470362
2019-06-10,2.616389153460425,2.5306059025272964,2.983272842922392,-0.08578325093312866,0.877019733433912,0.15638915346042515,0.3632728429223917,-0.20688368946196656,-0.04289162546656433,-0.15239162546656404
2019-06-11,2.658490873533225,2.549160624211854,3.0028694085459153,-0.10933024932137103,0.8853168459365506,0.1784908735332249,0.3828694085459152,-0.20437853501269032,-0.054665124660685516,-0.14766512466068593
2019-06-12,2.6017101299333807,2.5164081584601554,2.9602203719610176,-0.08530197147322527,0.8788906915770803,0.11171012993338048,0.3402203719610175,-0.22851024202763703,-0.042650985736612634,-0.13665098573661294
2019-06-13,2.63375980564667,2.5034862143554872,2.853330867491881,-0.13027359129118254,0.9230474585521106,0.14375980564666957,0.25333086749188105,-0.10957106184521148,-0.06513679564559127,-0.18103679564559116
2019-06-14,2.677575306805545,2.50199659816254,2.990089514420509,-0.17557870864300495,0.8954833271352646,0.1875753068055448,0.37008951442050897,-0.18251420761496417,-0.08778935432150248,-0.19573935432150225
2019-06-15,2.677575306805545,2.50199659816254,2.990089514420509,-0.17557870864300495,0.8954833271352646,0.1875753068055448,0.37008951442050897,-0.18251420761496417,-0.08778935432150248,-0.19573935432150225
2019-06-16,2.677575306805545,2.50199659816254,2.990089514420509,-0.17557870864300495,0.8954833271352646,0.1875753068055448,0.37008951442050897,-0.18251420761496417,-0.08778935432150248,-0.12723935432150246
2019-06-17,2.6807655074837413,2.483004117587448,2.9052510090440316,-0.19776138989629333,0.9227311165673919,0.1907655074837411,0.2652510090440314,-0.07448550156029032,-0.09888069494814666,-0.20188069494814642
2019-06-18,2.665284667209533,2.490511902146641,2.9128347327113246,-0.17477276506289208,0.9150140367657018,0.17528466720953295,0.30283473271132477,-0.12755006550179182,-0.08738638253144604,-0.16373638253144662
2019-06-19,2.6690391459075142,2.4721428154716665,2.91965043104298,-0.19689633043584776,0.9141639415216087,0.16903914590751423,0.30965043104297996,-0.14061128513546572,-0.09844816521792388,-0.18994816521792424
2019-06-20,2.620815340505793,2.4081426202516054,2.895201330776704,-0.21267272025418738,0.9052273196498909,0.1408153405057928,0.27520133077670383,-0.13438599027091103,-0.10633636012709369,-0.14323636012709384
2019-06-21,2.5276644888562023,2.3394113535216157,3.0878426915695494,-0.18825313533458665,0.818585900038642,0.037664488856202105,0.42784269156954924,-0.39017820271334713,-0.09412656766729333,-0.16837656766729348
2019-06-22,2.5276644888562023,2.3394113535216157,3.0878426915695494,-0.18825313533458665,0.818585900038642,0.037664488856202105,0.42784269156954924,-0.39017820271334713,-0.09412656766729333,-0.16837656766729348
2019-06-23,2.5276644888562023,2.3394113535216157,3.0878426915695494,-0.18825313533458665,0.818585900038642,0.037664488856202105,0.42784269156954924,-0.39017820271334713,-0.09412656766729333,0.055323432332706535
2019-06-24,2.5384289945000114,2.351167839168088,3.2238909079666422,-0.18726115533192322,0.7873805494557004,0.04842899450001115,0.5938909079666423,-0.5454619134666312,-0.09363057766596161,-0.2067805776659617
2019-06-25,2.5375343624444326,2.3711386665464635,3.2015429122468047,-0.1663956958979691,0.7925973294743757,0.04753436244443243,0.5315429122468047,-0.4840085498023723,-0.08319784794898455,-0.17069784794898446
2019-06-26,2.500341282215225,2.3766669678037786,3.125623034426854,-0.1236743144114465,0.7999497235192705,0.06034128221522517,0.4456230344268537,-0.3852817522116285,-0.06183715720572325,-0.11033715720572301
2019-06-27,2.549575070821569,2.382389820275875,3.4544288170953417,-0.1671852505456939,0.7380598083840039,0.11957507082156882,0.7744288170953415,-0.6548537462737727,-0.08359262527284694,-0.18609262527284698
2019-06-28,2.5465091603592818,2.379524953122634,3.4048663364261276,-0.16698420723664764,0.7479028275254385,0.1165091603592816,0.7448663364261274,-0.6283571760668458,-0.08349210361832382,-0.1790921036183244
2019-06-29,2.5465091603592818,2.379524953122634,3.4048663364261276,-0.16698420723664764,0.7479028275254385,0.1165091603592816,0.7448663364261274,-0.6283571760668458,-0.08349210361832382,-0.1790921036183244
2019-06-30,2.5465091603592818,2.379524953122634,3.4048663364261276,-0.16698420723664764,0.7479028275254385,0.1165091603592816,0.7448663364261274,-0.6283571760668458,-0.08349210361832382,-0.2050921036183242
2019-07-01,2.635152198339122,2.442555692039747,4.19520206134622,-0.1925965062993753,0.6281347500800748,0.185152198339122,1.5252020613462198,-1.3400498630070978,-0.09629825314968765,-0.16244825314968758
2019-07-02,2.686825885978448,2.4729880774962645,4.3764617791156795,-0.2138378084821837,0.6139265053792737,0.236825885978448,1.7264617791156796,-1.4896358931372315,-0.10691890424109185,-0.1984689042410921
2019-07-03,2.6624328576659266,2.492070945567863,4.386977603324828,-0.1703619120980635,0.6068945635026963,0.15243285766592685,1.7369776033248283,-1.5845447456589015,-0.08518095604903175,-0.13993095604903205
2019-07-04,2.6624328576659266,2.492070945567863,4.386977603324828,-0.1703619120980635,0.6068945635026963,0.15243285766592685,1.706977603324828,-1.5545447456589012,-0.08518095604903175,-0.13698095604903182
2019-07-05,2.7019861777427723,2.529093355158473,4.602971823736376,-0.1728928225842994,0.5870090631033856,0.15198617774277245,1.9529718237363762,-1.8009856459936038,-0.0864464112921497,-0.15594641129214937
2019-07-06,2.7019861777427723,2.529093355158473,4.602971823736376,-0.1728928225842994,0.5870090631033856,0.15198617774277245,1.9529718237363762,-1.8009856459936038,-0.0864464112921497,-0.15594641129214937
2019-07-07,2.7019861777427723,2.529093355158473,4.602971823736376,-0.1728928225842994,0.5870090631033856,0.15198617774277245,1.9529718237363762,-1.8009856459936038,-0.0864464112921497,-0.4552464112921495
2019-07-08,2.702179176755468,2.5714285714285814,4.587985403845071,-0.13075060532688676,0.5889685643923022,0.1421791767554681,1.9479854038450708,-1.8058062270896027,-0.06537530266344338,-0.11687530266344326
2019-07-09,2.744782432424235,2.591580290411495,4.5586043657403,-0.15320214201274007,0.6021102539742978,0.18478243242423487,1.9186043657403,-1.7338219333160652,-0.07660107100637004,-0.1707010710063701
2019-07-10,2.72146392680364,2.5904540838532037,4.5737123513919755,-0.13100984295043627,0.5950229742750182,0.16146392680363997,1.9337123513919754,-1.7722484245883354,-0.06550492147521814,-0.1830049214752183
2019-07-11,2.732684862877757,2.643088637865372,4.597870346117406,-0.08959622501238496,0.594337085904418,0.1626848628777573,1.957870346117406,-1.7951854832396488,-0.04479811250619248,-0.0997981125061922
2019-07-12,2.722042059630464,2.6327947789868427,4.570710439898544,-0.08924728064362153,0.5955402547204205,0.16204205963046414,1.9307104398985442,-1.76866838026808,-0.044623640321810765,-0.1016236403218107
2019-07-13,2.722042059630464,2.6327947789868427,4.570710439898544,-0.08924728064362153,0.5955402547204205,0.16204205963046414,1.9307104398985442,-1.76866838026808,-0.044623640321810765,-0.1016236403218107
2019-07-14,2.722042059630464,2.6327947789868427,4.570710439898544,-0.08924728064362153,0.5955402547204205,0.16204205963046414,1.9307104398985442,-1.76866838026808,-0.044623640321810765,-0.1016236403218107
2019-07-15,2.762705868951374,2.630373390085051,4.493926477570343,-0.13233247886632293,0.6147643675837439,0.1927058689513741,1.8639264775703435,-1.6712206086189694,-0.06616623943316147,-0.11616623943316129
2019-07-16,2.767208578346534,2.592840414854438,4.404208465867351,-0.17436816349209572,0.6283100810945762,0.19720857834653405,1.7242084658673504,-1.5269998875208164,-0.08718408174604786,-0.1380840817460478
2019-07-17,2.7436835142013405,2.6122621983315444,4.249505507420667,-0.1314213158697961,0.6456477134598846,0.18368351420134044,1.6195055074206675,-1.435821993219327,-0.06571065793489805,-0.14411065793489786
2019-07-18,2.7344616943930866,2.6241446562611657,4.262821356208752,-0.11031703813192095,0.6414675788396278,0.19446169439308658,1.662821356208752,-1.4683596618156654,-0.055158519065960476,-0.11310851906596042
2019-07-19,2.779912872303395,2.626719691320229,4.372934370555612,-0.1531931809831657,0.6357088025426249,0.23991287230339475,1.722934370555612,-1.4830214982522172,-0.07659659049158285,-0.09109659049158325
2019-07-20,2.779912872303395,2.626719691320229,4.372934370555612,-0.1531931809831657,0.6357088025426249,0.23991287230339475,1.722934370555612,-1.4830214982522172,-0.07659659049158285,-0.09109659049158325
2019-07-21,2.779912872303395,2.626719691320229,4.372934370555612,-0.1531931809831657,0.6357088025426249,0.23991287230339475,1.722934370555612,-1.4830214982522172,-0.07659659049158285,-0.09109659049158325
2019-07-22,2.7795232286181606,2.647031453029543,4.315378229915668,-0.1324917755886177,0.6440972449064978,0.23952322861816056,1.6853782299156679,-1.4458550012975073,-0.06624588779430884,-0.11274588779430883
2019-07-23,2.789689593384859,2.6567132168023178,4.334173104247092,-0.13297637658254136,0.6436497865420325,0.2696895933848591,1.7141731042470916,-1.4444835108622325,-0.06648818829127068,-0.09548818829127104
2019-07-24,2.8288273700954485,2.673895319646816,4.401559477255608,-0.15493205044863245,0.6426875257992049,0.3288273700954485,1.781559477255608,-1.4527321071601595,-0.07746602522431623,-0.10556602522431646
2019-07-25,2.8034931044852294,2.669858754738005,4.49518565616225,-0.13363434974722432,0.6236656990222518,0.30349310448522937,1.87518565616225,-1.5716925516770206,-0.06681717487361216,-0.0898171748736123
2019-07-26,2.837397762325005,2.6819963200515797,4.607000280939041,-0.15540144227342534,0.6158883415016116,0.33739776232500507,2.007000280939041,-1.669602518614036,-0.07770072113671267,-0.09770072113671313
2019-07-27,2.837397762325005,2.6819963200515797,4.607000280939041,-0.15540144227342534,0.6158883415016116,0.33739776232500507,2.007000280939041,-1.669602518614036,-0.07770072113671267,-0.09770072113671313
2019-07-28,2.837397762325005,2.6819963200515797,4.607000280939041,-0.15540144227342534,0.6158883415016116,0.33739776232500507,2.007000280939041,-1.669602518614036,-0.07770072113671267,-0.09770072113671313
2019-07-29,2.9211155606680186,2.6799193023438046,4.6308483905707,-0.24119625832421399,0.630794902855376,0.4211155606680186,1.9908483905706995,-1.569732829902681,-0.12059812916210699,-0.12559812916210733
2019-07-30,2.603367068829145,2.4973713389373025,4.633489037046096,-0.10599572989184258,0.5618589033047162,0.08336706882914502,2.013489037046096,-1.9301219682169508,-0.05299786494592129,-0.04074786494592142
2019-07-31,2.438795387206327,2.420909484884269,4.604753648677686,-0.017885902322057667,0.5296255941741114,-0.08120461279367319,2.0047536486776862,-2.0859582614713594,-0.008942951161028834,-0.04429295116102905
2019-08-01,2.52365930599373,2.4822878419610075,4.7052625179842025,-0.041371464032722294,0.5363482475946739,0.0036593059937297667,2.1052625179842024,-2.1016032119904726,-0.020685732016361147,-0.09748573201636113
2019-08-02,2.480022044640435,2.4190378960017176,4.71550777353468,-0.06098414863871726,0.5259289484282716,-0.04997795535956495,2.0955077735346803,-2.1454857288942453,-0.03049207431935863,-0.11979207431935923
2019-08-03,2.480022044640435,2.4190378960017176,4.71550777353468,-0.06098414863871726,0.5259289484282716,-0.04997795535956495,2.0955077735346803,-2.1454857288942453,-0.03049207431935863,-0.11979207431935923
2019-08-04,2.480022044640435,2.4190378960017176,4.71550777353468,-0.06098414863871726,0.5259289484282716,-0.04997795535956495,2.0955077735346803,-2.1454857288942453,-0.03049207431935863,-0.02779207431935915
2019-08-05,2.4479804161567085,2.327587936673583,4.680126363411776,-0.12039247948312548,0.5230586155310879,-0.022019583843291723,2.0801263634117757,-2.1021459472550674,-0.06019623974156274,-0.16119623974156316
2019-08-06,2.4352296556856223,2.335425161600119,4.665327544871343,-0.0998044940855034,0.5219847121693959,-0.034770344314377866,2.045327544871343,-2.080097889185721,-0.0499022470427517,-0.14040224704275173
2019-08-07,2.580679847847362,2.379064234734347,4.598858293388744,-0.2016156131130149,0.5611566356713604,0.11067984784736185,2.0088582933887444,-1.8981784455413826,-0.10080780655650745,-0.23170780655650702
2019-08-08,2.598020587960061,2.41468178878409,4.704306279377771,-0.18333879917597118,0.5522643369010608,0.1480205879600609,2.1543062793777707,-2.00628569141771,-0.09166939958798559,-0.17696939958798552
2019-08-09,2.640547067187253,2.455742070681714,4.810266549572888,-0.18480499650553872,0.5489398643452953,0.19054706718725267,2.260266549572888,-2.0697194823856355,-0.09240249825276936,-0.1827524982527693
2019-08-10,2.640547067187253,2.455742070681714,4.810266549572888,-0.18480499650553872,0.5489398643452953,0.19054706718725267,2.260266549572888,-2.0697194823856355,-0.09240249825276936,-0.1827524982527693
2019-08-11,2.640547067187253,2.455742070681714,4.810266549572888,-0.18480499650553872,0.5489398643452953,0.19054706718725267,2.260266549572888,-2.0697194823856355,-0.09240249825276936,-0.3226524982527694
2019-08-12,2.5442238378517055,2.402216028010655,4.736246207977951,-0.14200780984105066,0.5371814990458262,0.20422383785170561,2.216246207977951,-2.012022370126245,-0.07100390492052533,-0.21350390492052496
2019-08-13,2.508820775553761,2.4069952892906015,4.864465753292463,-0.10182548626315935,0.5157443597697633,0.18882077555376098,2.3544657532924633,-2.1656449777387023,-0.050912743131579674,-0.16541274313157928
2019-08-14,2.486232155269226,2.365930599369094,4.849726775956266,-0.12030155590013214,0.5126540669456564,0.14623215526922628,2.339726775956266,-2.19349462068704,-0.06015077795006607,-0.21405077795006577
2019-08-15,2.4405179321389867,2.3411525823085233,4.765469204441015,-0.09936534983046341,0.51212542300444,0.10051793213898685,2.235469204441015,-2.134951272302028,-0.049682674915231706,-0.21308267491523125
2019-08-16,2.452740624912704,2.313987090501544,4.860011374494768,-0.13875353441116012,0.5046779597645867,0.16274062491270413,2.350011374494768,-2.187270749582064,-0.06937676720558006,-0.20787676720558013
2019-08-17,2.452740624912704,2.313987090501544,4.860011374494768,-0.13875353441116012,0.5046779597645867,0.16274062491270413,2.350011374494768,-2.187270749582064,-0.06937676720558006,-0.20787676720558013
2019-08-18,2.452740624912704,2.313987090501544,4.860011374494768,-0.13875353441116012,0.5046779597645867,0.16274062491270413,2.350011374494768,-2.187270749582064,-0.06937676720558006,-0.20787676720558013
2019-08-19,2.4722908656958014,2.3324313582438343,4.73803394816805,-0.13985950745196707,0.5217967816907912,0.1422908656958013,2.1980339481680495,-2.0557430824722482,-0.06992975372598353,-0.16347975372598333
2019-08-20,2.424996323211593,2.3063967762567006,4.749394853675104,-0.11859954695489261,0.5105905905749487,0.09499632321159313,2.219394853675104,-2.1243985304635107,-0.059299773477446305,-0.15249977347744603
2019-08-21,2.4655762442403075,2.3260965883916884,4.7829739889945495,-0.1394796558486191,0.5154902054482231,0.13557624424030745,2.2729739889945497,-2.1373977447542423,-0.06973982792430955,-0.13143982792430964
2019-08-22,2.5181727001648504,2.357041607240483,4.779496652043466,-0.16113109292436745,0.5268698533533254,0.17817270016485054,2.2694966520434665,-2.091323951878616,-0.08056554646218372,-0.08716554646218344
2019-08-23,2.47032182803808,2.3315213551512746,4.778792554648672,-0.13880047288680553,0.5169343091980467,0.14032182803808002,2.2687925546486722,-2.1284707266105922,-0.06940023644340276,-0.08490023644340305
2019-08-24,2.47032182803808,2.3315213551512746,4.778792554648672,-0.13880047288680553,0.5169343091980467,0.14032182803808002,2.2687925546486722,-2.1284707266105922,-0.06940023644340276,-0.08490023644340305
2019-08-25,2.47032182803808,2.3315213551512746,4.778792554648672,-0.13880047288680553,0.5169343091980467,0.14032182803808002,2.2687925546486722,-2.1284707266105922,-0.06940023644340276,-0.08490023644340305
2019-08-26,2.510985561833001,2.3708329719258594,4.817391676060211,-0.1401525899071414,0.5212334247827967,0.13098556183300092,2.3073916760602113,-2.1764061142272104,-0.0700762949535707,-0.06207629495357048
2019-08-27,2.447626065901692,2.367376030954096,4.714029113193579,-0.0802500349475963,0.5192216694316334,0.06762606590169229,2.214029113193579,-2.1464030472918867,-0.04012501747379815,-0.03512501747379759
2019-08-28,2.4916177058660502,2.3907989306222026,4.446043397249621,-0.10081877524384764,0.5604123674113025,0.11161770586605035,1.8760433972496213,-1.764425691383571,-0.05040938762192382,-0.04240938762192337
2019-08-29,2.551509144568943,2.410012799845759,5.067736762838723,-0.14149634472318384,0.5034809943718742,0.15150914456894293,2.487736762838723,-2.33622761826978,-0.07074817236159192,-0.05224817236159218
2019-08-30,2.5640740287345807,2.460630980700309,5.095173918334785,-0.10344304803427162,0.5032358207651872,0.16407402873458077,2.515173918334785,-2.351099889600204,-0.05172152401713581,-0.00022152401713593228
2019-08-31,2.5640740287345807,2.460630980700309,5.095173918334785,-0.10344304803427162,0.5032358207651872,0.16407402873458077,2.515173918334785,-2.351099889600204,-0.05172152401713581,-0.00022152401713593228
2019-09-01,2.5640740287345807,2.460630980700309,5.095173918334785,-0.10344304803427162,0.5032358207651872,0.16407402873458077,2.515173918334785,-2.351099889600204,-0.05172152401713581,-0.00022152401713593228
2019-09-02,2.5640740287345807,2.460630980700309,5.095173918334785,-0.10344304803427162,0.5032358207651872,0.17407402873458055,2.515173918334785,-2.3410998896002044,-0.05172152401713581,-0.04532152401713585
2019-09-03,2.4806839162430827,2.3993500173498234,3.9882160147326173,-0.08133389889325926,0.6220033987826499,0.0806839162430828,1.4182160147326175,-1.3375320984895347,-0.04066694944662963,-0.058666949446629646
2019-09-04,2.512924546822888,2.3735679473384392,4.07592628779556,-0.13935659948444856,0.6165284574324301,0.12292454682288767,1.4759262877955597,-1.353001740972672,-0.06967829974222428,-0.057178299742224103
2019-09-05,2.6109951908592848,2.428258453037482,4.236301969880466,-0.182736737821803,0.6163383086057386,0.22099519085928465,1.6363019698804657,-1.415306779021181,-0.0913683689109015,-0.10836836891090162
2019-09-06,2.628298008558817,2.4834598963595567,4.364587847735248,-0.14483811219926013,0.6021869876952117,0.2582980085588167,1.7645878477352483,-1.5062898391764317,-0.07241905609963006,-0.028269056099629708
2019-09-07,2.628298008558817,2.4834598963595567,4.364587847735248,-0.14483811219926013,0.6021869876952117,0.2582980085588167,1.7645878477352483,-1.5062898391764317,-0.07241905609963006,-0.028269056099629708
2019-09-08,2.628298008558817,2.4834598963595567,4.364587847735248,-0.14483811219926013,0.6021869876952117,0.2582980085588167,1.7645878477352483,-1.5062898391764317,-0.07241905609963006,-0.028269056099629708
2019-09-09,2.676715615864235,2.530114574309876,4.288084953171192,-0.14660104155435905,0.6242216852268069,0.316715615864235,1.7180849531711924,-1.4013693373069573,-0.07330052077717952,-0.02730052077717926
2019-09-10,2.65699852275424,2.5501154800355996,4.283604934799469,-0.10688304271864046,0.6202716084224101,0.2969985227542402,1.7136049347994695,-1.4166064120452293,-0.05344152135932023,-0.000641521359320274
2019-09-11,2.690845011404437,2.5434701169645915,4.319857087434673,-0.14737489443984542,0.6229013962594727,0.330845011404437,1.7598570874346726,-1.4290120760302356,-0.07368744721992271,-0.03568744721992245
2019-09-12,2.683314661559088,2.5560138417980354,4.350661121918631,-0.12730081976105279,0.6167602087049595,0.31331466155908805,1.7706611219186312,-1.4573464603595432,-0.06365040988052639,-0.0324504098805265
2019-09-13,2.6975139956244494,2.5695395363189037,4.501221880193236,-0.12797445930554563,0.5992848314130753,0.29751399562444947,1.9012218801932357,-1.6037078845687862,-0.06398722965277281,0.03161277034722754
2019-09-14,2.6975139956244494,2.5695395363189037,4.501221880193236,-0.12797445930554563,0.5992848314130753,0.29751399562444947,1.9012218801932357,-1.6037078845687862,-0.06398722965277281,0.03161277034722754
2019-09-15,2.6975139956244494,2.5695395363189037,4.501221880193236,-0.12797445930554563,0.5992848314130753,0.29751399562444947,1.9012218801932357,-1.6037078845687862,-0.06398722965277281,0.03161277034722754
2019-09-16,2.7167301921985425,2.5492195466311087,4.3871056925061005,-0.16751064556743378,0.619253417313188,0.30673019219854236,1.7971056925061006,-1.4903755003075583,-0.08375532278371689,-0.062255322783716815
2019-09-17,2.6319607770358044,2.5065028736663715,4.359535127514606,-0.12545790336943297,0.6037250991337462,0.14196077703580423,1.7695351275146063,-1.627574350478802,-0.06272895168471648,-0.040228951684716296
2019-09-18,2.708989194367747,2.56150935689606,4.380367390964228,-0.14747983747168725,0.6184388094833825,0.2089891943677471,1.7803673909642277,-1.5713781965964806,-0.07373991873584362,-0.048239918735843546
2019-09-19,2.7263325063156834,2.5582297924444766,4.388940017819728,-0.1681027138712068,0.6211824484377506,0.24633250631568337,1.8089400178197277,-1.5626075115040443,-0.0840513569356034,-0.039051356935603465
2019-09-20,2.8728139189857114,2.6416489107274863,4.3644820070739625,-0.23116500825822506,0.6582256300586067,0.4028139189857112,1.7744820070739626,-1.3716680880882515,-0.11558250412911253,-0.03618250412911239
2019-09-21,2.8728139189857114,2.6416489107274863,4.3644820070739625,-0.23116500825822506,0.6582256300586067,0.4028139189857112,1.7744820070739626,-1.3716680880882515,-0.11558250412911253,-0.03618250412911239
2019-09-22,2.8728139189857114,2.6416489107274863,4.3644820070739625,-0.23116500825822506,0.6582256300586067,0.4028139189857112,1.7744820070739626,-1.3716680880882515,-0.11558250412911253,-0.03618250412911239
2019-09-23,3.0028026157747227,2.7107267329288756,4.25803704492234,-0.2920758828458472,0.7052081943146854,0.5328026157747225,1.7380370449223403,-1.2052344291476178,-0.1460379414229236,-0.04148794142292367
2019-09-24,3.0257654545173587,2.714769501308208,4.30869095350906,-0.31099595320915085,0.7022470367834416,0.5757654545173585,1.7886909535090596,-1.212925498991701,-0.15549797660457543,-0.08879797660457567
2019-09-25,2.9188893355810768,2.666344265562688,4.4083511950168655,-0.2525450700183889,0.6621272231850642,0.42888933558107656,1.8583511950168656,-1.429461859435789,-0.12627253500919444,-0.002272535009194332
2019-09-26,2.953934138958529,2.720100367572289,4.447975164556828,-0.23383377138623995,0.6641076061972219,0.4439341389585292,1.7979751645568283,-1.354041025598299,-0.11691688569311998,0.04058311430688
2019-09-27,2.9712742899978015,2.7557518117427833,4.513490321070689,-0.21552247825501825,0.6583096625081399,0.5612742899978014,1.953490321070689,-1.3922160310728877,-0.10776123912750912,-0.11156123912750915
2019-09-28,2.9712742899978015,2.7557518117427833,4.513490321070689,-0.21552247825501825,0.6583096625081399,0.5612742899978014,1.953490321070689,-1.3922160310728877,-0.10776123912750912,-0.11156123912750915
2019-09-29,2.9712742899978015,2.7557518117427833,4.513490321070689,-0.21552247825501825,0.6583096625081399,0.5612742899978014,1.953490321070689,-1.3922160310728877,-0.10776123912750912,-0.1121612391275093
2019-09-30,2.997353031986817,2.798416691179815,4.582988548315158,-0.19893634080700195,0.6540171332282148,0.5773530319868172,2.112988548315158,-1.5356355163283406,-0.09946817040350098,-0.13931817040350114
2019-10-01,2.7455578194898367,2.3582776426031513,4.502464417076821,-0.38728017688668537,0.60979000946161,0.35555781948983656,2.062464417076821,-1.7069065975869844,-0.19364008844334268,-0.5127400884433422
2019-10-02,2.6706801804282385,2.348288087112791,4.438828438539163,-0.3223920933154476,0.6016633031456314,0.31068018042823864,1.9788284385391632,-1.6681482581109246,-0.1611960466577238,-0.3396460466577238
2019-10-03,2.7005784074649006,2.339135689362781,4.4071984240927335,-0.3614427181021198,0.612765332439245,0.37057840746490056,1.9571984240927334,-1.5866200166278328,-0.1807213590510599,-0.34877135905105994
2019-10-04,2.742516056826527,2.360031597117233,4.419951168468832,-0.382484459709294,0.6204856009249973,0.4225160568265274,1.919951168468832,-1.4974351116423046,-0.191242229854647,-0.34859222985464733
2019-10-05,2.742516056826527,2.360031597117233,4.419951168468832,-0.382484459709294,0.6204856009249973,0.4225160568265274,1.919951168468832,-1.4974351116423046,-0.191242229854647,-0.34859222985464733
2019-10-06,2.742516056826527,2.360031597117233,4.419951168468832,-0.382484459709294,0.6204856009249973,0.4225160568265274,1.919951168468832,-1.4974351116423046,-0.191242229854647,-0.34859222985464733
2019-10-07,2.7580115277671187,2.3733659952663264,4.508664037235745,-0.38464553250079225,0.611713692790038,0.4280115277671186,2.0486640372357448,-1.6206525094686262,-0.19232276625039613,-0.338892766250396
2019-10-08,2.7589284808649865,2.374155065681669,4.501250347318752,-0.38477341518331754,0.612924913742776,0.4189284808649867,1.921250347318752,-1.5023218664537654,-0.19238670759165877,-0.36688670759165887
2019-10-09,2.7426973442443505,2.3601876013212117,4.539722572509473,-0.3825097429231388,0.6041552761071562,0.40269734424435066,2.0497225725094728,-1.647025228265122,-0.1912548714615694,-0.3712548714615691
2019-10-10,2.764443029097776,2.3789005285353197,4.593367743233367,-0.3855425005624564,0.6018335965305985,0.46444302909777635,2.103367743233367,-1.6389247141355905,-0.1927712502812282,-0.40427125028122823
2019-10-11,2.7870978319156667,2.3587528782400926,4.608553295508077,-0.4283449536755741,0.6047663232260394,0.5570978319156668,2.0585532955080774,-1.5014554635924107,-0.21417247683778706,-0.4236724768377873
2019-10-12,2.7870978319156667,2.3587528782400926,4.608553295508077,-0.4283449536755741,0.6047663232260394,0.5570978319156668,2.0585532955080774,-1.5014554635924107,-0.21417247683778706,-0.4236724768377873
2019-10-13,2.7870978319156667,2.3587528782400926,4.608553295508077,-0.4283449536755741,0.6047663232260394,0.5570978319156668,2.0585532955080774,-1.5014554635924107,-0.21417247683778706,-0.4236724768377873
2019-10-14,2.7705345501956415,2.364438839848676,4.565356240338437,-0.40609571034696534,0.6068605393191085,0.5905345501956414,2.1653562403384368,-1.5748216901427954,-0.20304785517348267,-0.4660478551734826
2019-10-15,2.796867234494677,2.3670208357506524,4.617021116081844,-0.4298463987440244,0.6057731087156453,0.7268672344946769,2.117021116081844,-1.390153881587167,-0.2149231993720122,-0.42792319937201206
2019-10-16,2.7772105370634894,2.350385147145979,4.639493832351736,-0.4268253899175103,0.5986020538916711,0.7072105370634896,2.379493832351736,-1.6722832952882465,-0.21341269495875514,-0.4009126949587549
2019-10-17,2.809964287209157,2.3830286346384093,4.691287237092464,-0.4269356525707475,0.5989751096440428,0.6899642872091567,2.391287237092464,-1.7013229498833073,-0.21346782628537375,-0.4164678262853734
2019-10-18,2.8178632564925232,2.3304780222975756,4.733935302884254,-0.4873852341949476,0.595247521607589,0.7078632564925234,2.5039353028842544,-1.796072046391731,-0.2436926170974738,-0.45269261709747366
2019-10-19,2.8178632564925232,2.3304780222975756,4.733935302884254,-0.4873852341949476,0.595247521607589,0.7078632564925234,2.5039353028842544,-1.796072046391731,-0.2436926170974738,-0.45269261709747366
2019-10-20,2.8178632564925232,2.3304780222975756,4.733935302884254,-0.4873852341949476,0.595247521607589,0.7078632564925234,2.5039353028842544,-1.796072046391731,-0.2436926170974738,-0.45269261709747366
2019-10-21,2.8292248447856188,2.3597039243572966,4.794537133447974,-0.46952092042832216,0.5900934263389451,0.7892248447856187,2.5845371334479736,-1.795312288662355,-0.23476046021416108,-0.41576046021416113
2019-10-22,2.871385842472582,2.3804931808789087,4.85620608899292,-0.4908926615936733,0.5912817104242892,0.871385842472582,2.62620608899292,-1.754820246520338,-0.24544633079683664,-0.5034463307968364
2019-10-23,2.8556438060292613,2.367442405935266,4.901247692049488,-0.4882014000939954,0.5826360929812865,0.8656438060292613,2.6912476920494877,-1.8256038860202264,-0.2441007000469977,-0.5385007000469979
2019-10-24,2.838563461605613,2.372892804730951,4.939026411452974,-0.465670656874662,0.5747212557971638,0.848563461605613,2.719026411452974,-1.8704629498473608,-0.232835328437331,-0.4708353284373312
2019-10-25,2.8374320339320835,2.391549857171337,4.971257062276171,-0.4458821767607466,0.570767513807246,0.8474320339320836,2.751257062276171,-1.9038250283440876,-0.2229410883803733,-0.4909410883803733
2019-10-26,2.8374320339320835,2.391549857171337,4.971257062276171,-0.4458821767607466,0.570767513807246,0.8474320339320836,2.751257062276171,-1.9038250283440876,-0.2229410883803733,-0.4909410883803733
2019-10-27,2.8374320339320835,2.391549857171337,4.971257062276171,-0.4458821767607466,0.570767513807246,0.8474320339320836,2.751257062276171,-1.9038250283440876,-0.2229410883803733,-0.4909410883803733
2019-10-28,2.8962450794428345,2.4067388688327407,5.051190532961085,-0.4895062106100938,0.5733787036033684,0.8762450794428345,2.701190532961085,-1.8249454535182505,-0.2447531053050469,-0.4797531053050472
2019-10-29,2.8652220035405955,2.3753831130055527,5.063938195682488,-0.4898388905350428,0.5658090388985163,0.8652220035405955,2.843938195682488,-1.9787161921418925,-0.2449194452675214,-0.5283194452675211
2019-10-30,2.8945035009223306,2.405291641611554,5.053734928483369,-0.4892118593107764,0.5727454134186207,0.49450350092233064,2.503734928483369,-2.0092314275610383,-0.2446059296553882,-0.518105929655388
2019-10-31,2.8196372066794075,2.3570714307358918,4.997790555555008,-0.4625657759435158,0.564176744770827,0.44963720667940743,2.3477905555550085,-1.898153348875601,-0.2312828879717579,-0.5388828879717578
2019-11-01,2.8663513231642535,2.4014213290467765,5.034635824376207,-0.46492999411747693,0.5693264464703155,0.5263513231642536,2.434635824376207,-1.9082845012119534,-0.23246499705873847,-0.5264649970587383
2019-11-02,2.8663513231642535,2.4014213290467765,5.034635824376207,-0.46492999411747693,0.5693264464703155,0.5263513231642536,2.434635824376207,-1.9082845012119534,-0.23246499705873847,-0.5264649970587383
2019-11-03,2.8663513231642535,2.4014213290467765,5.034635824376207,-0.46492999411747693,0.5693264464703155,0.5263513231642536,2.434635824376207,-1.9082845012119534,-0.23246499705873847,-0.5264649970587383
2019-11-04,2.907299542706028,2.440953338735977,5.030734302094504,-0.4663462039700512,0.5779075912428129,0.5572995427060281,2.440734302094504,-1.883434759388476,-0.2331731019850256,-0.5281731019850255
2019-11-05,2.919864790611615,2.44625476627438,5.03896801934959,-0.47361002433723476,0.5794569005795157,0.5898647906116148,2.49896801934959,-1.9091032287379752,-0.23680501216861738,-0.5844050121686173
2019-11-06,2.9423483617862694,2.4703801420962663,5.063913745787052,-0.471968219690003,0.5810423537000745,0.6823483617862696,2.663913745787052,-1.9815653840007825,-0.2359841098450015,-0.6279841098450016
2019-11-07,2.8710921246081154,2.4549918166939078,5.100182149362423,-0.4161003079142076,0.5629391344320972,0.6310921246081151,2.710182149362423,-2.079090024754308,-0.2080501539571038,-0.5963501539571041
2019-11-08,2.877961235576827,2.4608654043338207,5.121793641219163,-0.4170958312430062,0.5619049569696785,0.6579612355768267,2.7717936412191633,-2.1138324056423365,-0.2085479156215031,-0.5444479156215032
2019-11-09,2.877961235576827,2.4608654043338207,5.121793641219163,-0.4170958312430062,0.5619049569696785,0.6579612355768267,2.7717936412191633,-2.1138324056423365,-0.2085479156215031,-0.5444479156215032
2019-11-10,2.877961235576827,2.4608654043338207,5.121793641219163,-0.4170958312430062,0.5619049569696785,0.6579612355768267,2.7717936412191633,-2.1138324056423365,-0.2085479156215031,-0.5444479156215032
2019-11-11,2.931292595345526,2.4909122206584073,5.128195121189739,-0.4403803746871189,0.5716031715005156,0.711292595345526,2.728195121189739,-2.016902525844213,-0.22019018734355944,-0.5517901873435593
2019-11-12,2.8961749271000485,2.4764394304189405,5.0559215566110245,-0.419735496681108,0.5728282954297553,0.6861749271000486,2.7359215566110247,-2.049746629510976,-0.209867748340554,-0.5821677483405538
2019-11-13,2.8771745312140227,2.460192715096025,5.024750579872056,-0.41698181611799745,0.5726004675215707,0.6971745312140225,2.7047505798720564,-2.007576048658034,-0.20849090805899873,-0.6264909080589987
2019-11-14,2.816039461363413,2.443328356182941,4.990815513118287,-0.3727111051804721,0.5642443512410935,0.616039461363413,2.670815513118287,-2.054776051754874,-0.18635555259023606,-0.5503555525902359
2019-11-15,2.8669863748896693,2.4715752105694913,5.014373764301162,-0.3954111643201781,0.5717536246102374,0.6269863748896691,2.664373764301162,-2.0373873894114927,-0.19770558216008904,-0.5882055821600889
2019-11-16,2.8669863748896693,2.4715752105694913,5.014373764301162,-0.3954111643201781,0.5717536246102374,0.6269863748896691,2.664373764301162,-2.0373873894114927,-0.19770558216008904,-0.5882055821600889
2019-11-17,2.8669863748896693,2.4715752105694913,5.014373764301162,-0.3954111643201781,0.5717536246102374,0.6269863748896691,2.664373764301162,-2.0373873894114927,-0.19770558216008904,-0.5882055821600889
2019-11-18,2.860363809718962,2.4859137125093977,4.964320154291248,-0.37445009720956435,0.5761843960137043,0.6203638097189619,2.614320154291248,-1.993956344572286,-0.18722504860478217,-0.6157250486047823
2019-11-19,2.855707448636966,2.4818669154464157,5.068004344003793,-0.37384053319055033,0.5634777034111454,0.6157074486369658,2.668004344003793,-2.052296895366827,-0.18692026659527516,-0.6104202665952754
2019-11-20,2.8145112890875414,2.4620188554614693,5.034410425137597,-0.3524924336260722,0.5590547951820232,0.5545112890875417,2.5944104251375975,-2.039899136050056,-0.1762462168130361,-0.6107462168130362
2019-11-21,2.876584785136294,2.5201725814183757,5.04916111492692,-0.35641220371791826,0.5697153882913734,0.5965847851362942,2.5191611149269204,-1.9225763297906262,-0.17820610185895913,-0.603206101858959
2019-11-22,2.876584785136294,2.5403339620697505,5.1031822565091085,-0.3362508230665435,0.5636845091055116,0.5765847851362942,2.5731822565091087,-1.9965974713728145,-0.16812541153327176,-0.6201254115332715
2019-11-23,2.876584785136294,2.5403339620697505,5.1031822565091085,-0.3362508230665435,0.5636845091055116,0.5765847851362942,2.5731822565091087,-1.9965974713728145,-0.16812541153327176,-0.6201254115332715
2019-11-24,2.876584785136294,2.5403339620697505,5.1031822565091085,-0.3362508230665435,0.5636845091055116,0.5765847851362942,2.5731822565091087,-1.9965974713728145,-0.16812541153327176,-0.6201254115332715
2019-11-25,2.889813639594578,2.5520164643319507,5.032784943585112,-0.3377971752626272,0.5741977199478774,0.489813639594578,2.482784943585112,-1.992971303990534,-0.1688985876313136,-0.6088985876313133
2019-11-26,2.966653009539541,2.505660750149045,4.951213999586337,-0.46099225939049626,0.5991768907155696,0.5666530095395412,2.4012139995863375,-1.8345609900467963,-0.23049612969524813,-0.6369461296952481
2019-11-27,3.106683801629319,2.5581620936323235,4.99015152690109,-0.5485217079969953,0.6225630193555637,0.7266838016293189,2.44015152690109,-1.7134677252717712,-0.27426085399849764,-0.7383608539984974
2019-11-28,3.106683801629319,2.5581620936323235,4.99015152690109,-0.5485217079969953,0.6225630193555637,0.7066838016293189,2.39015152690109,-1.683467725271771,-0.27426085399849764,0.11563914600150271
2019-11-29,2.9559248020132314,2.5167334812799775,4.764715599999629,-0.43919132073325384,0.6203780141701346,0.5559248020132315,2.2347155999996295,-1.678790797986398,-0.21959566036662692,0.15440433963337297
2019-11-30,2.9559248020132314,2.5167334812799775,4.764715599999629,-0.43919132073325384,0.6203780141701346,0.5559248020132315,2.2347155999996295,-1.678790797986398,-0.21959566036662692,0.15440433963337297
2019-12-01,2.9559248020132314,2.5167334812799775,4.764715599999629,-0.43919132073325384,0.6203780141701346,0.5559248020132315,2.2347155999996295,-1.678790797986398,-0.21959566036662692,0.15440433963337297
2019-12-02,2.2426594433958646,2.048622424158579,3.0610884256458015,-0.19403701923728578,0.7326346487108513,-0.09734055660413521,0.46108842564580144,-0.5584289822499366,-0.09701850961864289,0.27848149038135706
2019-12-03,2.2608004603811844,2.067402626661515,3.0110404817663885,-0.19339783371966934,0.7508369528977288,0.06080046038118425,0.5310404817663885,-0.47024002138520427,-0.09669891685983467,0.10680108314016534
2019-12-04,2.225993280798004,2.073268787337085,3.035248421321933,-0.15272449346091888,0.7333809203757112,0.0359932807980039,0.5852484213219329,-0.549255140523929,-0.07636224673045944,0.19863775326954092
2019-12-05,2.262782147791673,2.0891110887584823,3.0098049296606963,-0.1736710590331909,0.7518035888281845,0.18278214779167312,0.5898049296606964,-0.4070227818690233,-0.08683552951659546,0.09016447048340459
2019-12-06,2.332229303489493,2.1550590739064512,3.0582127235873022,-0.17717022958304174,0.7626118632956879,0.2522293034894929,0.7382127235873024,-0.4859834200978095,-0.08858511479152087,0.09991488520847902
2019-12-07,2.332229303489493,2.1550590739064512,3.0582127235873022,-0.17717022958304174,0.7626118632956879,0.2522293034894929,0.7382127235873024,-0.4859834200978095,-0.08858511479152087,0.09991488520847902
2019-12-08,2.332229303489493,2.1550590739064512,3.0582127235873022,-0.17717022958304174,0.7626118632956879,0.2522293034894929,0.7382127235873024,-0.4859834200978095,-0.08858511479152087,0.09991488520847902
2019-12-09,2.3325477183031724,2.1553533000070138,3.085221866066688,-0.17719441829615867,0.7560388910626091,0.25254771830317235,0.7652218660666881,-0.5126741477635157,-0.08859720914807934,0.08610279085192096
2019-12-10,2.327463491957262,2.1506553022139783,3.10947348997166,-0.1768081897432836,0.7485072631953761,0.2674634919572618,0.83947348997166,-0.5720099980143982,-0.0884040948716418,0.017595905128358513
2019-12-11,2.316575696638859,2.1606001667129666,3.1173713670801604,-0.15597552992589225,0.7431182954659152,0.24657569663885903,0.8673713670801604,-0.6207956704413014,-0.07798776496294613,0.03251223503705436
2019-12-12,2.320823984610783,2.16456241656023,3.098978710480478,-0.15626156805055302,0.7488996219180071,0.12082398461078281,0.818978710480478,-0.6981547258696952,-0.07813078402527651,0.024369215974723746
2019-12-13,2.3480732525620733,2.2113217904844364,3.052811323154759,-0.1367514620776369,0.7691511213786991,0.14807325256207315,0.7828113231547591,-0.6347380705926859,-0.06837573103881844,0.10172426896118147
2019-12-14,2.3480732525620733,2.2113217904844364,3.052811323154759,-0.1367514620776369,0.7691511213786991,0.14807325256207315,0.7828113231547591,-0.6347380705926859,-0.06837573103881844,0.10172426896118147
2019-12-15,2.3480732525620733,2.2113217904844364,3.052811323154759,-0.1367514620776369,0.7691511213786991,0.14807325256207315,0.7828113231547591,-0.6347380705926859,-0.06837573103881844,0.10172426896118147
2019-12-16,2.3079697078975463,2.2123673327021596,3.0347937959158986,-0.09560237519538672,0.7605029742065236,0.12796970789754614,0.7447937959158986,-0.6168240880183524,-0.04780118759769336,0.10619881240230655
2019-12-17,2.390235749593117,2.2520776911443,3.042082136217712,-0.13815805844881712,0.7857236072412397,0.16023574959311704,0.7320821362177119,-0.5718463866245949,-0.06907902922440856,0.10542097077559154
2019-12-18,2.352043079525896,2.2350159145106505,3.0115703146860118,-0.11702716501524568,0.7810022127180921,0.132043079525896,0.6915703146860119,-0.5595272351601159,-0.05851358250762284,0.2234864174923772
2019-12-19,2.3019059232971686,2.2065547265329744,3.027540295529251,-0.09535119676419423,0.7603221422672319,0.12190592329716843,0.6875402955292511,-0.5656343722320827,-0.04767559838209712,0.17232440161790263
2019-12-20,2.3485489240967006,2.2117697589746417,3.0152360792794224,-0.1367791651220589,0.7788938784050217,0.17854892409670065,0.6952360792794225,-0.5166871551827219,-0.06838958256102945,0.17861041743897021
2019-12-21,2.3485489240967006,2.2117697589746417,3.0152360792794224,-0.1367791651220589,0.7788938784050217,0.17854892409670065,0.6952360792794225,-0.5166871551827219,-0.06838958256102945,0.17861041743897021
2019-12-22,2.3485489240967006,2.2117697589746417,3.0152360792794224,-0.1367791651220589,0.7788938784050217,0.17854892409670065,0.6952360792794225,-0.5166871551827219,-0.06838958256102945,0.17861041743897021
2019-12-23,2.3362437708705195,2.220002708931886,3.0015766708918066,-0.11624106193863337,0.7783388622141681,0.18624377087051958,0.7015766708918068,-0.5153329000212872,-0.058120530969316686,0.22847946903068328
2019-12-24,2.351796285783778,2.1962506863283484,2.9420596070091087,-0.15554559945542978,0.7993707130137343,0.20179628578377828,0.6020596070091089,-0.4002633212253306,-0.07777279972771489,0.20522720027228525
2019-12-25,2.351796285783778,2.1962506863283484,2.9420596070091087,-0.15554559945542978,0.7993707130137343,0.20179628578377828,0.6420596070091089,-0.44026332122533063,-0.07777279972771489,0.21422720027228515
2019-12-26,2.377179080824033,2.2018134109272207,2.8540445967250654,-0.17536566989681246,0.8329158848995486,0.22717908082403326,0.5540445967250656,-0.3268655159010323,-0.08768283494840623,0.20881716505159398
2019-12-27,2.411578255156144,2.25475977845476,2.8944115381768194,-0.15681847670138405,0.8331843013157658,0.011578255156144301,0.5544115381768195,-0.5428332830206752,-0.07840923835069202,0.4180407616493078
2019-12-28,2.411578255156144,2.25475977845476,2.8944115381768194,-0.15681847670138405,0.8331843013157658,0.011578255156144301,0.5544115381768195,-0.5428332830206752,-0.07840923835069202,0.4180407616493078
2019-12-29,2.411578255156144,2.25475977845476,2.8944115381768194,-0.15681847670138405,0.8331843013157658,0.011578255156144301,0.5544115381768195,-0.5428332830206752,-0.07840923835069202,0.4151407616493079
2019-12-30,2.4107842415070078,2.2734485818473966,2.885085619104865,-0.13733565965961114,0.8356023216583031,0.14078424150700775,0.7150856191048649,-0.5743013775978572,-0.06866782982980557,-0.07666782982980536
2019-12-31,2.4837836303969896,2.3248530014820945,2.897964746917514,-0.15893062891489507,0.8570786214838957,0.20378363039698977,0.7279647469175141,-0.5241811165205243,-0.07946531445744753,-0.07496531445744758
2020-01-01,2.4837836303969896,2.3248530014820945,2.897964746917514,-0.15893062891489507,0.8570786214838957,0.20378363039698977,0.7279647469175141,-0.5241811165205243,-0.07946531445744753,-0.07346531445744753
2020-01-02,2.4756565980352434,2.317245996045663,2.877891290563492,-0.15841060198958035,0.860232839980036,0.40565659803524357,0.6778912905634917,-0.27223469252824817,-0.07920530099479017,-0.04620530099479003
2020-01-03,2.476209608741395,2.2999818366907125,2.893757377771672,-0.1762277720506824,0.8557074023421382,0.3962096087413949,0.6937573777716719,-0.297547769030277,-0.0881138860253412,-0.0691138860253413
2020-01-04,2.476209608741395,2.2999818366907125,2.893757377771672,-0.1762277720506824,0.8557074023421382,0.3962096087413949,0.6937573777716719,-0.297547769030277,-0.0881138860253412,-0.0691138860253413
2020-01-05,2.476209608741395,2.2999818366907125,2.893757377771672,-0.1762277720506824,0.8557074023421382,0.3962096087413949,0.6937573777716719,-0.297547769030277,-0.0881138860253412,-0.0691138860253413
2020-01-06,2.4503236847336445,2.2759381713913367,2.8568362522420805,-0.17438551334230779,0.8577053314870953,0.3703236847336444,0.6568362522420803,-0.2865125675084359,-0.08719275667115389,-0.036192756671153736
2020-01-07,2.403005048248526,2.2492432233738024,2.791511025666385,-0.15376182487472345,0.8608259204976217,0.4330050482485259,0.681511025666385,-0.24850597741785907,-0.07688091243736173,-0.08538091243736168
2020-01-08,2.4638301478080638,2.2884834016655953,2.891208794183609,-0.17534674614246848,0.8521799438230389,0.5238301478080638,0.841208794183609,-0.31737864637554525,-0.08767337307123424,-0.11467337307123437
2020-01-09,2.4731826523902343,2.297170303853007,2.9284450359017407,-0.17601234853722714,0.844537842462418,0.5731826523902344,0.9784450359017407,-0.40526238351150634,-0.08800617426861357,-0.13480617426861352
2020-01-10,2.4639880755145698,2.2697157916527004,2.868512909666322,-0.19427228386186934,0.8589775096397219,0.5639880755145699,0.9185129096663223,-0.3545248341517524,-0.09713614193093467,-0.1611361419309345
2020-01-11,2.4639880755145698,2.2697157916527004,2.868512909666322,-0.19427228386186934,0.8589775096397219,0.5639880755145699,0.9185129096663223,-0.3545248341517524,-0.09713614193093467,-0.1611361419309345
2020-01-12,2.4639880755145698,2.2697157916527004,2.868512909666322,-0.19427228386186934,0.8589775096397219,0.5639880755145699,0.9185129096663223,-0.3545248341517524,-0.09713614193093467,-0.1611361419309345
2020-01-13,2.5184346354719254,2.302651749825054,2.885887209908245,-0.21578288564687131,0.8726725794498384,0.6284346354719255,0.835887209908245,-0.2074525744363196,-0.10789144282343566,-0.13899144282343578
2020-01-14,2.4887140985434937,2.273388197485493,2.827411477073048,-0.21532590105800065,0.8802093783391671,0.6487140985434936,0.797411477073048,-0.14869737852955445,-0.10766295052900032,-0.19686295052900005
2020-01-15,2.395131208690495,2.2026710551300543,2.7559356510897857,-0.19246015356044044,0.8690809626644885,0.5951312086904947,0.7559356510897857,-0.16080444239929093,-0.09623007678022022,-0.1934300767802204
2020-01-16,2.361184746309282,2.2266746316629837,2.7963618053531416,-0.13451011464629836,0.8443774127472383,0.5811847463092821,0.7963618053531416,-0.21517705904385953,-0.06725505732314918,-0.1154550573231492
2020-01-17,2.424566331768029,2.269424858397345,2.775628530195873,-0.15514147337068396,0.8735197471100105,0.614566331768029,0.8756285301958733,-0.2610621984278443,-0.07757073668534198,-0.11937073668534204
2020-01-18,2.424566331768029,2.269424858397345,2.775628530195873,-0.15514147337068396,0.8735197471100105,0.614566331768029,0.8756285301958733,-0.2610621984278443,-0.07757073668534198,-0.11937073668534204
2020-01-19,2.424566331768029,2.269424858397345,2.775628530195873,-0.15514147337068396,0.8735197471100105,0.614566331768029,0.8756285301958733,-0.2610621984278443,-0.07757073668534198,-0.11937073668534204
2020-01-20,2.424566331768029,2.269424858397345,2.775628530195873,-0.15514147337068396,0.8735197471100105,0.614566331768029,0.8656285301958733,-0.2510621984278443,-0.07757073668534198,-0.11547073668534202
2020-01-21,2.4283014618765746,2.272920987584169,2.783792143519938,-0.15538047429240542,0.8722998473607778,0.6083014618765745,0.9137921435199381,-0.30549068164336357,-0.07769023714620271,-0.13239023714620268
2020-01-22,2.4301733458326296,2.274673094724338,2.747565994916884,-0.15550025110829147,0.8844822473158263,0.5901733458326295,0.8575659949168839,-0.2673926490842544,-0.07775012555414573,-0.12625012555414572
2020-01-23,2.416667208034698,2.243180918510301,2.714310540296778,-0.17348628952439693,0.890342933189385,0.5566672080346977,0.8443105402967781,-0.2876433322620804,-0.08674314476219847,-0.1197431447621986
2020-01-24,2.4454913140849555,2.2526774009525905,2.639169584747105,-0.19281391313236496,0.9266139350114144,0.5854913140849554,0.7691695847471047,-0.18367827066214937,-0.09640695656618248,-0.17590695656618216
2020-01-25,2.4454913140849555,2.2526774009525905,2.639169584747105,-0.19281391313236496,0.9266139350114144,0.5854913140849554,0.7691695847471047,-0.18367827066214937,-0.09640695656618248,-0.17590695656618216
2020-01-26,2.4454913140849555,2.2526774009525905,2.639169584747105,-0.19281391313236496,0.9266139350114144,0.5854913140849554,0.7691695847471047,-0.18367827066214937,-0.09640695656618248,-0.17590695656618216
2020-01-27,2.4369644963928883,2.263529734549678,2.680186232994642,-0.17343476184321016,0.909251926747644,0.5369644963928883,0.7901862329946423,-0.25322173660175396,-0.08671738092160508,-0.15931738092160508
2020-01-28,2.332155019207888,2.236893495882337,2.738187575239226,-0.09526152332555071,0.8517148497411232,0.4721550192078878,0.8581875752392261,-0.38603255603133824,-0.047630761662775356,-0.12613076166277537
2020-01-29,2.1758463783382047,2.1796681225624708,2.7336466339867567,0.003821744224266066,0.7959501243820037,0.3158463783382046,0.8636466339867566,-0.547800255648552,0.001910872112133033,-0.07358912788786665
2020-01-30,2.1963789717050477,2.161636134936599,2.624117093936047,-0.034742836768448804,0.8369973187479172,0.3163789717050478,0.7741170939360469,-0.4577381222309991,-0.017371418384224402,-0.0837714183842242
2020-01-31,1.9273785189380999,2.0319625008673388,2.588438308886992,0.1045839819292389,0.7446105678164133,0.03737851893809996,0.7084383088869921,-0.6710597899488921,0.05229199096461945,-0.09100800903538053
2020-02-01,1.9273785189380999,2.0319625008673388,2.588438308886992,0.1045839819292389,0.7446105678164133,0.03737851893809996,0.7084383088869921,-0.6710597899488921,0.05229199096461945,-0.09100800903538053
2020-02-02,1.9273785189380999,2.0319625008673388,2.588438308886992,0.1045839819292389,0.7446105678164133,0.03737851893809996,0.7084383088869921,-0.6710597899488921,0.05229199096461945,-0.09650800903538059
2020-02-03,2.2750252780585924,2.1258432926121515,2.67193631885101,-0.1491819854464409,0.8514519084934262,0.40502527805859234,0.7619363188510102,-0.35691104079241787,-0.07459099272322045,-0.15059099272322052
2020-02-04,2.3143683702989746,2.1815767424949017,2.6885208561071328,-0.13279162780407283,0.8608333333333648,0.4543683702989745,0.7885208561071329,-0.3341524858081584,-0.06639581390203642,-0.13489581390203642
2020-02-05,2.3035577169183874,2.1713863725050038,2.7157867678970744,-0.13217134441338363,0.8482100819358915,0.47355771691838733,0.8257867678970745,-0.3522290509786872,-0.06608567220669181,-0.136985672206692
2020-02-06,2.2541293317499553,2.1426333925028884,2.6828644454217256,-0.11149593924706691,0.8401950145474545,0.43412933174995527,0.7928644454217257,-0.35873511367177047,-0.055747969623533455,-0.06774796962353347
2020-02-07,2.249258326456991,2.1192489065133997,2.7019714384198683,-0.13000941994359128,0.8324508151619741,0.4292583264569909,0.8319714384198682,-0.4027131119628773,-0.06500470997179564,-0.1149047099717957
2020-02-08,2.249258326456991,2.1192489065133997,2.7019714384198683,-0.13000941994359128,0.8324508151619741,0.4292583264569909,0.8319714384198682,-0.4027131119628773,-0.06500470997179564,-0.1149047099717957
2020-02-09,2.249258326456991,2.1192489065133997,2.7019714384198683,-0.13000941994359128,0.8324508151619741,0.4292583264569909,0.8319714384198682,-0.4027131119628773,-0.06500470997179564,-0.1149047099717957
2020-02-10,2.279202279202314,2.092382420251281,2.754208971457752,-0.1868198589510328,0.8275342585918506,0.4592022792023138,0.8542089714577519,-0.39500669225543805,-0.0934099294755164,-0.13550992947551643
2020-02-11,2.253985765777701,2.0861154296322617,2.6830206713699694,-0.16787033614543923,0.8400925828971716,0.4439857657777009,0.7830206713699694,-0.33903490559226857,-0.08393516807271961,-0.13503516807271976
2020-02-12,2.213009736380086,2.046572564662114,2.73208428236408,-0.166437171717972,0.8100078576145398,0.4530097363800858,0.8320842823640802,-0.37907454598399437,-0.083218585858986,-0.107418585858986
2020-02-13,2.2029174700373337,2.0185490536493704,2.746662274984463,-0.1843684163879633,0.8020343418630873,0.46291747003733374,0.846662274984463,-0.38374480494712926,-0.09218420819398165,-0.16418420819398172
2020-02-14,2.1154388574066,1.9902780188983067,2.6955722729516354,-0.1251608385082934,0.7847828376310635,0.3854388574066001,0.7955722729516355,-0.41013341554503535,-0.0625804192541467,-0.1321804192541468
2020-02-15,2.1154388574066,1.9902780188983067,2.6955722729516354,-0.1251608385082934,0.7847828376310635,0.3854388574066001,0.7955722729516355,-0.41013341554503535,-0.0625804192541467,-0.1321804192541468
2020-02-16,2.1154388574066,1.9902780188983067,2.6955722729516354,-0.1251608385082934,0.7847828376310635,0.3854388574066001,0.7955722729516355,-0.41013341554503535,-0.0625804192541467,-0.24158041925414675
2020-02-17,2.1154388574066,1.9902780188983067,2.6955722729516354,-0.1251608385082934,0.7847828376310635,0.42543885740660015,0.8655722729516353,-0.44013341554503516,-0.0625804192541467,-0.0970804192541469
2020-02-18,2.168848903526405,2.005733002383997,2.698821297927174,-0.1631159011424077,0.8036282006489968,0.45884890352640495,0.8688212979271741,-0.40997239440076916,-0.08155795057120385,-0.12915795057120372
2020-02-19,2.157814928461933,1.9955288761775516,2.707321855267493,-0.1622860522843812,0.7970293315010132,0.4278149284619328,0.7973218552674932,-0.3695069268055604,-0.0811430261421906,-0.1387430261421907
2020-02-20,2.1462302386269316,2.003024769728024,2.7383555011862013,-0.14320546889890773,0.7837661098777085,0.40623023862693164,0.8283555011862014,-0.42212526255926974,-0.07160273444945386,-0.12540273444945393
2020-02-21,2.1463992302568107,1.9865416278903532,2.643475799102866,-0.15985760236645752,0.8119609912771846,0.4063992302568107,0.7234757991028662,-0.3170765688460555,-0.07992880118322876,-0.10942880118322884
2020-02-22,2.1463992302568107,1.9865416278903532,2.643475799102866,-0.15985760236645752,0.8119609912771846,0.4063992302568107,0.7234757991028662,-0.3170765688460555,-0.07992880118322876,-0.10942880118322884
2020-02-23,2.1463992302568107,1.9865416278903532,2.643475799102866,-0.15985760236645752,0.8119609912771846,0.4063992302568107,0.7234757991028662,-0.3170765688460555,-0.07992880118322876,-0.11042880118322873
2020-02-24,2.1108094064461222,1.9536024311497164,2.6262857857492614,-0.15720697529640582,0.8037241864155781,0.3908094064461223,0.7562857857492613,-0.36547637930313903,-0.07860348764820291,-0.14760348764820286
2020-02-25,2.144838212634806,1.9672131147540985,2.498082730516228,-0.17762509788070724,0.858593747290177,0.4348382126348058,0.5880827305162282,-0.15324451788142235,-0.08881254894035362,-0.1598125489403538
2020-02-26,2.1538452016600136,1.9575153323735488,2.6473654118032663,-0.1963298692864648,0.8135806232328582,0.4338452016600136,0.7473654118032664,-0.3135202101432528,-0.0981649346432324,-0.17036493464323244
2020-02-27,2.1174831669375602,1.940264989894445,2.5734864056415563,-0.17721817704311515,0.8228072090435944,0.38748316693756024,0.6734864056415564,-0.28600323870399613,-0.08860908852155758,-0.18860908852155744
2020-02-28,1.9862541691323197,1.8081233709362834,2.5209907493645103,-0.17813079819603628,0.7878863377951757,0.4262541691323196,0.7409907493645103,-0.31473658023219064,-0.08906539909801814,-0.19856539909801807
2020-02-29,1.9862541691323197,1.8081233709362834,2.5209907493645103,-0.17813079819603628,0.7878863377951757,0.4262541691323196,0.7409907493645103,-0.31473658023219064,-0.08906539909801814,-0.19856539909801807
2020-03-01,1.9862541691323197,1.8081233709362834,2.5209907493645103,-0.17813079819603628,0.7878863377951757,0.4262541691323196,0.7409907493645103,-0.31473658023219064,-0.08906539909801814,-0.19856539909801807
2020-03-02,1.7982170868883367,1.646745365059411,2.291693394928226,-0.15147172182892565,0.7846673952405642,0.4282170868883366,0.5616933949282261,-0.13347630803988952,-0.07573586091446283,-0.09943586091446288
2020-03-03,1.6697656968282695,1.4894066698302355,2.128820335956884,-0.18035902699803397,0.7843619626443141,0.38976569682826945,0.7788203359568837,-0.38905463912861427,-0.09017951349901698,-0.17817951349901695
2020-03-04,1.559775936948757,1.4008760464164831,2.018999891635635,-0.15889989053227382,0.7725487967635051,0.409775936948757,0.6189998916356352,-0.20922395468687816,-0.07944994526613691,-0.1785499452661371
2020-03-05,1.46323619070845,1.3268074065337894,1.8322803690574085,-0.13642878417466053,0.7985874953521396,0.3632361907084498,0.5822803690574085,-0.21904417834895873,-0.06821439208733027,-0.10441439208733028
2020-03-06,1.349932503374765,1.2174513117498513,1.7777051839288478,-0.13248119162491356,0.7593680412132924,0.39993250337476494,0.5277051839288478,-0.12777268055408286,-0.06624059581245678,-0.11474059581245677
2020-03-07,1.349932503374765,1.2174513117498513,1.7777051839288478,-0.13248119162491356,0.7593680412132924,0.39993250337476494,0.5277051839288478,-0.12777268055408286,-0.06624059581245678,-0.11474059581245677
2020-03-08,1.349932503374765,1.2174513117498513,1.7777051839288478,-0.13248119162491356,0.7593680412132924,0.39993250337476494,0.5277051839288478,-0.12777268055408286,-0.06624059581245678,-0.11474059581245677
2020-03-09,1.055971549456135,0.9333021580411142,1.38422407511732,-0.12266939141502087,0.7628617132429488,0.32597154945613505,0.33422407511732,-0.00825252566118495,-0.061334695707510434,-0.19033469570751038
2020-03-10,1.1025166985341632,0.9775045592194973,1.496729529951609,-0.12501213931466593,0.7366171886578659,0.3225166985341632,0.466729529951609,-0.14421283141744579,-0.06250606965733296,-0.10750606965733295
2020-03-11,1.1517538961997789,0.9882182425087568,1.4775205797509885,-0.16353565369102208,0.7795180060327064,0.3117538961997788,0.4775205797509885,-0.16576668355120971,-0.08176782684551104,-0.11366782684551086
2020-03-12,1.112677812628928,0.9648658929184496,1.3274540230768554,-0.14781191971047847,0.8382044072983366,0.21267781262892793,0.1474540230768555,0.06522378955207242,-0.07390595985523923,0.017094040144760847
2020-03-13,1.1264419966184205,0.992231840698133,1.3838326738270492,-0.1342101559202875,0.8140015898766115,0.20644199661842044,0.28383267382704913,-0.07739067720862869,-0.06710507796014376,-0.07860507796014382
2020-03-14,1.1264419966184205,0.992231840698133,1.3838326738270492,-0.1342101559202875,0.8140015898766115,0.20644199661842044,0.28383267382704913,-0.07739067720862869,-0.06710507796014376,-0.07860507796014382
2020-03-15,1.1264419966184205,0.992231840698133,1.3838326738270492,-0.1342101559202875,0.8140015898766115,0.20644199661842044,0.28383267382704913,-0.07739067720862869,-0.06710507796014376,-0.7400050779601438
2020-03-16,0.861995245343649,0.8535838943937976,1.3354208878246416,-0.00841135094985146,0.6454858188925081,0.26199524534364904,0.5554208878246416,-0.29342564248099257,-0.00420567547492573,0.03279432452507419
2020-03-17,0.9197731226297331,0.8896166268058515,1.5114242418278803,-0.03015649582388158,0.6085472875024034,0.019773122629733075,0.5614242418278803,-0.5416511191981472,-0.01507824791194079,0.0677217520880592
2020-03-18,1.1147287550703924,1.0382476686569748,1.6543841179124417,-0.07648108641341755,0.6738028629511961,-0.08527124492960758,0.3543841179124416,-0.4396553628420492,-0.03824054320670878,0.18635945679329113
2020-03-19,1.2374153143894218,1.1569495097925047,1.9454884932461411,-0.0804658045969171,0.636043502022844,-0.5125846856105782,0.19548849324614115,-0.7080731788567194,-0.04023290229845855,0.36366709770154115
2020-03-20,1.4384973867297475,1.311828764385422,1.9060603453411162,-0.1266686223443254,0.7546966654260404,-0.5615026132702525,0.05606034534111615,-0.6175629586113687,-0.0633343111721627,0.4016656888278374
2020-03-21,1.4384973867297475,1.311828764385422,1.9060603453411162,-0.1266686223443254,0.7546966654260404,-0.5615026132702525,0.05606034534111615,-0.6175629586113687,-0.0633343111721627,0.4016656888278374
2020-03-22,1.4384973867297475,1.311828764385422,1.9060603453411162,-0.1266686223443254,0.7546966654260404,-0.5615026132702525,0.05606034534111615,-0.6175629586113687,-0.0633343111721627,0.4016656888278374
2020-03-23,1.9851138088668947,1.788261475200683,2.2696901180708697,-0.1968523336662118,0.8746188711233182,-1.0148861911331053,-0.23030988192913027,-0.784576309203975,-0.0984261668331059,0.30527383316689427
2020-03-24,0.9184873126285883,0.4086515682744163,0.2483680722843173,-0.509835744354172,3.698089308263252,-1.0815126873714118,-1.8516319277156827,0.7701192403442709,-0.254917872177086,-0.09369787217708586
2020-03-25,0.33620211973356073,-0.12645853866119366,-0.7142439870686133,-0.4626606583947544,-0.4707104656398931,-0.9637978802664393,-2.4642439870686133,1.500446106802174,-0.2313303291973772,-0.21983032919737736
2020-03-26,3.3627315727236553,1.6619805566145556,0.36191574065387483,-1.7007510161090997,9.291476426662717,2.012731572723655,-1.538084259346125,3.5508158320697802,-0.8503755080545499,-0.8882755080545499
2020-03-27,10.926727509778324,5.375031525851182,1.9896816283806895,-5.551695983927142,5.491696437218996,9.176727509778324,0.3396816283806896,8.837045881397634,-2.775847991963571,-2.666747991963571
2020-03-28,10.926727509778324,5.375031525851182,1.9896816283806895,-5.551695983927142,5.491696437218996,9.176727509778324,0.3396816283806896,8.837045881397634,-2.775847991963571,-2.666747991963571
2020-03-29,10.926727509778324,5.375031525851182,1.9896816283806895,-5.551695983927142,5.491696437218996,9.176727509778324,0.3396816283806896,8.837045881397634,-2.775847991963571,-2.666747991963571
2020-03-30,7.975088298606048,3.9113824260677976,1.9627586270898063,-4.06370587253825,4.063203793138211,6.625088298606048,0.16275862708980626,6.462329671516242,-2.031852936269125,-1.968052936269125
2020-03-31,5.0866725326105104,2.459948192000165,1.4591507279540914,-2.6267243406103455,3.486050094182285,4.236672532610511,0.05915072795409149,4.177521804656419,-1.3133621703051728,-1.2510621703051727
2020-04-01,0.11502503924695198,0.24104974071700122,1.688111940578424,0.12602470147004924,0.06813827713791253,-0.38497496075304805,0.8881119405784239,-1.2730869013314718,0.06301235073502462,0.5731123507350246
2020-04-02,0.0,0.19819879338975355,1.288743408055095,0.19819879338975355,0.0,-0.8500000000000001,0.288743408055095,-1.138743408055095,0.09909939669487677,0.21229939669487674
2020-04-03,-0.07415318606374946,0.1613743516386723,1.180816482569381,0.23552753770242177,-0.062798230849892,-0.9241531860637494,0.0808164825693809,-1.0049696686331302,0.11776376885121088,0.23356376885121077
2020-04-04,-0.07415318606374946,0.1613743516386723,1.180816482569381,0.23552753770242177,-0.062798230849892,-0.9241531860637494,0.0808164825693809,-1.0049696686331302,0.11776376885121088,0.23356376885121077
2020-04-05,-0.07415318606374946,0.1613743516386723,1.180816482569381,0.23552753770242177,-0.062798230849892,-0.9241531860637494,0.0808164825693809,-1.0049696686331302,0.11776376885121088,0.23356376885121077
2020-04-06,-0.6123668077178394,-0.13936216646233276,1.5173309672768656,0.47300464125550656,-0.403581565870791,-1.7623668077178394,0.41733096727686547,-2.179697774994705,0.23650232062775328,0.40600232062775327
2020-04-07,-0.3261581887348915,-0.035051608625429935,1.9824628288219446,0.29110658010946155,-0.16452171712531286,-1.3261581887348914,0.7324628288219446,-2.058621017556836,0.14555329005473078,0.2118532900547308
2020-04-08,-0.181134445029218,-0.03503912215320096,2.4452698368203105,0.14609532287601704,-0.07407544243246172,-0.9811344450292181,1.0952698368203104,-2.0764042818495287,0.07304766143800852,-0.01375233856199147
2020-04-09,-0.2436779119510636,0.016834890872519246,6.948295247402816,0.26051280282358286,-0.03507017236237152,-1.0436779119510637,5.6482952474028165,-6.69197315935388,0.13025640141179143,0.14055640141179152
2020-04-10,-0.2436779119510636,0.016834890872519246,6.948295247402816,0.26051280282358286,-0.03507017236237152,-1.0436779119510637,5.598295247402817,-6.64197315935388,0.13025640141179143,0.15525640141179145
2020-04-11,-0.2436779119510636,0.016834890872519246,6.948295247402816,0.26051280282358286,-0.03507017236237152,-1.0436779119510637,5.598295247402817,-6.64197315935388,0.13025640141179143,0.15525640141179145
2020-04-12,-0.2436779119510636,0.016834890872519246,6.948295247402816,0.26051280282358286,-0.03507017236237152,-1.0436779119510637,5.598295247402817,-6.64197315935388,0.13025640141179143,0.19085640141179142
2020-04-13,-0.17320582818366742,0.11726886399973126,7.59688401140796,0.29047469218339866,-0.02279958834748176,-0.9732058281836675,6.2468840114079605,-7.220089839591628,0.14523734609169933,0.15553734609169942
2020-04-14,0.17247144878891504,0.26690663550283045,7.720061386480823,0.0944351867139154,0.02234068359753495,-0.627528551211085,6.320061386480823,-6.947589937691908,0.0472175933569577,0.040767593356957746
2020-04-15,0.3506318190583977,0.5256603254572054,5.671359318252673,0.17502850639880774,0.0618250051499869,-0.19936818094160236,4.521359318252673,-4.720727499194275,0.08751425319940387,0.05281425319940397
2020-04-16,0.5285293279945347,0.6134405970821657,5.4399952987695,0.08491126908763102,0.09715621043166808,0.12852932799453465,4.389995298769501,-4.261465970774966,0.04245563454381551,0.05625563454381549
2020-04-17,0.4669297969054763,0.5558407670602665,5.78781236769759,0.08891097015479021,0.08067466034515255,0.11692979690547634,4.88781236769759,-4.770882570792113,0.04445548507739511,0.02695548507739509
2020-04-18,0.4669297969054763,0.5558407670602665,5.78781236769759,0.08891097015479021,0.08067466034515255,0.11692979690547634,4.88781236769759,-4.770882570792113,0.04445548507739511,0.02695548507739509
2020-04-19,0.4669297969054763,0.5558407670602665,5.78781236769759,0.08891097015479021,0.08067466034515255,0.11692979690547634,4.88781236769759,-4.770882570792113,0.04445548507739511,0.028455485077395093
2020-04-20,0.4992036513180867,0.5863012438783017,5.140405730880413,0.08709759256021504,0.09711366717984468,-0.0007963486819133059,4.310405730880413,-4.311202079562326,0.04354879628010752,0.059448796280107546
2020-04-21,0.7230353021986299,0.6468795347129626,4.5623052204232675,-0.07615576748566733,0.1584802566391098,0.22303530219862988,3.6323052204232673,-3.4092699182246373,-0.03807788374283366,-0.12657788374283369
2020-04-22,1.0881467086975187,0.7978399849862813,6.46544121184259,-0.29030672371123745,0.16830200338136045,0.5381467086975187,5.46544121184259,-4.927294503145071,-0.14515336185561872,-0.2129533618556187
2020-04-23,1.1885964656734027,0.8791258333379987,6.494608642184872,-0.30947063233540406,0.18301279278831853,0.5385964656734027,5.5946086421848715,-5.0560121765114685,-0.15473531616770203,-0.14533531616770196
2020-04-24,1.441400619528878,1.00310187056776,7.037268955354387,-0.4382987489611181,0.2048238640122134,0.891400619528878,6.157268955354387,-5.265868335825509,-0.21914937448055904,-0.21604937448055905
2020-04-25,1.441400619528878,1.00310187056776,7.037268955354387,-0.4382987489611181,0.2048238640122134,0.891400619528878,6.157268955354387,-5.265868335825509,-0.21914937448055904,-0.21604937448055905
2020-04-26,1.441400619528878,1.00310187056776,7.037268955354387,-0.4382987489611181,0.2048238640122134,0.891400619528878,6.157268955354387,-5.265868335825509,-0.21914937448055904,-0.21604937448055905
2020-04-27,1.7344416454778002,1.215385756591922,5.082937239305401,-0.5190558888858783,0.3412282237257797,1.3844416454778004,4.252937239305401,-2.8684955938276,-0.25952794444293914,-0.30272794444293916
2020-04-28,1.9840605925806043,1.3707210182934144,6.107424540565425,-0.6133395742871899,0.3248604349349718,1.7540605925806043,5.3074245405654255,-3.5533639479848214,-0.30666978714359494,-0.479169787143595
2020-04-29,2.065473941197286,1.3777610235233562,6.033998010294539,-0.6877129176739296,0.3423060361759157,1.7154739411972857,5.233998010294539,-3.5185240690972535,-0.3438564588369648,-0.4548564588369648
2020-04-30,2.4490334921336636,1.584963936748505,2.971022625987908,-0.8640695553851585,0.824306577375635,2.0490334921336637,2.2910226259879076,-0.24198913385424392,-0.43203477769257925,-0.4790347776925793
2020-05-01,2.2600198698395797,1.5960691976956918,3.8322333404300433,-0.6639506721438879,0.5897396293686976,1.9600198698395797,3.232233340430043,-1.2722134705904635,-0.33197533607194396,-0.400375336071944
2020-05-02,2.2600198698395797,1.5960691976956918,3.8322333404300433,-0.6639506721438879,0.5897396293686976,1.9600198698395797,3.232233340430043,-1.2722134705904635,-0.33197533607194396,-0.400375336071944
2020-05-03,2.2600198698395797,1.5960691976956918,3.8322333404300433,-0.6639506721438879,0.5897396293686976,1.9600198698395797,3.232233340430043,-1.2722134705904635,-0.33197533607194396,-0.400375336071944
2020-05-04,2.4929588750819853,1.7567478349231214,3.51003151051019,-0.736211040158864,0.7102383176952246,2.1929588750819855,2.76003151051019,-0.5670726354282043,-0.368105520079432,-0.49540552007943195
2020-05-05,2.960602583690593,2.27702675506438,3.5542632715279634,-0.6835758286262128,0.832972224485172,2.710602583690593,2.9542632715279633,-0.24366068783737038,-0.3417879143131064,-0.47528791431310635
2020-05-06,2.8909422162886522,2.0796419365330725,3.4588362457214603,-0.8113002797555797,0.8358135543030445,2.440942216288652,3.02883624572146,-0.5878940294328081,-0.40565013987778986,-0.4594501398777898
2020-05-07,3.5002190092141325,2.3253649056080667,2.801291285923085,-1.1748541036060658,1.249501980320028,3.1002190092141326,1.871291285923085,1.2289277232910476,-0.5874270518030329,-0.701427051803033
2020-05-08,4.521356288215631,2.892454080856709,2.1320410864682033,-1.6289022073589217,2.1206703364733968,4.1213562882156305,1.4020410864682034,2.719315201747427,-0.8144511036794608,-0.9231511036794608
2020-05-09,4.521356288215631,2.892454080856709,2.1320410864682033,-1.6289022073589217,2.1206703364733968,4.1213562882156305,1.4020410864682034,2.719315201747427,-0.8144511036794608,-0.9231511036794608
2020-05-10,4.521356288215631,2.892454080856709,2.1320410864682033,-1.6289022073589217,2.1206703364733968,4.1213562882156305,1.4020410864682034,2.719315201747427,-0.8144511036794608,-0.9326511036794609
2020-05-11,4.779301670958838,2.989051729131677,2.7852124456339853,-1.790249941827161,1.7159558792187384,4.379301670958838,2.005212445633985,2.3740892253248527,-0.8951249709135805,-1.0007249709135806
2020-05-12,3.753679201439506,2.800754551706394,2.5546595926528353,-0.9529246497331121,1.4693461360703532,3.453679201439506,1.7746595926528352,1.679019608786671,-0.47646232486655604,-0.577162324866556
2020-05-13,3.7326844913871753,2.6303624436964825,2.184258068835506,-1.1023220476906928,1.7089026908698486,3.4826844913871753,1.384258068835506,2.098426422551669,-0.5511610238453464,-0.6436610238453464
2020-05-14,3.9254973318884683,2.728944610334379,1.9360416269244027,-1.1965527215540894,2.027589323130679,3.6254973318884685,1.1560416269244027,2.4694557049640657,-0.5982763607770447,-0.6430763607770447
2020-05-15,4.064785657830374,2.8394267755518228,1.7632314385317367,-1.225358882278551,2.3053046633601135,3.764785657830374,1.0632314385317367,2.7015542192986373,-0.6126794411392755,-0.6555794411392756
2020-05-16,4.064785657830374,2.8394267755518228,1.7632314385317367,-1.225358882278551,2.3053046633601135,3.764785657830374,1.0632314385317367,2.7015542192986373,-0.6126794411392755,-0.6555794411392756
2020-05-17,4.064785657830374,2.8394267755518228,1.7632314385317367,-1.225358882278551,2.3053046633601135,3.764785657830374,1.0632314385317367,2.7015542192986373,-0.6126794411392755,-0.6542794411392755
2020-05-18,4.327193695665754,3.266590042949579,2.09469681328297,-1.0606036527161748,2.0657852096904863,4.027193695665754,1.3946968132829702,2.6324968823827835,-0.5303018263580874,-0.5904018263580874
2020-05-19,4.299429849772469,3.347057144145123,1.8132515721715246,-0.9523727056273463,2.3711160192865752,3.9994298497724694,1.2132515721715245,2.786178277600945,-0.47618635281367316,-0.5251863528136731
2020-05-20,4.701380135604829,3.688314069954478,1.6692563172169512,-1.0130660656503512,2.816451905626544,4.321380135604829,1.1192563172169512,3.2021238183878777,-0.5065330328251756,-0.6380330328251755
2020-05-21,5.315373931634448,3.924372524060798,2.0392672233110467,-1.39100140757365,2.6065117267977103,5.115373931634448,1.5392672233110467,3.576106708323401,-0.695500703786825,-0.795400703786825
2020-05-22,6.3284649077831325,4.250676566020092,2.3349050703575553,-2.077788341763041,2.710373534292777,6.128464907783132,1.7349050703575553,4.3935598374255775,-1.0388941708815205,-1.1829941708815204
2020-05-23,6.3284649077831325,4.250676566020092,2.3349050703575553,-2.077788341763041,2.710373534292777,6.128464907783132,1.7349050703575553,4.3935598374255775,-1.0388941708815205,-1.1829941708815204
2020-05-24,6.3284649077831325,4.250676566020092,2.3349050703575553,-2.077788341763041,2.710373534292777,6.128464907783132,1.7349050703575553,4.3935598374255775,-1.0388941708815205,-1.1829941708815204
2020-05-25,6.3284649077831325,4.250676566020092,2.3349050703575553,-2.077788341763041,2.710373534292777,6.128464907783132,1.7349050703575553,4.3935598374255775,-1.0388941708815205,-1.1810941708815206
2020-05-26,8.085031958533454,5.1729308276689485,2.6497840761393867,-2.9121011308645057,3.0512040703003143,7.835031958533454,2.099784076139387,5.735247882394067,-1.4560505654322529,-1.4987505654322528
2020-05-27,5.742519912058962,4.139806636531686,2.692080795659419,-1.6027132755272762,2.1331157375803595,5.392519912058963,2.162080795659419,3.230439116399544,-0.8013566377636381,-0.840956637763638
2020-05-28,5.342054732318541,4.13352431746615,2.7263097098780102,-1.2085304148523912,1.9594452944810783,4.942054732318541,2.2263097098780102,2.7157450224405304,-0.6042652074261956,-0.6013652074261956
2020-05-29,5.199210360168256,4.043382359187126,2.711710601990919,-1.1558280009811304,1.917317561966617,4.849210360168256,2.1617106019909187,2.6874997581773377,-0.5779140004905652,-0.6264140004905652
2020-05-30,5.199210360168256,4.043382359187126,2.711710601990919,-1.1558280009811304,1.917317561966617,4.849210360168256,2.1617106019909187,2.6874997581773377,-0.5779140004905652,-0.6264140004905652
2020-05-31,5.199210360168256,4.043382359187126,2.711710601990919,-1.1558280009811304,1.917317561966617,4.849210360168256,2.1617106019909187,2.6874997581773377,-0.5779140004905652,-0.6264140004905652
2020-06-01,3.067754970818546,2.2590975036598095,3.8869882545733114,-0.8086574671587363,0.7892370055940147,2.747754970818546,3.3369882545733116,-0.5892332837547656,-0.40432873357936816,-0.4543287335793682
2020-06-02,3.2725353351709416,2.6717340745362828,4.136965148223299,-0.6008012606346589,0.7910473542607426,2.9425353351709416,3.5569651482232993,-0.6144298130523578,-0.30040063031732944,-0.33070063031732944
2020-06-03,4.044412983480326,3.2367625450992836,4.337990831064883,-0.8076504383810423,0.9323240045870521,3.644412983480326,3.837990831064883,-0.1935778475845571,-0.40382521919052117,-0.40532521919052117
2020-06-04,3.779560935117473,3.2456624852664007,4.738041663905821,-0.5338984498510722,0.7977052975093044,3.3895609351174727,4.208041663905821,-0.818480728788348,-0.2669492249255361,-0.3114492249255361
2020-06-05,4.024290764071389,3.313754712018952,6.381428205650061,-0.7105360520524369,0.6306254077274296,3.634290764071389,5.851428205650061,-2.217137441578672,-0.35526802602621843,-0.38866802602621847
2020-06-06,4.024290764071389,3.313754712018952,6.381428205650061,-0.7105360520524369,0.6306254077274296,3.634290764071389,5.851428205650061,-2.217137441578672,-0.35526802602621843,-0.38866802602621847
2020-06-07,4.024290764071389,3.313754712018952,6.381428205650061,-0.7105360520524369,0.6306254077274296,3.634290764071389,5.851428205650061,-2.217137441578672,-0.35526802602621843,-0.38686802602621845
2020-06-08,3.7932066214119846,3.2361930601637794,6.761504865443248,-0.5570135612482052,0.5610003537523628,3.4232066214119845,6.261504865443248,-2.8382982440312636,-0.2785067806241026,-0.3355067806241026
2020-06-09,3.6498900997223047,3.153207617585964,6.367959728550981,-0.4966824821363409,0.5731647584638276,3.3198900997223046,5.867959728550981,-2.5480696288286766,-0.24834124106817046,-0.31294124106817045
2020-06-10,3.439672265820095,3.138257685825528,5.869803123929107,-0.3014145799945669,0.5859944862201204,3.1396722658200953,5.319803123929107,-2.180130858109012,-0.15070728999728344,-0.1918572899972835
2020-06-11,3.156411900062544,3.019001618802983,5.674336000967736,-0.137410281259561,0.5562610144207586,2.856411900062544,5.144336000967736,-2.287924100905192,-0.0687051406297805,-0.11480514062978053
2020-06-12,3.1258323113891247,3.0403310960195595,5.4013402075390005,-0.08550121536956512,0.5787142063420109,2.7258323113891247,4.951340207539,-2.2255078961498755,-0.04275060768478256,-0.05985060768478251
2020-06-13,3.1258323113891247,3.0403310960195595,5.4013402075390005,-0.08550121536956512,0.5787142063420109,2.7258323113891247,4.951340207539,-2.2255078961498755,-0.04275060768478256,-0.05985060768478251
2020-06-14,3.1258323113891247,3.0403310960195595,5.4013402075390005,-0.08550121536956512,0.5787142063420109,2.7258323113891247,4.951340207539,-2.2255078961498755,-0.04275060768478256,-0.05985060768478251
2020-06-15,3.0028026157747227,3.0239409562715056,5.189670783792881,0.02113834049678287,0.578611388058053,2.602802615774723,4.739670783792881,-2.136868168018158,0.010569170248391435,0.013069170248391437
2020-06-16,3.092134480520415,3.041731766838342,4.881256199083836,-0.05040271368207305,0.6334710481086362,2.6921344805204153,4.381256199083836,-1.6891217185634209,-0.025201356841036526,-0.029901356841036508
2020-06-17,3.0585818024148503,3.0263073383230568,5.2791035484541196,-0.032274464091793575,0.5793752242860428,2.6585818024148504,4.7791035484541196,-2.120521746039269,-0.016137232045896788,-0.02243723204589676
2020-06-18,3.1017800967152906,2.863715007325043,5.460735513882266,-0.23806508939024784,0.5680150757768718,2.7017800967152907,4.910735513882266,-2.2089554171669756,-0.11903254469512392,-0.10963254469512396
2020-06-19,2.784572693784021,2.6259433477036875,5.786893512892278,-0.15862934608033363,0.48118609536886003,2.4045726937840213,5.256893512892278,-2.8523208191082565,-0.07931467304016682,-0.08841467304016681
2020-06-20,2.784572693784021,2.6259433477036875,5.786893512892278,-0.15862934608033363,0.48118609536886003,2.4045726937840213,5.256893512892278,-2.8523208191082565,-0.07931467304016682,-0.08841467304016681
2020-06-21,2.784572693784021,2.6259433477036875,5.786893512892278,-0.15862934608033363,0.48118609536886003,2.4045726937840213,5.256893512892278,-2.8523208191082565,-0.07931467304016682,-0.08841467304016681
2020-06-22,2.6943625644804556,2.555906985032067,5.6702154352201894,-0.13845557944838882,0.4751781647915158,2.3643625644804556,5.220215435220189,-2.8558528707397337,-0.06922778972419441,-0.10522778972419436
2020-06-23,2.670775552131469,2.500413975823797,5.750365523944945,-0.170361576307672,0.4644531797170394,2.340775552131469,5.3003655239449445,-2.9595899718134757,-0.085180788153836,-0.114980788153836
2020-06-24,3.0592690409421026,2.909094939005976,4.709287761974947,-0.15017410193612646,0.6496245707565614,2.7292690409421025,4.2292877619749465,-1.500018721032844,-0.07508705096806323,-0.1010870509680632
2020-06-25,3.1359665496901834,2.9664853814489422,5.144765228862314,-0.16948116824124115,0.6095451221170017,2.7859665496901833,4.664765228862313,-1.8787986791721298,-0.08474058412062058,-0.0906405841206206
2020-06-26,3.255973807499593,3.0166218071553685,4.352193139932798,-0.23935200034422444,0.7481225448441077,2.905973807499593,3.8721931399327985,-0.9662193324332056,-0.11967600017211222,-0.12397600017211224
2020-06-27,3.255973807499593,3.0166218071553685,4.352193139932798,-0.23935200034422444,0.7481225448441077,2.905973807499593,3.8721931399327985,-0.9662193324332056,-0.11967600017211222,-0.12397600017211224
2020-06-28,3.255973807499593,3.0166218071553685,4.352193139932798,-0.23935200034422444,0.7481225448441077,2.905973807499593,3.8721931399327985,-0.9662193324332056,-0.11967600017211222,-0.12397600017211224
2020-06-29,3.220072546788064,3.13106286791367,2.757161873848891,-0.08900967887439437,1.1678939047176682,2.870072546788064,2.357161873848891,0.512910672939173,-0.044504839437197186,-0.05220483943719717
2020-06-30,3.2194446928583873,3.2613891405393005,3.0557002160033484,0.04194444768091321,1.0535865645450015,2.869444692858387,2.6057002160033482,0.263744476855039,0.020972223840456605,0.013772223840456566
2020-07-01,3.736641079626403,3.6472853973192456,6.090175632458583,-0.08935568230715729,0.6135522692829031,3.386641079626403,5.690175632458582,-2.3035345528321796,-0.044677841153578646,-0.05167784115357865
2020-07-02,3.7496449199886372,3.6267057422840923,6.087817029066555,-0.12293917770454499,0.6159260211149234,3.399644919988637,5.637817029066555,-2.2381721090779174,-0.061469588852272494,-0.06046958885227249
2020-07-03,3.7496449199886372,3.6267057422840923,6.087817029066555,-0.12293917770454499,0.6159260211149234,3.399644919988637,5.637817029066555,-2.2381721090779174,-0.061469588852272494,-0.06546958885227244
2020-07-04,3.7496449199886372,3.6267057422840923,6.087817029066555,-0.12293917770454499,0.6159260211149234,3.399644919988637,5.637817029066555,-2.2381721090779174,-0.061469588852272494,-0.06546958885227244
2020-07-05,3.7496449199886372,3.6267057422840923,6.087817029066555,-0.12293917770454499,0.6159260211149234,3.399644919988637,5.637817029066555,-2.2381721090779174,-0.061469588852272494,-0.06546958885227244
2020-07-06,3.878412156894277,3.7183453911437785,6.097916016028209,-0.1600667657504986,0.636022560281246,3.508412156894277,5.667916016028209,-2.159503859133932,-0.0800333828752493,-0.05763338287524922
2020-07-07,3.9781203381402133,3.978120338140206,6.2806900342702034,-7.105427357601002e-15,0.6333890570039027,3.628120338140213,5.830690034270203,-2.20256969612999,-3.552713678800501e-15,-0.004900000000003568
2020-07-08,4.4909761542572415,4.862385486319589,5.7288498409936155,0.3714093320623473,0.7839228255070347,4.170976154257241,5.298849840993616,-1.1278736867363746,0.18570466603117364,0.14810466603117362
2020-07-09,4.6681112002721035,4.858595424231912,5.851219263375723,0.19048422395980857,0.797801447894972,4.348111200272103,5.401219263375723,-1.05310806310362,0.09524211197990429,0.059142111979904266
2020-07-10,4.639170893999775,4.814590063857891,5.513524396571109,0.17541916985811667,0.8414165895202895,4.319170893999774,5.083524396571109,-0.7643535025713346,0.08770958492905834,0.050209584929058304
2020-07-11,4.639170893999775,4.814590063857891,5.513524396571109,0.17541916985811667,0.8414165895202895,4.319170893999774,5.083524396571109,-0.7643535025713346,0.08770958492905834,0.050209584929058304
2020-07-12,4.639170893999775,4.814590063857891,5.513524396571109,0.17541916985811667,0.8414165895202895,4.319170893999774,5.083524396571109,-0.7643535025713346,0.08770958492905834,0.05150958492905833
2020-07-13,4.607972015819598,4.814743525444152,5.219258567040155,0.20677150962455393,0.8828786611414774,4.307972015819598,4.769258567040155,-0.4612865512205566,0.10338575481227696,0.04878575481227698
2020-07-14,4.071385710520333,4.57251752436776,5.167333988063742,0.5011318138474277,0.787908372078331,3.771385710520333,4.737333988063742,-0.9659482775434096,0.25056590692371383,0.19506590692371384
2020-07-15,4.137768632573979,4.52270299290141,5.136794530707546,0.38493436032743045,0.8055156981340345,3.857768632573979,4.7167945307075465,-0.8590258981335674,0.19246718016371522,0.16676718016371522
2020-07-16,3.863762819191182,4.294366239506537,5.246437673844768,0.4306034203153555,0.7364545353227622,3.593762819191182,4.856437673844768,-1.2626748546535862,0.21530171015767774,0.16980171015767775
2020-07-17,3.6745013578050685,3.8637804546689685,5.882528591477774,0.1892790968639,0.6246465785357079,3.4245013578050685,5.482528591477774,-2.0580272336727052,0.09463954843195,0.020239548431950027
2020-07-18,3.6745013578050685,3.8637804546689685,5.882528591477774,0.1892790968639,0.6246465785357079,3.4245013578050685,5.482528591477774,-2.0580272336727052,0.09463954843195,0.020239548431950027
2020-07-19,3.6745013578050685,3.8637804546689685,5.882528591477774,0.1892790968639,0.6246465785357079,3.4245013578050685,5.482528591477774,-2.0580272336727052,0.09463954843195,0.020239548431950027
2020-07-20,3.3573758750160874,3.685683204433615,5.728611883297439,0.3283073294175276,0.5860714503639148,3.1073758750160874,5.348611883297439,-2.2412360082813514,0.1641536647087638,0.09855366470876381
2020-07-21,3.2760333890675257,4.112807938270511,5.448004033530669,0.8367745492029854,0.6013272693824417,3.016033389067526,5.078004033530669,-2.061970644463143,0.4183872746014927,0.3568872746014927
2020-07-22,3.7949526039863803,4.350841294493945,5.609923331047872,0.5558886905075644,0.6764713847305869,3.51495260398638,5.239923331047872,-1.7249707270614918,0.2779443452537822,0.2043443452537822
2020-07-23,3.938660209846665,4.277907884465275,5.647993108307371,0.33924767461861016,0.6973557039319812,3.638660209846665,5.297993108307371,-1.6593328984607059,0.16962383730930508,0.1097238373093051
2020-07-24,4.051718362698437,4.307652433097915,5.940380959213608,0.25593407039947813,0.6820637246192383,3.731718362698437,5.590380959213609,-1.8586625965151717,0.12796703519973907,0.006767035199739091
2020-07-25,4.051718362698437,4.307652433097915,5.940380959213608,0.25593407039947813,0.6820637246192383,3.731718362698437,5.590380959213609,-1.8586625965151717,0.12796703519973907,0.006767035199739091
2020-07-26,4.051718362698437,4.307652433097915,5.940380959213608,0.25593407039947813,0.6820637246192383,3.731718362698437,5.590380959213609,-1.8586625965151717,0.12796703519973907,0.006767035199739091
2020-07-27,3.286257230380353,3.7286380113930746,5.925485811552658,0.4423807810127216,0.5545970971651443,2.956257230380353,5.545485811552658,-2.5892285811723053,0.2211903905063608,0.11949039050636084
2020-07-28,2.5729660755469,2.928665004223578,6.095931997571285,0.35569892867667807,0.4220791958591418,2.2129660755469,5.7159319975712855,-3.5029659220243854,0.17784946433833904,0.07604946433833903
2020-07-29,3.7171173078491133,3.5197142602977167,6.503183850426701,-0.1974030475513966,0.5715842260257209,3.3571173078491134,6.133183850426701,-2.776066542577588,-0.0987015237756983,-0.18790152377569824
2020-07-30,4.052508078400876,3.7221377731150245,6.669089919036312,-0.3303703052858511,0.6076553364250433,3.6925080784008757,6.269089919036312,-2.5765818406354364,-0.16518515264292555,-0.23828515264292555
2020-07-31,3.4506222518505636,3.4727906269731976,6.1658191034785315,0.022168375122634032,0.5596372832125172,3.1206222518505635,5.825819103478532,-2.705196851627968,0.011084187561317016,-0.07701581243868302
2020-08-01,3.4506222518505636,3.4727906269731976,6.1658191034785315,0.022168375122634032,0.5596372832125172,3.1206222518505635,5.825819103478532,-2.705196851627968,0.011084187561317016,-0.07701581243868302
2020-08-02,3.4506222518505636,3.4727906269731976,6.1658191034785315,0.022168375122634032,0.5596372832125172,3.1206222518505635,5.825819103478532,-2.705196851627968,0.011084187561317016,-0.07701581243868302
2020-08-03,3.584324759049405,3.1978295935385703,5.679998549787591,-0.38649516551083485,0.631043252499324,3.2843247590494054,5.2799985497875905,-1.9956737907381852,-0.19324758275541742,-0.31674758275541737
2020-08-04,3.797420285819167,3.2762399147883725,5.441806679817745,-0.5211803710307943,0.6978234452728388,3.527420285819167,5.061806679817745,-1.5343863939985782,-0.26059018551539714,-0.3691901855153972
2020-08-05,3.654247605228185,3.2302429281098193,5.508781983673567,-0.42400467711836587,0.6633494692762057,3.3542476052281853,5.138781983673567,-1.784534378445382,-0.21200233855918293,-0.31970233855918295
2020-08-06,3.2607192026718135,3.1108038712225694,5.797737243130915,-0.14991533144924407,0.562412380197994,2.9607192026718137,5.397737243130915,-2.437018040459101,-0.07495766572462204,-0.180057665724622
2020-08-07,3.023634744922813,2.9976116590033954,5.507339547841026,-0.02602308591941771,0.5490191259603979,2.713634744922813,5.057339547841026,-2.3437048029182126,-0.013011542959708855,-0.11851154295970884
2020-08-08,3.023634744922813,2.9976116590033954,5.507339547841026,-0.02602308591941771,0.5490191259603979,2.713634744922813,5.057339547841026,-2.3437048029182126,-0.013011542959708855,-0.11851154295970884
2020-08-09,3.023634744922813,2.9976116590033954,5.507339547841026,-0.02602308591941771,0.5490191259603979,2.713634744922813,5.057339547841026,-2.3437048029182126,-0.013011542959708855,-0.11851154295970884
2020-08-10,2.824997892104142,2.8777141066934244,4.477509088637563,0.05271621458928255,0.6309306885100585,2.4849978921041416,4.027509088637562,-1.5425111965334208,0.026358107294641275,-0.09084189270535872
2020-08-11,2.3287710749848123,2.511141605557994,4.553838950426982,0.18237053057318153,0.5113863490421547,2.0087710749848124,4.123838950426983,-2.11506787544217,0.09118526528659077,0.011085265286590762
2020-08-12,2.6727341808637473,2.585103551982969,4.543392235468859,-0.08763062888077844,0.5882684219950322,2.342734180863747,4.11339223546886,-1.7706580546051125,-0.04381531444038922,-0.13051531444038916
2020-08-13,2.6435805484306547,2.6170682652062576,4.492553220431978,-0.026512283224397137,0.5884361116542239,2.2735805484306546,4.012553220431977,-1.7389726720013226,-0.013256141612198569,-0.09075614161219855
2020-08-14,2.3561093479074695,2.4915534481259893,3.8229792218188923,0.13544410021851983,0.6163018973423776,2.0061093479074694,3.3229792218188923,-1.3168698739114229,0.06772205010925991,0.01802205010925992
2020-08-15,2.3561093479074695,2.4915534481259893,3.8229792218188923,0.13544410021851983,0.6163018973423776,2.0061093479074694,3.3229792218188923,-1.3168698739114229,0.06772205010925991,0.01802205010925992
2020-08-16,2.3561093479074695,2.4915534481259893,3.8229792218188923,0.13544410021851983,0.6163018973423776,2.0061093479074694,3.3229792218188923,-1.3168698739114229,0.06772205010925991,0.01802205010925992
2020-08-17,2.6983725440593505,2.5060984199716567,3.562271914164137,-0.19227412408769373,0.7574864044853536,2.3283725440593503,3.082271914164137,-0.7538993701047865,-0.09613706204384687,-0.09973706204384686
2020-08-18,2.5261406522650587,2.4727539151936924,3.5315241668247954,-0.05338673707136632,0.7153117274392943,2.1261406522650588,3.0415241668247956,-0.9153835145597369,-0.02669336853568316,-0.0671933685356832
2020-08-19,2.1131410961919292,2.2542549061353307,3.1515703886697146,0.1411138099434015,0.670504172709876,1.7131410961919293,2.6515703886697146,-0.9384292924777853,0.07055690497170075,0.06755690497170075
2020-08-20,2.581328912195482,2.5423664306139555,3.347892802211637,-0.038962481581526376,0.7710309333949525,2.181328912195482,2.817892802211637,-0.6365638900161552,-0.019481240790763188,-0.011781240790763203
2020-08-21,2.738727016597644,2.5575901816954625,3.2011735183227232,-0.18113683490218158,0.8555384457986579,2.338727016597644,2.6511735183227234,-0.31244650172507926,-0.09056841745109079,-0.0934684174510908
2020-08-22,2.738727016597644,2.5575901816954625,3.2011735183227232,-0.18113683490218158,0.8555384457986579,2.338727016597644,2.6511735183227234,-0.31244650172507926,-0.09056841745109079,-0.0934684174510908
2020-08-23,2.738727016597644,2.5575901816954625,3.2011735183227232,-0.18113683490218158,0.8555384457986579,2.338727016597644,2.6511735183227234,-0.31244650172507926,-0.09056841745109079,-0.0934684174510908
2020-08-24,2.4324644497777843,2.444375602076022,3.571105101763587,0.011911152298237582,0.6811517388767174,2.0324644497777844,3.041105101763587,-1.0086406519858024,0.005955576149118791,0.009355576149118805
2020-08-25,2.388949251639527,2.387643814889997,3.4368013537552757,-0.0013054367495302088,0.6951083306078205,1.9889492516395273,2.9068013537552755,-0.9178521021157482,-0.0006527183747651044,-0.0010527183747651159
2020-08-26,2.6363992226807342,2.4588899073362858,3.332558921493102,-0.17750931534444847,0.7911035587930538,2.2363992226807343,2.832558921493102,-0.5961596988123676,-0.08875465767222424,-0.10755465767222427
2020-08-27,2.408980849658787,2.299340004258037,3.77792268846397,-0.10964084540075003,0.637646942065464,1.978980849658787,3.2479226884639703,-1.2689418388051832,-0.054820422700375016,-0.07392042270037502
2020-08-28,2.512900590479975,2.2504725992458416,3.8475012023441195,-0.2624279912341332,0.6531253554772045,2.0829005904799747,3.3175012023441193,-1.2346006118641446,-0.1312139956170666,-0.15261399561706662
2020-08-29,2.512900590479975,2.2504725992458416,3.8475012023441195,-0.2624279912341332,0.6531253554772045,2.0829005904799747,3.3175012023441193,-1.2346006118641446,-0.1312139956170666,-0.15261399561706662
2020-08-30,2.512900590479975,2.2504725992458416,3.8475012023441195,-0.2624279912341332,0.6531253554772045,2.0829005904799747,3.3175012023441193,-1.2346006118641446,-0.1312139956170666,-0.1523139956170666
2020-08-31,2.508182127051955,2.3959966888656874,3.25828103192735,-0.11218543818626747,0.7697869221453578,2.0781821270519547,2.73828103192735,-0.6600989048753951,-0.056092719093133736,-0.07539271909313378
2020-09-01,2.507800325429275,2.395631964384939,3.296429726241816,-0.11216836104433625,0.760762562437016,2.087800325429275,2.816429726241816,-0.7286294008125407,-0.056084180522168126,-0.06418418052216812
2020-09-02,2.4571852103352145,2.3918565156930396,3.662269350336193,-0.06532869464217494,0.6709460652067132,2.0171852103352146,3.1122693503361933,-1.0950841400009788,-0.03266434732108747,-0.07166434732108751
2020-09-03,2.4024910038302583,2.293145533207295,3.579412886008393,-0.10934547062296307,0.671196947751231,1.9624910038302583,3.0694128860083927,-1.1069218821781344,-0.054672735311481535,-0.0938727353114816
2020-09-04,2.5658669304100696,2.374504460493863,3.557067738942189,-0.19136246991620665,0.7213432857404943,2.1258669304100697,3.0070677389421894,-0.8812008085321197,-0.09568123495810332,-0.13708123495810332
2020-09-05,2.5658669304100696,2.374504460493863,3.557067738942189,-0.19136246991620665,0.7213432857404943,2.1258669304100697,3.0070677389421894,-0.8812008085321197,-0.09568123495810332,-0.13708123495810332
2020-09-06,2.5658669304100696,2.374504460493863,3.557067738942189,-0.19136246991620665,0.7213432857404943,2.1258669304100697,3.0070677389421894,-0.8812008085321197,-0.09568123495810332,-0.13398123495810332
2020-09-07,2.5658669304100696,2.374504460493863,3.557067738942189,-0.19136246991620665,0.7213432857404943,2.1258669304100697,3.0470677389421894,-0.9212008085321197,-0.09568123495810332,-0.13458123495810337
2020-09-08,2.554065878433164,2.409330309527811,3.520299116098839,-0.14473556890535288,0.7255252449296282,2.114065878433164,2.920299116098839,-0.8062332376656749,-0.07236778445267644,-0.10396778445267646
2020-09-09,2.538716294101097,2.3645360019132067,3.399386100893299,-0.1741802921878901,0.7468161070123711,2.0887162941010966,2.7993861008932988,-0.7106698067922022,-0.08709014609394505,-0.11739014609394505
2020-09-10,2.589165020276579,2.398672432867358,3.330227763791701,-0.19049258740922115,0.7774738558207895,2.139165020276579,2.780227763791701,-0.6410627435151222,-0.09524629370461057,-0.13574629370461055
2020-09-11,2.642652090133341,2.464721767905374,3.493914643250172,-0.1779303222279669,0.7563585147217694,2.1926520901333406,2.923914643250172,-0.7312625531168315,-0.08896516111398345,-0.14036516111398345
2020-09-12,2.642652090133341,2.464721767905374,3.493914643250172,-0.1779303222279669,0.7563585147217694,2.1926520901333406,2.923914643250172,-0.7312625531168315,-0.08896516111398345,-0.14036516111398345
2020-09-13,2.642652090133341,2.464721767905374,3.493914643250172,-0.1779303222279669,0.7563585147217694,2.1926520901333406,2.923914643250172,-0.7312625531168315,-0.08896516111398345,-0.14036516111398345
2020-09-14,2.809395520401501,2.5663239589824274,3.5166046906041153,-0.2430715614190735,0.7988943221021743,2.3193955204015007,2.9666046906041155,-0.6472091702026148,-0.12153578070953674,-0.11293578070953675
2020-09-15,2.5553574210972942,2.426363468912728,3.39520469120831,-0.12899395218456622,0.7526372202872621,2.0353574210972942,2.7552046912083097,-0.7198472701110155,-0.06449697609228311,-0.04729697609228306
2020-09-16,2.643445809360908,2.406376898781772,3.307804844287353,-0.23706891057913593,0.7991541018286472,2.103445809360908,2.697804844287353,-0.5943590349264452,-0.11853445528956796,-0.12193445528956798
2020-09-17,2.7030637341568675,2.432035994132713,3.3536991107615974,-0.27102774002415453,0.8059947076000578,2.1630637341568675,2.7036991107615975,-0.54063537660473,-0.13551387001207726,-0.1284138700120772
2020-09-18,2.7803135749417307,2.492756737157687,3.3501141177942166,-0.28755683778404384,0.8299160796266682,2.2403135749417307,2.7001141177942167,-0.45980054285248606,-0.14377841889202192,-0.14877841889202192
2020-09-19,2.7803135749417307,2.492756737157687,3.3501141177942166,-0.28755683778404384,0.8299160796266682,2.2403135749417307,2.7001141177942167,-0.45980054285248606,-0.14377841889202192,-0.14877841889202192
2020-09-20,2.7803135749417307,2.492756737157687,3.3501141177942166,-0.28755683778404384,0.8299160796266682,2.2403135749417307,2.7001141177942167,-0.45980054285248606,-0.14377841889202192,-0.14877841889202192
2020-09-21,2.7266919078734566,2.46664385610039,3.5331912259084746,-0.26004805177306656,0.7717362954710593,2.1866919078734566,2.8831912259084747,-0.6964993180350181,-0.13002402588653328,-0.13302402588653328
2020-09-22,2.66645963231769,2.4392075423818858,3.3692024148624746,-0.22725208993580415,0.7914216197148637,2.1564596323176897,2.7692024148624745,-0.6127427825447849,-0.11362604496790207,-0.09382604496790203
2020-09-23,2.590883624321904,2.4107744701098404,3.3716355483341722,-0.18010915421206386,0.7684352555844848,2.1908836243219043,2.8716355483341722,-0.6807519240122679,-0.09005457710603193,-0.1441545771060319
2020-09-24,2.6118871701018724,2.3683608048567186,3.078540958164036,-0.2435263652451538,0.8484172228325771,2.2118871701018725,2.598540958164036,-0.38665378806216344,-0.1217631826225769,-0.17456318262257686
2020-09-25,2.7917109904005284,2.493695169149486,3.143383879722292,-0.2980158212510422,0.8881228310705619,2.3917109904005285,2.6933838797222918,-0.3016728893217633,-0.1490079106255211,-0.2019079106255211
2020-09-26,2.7917109904005284,2.493695169149486,3.143383879722292,-0.2980158212510422,0.8881228310705619,2.3917109904005285,2.6933838797222918,-0.3016728893217633,-0.1490079106255211,-0.2019079106255211
2020-09-27,2.7917109904005284,2.493695169149486,3.143383879722292,-0.2980158212510422,0.8881228310705619,2.3917109904005285,2.6933838797222918,-0.3016728893217633,-0.1490079106255211,-0.2003079106255211
2020-09-28,3.0951570746964574,2.6470402868327185,2.950319617958665,-0.4481167878637389,1.0490921240723083,2.6951570746964575,2.450319617958665,0.24483745673779245,-0.22405839393186944,-0.2657583939318694
2020-09-29,2.8667626429690793,2.50795527220144,2.7763899553698295,-0.35880737076763936,1.0325504302536679,2.4667626429690794,2.3263899553698293,0.14037268759925015,-0.17940368538381968,-0.22960368538381964
2020-09-30,2.586148838253451,2.360655737704904,3.3409297386008348,-0.22549310054854743,0.7740805825316511,2.1861488382534513,2.8909297386008346,-0.7047809003473833,-0.11274655027427372,-0.1592465502742737
2020-10-01,2.260712513609869,1.8940187844916239,3.114578362602352,-0.36669372911824527,0.725848654429409,1.8607125136098692,2.664578362602352,-0.8038658489924826,-0.18334686455912264,-0.22924686455912263
2020-10-02,2.271022955457429,1.8717193349123133,3.266544728398519,-0.3993036205451157,0.695237060651191,1.8710229554574291,2.8165447283985188,-0.9455217729410896,-0.19965181027255785,-0.24665181027255784
2020-10-03,2.271022955457429,1.8717193349123133,3.266544728398519,-0.3993036205451157,0.695237060651191,1.8710229554574291,2.8165447283985188,-0.9455217729410896,-0.19965181027255785,-0.24665181027255784
2020-10-04,2.271022955457429,1.8717193349123133,3.266544728398519,-0.3993036205451157,0.695237060651191,1.8710229554574291,2.8165447283985188,-0.9455217729410896,-0.19965181027255785,-0.24515181027255784
2020-10-05,2.1926824079607723,1.8287981927170942,3.2680087574091554,-0.3638842152436781,0.6709536512071984,1.7926824079607724,2.8480087574091555,-1.055326349448383,-0.18194210762183904,-0.23204210762183902
2020-10-06,2.237629107647719,1.8860016764459415,3.3553068467859526,-0.3516274312017773,0.6668925406304175,1.837629107647719,2.9353068467859527,-1.0976777391382337,-0.17581371560088865,-0.22361371560088866
2020-10-07,2.22666040381081,1.9351683908624129,3.482303094831659,-0.2914920129483971,0.639421768632248,1.82666040381081,3.062303094831659,-1.235642691020849,-0.14574600647419855,-0.1910460064741985
2020-10-08,2.446988620966336,2.0709145501210915,3.5593737040281486,-0.37607407084524436,0.6874772992217915,2.046988620966336,3.1393737040281486,-1.0923850830618127,-0.18803703542262218,-0.2337370354226222
2020-10-09,2.344125343831405,2.037478020939888,3.596267403505351,-0.30664732289151697,0.6518217587342201,1.9441253438314052,3.176267403505351,-1.2321420596739459,-0.15332366144575849,-0.2006236614457585
2020-10-10,2.344125343831405,2.037478020939888,3.596267403505351,-0.30664732289151697,0.6518217587342201,1.9441253438314052,3.176267403505351,-1.2321420596739459,-0.15332366144575849,-0.2006236614457585
2020-10-11,2.344125343831405,2.037478020939888,3.596267403505351,-0.30664732289151697,0.6518217587342201,1.9441253438314052,3.176267403505351,-1.2321420596739459,-0.15332366144575849,-0.2006236614457585
2020-10-12,2.340844127372104,2.065221917868759,3.783251845081264,-0.27562220950334515,0.6187386468642092,1.9408441273721042,3.363251845081264,-1.4224077177091599,-0.13781110475167258,-0.18481110475167256
2020-10-13,2.4476344007142954,2.118185766968437,4.060143939440271,-0.3294486337458582,0.6028442432638791,2.0476344007142955,3.6101439394402712,-1.5625095387259758,-0.1647243168729291,-0.2126243168729291
2020-10-14,2.4953190551556004,2.1504951209890013,4.161024665763962,-0.34482393416659907,0.5996885997063566,2.0953190551556005,3.7510246657639614,-1.655705610608361,-0.17241196708329953,-0.2207119670832995
2020-10-15,2.4612630754600304,2.117776180428319,3.9954955930441924,-0.34348689503171137,0.6160094581870829,2.0612630754600305,3.5954955930441925,-1.534232517584162,-0.17174344751585569,-0.2209934475158557
2020-10-16,2.432484334658605,2.1205533732792796,3.9658629479983776,-0.3119309613793253,0.6133556218543335,2.032484334658605,3.5358629479983774,-1.5033786133397724,-0.15596548068966265,-0.20486548068966265
2020-10-17,2.432484334658605,2.1205533732792796,3.9658629479983776,-0.3119309613793253,0.6133556218543335,2.032484334658605,3.5358629479983774,-1.5033786133397724,-0.15596548068966265,-0.20486548068966265
2020-10-18,2.432484334658605,2.1205533732792796,3.9658629479983776,-0.3119309613793253,0.6133556218543335,2.032484334658605,3.5358629479983774,-1.5033786133397724,-0.15596548068966265,-0.20486548068966265
2020-10-19,2.4257405113737325,2.0529320311421317,3.8949194797747007,-0.37280848023160074,0.6227960613743029,2.0257405113737326,3.4949194797747007,-1.4691789684009682,-0.18640424011580037,-0.2340042401158004
2020-10-20,2.3891986981521756,2.01815483475607,3.7091968656892735,-0.3710438633961055,0.6441283071957398,1.9891986981521756,3.2991968656892734,-1.3099981675370977,-0.18552193169805276,-0.23382193169805277
2020-10-21,2.340116215230988,1.9881137982744195,3.64746142270477,-0.3520024169565683,0.6415739452826558,1.9401162152309879,3.3474614227047703,-1.4073452074737824,-0.17600120847828415,-0.22150120847828414
2020-10-22,2.370709984925019,2.045091865595468,3.678224367705666,-0.3256181193295511,0.64452565910322,1.9707099849250191,3.278224367705666,-1.307514382780647,-0.16280905966477555,-0.20900905966477556
2020-10-23,2.40198991520086,2.0599360507738886,3.707210125068456,-0.3420538644269713,0.6479238657011668,2.00198991520086,3.407210125068456,-1.405220209867596,-0.17102693221348564,-0.21912693221348567
2020-10-24,2.40198991520086,2.0599360507738886,3.707210125068456,-0.3420538644269713,0.6479238657011668,2.00198991520086,3.407210125068456,-1.405220209867596,-0.17102693221348564,-0.21912693221348567
2020-10-25,2.40198991520086,2.0599360507738886,3.707210125068456,-0.3420538644269713,0.6479238657011668,2.00198991520086,3.407210125068456,-1.405220209867596,-0.17102693221348564,-0.21912693221348567
2020-10-26,2.4013597032275165,2.0593955837405744,3.673420066862629,-0.34196411948694205,0.6537122516670015,2.0013597032275166,3.2834200668626288,-1.2820603636351122,-0.17098205974347103,-0.22188205974347103
2020-10-27,2.3616581606193066,2.0064153845758104,3.7230529033807995,-0.3552427760434962,0.6343337636902101,2.1381581606193065,3.3930529033807995,-1.254894742761493,-0.1776213880217481,-0.32352138802174807
2020-10-28,2.402753425547069,2.0256265309967754,3.7897422905061684,-0.37712689455029347,0.6340149913534491,2.167753425547069,3.4697422905061686,-1.3019888649590996,-0.18856344727514673,-0.3344634472751467
2020-10-29,2.3518310165862304,1.9745848983746972,3.8148439254435167,-0.3772461182115332,0.6164946882624575,2.1168310165862305,3.3648439254435165,-1.248012908857286,-0.1886230591057666,-0.32892305910576664
2020-10-30,2.3694011852415366,1.9620855312324774,3.818619722879656,-0.4073156540090592,0.620486290123372,2.1344011852415368,3.398619722879656,-1.2642185376381194,-0.2036578270045296,-0.3476578270045296
2020-10-31,2.3694011852415366,1.9620855312324774,3.818619722879656,-0.4073156540090592,0.620486290123372,2.1344011852415368,3.398619722879656,-1.2642185376381194,-0.2036578270045296,-0.3476578270045296
2020-11-01,2.3694011852415366,1.9620855312324774,3.818619722879656,-0.4073156540090592,0.620486290123372,2.1344011852415368,3.398619722879656,-1.2642185376381194,-0.2036578270045296,-0.3441578270045296
2020-11-02,2.3213845912724325,1.917837884661188,3.7571290295515474,-0.40354670661124437,0.6178612906327345,2.0863845912724326,3.3571290295515475,-1.2707444382791149,-0.20177335330562218,-0.3499733533056222
2020-11-03,2.2357550464185327,1.8535299448059972,3.7349077793062917,-0.38222510161253553,0.5986105088875296,2.000755046418533,3.454907779306292,-1.454152732887759,-0.19111255080626777,-0.33651255080626774
2020-11-04,2.220319318386953,1.9140956632851485,3.4827403320678574,-0.3062236551018047,0.6375207757934256,1.9853193183869533,3.1527403320678573,-1.167421013680904,-0.15311182755090236,-0.29986182755090235
2020-11-05,2.193952352926837,1.924974822070357,3.279859903127009,-0.2689775308564799,0.6689164835470958,1.9589523529268371,2.959859903127009,-1.0009075502001719,-0.13448876542823995,-0.28528876542823994
2020-11-06,2.313498097703567,2.0108572854098545,3.426639631732084,-0.30264081229371254,0.6751506859021966,2.078498097703567,3.096639631732084,-1.018141534028517,-0.15132040614685627,-0.29767040614685625
2020-11-07,2.313498097703567,2.0108572854098545,3.426639631732084,-0.30264081229371254,0.6751506859021966,2.078498097703567,3.096639631732084,-1.018141534028517,-0.15132040614685627,-0.29767040614685625
2020-11-08,2.313498097703567,2.0108572854098545,3.426639631732084,-0.30264081229371254,0.6751506859021966,2.078498097703567,3.096639631732084,-1.018141534028517,-0.15132040614685627,-0.29767040614685625
2020-11-09,2.0400403620888246,1.9095036704903887,3.4362526033002223,-0.13053669159843584,0.5936817218063488,1.8050403620888247,3.1262526033002223,-1.3212122412113976,-0.06526834579921792,-0.1992683457992179
2020-11-10,2.146194118560936,1.9028415067569076,3.3776040724254957,-0.24335261180402856,0.6354190936949368,1.796194118560936,3.0076040724254955,-1.2114099538645595,-0.12167630590201428,-0.29017630590201426
2020-11-11,2.130480068175362,1.838714449759439,3.380425552612417,-0.2917656184159232,0.6302401975777612,1.8204800681753621,3.1004255526124167,-1.2799454844370546,-0.1458828092079616,-0.3653828092079616
2020-11-12,2.2474614271742266,1.9059903930383437,3.3992821039937655,-0.34147103413588287,0.6611576675362477,1.9674614271742266,3.0692821039937654,-1.1018206768195389,-0.17073551706794143,-0.3696355170679414
2020-11-13,2.199741566309433,1.8929550436213878,3.1443648574879175,-0.3067865226880453,0.6995821623788409,1.919741566309433,2.9243648574879177,-1.0046232911784847,-0.15339326134402265,-0.3483932613440226
2020-11-14,2.199741566309433,1.8929550436213878,3.1443648574879175,-0.3067865226880453,0.6995821623788409,1.919741566309433,2.9243648574879177,-1.0046232911784847,-0.15339326134402265,-0.3483932613440226
2020-11-15,2.199741566309433,1.8929550436213878,3.1443648574879175,-0.3067865226880453,0.6995821623788409,1.919741566309433,2.9243648574879177,-1.0046232911784847,-0.15339326134402265,-0.3483932613440226
2020-11-16,2.0362685647897774,1.750671698689956,2.736426597009014,-0.2855968660998214,0.7441341810576875,1.7562685647897773,2.486426597009014,-0.7301580322192367,-0.1427984330499107,-0.33669843304991065
2020-11-17,2.006817064059018,1.6749122323379884,2.75318861137542,-0.3319048317210296,0.7289064961867853,1.661817064059018,2.45318861137542,-0.791371547316402,-0.1659524158605148,-0.3884524158605148
2020-11-18,1.725758207526932,1.4644657105939238,2.655351471976641,-0.26129249693300816,0.6499170545744286,1.380758207526932,2.305351471976641,-0.9245932644497088,-0.13064624846650408,-0.35184624846650414
2020-11-19,1.7700323686475121,1.521776462662302,2.8467654854226763,-0.24825590598521008,0.6217696461866106,1.3950323686475121,2.496765485422676,-1.101733116775164,-0.12412795299260504,-0.36642795299260505
2020-11-20,1.8900785360219128,1.5759558172031336,3.100643746934181,-0.3141227188187792,0.6095761687845509,1.520078536021913,2.750643746934181,-1.230565210912268,-0.1570613594093896,-0.35746135940938956
2020-11-21,1.8900785360219128,1.5759558172031336,3.100643746934181,-0.3141227188187792,0.6095761687845509,1.520078536021913,2.750643746934181,-1.230565210912268,-0.1570613594093896,-0.35746135940938956
2020-11-22,1.8900785360219128,1.5759558172031336,3.100643746934181,-0.3141227188187792,0.6095761687845509,1.520078536021913,2.750643746934181,-1.230565210912268,-0.1570613594093896,-0.35746135940938956
2020-11-23,2.0916681883829265,1.6698511584592561,3.0965314546969847,-0.4218170299236703,0.6754874668591441,1.7216681883829263,2.7265314546969845,-1.0048632663140582,-0.21090851496183516,-0.41050851496183516
2020-11-24,2.1301495049375374,1.7005721262420594,2.786181664673172,-0.42957737869547796,0.7645407806484186,1.7301495049375375,2.396181664673172,-0.6660321597356345,-0.21478868934773898,-0.47328868934773893
2020-11-25,1.9263174199362743,1.5689763972560926,2.1219831560570652,-0.35734102268018164,0.9077910983589688,1.5213174199362742,1.7719831560570651,-0.2506657361207909,-0.17867051134009082,-0.41752051134009077
2020-11-26,1.9263174199362743,1.5689763972560926,2.1219831560570652,-0.35734102268018164,0.9077910983589688,1.5213174199362742,1.7719831560570651,-0.2506657361207909,-0.17867051134009082,-0.42967051134009077
2020-11-27,2.123043295054445,1.6891161488151507,2.2504366763027033,-0.4339271462392942,0.9433917058899182,1.7180432950544449,1.9004366763027032,-0.18239338124825832,-0.2169635731196471,-0.473163573119647
2020-11-28,2.123043295054445,1.6891161488151507,2.2504366763027033,-0.4339271462392942,0.9433917058899182,1.7180432950544449,1.9004366763027032,-0.18239338124825832,-0.2169635731196471,-0.473163573119647
2020-11-29,2.123043295054445,1.6891161488151507,2.2504366763027033,-0.4339271462392942,0.9433917058899182,1.7180432950544449,1.9004366763027032,-0.18239338124825832,-0.2169635731196471,-0.473163573119647
2020-11-30,1.7868341250955853,1.5122182247222602,1.545206005642503,-0.27461590037332506,1.1563727545523046,1.3818341250955852,1.1952060056425031,0.1866281194530821,-0.13730795018666253,-0.3914079501866625
2020-12-01,1.308296782093061,1.0707246047647097,1.5923891962517922,-0.23757217732835145,0.8215936061187583,0.8832967820930611,1.212389196251792,-0.32909241415873103,-0.11878608866417573,-0.11428608866417572
2020-12-02,1.2335412078702301,0.9834990711397515,1.519525080333344,-0.2500421367304786,0.8117939110288482,0.8085412078702301,1.129525080333344,-0.320983872463114,-0.1250210683652393,-0.1220210683652393
2020-12-03,1.1930966104457166,0.9616489073264292,1.4670355083719193,-0.23144770311928742,0.8132704379935469,0.7680966104457165,1.0670355083719194,-0.2989388979262029,-0.11572385155964371,-0.1117238515596437
2020-12-04,1.3264554163596167,1.074483250178197,1.5330197447264988,-0.2519721661814198,0.8652565767156936,0.9064554163596168,1.1530197447264987,-0.2465643283668819,-0.1259860830907099,-0.09348608309070994
2020-12-05,1.3264554163596167,1.074483250178197,1.5330197447264988,-0.2519721661814198,0.8652565767156936,0.9064554163596168,1.1530197447264987,-0.2465643283668819,-0.1259860830907099,-0.09348608309070994
2020-12-06,1.3264554163596167,1.074483250178197,1.5330197447264988,-0.2519721661814198,0.8652565767156936,0.9064554163596168,1.1530197447264987,-0.2465643283668819,-0.1259860830907099,-0.09348608309070994
2020-12-07,1.340672516213388,1.0911391070581558,1.4757668764389336,-0.24953340915523214,0.9084581973058427,0.920672516213388,1.0257668764389336,-0.10509436022554564,-0.12476670457761607,-0.09116670457761611
2020-12-08,1.3668525598200802,1.0859595571872909,1.312217674379142,-0.2808930026327894,1.0416355354051972,0.9468525598200803,0.782217674379142,0.1646348854409383,-0.1404465013163947,-0.10919650131639475
2020-12-09,1.3607260893414095,1.091410050067537,1.2792215335625594,-0.2693160392738725,1.0637141836972244,0.9307260893414095,0.6792215335625594,0.2515045557788501,-0.13465801963693624,-0.07930801963693623
2020-12-10,1.3615407180005343,1.108123203314712,1.1022402693276017,-0.2534175146858224,1.235248571376469,0.9315407180005344,0.4022402693276017,0.5293004486729327,-0.1267087573429112,-0.08070875734291122
2020-12-11,1.3238652452276496,1.0883908532486626,1.053339248726944,-0.235474391978987,1.2568270353807294,0.8938652452276495,0.44333924872694397,0.4505259965007056,-0.1177371959894935,-0.06103719598949353
2020-12-12,1.3238652452276496,1.0883908532486626,1.053339248726944,-0.235474391978987,1.2568270353807294,0.8938652452276495,0.44333924872694397,0.4505259965007056,-0.1177371959894935,-0.06103719598949353
2020-12-13,1.3238652452276496,1.0883908532486626,1.053339248726944,-0.235474391978987,1.2568270353807294,0.8938652452276495,0.44333924872694397,0.4505259965007056,-0.1177371959894935,-0.06103719598949353
2020-12-14,1.3321750811100348,1.1113288432784885,1.1289367065998333,-0.22084623783154633,1.1800263675740699,0.8071750811100348,0.47893670659983323,0.32823837451020155,-0.11042311891577317,0.08527688108422693
2020-12-15,1.3484045250117613,1.0974319914679669,1.1255358268963294,-0.25097253354379445,1.198011198568413,0.8134045250117613,0.49553582689632936,0.31786869811543195,-0.12548626677189723,-0.017536266771897235
2020-12-16,1.2800070017477316,1.031699632556208,1.2249929981703536,-0.24830736919152363,1.0449096473690436,0.7900070017477316,0.6049929981703536,0.18501400357737807,-0.12415368459576182,-0.014353684595761862
2020-12-17,1.3233680254201132,1.0614459252270245,1.1947094658183661,-0.2619221001930887,1.1076902487866513,0.8333680254201132,0.544709465818366,0.28865855960174724,-0.13096105009654435,-0.012461050096544357
2020-12-18,1.324418929140866,1.046666938603322,1.1334919802293166,-0.27775199053754385,1.1684413760677186,0.7044189291408659,0.3334919802293166,0.3709269489115493,-0.13887599526877192,0.04607400473122808
2020-12-19,1.324418929140866,1.046666938603322,1.1334919802293166,-0.27775199053754385,1.1684413760677186,0.7044189291408659,0.3334919802293166,0.3709269489115493,-0.13887599526877192,0.04607400473122808
2020-12-20,1.324418929140866,1.046666938603322,1.1334919802293166,-0.27775199053754385,1.1684413760677186,0.7044189291408659,0.3334919802293166,0.3709269489115493,-0.13887599526877192,0.04607400473122808
2020-12-21,1.3611174125806285,1.0814030028524106,1.1633695208371697,-0.2797144097282178,1.169978573618774,0.3861174125806285,0.21336952083716976,0.17274789174345873,-0.1398572048641089,0.42114279513589103
2020-12-22,1.370214331608195,1.0886304730634222,1.2249339543603153,-0.28158385854477275,1.1186026207623152,0.505214331608195,0.47493395436031527,0.030280377247879686,-0.14079192927238637,0.49185807072761356
2020-12-23,1.3645236485846373,1.0841092453918955,1.2522285557440862,-0.2804144031927418,1.089676195551877,0.5445236485846373,0.4022285557440862,0.14229509284055109,-0.1402072015963709,0.36249279840362925
2020-12-24,1.3608283052287635,1.1125116648327782,1.275636109613529,-0.24831664039598533,1.066784089109115,0.4358283052287635,0.5456361096135289,-0.10980780438476545,-0.12415832019799267,0.41384167980200737
2020-12-25,1.3608283052287635,1.1125116648327782,1.275636109613529,-0.24831664039598533,1.066784089109115,0.49582830522876353,0.32563610961352896,0.17019219561523458,-0.12415832019799267,0.41384167980200737
2020-12-26,1.3608283052287635,1.1125116648327782,1.275636109613529,-0.24831664039598533,1.066784089109115,0.49582830522876353,0.32563610961352896,0.17019219561523458,-0.12415832019799267,0.41384167980200737
2020-12-27,1.3608283052287635,1.1125116648327782,1.275636109613529,-0.24831664039598533,1.066784089109115,0.49582830522876353,0.32563610961352896,0.17019219561523458,-0.12415832019799267,0.41384167980200737
2020-12-28,1.4277524796382584,1.161245776099239,1.2675437756620165,-0.2665067035390194,1.1263930343491038,0.5627524796382584,0.3175437756620165,0.24520870397624184,-0.1332533517695097,0.4012466482304903
2020-12-29,1.425856796809061,1.159703944647623,1.3281333535930184,-0.266152852161438,1.073579541505881,0.560856796809061,0.3781333535930185,0.1827234432160425,-0.133076426080719,0.37422357391928107
2020-12-30,1.4179495947564071,1.184442247184771,1.3325494323400826,-0.23350734757163605,1.0640878006801997,0.5079495947564071,0.8525494323400826,-0.3445998375836755,-0.11675367378581802,0.15554632621418196
2020-12-31,1.4488748413616204,1.1989505290174645,1.3630168105406621,-0.2499243123441559,1.0629911752789765,0.5388748413616204,0.8830168105406622,-0.3441419691790417,-0.12496215617207795,0.14103784382792206
2021-01-01,1.4488748413616204,1.1989505290174645,1.3630168105406621,-0.2499243123441559,1.0629911752789765,0.5388748413616203,0.8830168105406622,-0.34414196917904183,-0.12496215617207795,0.14203784382792217
2021-01-02,1.4488748413616204,1.1989505290174645,1.3630168105406621,-0.2499243123441559,1.0629911752789765,0.5388748413616203,0.8830168105406622,-0.34414196917904183,-0.12496215617207795,0.14203784382792217
2021-01-03,1.4488748413616204,1.1989505290174645,1.3630168105406621,-0.2499243123441559,1.0629911752789765,0.5388748413616202,0.8830168105406622,-0.34414196917904194,-0.12496215617207795,0.14203784382792217
2021-01-04,1.4105428500279495,1.1672306316351573,1.5097016302381316,-0.24331221839279227,0.934318955332557,0.5005428500279495,1.0597016302381317,-0.5591587802101822,-0.12165610919639613,0.1430438908036039
2021-01-05,1.3736930836634162,1.1625722203954822,1.5159782686056835,-0.211120863267934,0.9061429916979393,0.9686930836634162,1.0759782686056836,-0.10728518494226735,-0.105560431633967,-0.119710431633967
2021-01-06,1.406657111344399,1.2059307053664199,1.527678256409812,-0.2007264059779792,0.9207809991680945,1.001657111344399,1.047678256409812,-0.04602114506541288,-0.1003632029889896,-0.10811320298898963
2021-01-07,1.4029816903803929,1.1565189977520698,1.4937570696382847,-0.2464626926283231,0.9392301592387622,0.9979816903803929,1.0437570696382847,-0.04577537925789188,-0.12323134631416155,-0.13253134631416158
2021-01-08,1.429513355976514,1.1736397301164456,1.4851712438375988,-0.25587362586006845,0.9625242623757865,1.024513355976514,1.0451712438375989,-0.0206578878610848,-0.12793681293003423,-0.13723681293003426
2021-01-09,1.429513355976514,1.1736397301164456,1.4851712438375988,-0.25587362586006845,0.9625242623757865,1.024513355976514,1.0451712438375989,-0.0206578878610848,-0.12793681293003423,-0.13723681293003426
2021-01-10,1.429513355976514,1.1736397301164456,1.4851712438375988,-0.25587362586006845,0.9625242623757865,1.024513355976514,1.0451712438375989,-0.0206578878610848,-0.12793681293003423,-0.13723681293003426
2021-01-11,1.3516830101871193,1.1798176774243982,1.3771425459242275,-0.1718653327627211,0.981512781075236,0.9466830101871193,1.0071425459242276,-0.06045953573710827,-0.08593266638136055,-0.09153266638136054
2021-01-12,1.3234345331860398,1.1520389133144127,1.3921696900167138,-0.1713956198716271,0.9506273140957057,1.1084345331860397,0.9521696900167138,0.15626484316932587,-0.08569780993581355,-0.13699780993581356
2021-01-13,1.282905287050013,1.1135768885070911,1.3154756867783655,-0.16932839854292192,0.9752405916310638,1.067905287050013,0.9754756867783654,0.0924296002716476,-0.08466419927146096,-0.13376419927146094
2021-01-14,1.3182877639093091,1.1316203776672185,1.349495082983806,-0.18666738624209067,0.976874818242764,1.0982877639093092,0.999495082983806,0.0987926809255032,-0.09333369312104534,-0.13393369312104536
2021-01-15,1.26708785605584,1.0642882035119572,1.257889830474972,-0.20279965254388288,1.0073122664306737,1.04208785605584,0.9378898304749719,0.1041980255808681,-0.10139982627194144,-0.15279982627194144
2021-01-16,1.26708785605584,1.0642882035119572,1.257889830474972,-0.20279965254388288,1.0073122664306737,1.04208785605584,0.9378898304749719,0.1041980255808681,-0.10139982627194144,-0.15279982627194144
2021-01-17,1.26708785605584,1.0642882035119572,1.257889830474972,-0.20279965254388288,1.0073122664306737,1.04208785605584,0.9378898304749719,0.1041980255808681,-0.10139982627194144,-0.15279982627194144
2021-01-18,1.26708785605584,1.0642882035119572,1.257889830474972,-0.20279965254388288,1.0073122664306737,1.04208785605584,0.9178898304749719,0.12419802558086812,-0.10139982627194144,-0.15639982627194146
2021-01-19,1.2599956894884154,1.010225189350402,1.2353352497863608,-0.2497705001380135,1.0199625483902603,1.0249956894884154,0.9153352497863607,0.10966043970205464,-0.12488525006900675,-0.18578525006900676
2021-01-20,1.2095510949070964,0.9801811929929414,1.1681425388395112,-0.22936990191415507,1.0354482048986269,0.9845510949070965,0.8181425388395113,0.1664085560675852,-0.11468495095707754,-0.22288495095707755
2021-01-21,1.1118367925324815,0.9330530074266233,1.0728593222724971,-0.17878378510585813,1.036330457731796,0.8868367925324815,0.7928593222724971,0.09397747025998437,-0.08939189255292906,-0.19989189255292908
2021-01-22,1.2162628588751727,1.0015172898624123,1.0853695773216911,-0.21474556901276043,1.1205978906065157,0.9462628588751727,0.7753695773216911,0.1708932815534816,-0.10737278450638021,-0.1657727845063802
2021-01-23,1.2162628588751727,1.0015172898624123,1.0853695773216911,-0.21474556901276043,1.1205978906065157,0.9462628588751727,0.7753695773216911,0.1708932815534816,-0.10737278450638021,-0.1657727845063802
2021-01-24,1.2162628588751727,1.0015172898624123,1.0853695773216911,-0.21474556901276043,1.1205978906065157,0.9462628588751727,0.7753695773216911,0.1708932815534816,-0.10737278450638021,-0.1657727845063802
2021-01-25,1.2498081434867305,1.0179628019425906,1.1579107173642207,-0.23184534154413994,1.0793648635809314,0.9798081434867305,0.8379107173642206,0.14189742612250988,-0.11592267077206997,-0.17412267077206994
2021-01-26,1.2856777875352905,1.0522129686133939,1.178571566126429,-0.23346481892189663,1.0908779954372085,0.9906777875352906,0.8785715661264291,0.1121062214088615,-0.11673240946094832,-0.15868240946094828
2021-01-27,1.3229323898865493,1.0716294543486449,1.2319779638658732,-0.2513029355379044,1.0738279650191684,1.0479323898865491,0.9219779638658732,0.12595442602067597,-0.1256514677689522,-0.16510146776895215
2021-01-28,1.0955761042678438,0.9312124761064541,1.0472780257544243,-0.16436362816138972,1.0461177235898054,0.8705761042678438,0.7272780257544242,0.14329807851341958,-0.08218181408069486,-0.13603181408069484
2021-01-29,0.9909102336254376,0.8625792361559285,0.855182932400302,-0.12833099746950916,1.1587114242846035,0.7659102336254376,0.5551829324003019,0.21072730122513572,-0.06416549873475458,-0.11451549873475456
2021-01-30,0.9909102336254376,0.8625792361559285,0.855182932400302,-0.12833099746950916,1.1587114242846035,0.7659102336254376,0.5551829324003019,0.21072730122513572,-0.06416549873475458,-0.11451549873475456
2021-01-31,0.9909102336254376,0.8625792361559285,0.855182932400302,-0.12833099746950916,1.1587114242846035,0.7659102336254376,0.5551829324003019,0.21072730122513572,-0.06416549873475458,-0.11451549873475456
2021-02-01,0.687459591288875,0.5540999437984343,-1.0833113216063466,-0.1333596474904407,-0.6345909782143715,0.462459591288875,-0.8333113216063466,1.2957709128952215,-0.06667982374522036,-0.11797982374522034
2021-02-02,0.7987382893318064,0.6759813801107387,0.648237031223415,-0.12275690922106763,1.2321701026927618,0.6087382893318063,1.048237031223415,-0.43949874189160876,-0.06137845461053382,-0.1315284546105338
2021-02-03,0.831248285550411,0.7235948190610956,0.6364964892097367,-0.1076534664893154,1.305974659157154,0.626248285550411,0.8364964892097366,-0.21024820365932562,-0.0538267332446577,-0.11932673324465767
2021-02-04,0.8856859524151665,0.7742771582747057,0.8323574587851613,-0.11140879414046079,1.0640692205820308,0.6706859524151665,1.0323574587851614,-0.3616715063699949,-0.055704397070230394,-0.0767543970702304
2021-02-05,0.8750362261257838,0.7812429358096731,0.8518595596663024,-0.09379329031611072,1.0272071448826146,0.6550362261257838,1.1518595596663024,-0.49682333354051855,-0.04689664515805536,-0.05439664515805537
2021-02-06,0.8750362261257838,0.7812429358096731,0.8518595596663024,-0.09379329031611072,1.0272071448826146,0.6550362261257838,1.1518595596663024,-0.49682333354051855,-0.04689664515805536,-0.05439664515805537
2021-02-07,0.8750362261257838,0.7812429358096731,0.8518595596663024,-0.09379329031611072,1.0272071448826146,0.6550362261257838,1.1518595596663024,-0.49682333354051855,-0.04689664515805536,-0.05439664515805537
2021-02-08,0.8649224064802344,0.7561254202931266,0.5564353892907546,-0.10879698618710787,1.5543986294306056,0.6449224064802345,1.2564353892907545,-0.61151298281052,-0.054398493093553935,-0.06889849309355395
2021-02-09,0.8965755793843112,0.7868852459016539,0.7968785334563142,-0.10969033348265733,1.1251094636664127,0.6865755793843112,1.6968785334563141,-1.010302954072003,-0.054845166741328666,-0.06734516674132865
2021-02-10,0.9602710834230452,0.8006782634533965,0.9153883317048003,-0.1595928199696487,1.0490313784475014,0.7652710834230452,1.4653883317048004,-0.7001172482817553,-0.07979640998482435,-0.11379640998482435
2021-02-11,1.0020300386338248,0.8399530487783065,0.9600773880561387,-0.16207698985551833,1.0436971551456151,0.8070300386338247,1.0900773880561387,-0.283047349422314,-0.08103849492775916,-0.11348849492775917
2021-02-12,0.9370746908025224,0.7930570641422895,0.8638230890313481,-0.14401762666023288,1.0847993098370585,0.7420746908025224,0.813823089031348,-0.07174839822882562,-0.07200881333011644,-0.10100881333011644
2021-02-13,0.9370746908025224,0.7930570641422895,0.8638230890313481,-0.14401762666023288,1.0847993098370585,0.7420746908025224,0.813823089031348,-0.07174839822882562,-0.07200881333011644,-0.10100881333011644
2021-02-14,0.9370746908025224,0.7930570641422895,0.8638230890313481,-0.14401762666023288,1.0847993098370585,0.7420746908025224,0.813823089031348,-0.07174839822882562,-0.07200881333011644,-0.10100881333011644
2021-02-15,0.9370746908025224,0.7930570641422895,0.8638230890313481,-0.14401762666023288,1.0847993098370585,0.7420746908025224,0.813823089031348,-0.07174839822882562,-0.07200881333011644,-0.09950881333011644
2021-02-16,0.9835972903967674,0.8037252025260084,0.9287117723816077,-0.17987208787075892,1.059098548815,0.7635972903967674,0.9287117723816077,-0.16511448198484036,-0.08993604393537946,-0.11873604393537945
2021-02-17,1.032552163005568,0.8156033615434846,0.9074459178436932,-0.2169488014620835,1.1378663374883617,0.8125521630055681,0.9074459178436932,-0.09489375483812512,-0.10847440073104175,-0.13547440073104175
2021-02-18,1.0312723800429697,0.8145924728700222,0.8717984111473773,-0.2166799071729475,1.1829252804965635,0.8312723800429698,1.1217984111473773,-0.29052603110440756,-0.10833995358647375,-0.13328995358647375
2021-02-19,0.9955505375400279,0.7968906507386843,0.8445143260666959,-0.1986598868013436,1.1788438713370077,0.7955505375400278,1.394514326066696,-0.5989637885266681,-0.0993299434006718,-0.1077299434006718
2021-02-20,0.9955505375400279,0.7968906507386843,0.8445143260666959,-0.1986598868013436,1.1788438713370077,0.7955505375400278,1.394514326066696,-0.5989637885266681,-0.0993299434006718,-0.1077299434006718
2021-02-21,0.9955505375400279,0.7968906507386843,0.8445143260666959,-0.1986598868013436,1.1788438713370077,0.7955505375400278,1.394514326066696,-0.5989637885266681,-0.0993299434006718,-0.1077299434006718
2021-02-22,0.9447437382609813,0.7832301717667205,0.9666206510096561,-0.16151356649426085,0.9773676335946021,0.7447437382609814,1.316620651009656,-0.5718769127486747,-0.08075678324713043,0.04319321675286958
2021-02-23,0.9122640384952285,0.751634669239881,1.1509987163759607,-0.16062936925534754,0.7925847574944191,0.7122640384952286,1.3509987163759607,-0.6387346778807321,-0.08031468462767377,-0.018014684627673763
2021-02-24,0.9841990797172508,0.8042169416231282,1.4616932221332166,-0.17998213809412267,0.6733280724124151,0.7841990797172509,1.5616932221332167,-0.7774941424159658,-0.08999106904706133,-0.07379106904706133
2021-02-25,1.031040032993281,0.8975118975728171,1.0249979683922998,-0.13352813542046382,1.0058947088553336,0.831040032993281,1.1249979683923,-0.29395793539901893,-0.06676406771023191,-0.0751640677102319
2021-02-26,0.9882430450434745,0.8875672313212692,0.8494140409134487,-0.10067581372220524,1.1634409103724384,0.7882430450434745,0.8494140409134487,-0.06117099586997421,-0.05033790686110262,-0.07883790686110259
2021-02-27,0.9882430450434745,0.8875672313212692,0.8494140409134487,-0.10067581372220524,1.1634409103724384,0.7882430450434745,0.8494140409134487,-0.06117099586997421,-0.05033790686110262,-0.07883790686110259
2021-02-28,0.9882430450434745,0.8875672313212692,0.8494140409134487,-0.10067581372220524,1.1634409103724384,0.7882430450434745,0.8494140409134487,-0.06117099586997421,-0.05033790686110262,-0.07883790686110259
2021-03-01,0.9915696902328255,0.8905549794011666,0.6194088823725037,-0.10101471083165892,1.6008322102757797,0.7915696902328255,0.6194088823725037,0.17216080786032184,-0.05050735541582946,-0.08450735541582943
2021-03-02,1.0207034641346242,0.8851097309115196,0.6147769695276483,-0.13559373322310464,1.6602825328978434,0.8207034641346242,0.5147769695276483,0.30592649460697596,-0.06779686661155232,-0.09674686661155232
2021-03-03,1.0312924148640776,0.8942920092715992,0.6486055291757535,-0.1370004055924784,1.5900148371763678,0.8312924148640777,0.5986055291757535,0.23268688568832419,-0.0685002027962392,-0.10280020279623917
2021-03-04,1.0763264976634745,0.9022321570578057,0.7880905608771558,-0.17409434060566886,1.3657396130534898,0.8763264976634746,0.7380905608771557,0.13823593678631885,-0.08704717030283443,-0.12714717030283443
2021-03-05,1.113644641583019,0.9207738747303472,0.723497527077728,-0.1928707668526718,1.539251483113053,0.9136446415830191,0.623497527077728,0.29014711450529107,-0.0964353834263359,-0.14193538342633588
2021-03-06,1.113644641583019,0.9207738747303472,0.723497527077728,-0.1928707668526718,1.539251483113053,0.9136446415830191,0.623497527077728,0.29014711450529107,-0.0964353834263359,-0.14193538342633588
2021-03-07,1.113644641583019,0.9207738747303472,0.723497527077728,-0.1928707668526718,1.539251483113053,0.9136446415830191,0.623497527077728,0.29014711450529107,-0.0964353834263359,-0.14193538342633588
2021-03-08,1.018161249267675,0.8616815490728779,0.5605261160406049,-0.15647970019479718,1.816438556796734,0.8181612492676751,0.5605261160406049,0.2576351332270702,-0.07823985009739859,-0.12568985009739858
2021-03-09,0.9950926531953862,0.859345236219683,0.6085790867932933,-0.13574741697570325,1.6351081967648586,0.7750926531953862,0.5585790867932933,0.21651356640209296,-0.06787370848785163,-0.07987370848785164
2021-03-10,0.9568228755480728,0.805485681206675,0.5646421110086872,-0.1513371943413978,1.694565206691344,0.7368228755480728,0.46464211100868724,0.27218076453938556,-0.0756685971706989,-0.08676859717069893
2021-03-11,0.9209570869419395,0.787981568083344,0.5182212992709158,-0.1329755188585955,1.7771502025054386,0.7009570869419395,0.43822129927091574,0.26273578767102373,-0.06648775942929774,-0.08838775942929775
2021-03-12,0.9224564937586841,0.7721065545173953,0.523861313411412,-0.1503499392412888,1.7608792062761798,0.7024564937586841,0.44386131341141194,0.2585951803472722,-0.0751749696206444,-0.11117496962064441
2021-03-13,0.9224564937586841,0.7721065545173953,0.523861313411412,-0.1503499392412888,1.7608792062761798,0.7024564937586841,0.44386131341141194,0.2585951803472722,-0.0751749696206444,-0.11117496962064441
2021-03-14,0.9224564937586841,0.7721065545173953,0.523861313411412,-0.1503499392412888,1.7608792062761798,0.7024564937586841,0.44386131341141194,0.2585951803472722,-0.0751749696206444,-0.11117496962064441
2021-03-15,0.9174419835565846,0.7849740048463456,0.6285982259560886,-0.13246797871023896,1.4595045701269183,0.6974419835565846,0.5285982259560886,0.16884375760049597,-0.06623398935511948,-0.1034339893551195
2021-03-16,0.8107861982254589,0.7330593673905945,0.6354878346319138,-0.07772683083486442,1.2758484962895964,0.590786198225459,0.5554878346319139,0.0352983635935451,-0.03886341541743221,-0.05196341541743221
2021-03-17,0.74191183614352,0.6834160551516757,0.6341465255941997,-0.05849578099184427,1.169937555753922,0.52191183614352,0.5041465255941997,0.01776531054932029,-0.029247890495922135,-0.031247890495922137
2021-03-18,0.7395993836671482,0.6812859271875665,0.6046991093130737,-0.05831345647958164,1.2230866099791655,0.5195993836671482,0.45469910931307367,0.06490027435407453,-0.02915672823979082,-0.031356728239790826
2021-03-19,0.770725659617592,0.6946294227328149,0.605388329831948,-0.07609623688477707,1.273109542484145,0.550725659617592,0.477888329831948,0.072837329785644,-0.038048118442388534,-0.04974811844238855
2021-03-20,0.770725659617592,0.6946294227328149,0.605388329831948,-0.07609623688477707,1.273109542484145,0.550725659617592,0.477888329831948,0.072837329785644,-0.038048118442388534,-0.04974811844238855
2021-03-21,0.770725659617592,0.6946294227328149,0.605388329831948,-0.07609623688477707,1.273109542484145,0.550725659617592,0.477888329831948,0.072837329785644,-0.038048118442388534,-0.04974811844238855
2021-03-22,0.8074275533678071,0.7300227023856206,0.5954543170120667,-0.07740485098218652,1.3559857243447355,0.6024275533678072,0.46795431701206675,0.13447323635574043,-0.03870242549109326,-0.05190242549109325
2021-03-23,0.8488822559046271,0.7526292132269039,0.7018241579572505,-0.09625304267772317,1.2095369563444611,0.6438822559046271,0.5743241579572504,0.06955809794737666,-0.04812652133886158,-0.07612652133886161
2021-03-24,0.8097102645444535,0.6810107713203664,0.7718841835862318,-0.12869949322408714,1.0490048659663926,0.5947102645444535,0.6093841835862318,-0.014673919041778283,-0.06434974661204357,-0.06384974661204357
2021-03-25,0.7781420679125616,0.6842083756608075,0.8011168511395044,-0.09393369225175408,0.9713215579047382,0.5606420679125615,0.6386168511395044,-0.07797478322694285,-0.04696684612587704,-0.05654684612587704
2021-03-26,0.8453540262431869,0.7154328131934973,0.8929772042763746,-0.12992121304968962,0.9466692119293468,0.6153540262431869,0.7304772042763746,-0.11512317803318772,-0.06496060652484481,-0.08189060652484478
2021-03-27,0.8453540262431869,0.7154328131934973,0.8929772042763746,-0.12992121304968962,0.9466692119293468,0.6153540262431869,0.7304772042763746,-0.11512317803318772,-0.06496060652484481,-0.08189060652484478
2021-03-28,0.8453540262431869,0.7154328131934973,0.8929772042763746,-0.12992121304968962,0.9466692119293468,0.6153540262431869,0.7304772042763746,-0.11512317803318772,-0.06496060652484481,-0.08189060652484478
2021-03-29,0.8552778762182769,0.7410655641959936,0.9291669065690416,-0.11421231202228332,0.9204781941453332,0.6305778762182769,0.7666669065690416,-0.1360890303507647,-0.05710615601114166,-0.07970615601114167
2021-03-30,0.760945384050914,0.7009489095863526,0.9780236722479463,-0.05999647446456147,0.7780439325174136,0.533445384050914,0.8168236722479463,-0.28337828819703226,-0.029998237232280733,-0.052998237232280726
2021-03-31,0.6408595429721875,0.637065747863542,0.9622761037440355,-0.0037937951086455257,0.6659830172221085,0.4333595429721875,0.8010761037440355,-0.367716560771848,-0.0018968975543227629,-0.06249689755432278
2021-04-01,0.6707486889020028,0.5975392763514821,0.8279516476237823,-0.07320941255052071,0.8101302664558355,0.45074868890200276,0.6667516476237823,-0.2160029587217795,-0.03660470627526036,-0.07660470627526039
2021-04-02,0.6707486889020028,0.5975392763514821,0.8279516476237823,-0.07320941255052071,0.8101302664558355,0.4507486889020028,0.6667516476237823,-0.21600295872177944,-0.03660470627526036,-0.07670470627526038
2021-04-03,0.6707486889020028,0.5975392763514821,0.8279516476237823,-0.07320941255052071,0.8101302664558355,0.4507486889020028,0.6667516476237823,-0.21600295872177944,-0.03660470627526036,-0.07670470627526038
2021-04-04,0.6707486889020028,0.5975392763514821,0.8279516476237823,-0.07320941255052071,0.8101302664558355,0.4507486889020028,0.6667516476237823,-0.21600295872177944,-0.03660470627526036,-0.07670470627526038
2021-04-05,0.6705934948509722,0.6144696216839736,0.857381018536843,-0.05612387316699863,0.7821417553602579,0.4505934948509722,0.696181018536843,-0.24558752368587078,-0.028061936583499314,-0.07721193658349931
2021-04-06,0.7001371101840776,0.6263931604638774,0.8421889895487004,-0.07374394972020026,0.831330163268053,0.47513711018407767,0.6809889895487004,-0.20585187936462268,-0.03687197486010013,-0.05947197486010014
2021-04-07,0.7006999213658978,0.6438398457796795,0.818146223508461,-0.056860075586218306,0.8564482744430236,0.46319992136589777,0.656946223508461,-0.19374630214256322,-0.028430037793109153,-0.037930037793109134
2021-04-08,0.7287884951674065,0.6545442339501236,0.7612042148158771,-0.07424426121728289,0.9574152126097838,0.4887884951674065,0.6000042148158771,-0.11121571964847055,-0.037122130608641446,-0.06407213060864145
2021-04-09,0.6994148229314806,0.6595711096579404,0.7923227550046699,-0.03984371327354019,0.8827397907149067,0.4769148229314806,0.6311227550046699,-0.15420793207318928,-0.019921856636770097,-0.03912185663677009
2021-04-10,0.6994148229314806,0.6595711096579404,0.7923227550046699,-0.03984371327354019,0.8827397907149067,0.4769148229314806,0.6311227550046699,-0.15420793207318928,-0.019921856636770097,-0.03912185663677009
2021-04-11,0.6994148229314806,0.6595711096579404,0.7923227550046699,-0.03984371327354019,0.8827397907149067,0.4769148229314806,0.6311227550046699,-0.15420793207318928,-0.019921856636770097,-0.03912185663677009
2021-04-12,0.6690841079807363,0.6471469241125541,0.8069157425701197,-0.02193718386818211,0.8291870794955942,0.4515841079807363,0.7344157425701197,-0.2828316345893834,-0.010968591934091054,-0.02216859193409107
2021-04-13,0.6633795112716643,0.641629363361118,0.835597484438963,-0.021750147910546302,0.7938984063805202,0.4383795112716643,0.759797484438963,-0.3214179731672987,-0.010875073955273151,-0.030775073955273125
2021-04-14,0.6676968461085991,0.6628000185055432,0.8092672662951778,-0.0048968276030559865,0.8250634542100196,0.44269684610859916,0.7334672662951778,-0.2907704201865786,-0.0024484138015279933,-0.015248413801527999
2021-04-15,0.6907057861958612,0.6680596948451772,0.7728228998033146,-0.02264609135068396,0.8937439436275084,0.47570578619586124,0.6970228998033147,-0.22131711360745343,-0.01132304567534198,-0.04825304567534197
2021-04-16,0.685506675121249,0.6630310464287491,0.7912559932931668,-0.02247562869249986,0.8663525849178159,0.470506675121249,0.6737559932931667,-0.20324931817191771,-0.01123781434624993,-0.04773781434624991
2021-04-17,0.685506675121249,0.6630310464287491,0.7912559932931668,-0.02247562869249986,0.8663525849178159,0.470506675121249,0.6737559932931667,-0.20324931817191771,-0.01123781434624993,-0.04773781434624991
2021-04-18,0.685506675121249,0.6630310464287491,0.7912559932931668,-0.02247562869249986,0.8663525849178159,0.470506675121249,0.6737559932931667,-0.20324931817191771,-0.01123781434624993,-0.04773781434624991
2021-04-19,0.7236845883900784,0.6666259284154857,0.8223052846439242,-0.057058659974592696,0.8800680257131624,0.5011845883900784,0.7048052846439241,-0.2036206962538457,-0.028529329987296348,-0.06687932998729637
2021-04-20,0.6862005077883757,0.6637021304838389,0.7993706542150975,-0.022498377304536854,0.8584259431717023,0.4737005077883757,0.5993706542150974,-0.1256701464267217,-0.011249188652268427,-0.03019918865226845
2021-04-21,0.7146037210437081,0.6582610389004847,0.7996199337352303,-0.056342682143223355,0.8936792229598508,0.502103721043708,0.5996199337352304,-0.09751621269152233,-0.028171341071611677,-0.03917134107161169
2021-04-22,0.684814244136278,0.6789203510514835,0.8791594133928122,-0.005893893084794488,0.7789420595446664,0.472314244136278,0.6791594133928123,-0.2068451692565343,-0.002946946542397244,-0.008046946542397265
2021-04-23,0.720753702443173,0.6639261271529189,0.882699652641374,-0.05682757529025417,0.8165333477660301,0.5095537024431731,0.682699652641374,-0.1731459501982009,-0.028413787645127087,-0.06319378764512709
2021-04-24,0.720753702443173,0.6639261271529189,0.882699652641374,-0.05682757529025417,0.8165333477660301,0.5095537024431731,0.682699652641374,-0.1731459501982009,-0.028413787645127087,-0.06319378764512709
2021-04-25,0.720753702443173,0.6639261271529189,0.882699652641374,-0.05682757529025417,0.8165333477660301,0.5095537024431731,0.682699652641374,-0.1731459501982009,-0.028413787645127087,-0.06319378764512709
2021-04-26,0.7540997030256503,0.6299148786078815,0.8556690262198815,-0.12418482441776879,0.8812983524214526,0.5465997030256503,0.6306690262198815,-0.08406932319423122,-0.062092412208884395,-0.09859241220888437
2021-04-27,0.7546508215403418,0.6635528833215983,0.8938492001911654,-0.09109793821874346,0.8442708472289805,0.5621508215403418,0.6688492001911654,-0.10669837865082366,-0.04554896910937173,-0.07559896910937175
2021-04-28,0.7567353747989294,0.6487511540284725,0.7466133730521072,-0.10798422077045688,1.013557219991177,0.5692353747989294,0.5301133730521072,0.03912200174682223,-0.05399211038522844,-0.11649211038522844
2021-04-29,0.7591318675315047,0.6841803232335073,0.7248779757279147,-0.07495154429799744,1.0472547007228254,0.5741318675315048,0.5083779757279147,0.06575389180359015,-0.03747577214899872,-0.08597577214899871
2021-04-30,0.7248718290452758,0.6343335834190319,0.4565535407312241,-0.09053824562624391,1.5877038821871985,0.5273718290452758,0.24005354073122412,0.2873182883140517,-0.045269122813121954,-0.08926912281312194
2021-05-01,0.7248718290452758,0.6343335834190319,0.4565535407312241,-0.09053824562624391,1.5877038821871985,0.5273718290452758,0.24005354073122412,0.2873182883140517,-0.045269122813121954,-0.08926912281312194
2021-05-02,0.7248718290452758,0.6343335834190319,0.4565535407312241,-0.09053824562624391,1.5877038821871985,0.5273718290452758,0.24005354073122412,0.2873182883140517,-0.045269122813121954,-0.08926912281312194
2021-05-03,0.7491756230360308,0.6587386253222788,0.6129299022230585,-0.09043699771375202,1.222285974821619,0.5516756230360308,0.4079299022230586,0.1437457208129722,-0.04521849885687601,-0.089468498856876
2021-05-04,0.7558405863490765,0.664599025254763,0.5555425243111266,-0.09124156109431347,1.3605449686976163,0.5533405863490765,0.34554252431112664,0.20779806203794982,-0.045620780547156736,-0.07497078054715675
2021-05-05,0.7523246546858489,0.6615075205136238,0.578548461469039,-0.09081713417222503,1.300365837592171,0.5423246546858489,0.3685484614690391,0.17377619321680982,-0.04540856708611252,-0.07425856708611253
2021-05-06,0.739314248695247,0.633815978482738,0.5584402334709703,-0.10549827021250902,1.3238914468967595,0.5393142486952469,0.32594023347097023,0.21337401522427668,-0.05274913510625451,-0.08629913510625453
2021-05-07,0.7330163716245072,0.660643294694376,0.5369617629528296,-0.07237307693013117,1.365118379367546,0.5330163716245071,0.30446176295282956,0.22855460867167754,-0.03618653846506559,-0.0594865384650656
2021-05-08,0.7330163716245072,0.660643294694376,0.5369617629528296,-0.07237307693013117,1.365118379367546,0.5330163716245071,0.30446176295282956,0.22855460867167754,-0.03618653846506559,-0.0594865384650656
2021-05-09,0.7330163716245072,0.660643294694376,0.5369617629528296,-0.07237307693013117,1.365118379367546,0.5330163716245071,0.30446176295282956,0.22855460867167754,-0.03618653846506559,-0.0594865384650656
2021-05-10,0.7305033094013712,0.6262623379033383,0.536668789489848,-0.10424097149803291,1.361180906562091,0.5430033094013712,0.33666878948984796,0.20633451991152324,-0.052120485749016454,-0.10787048574901648
2021-05-11,0.6646364484782132,0.578560580560565,0.49061229955553887,-0.08607586791764821,1.3547080843271322,0.48463644847821324,0.29061229955553886,0.1940241489226744,-0.043037933958824104,-0.0876379339588241
2021-05-12,0.6694859463741757,0.5827820287290176,0.49822972000451826,-0.08670391764515806,1.3437294474687387,0.5021859463741757,0.29822972000451825,0.20395622636965743,-0.04335195882257903,-0.07242195882257899
2021-05-13,0.7024977698483194,0.5985763589301195,0.523446336754054,-0.10392141091819984,1.3420626347384188,0.5351977698483193,0.32344633675405404,0.2117514330942653,-0.05196070545909992,-0.07566070545909992
2021-05-14,0.6307176072566022,0.5939847008805497,0.5391594504168462,-0.03673290637605253,1.1698164740856691,0.47821760725660223,0.3656594504168462,0.11255815683975601,-0.018366453188026266,-0.048766453188026276
2021-05-15,0.6307176072566022,0.5939847008805497,0.5391594504168462,-0.03673290637605253,1.1698164740856691,0.47821760725660223,0.3656594504168462,0.11255815683975601,-0.018366453188026266,-0.048766453188026276
2021-05-16,0.6307176072566022,0.5939847008805497,0.5391594504168462,-0.03673290637605253,1.1698164740856691,0.47821760725660223,0.3656594504168462,0.11255815683975601,-0.018366453188026266,-0.048766453188026276
2021-05-17,0.6534263134776437,0.5846023124269321,0.5009526217099791,-0.06882400105071163,1.3043674893789408,0.5059263134776437,0.32745262170997913,0.1784736917676646,-0.03441200052535581,-0.10114200052535581
2021-05-18,0.6859507131709498,0.6002738091059007,0.5207390096585959,-0.08567690406504913,1.3172639277028029,0.5234507131709498,0.3472390096585959,0.17621170351235393,-0.042838452032524565,-0.07513845203252455
2021-05-19,0.6161690321011749,0.5802834327337433,0.4632865854550666,-0.03588559936743163,1.3299954098518487,0.4486690321011749,0.28978658545506664,0.1588824466461083,-0.017942799683715815,-0.0478727996837158
2021-05-20,0.6484611207029318,0.5958400953344082,0.5046472521548453,-0.052621025368523644,1.2849789985658315,0.4534611207029318,0.3311472521548453,0.12231386854808651,-0.026310512684261822,-0.07731051268426181
2021-05-21,0.7152836795204134,0.5974910616560039,0.5153145028825601,-0.11779261786440953,1.3880526853392794,0.5002836795204134,0.3418145028825601,0.15846917663785332,-0.058896308932204766,-0.12634630893220475
2021-05-22,0.7152836795204134,0.5974910616560039,0.5153145028825601,-0.11779261786440953,1.3880526853392794,0.5002836795204134,0.3418145028825601,0.15846917663785332,-0.058896308932204766,-0.12634630893220475
2021-05-23,0.7152836795204134,0.5974910616560039,0.5153145028825601,-0.11779261786440953,1.3880526853392794,0.5002836795204134,0.3418145028825601,0.15846917663785332,-0.058896308932204766,-0.12634630893220475
2021-05-24,0.7123230996847757,0.610676398053157,0.5710240540944886,-0.10164670163161871,1.2474484998961286,0.4973230996847757,0.39752405409448865,0.09979904559028707,-0.050823350815809354,-0.10462335081580937
2021-05-25,0.80370059473844,0.6374267995646701,0.6310563883941211,-0.16627379517376994,1.2735796824490673,0.60620059473844,0.45755638839412116,0.14864420634431885,-0.08313689758688497,-0.146436897586885
2021-05-26,0.834441762027165,0.6518747434752238,0.6351084418261491,-0.18256701855194124,1.3138571416683833,0.661941762027165,0.43010844182614916,0.23183332020101588,-0.09128350927597062,-0.1521335092759706
2021-05-27,0.9012367865543908,0.6848977452854697,0.6547989250970798,-0.21633904126892112,1.376356545516281,0.7287367865543908,0.44979892509707986,0.2789378614573109,-0.10816952063446056,-0.14399952063446053
2021-05-28,0.8980155460032372,0.6824497533444057,0.6530692499184161,-0.21556579265883147,1.3750694066753575,0.7080155460032371,0.44806924991841607,0.25994629608482106,-0.10778289632941573,-0.12178289632941575
2021-05-29,0.8980155460032372,0.6824497533444057,0.6530692499184161,-0.21556579265883147,1.3750694066753575,0.7080155460032371,0.44806924991841607,0.25994629608482106,-0.10778289632941573,-0.12178289632941575
2021-05-30,0.8980155460032372,0.6824497533444057,0.6530692499184161,-0.21556579265883147,1.3750694066753575,0.7080155460032371,0.44806924991841607,0.25994629608482106,-0.10778289632941573,-0.12178289632941575
2021-05-31,0.8980155460032372,0.6824497533444057,0.6530692499184161,-0.21556579265883147,1.3750694066753575,0.7080155460032371,0.44806924991841607,0.25994629608482106,-0.10778289632941573,-0.14178289632941574
2021-06-01,0.6085679967970395,0.5886149477216917,0.6720249769283098,-0.019953049075347895,0.9055734796921995,0.41106799679703954,0.4620249769283098,-0.05095698013127026,-0.009976524537673948,-0.037476524537673944
2021-06-02,0.5750589479793365,0.5871048093668897,0.648669761991647,0.012045861387553147,0.8865203554636197,0.3625589479793365,0.43896976199164706,-0.07641081401231054,0.006022930693776574,-0.006877069306223421
2021-06-03,0.6188661900914753,0.598575495334342,0.622875645025316,-0.0202906947571333,0.993562992925052,0.3988661900914753,0.39037564502531596,0.008490545066159316,-0.01014534737856665,-0.011445347378566673
2021-06-04,0.5804995162503884,0.5926593421827816,0.634675868683161,0.012159825932393176,0.9146393378006024,0.3729995162503884,0.39467586868316096,-0.02167635243277255,0.006079912966196588,-0.016570087033803416
2021-06-05,0.5804995162503884,0.5926593421827816,0.634675868683161,0.012159825932393176,0.9146393378006024,0.3729995162503884,0.39467586868316096,-0.02167635243277255,0.006079912966196588,-0.016570087033803416
2021-06-06,0.5804995162503884,0.5926593421827816,0.634675868683161,0.012159825932393176,0.9146393378006024,0.3729995162503884,0.39467586868316096,-0.02167635243277255,0.006079912966196588,-0.016570087033803416
2021-06-07,0.5784206260510506,0.6060773499742861,0.6740397566435634,0.027656723923235482,0.8581402214779493,0.4234206260510506,0.4540397566435634,-0.03061913059251281,0.013828361961617741,-0.026271638038382256
2021-06-08,0.6441823179111313,0.6230615861763402,0.6597339427792871,-0.02112073173479112,0.9764274295140237,0.4891823179111313,0.44473394277928713,0.04444837513184419,-0.01056036586739556,-0.05086036586739555
2021-06-09,0.6438084848593234,0.622700009945903,0.6322733387896421,-0.021108474913420383,1.0182439229396625,0.4888084848593234,0.4172733387896421,0.07153514606968125,-0.010554237456710192,-0.0387042374567102
2021-06-10,0.6113277968246265,0.6379645990158952,0.6526731820917736,0.026636802191268738,0.9366522382080447,0.4588277968246265,0.43767318209177364,0.02115461473285285,0.013318401095634369,0.00886840109563436
2021-06-11,0.6817173506083598,0.6436667724908548,0.7129103165810833,-0.03805057811750501,0.9562455960487202,0.5292173506083598,0.4979103165810833,0.031307034027276526,-0.019025289058752504,-0.023225289058752513
2021-06-12,0.6817173506083598,0.6436667724908548,0.7129103165810833,-0.03805057811750501,0.9562455960487202,0.5292173506083598,0.4979103165810833,0.031307034027276526,-0.019025289058752504,-0.023225289058752513
2021-06-13,0.6817173506083598,0.6436667724908548,0.7129103165810833,-0.03805057811750501,0.9562455960487202,0.5292173506083598,0.4979103165810833,0.031307034027276526,-0.019025289058752504,-0.023225289058752513
2021-06-14,0.6540216426661918,0.6325783101197593,0.7366788296629022,-0.021443332546432492,0.8877975263188523,0.5065216426661918,0.5216788296629022,-0.015157186996710426,-0.010721666273216246,-0.03952166627321625
2021-06-15,0.6573685536796204,0.6358154863458624,0.7885048775419753,-0.021553067333758058,0.8336899014865333,0.4923685536796204,0.5735048775419753,-0.08113632386235492,-0.010776533666879029,-0.05247653366687903
2021-06-16,0.6556027630014223,0.6182549006828771,0.7639113202697746,-0.037347862318545144,0.8582184156793183,0.5356027630014223,0.5489113202697746,-0.013308557268352339,-0.018673931159272572,-0.07027393115927257
2021-06-17,0.6532127754667346,0.6317959631563121,0.8217010225612226,-0.021416812310422473,0.7949518833878116,0.5407127754667346,0.6008010225612226,-0.06008824709448801,-0.010708406155211236,-0.04470840615521124
2021-06-18,0.655354456697773,0.6672288687690554,0.9090283560032608,0.01187441207128237,0.7209395090590796,0.552854456697773,0.6881283560032607,-0.13527389930548772,0.005937206035641185,-0.006762793964358811
2021-06-19,0.655354456697773,0.6672288687690554,0.9090283560032608,0.01187441207128237,0.7209395090590796,0.552854456697773,0.6881283560032607,-0.13527389930548772,0.005937206035641185,-0.006762793964358811
2021-06-20,0.655354456697773,0.6672288687690554,0.9090283560032608,0.01187441207128237,0.7209395090590796,0.552854456697773,0.6881283560032607,-0.13527389930548772,0.005937206035641185,-0.006762793964358811
2021-06-21,0.6502451253004778,0.6785776350741733,0.9070723295696744,0.028332509773695502,0.716861383710119,0.5477451253004778,0.6919723295696745,-0.14422720426919666,0.014166254886847751,-0.0030837451131522503
2021-06-22,0.6522572487331055,0.697279319396325,0.9357899722116113,0.045022070663219504,0.6970124366598895,0.5822572487331055,0.7207899722116113,-0.13853272347850587,0.022511035331609752,0.004011035331609743
2021-06-23,0.6500628203982404,0.7114794544221038,0.9266868871922037,0.06141663402386344,0.7014913336778565,0.5700628203982404,0.7116868871922037,-0.14162406679396333,0.03070831701193172,0.011008317011931723
2021-06-24,0.6868570850739277,0.7141624691936624,0.883546773229241,0.02730538411973471,0.7773862186871673,0.5993570850739277,0.6735467732292411,-0.07418968815531335,0.013652692059867355,-0.005947307940132651
2021-06-25,0.6864320975648821,0.7137205866893801,0.8822936114778942,0.027288489124497994,0.7780086907974632,0.5814320975648821,0.6722936114778942,-0.09086151391301212,0.013644244562248997,0.031744244562249
2021-06-26,0.6864320975648821,0.7137205866893801,0.8822936114778942,0.027288489124497994,0.7780086907974632,0.5814320975648821,0.6722936114778942,-0.09086151391301212,0.013644244562248997,0.031744244562249
2021-06-27,0.6864320975648821,0.7137205866893801,0.8822936114778942,0.027288489124497994,0.7780086907974632,0.5814320975648821,0.6722936114778942,-0.09086151391301212,0.013644244562248997,0.031744244562249
2021-06-28,0.6853141927617495,0.6959871187146041,0.6976731101405067,0.010672925952854517,0.9822855185342199,0.5528141927617496,0.48767311014050674,0.06514108262124285,0.005336462976427259,0.01633646297642727
2021-06-29,0.6227631462609853,0.6860036661225963,0.6615164694789969,0.06324051986161106,0.9414174476282755,0.49026314626098527,0.4415164694789969,0.04874667678198835,0.03162025993080553,0.041920259930805545
2021-06-30,0.654392658556311,0.6995621259285931,0.6541086985805697,0.04516946737228211,1.0004341174125302,0.519392658556311,0.4341086985805698,0.08528395997574123,0.022584733686141056,0.012754733686141079
2021-07-01,0.5837956638863395,0.6642997911146213,0.9270774448840434,0.08050412722828182,0.6297161764725699,0.4612956638863395,0.7067774448840434,-0.24548178099770385,0.04025206361414091,0.02233206361414089
2021-07-02,0.6500992732004489,0.6784254278998547,0.9575883619609612,0.028326154699405803,0.6788922036073701,0.5050992732004489,0.7372883619609611,-0.23218908876051225,0.014163077349702902,0.016613077349702896
2021-07-03,0.6500992732004489,0.6784254278998547,0.9575883619609612,0.028326154699405803,0.6788922036073701,0.5050992732004489,0.7372883619609611,-0.23218908876051225,0.014163077349702902,0.016613077349702896
2021-07-04,0.6500992732004489,0.6784254278998547,0.9575883619609612,0.028326154699405803,0.6788922036073701,0.5050992732004489,0.7372883619609611,-0.23218908876051225,0.014163077349702902,0.016613077349702896
2021-07-05,0.6500992732004489,0.6784254278998547,0.9575883619609612,0.028326154699405803,0.6788922036073701,0.49259927320044894,0.7378883619609612,-0.24528908876051225,0.014163077349702902,0.004113077349702884
2021-07-06,0.5781340628654821,0.6578574678700586,1.037194963842217,0.07972340500457653,0.5574015329999524,0.4156340628654821,0.8124949638422171,-0.396860900976735,0.039861702502288265,0.031761702502288255
2021-07-07,0.6094584566593828,0.6549735690874309,1.1067408927584272,0.045515112428048066,0.5506785379009319,0.43945845665938277,0.8820408927584272,-0.44258243609904446,0.022757556214024033,0.02205755621402404
2021-07-08,0.5762071634225352,0.6556648532676698,1.0219485530912125,0.07945768984513457,0.5638318696959951,0.3987071634225352,0.8039485530912125,-0.4052413896686773,0.039728844922567286,0.05154884492256727
2021-07-09,0.5054977561516268,0.6518987456381636,1.0123266390630188,0.1464009894865368,0.4993425408813715,0.34299775615162686,0.7943266390630188,-0.45132888291139195,0.0732004947432684,0.0762004947432684
2021-07-10,0.5054977561516268,0.6518987456381636,1.0123266390630188,0.1464009894865368,0.4993425408813715,0.34299775615162686,0.7943266390630188,-0.45132888291139195,0.0732004947432684,0.0762004947432684
2021-07-11,0.5054977561516268,0.6518987456381636,1.0123266390630188,0.1464009894865368,0.4993425408813715,0.34299775615162686,0.7943266390630188,-0.45132888291139195,0.0732004947432684,0.0762004947432684
2021-07-12,0.5743884686821581,0.6535953645564311,0.9671500125891778,0.07920689587427299,0.5938980108622969,0.40538846868215805,0.7474500125891778,-0.3420615439070197,0.03960344793713649,0.038483447937136483
2021-07-13,0.6068319159874771,0.6684546469825646,1.0159669873442707,0.06162273099508753,0.5972949156288343,0.43783191598747706,0.7962669873442707,-0.35843507135679364,0.030811365497543763,0.019591365497543756
2021-07-14,0.56837706059904,0.6629238715472568,1.01090088116856,0.09454681094821682,0.5622480612956035,0.39587706059904004,0.79120088116856,-0.39532382056952,0.04727340547410841,0.04802340547410841
2021-07-15,0.6004948522393302,0.6614740653765685,0.9838301551395917,0.06097921313723831,0.610364349072151,0.4154948522393302,0.7538301551395917,-0.33833530290026154,0.030489606568619154,0.030669606568619168
2021-07-16,0.5715086146519273,0.6665763446687294,1.1210712458571406,0.09506773001680213,0.5097879521608525,0.37150861465192725,0.8869712458571406,-0.5154626312052133,0.047533865008401066,0.043063865008401064
2021-07-17,0.5715086146519273,0.6665763446687294,1.1210712458571406,0.09506773001680213,0.5097879521608525,0.37150861465192725,0.8869712458571406,-0.5154626312052133,0.047533865008401066,0.043063865008401064
2021-07-18,0.5715086146519273,0.6665763446687294,1.1210712458571406,0.09506773001680213,0.5097879521608525,0.37150861465192725,0.8869712458571406,-0.5154626312052133,0.047533865008401066,0.043063865008401064
2021-07-19,0.5733407780197037,0.6524031996752483,1.1500967541714542,0.07906242165554456,0.49851525616446635,0.3733407780197037,0.9159967541714542,-0.5426559761517504,0.03953121082777228,0.029651210827772306
2021-07-20,0.5726444383311854,0.6190302944737898,1.1333414223827962,0.046385856142604376,0.5052708980910869,0.3726444383311854,0.9009414223827963,-0.528296984051611,0.023192928071302188,-0.0007570719286977834
2021-07-21,0.5751847264018571,0.6545014244496279,1.121673682536531,0.07931669804777075,0.51279149663309,0.3751847264018571,0.911673682536531,-0.536488956134674,0.039658349023885375,0.028038349023885356
2021-07-22,0.5745475438091887,0.6210875570011204,1.0928531152449918,0.046540013191931684,0.5257317161788835,0.4020475438091887,0.8828531152449919,-0.48080557143580316,0.023270006595965842,-0.0252299934040342
2021-07-23,0.6095599315938146,0.6714596878531529,1.0992630649559363,0.0618997562593383,0.5545168859268902,0.4370599315938146,0.8892630649559363,-0.4522031333621217,0.03094987812966915,0.025349878129669143
2021-07-24,0.6095599315938146,0.6714596878531529,1.0992630649559363,0.0618997562593383,0.5545168859268902,0.4370599315938146,0.8892630649559363,-0.4522031333621217,0.03094987812966915,0.025349878129669143
2021-07-25,0.6095599315938146,0.6714596878531529,1.0992630649559363,0.0618997562593383,0.5545168859268902,0.4370599315938146,0.8892630649559363,-0.4522031333621217,0.03094987812966915,0.025349878129669143
2021-07-26,0.6443541762440095,0.6888307371582345,1.1655026748285724,0.04447656091422503,0.5528551672683069,0.4718541762440095,0.9555026748285724,-0.48364849858456294,0.022238280457112514,0.03223828045711248
2021-07-27,0.6441393676510505,0.6886011013974305,1.2450210795636212,0.04446173374637996,0.5173722583691682,0.5166393676510506,1.0350210795636212,-0.5183817119125707,0.02223086687318998,-0.07186913312681002
2021-07-28,0.7119830706247342,0.8034125906230049,1.2810568983003419,0.09142951999827065,0.5557778671418627,0.5844830706247341,1.071056898300342,-0.48657382767560775,0.045714759999135324,-0.05138524000086467
2021-07-29,0.666414909922918,0.7412500268568705,1.2131986860829513,0.0748351169339525,0.5493040155479961,0.538914909922918,1.0031986860829514,-0.46428377616003336,0.03741755846697625,-0.08353244153302378
2021-07-30,0.6395906619763657,0.7488563660931083,1.2243585753548618,0.10926570411674263,0.5223883548910416,0.4908906619763657,1.0143585753548618,-0.5234679133784961,0.05463285205837132,-0.06686714794162871
2021-07-31,0.6395906619763657,0.7488563660931083,1.2243585753548618,0.10926570411674263,0.5223883548910416,0.4908906619763657,1.0143585753548618,-0.5234679133784961,0.05463285205837132,-0.06686714794162871
2021-08-01,0.6395906619763657,0.7488563660931083,1.2243585753548618,0.10926570411674263,0.5223883548910416,0.4908906619763657,1.0143585753548618,-0.5234679133784961,0.05463285205837132,-0.06686714794162871
2021-08-02,0.8047075391037875,0.7134633782491109,1.2230181241286668,-0.09124416085467657,0.657968613242831,0.6560075391037874,1.0130181241286669,-0.3570105850248795,-0.045622080427338285,-0.18227208042733828
2021-08-03,0.8083053373411346,0.7166532294185929,1.1765444709458506,-0.09165210792254175,0.6870163919017186,0.6596053373411346,0.9665444709458506,-0.30693913360471603,-0.045826053961270874,-0.18332605396127086
2021-08-04,0.7744122229932936,0.6838893401915326,1.1821358413156926,-0.09052288280176102,0.6550957985770813,0.6257122229932937,0.9721358413156926,-0.346423618322399,-0.04526144140088051,-0.15586144140088048
2021-08-05,0.7768127037023057,0.7023427759417953,1.166700803467887,-0.07446992776051042,0.6658199783469054,0.6281127037023058,0.956700803467887,-0.32858809976558123,-0.03723496388025521,-0.15768496388025519
2021-08-06,0.6929413338543225,0.6702219458590989,1.2372918135220239,-0.02271938799522366,0.5600468105271176,0.5442413338543226,1.027291813522024,-0.4830504796677013,-0.01135969399761183,-0.13170969399761182
2021-08-07,0.6929413338543225,0.6702219458590989,1.2372918135220239,-0.02271938799522366,0.5600468105271176,0.5442413338543226,1.027291813522024,-0.4830504796677013,-0.01135969399761183,-0.13170969399761182
2021-08-08,0.6929413338543225,0.6702219458590989,1.2372918135220239,-0.02271938799522366,0.5600468105271176,0.5442413338543226,1.027291813522024,-0.4830504796677013,-0.01135969399761183,-0.13170969399761182
2021-08-09,0.7430734935069209,0.7187104281460382,1.2681334273630966,-0.02436306536088262,0.5859584468584167,0.5943734935069209,1.0581334273630967,-0.46375993385617575,-0.01218153268044131,-0.11083153268044132
2021-08-10,0.705520600711596,0.6823887777374453,1.2614653181135387,-0.023131822974150618,0.5592865618903169,0.5568206007115959,1.0514653181135387,-0.4946447174019428,-0.011565911487075309,-0.08146591148707533
2021-08-11,0.7317016515551247,0.7077114334713884,1.2814356546210341,-0.023990218083736248,0.5710014770671531,0.5830016515551246,1.0714356546210342,-0.48843400306590956,-0.011995109041868124,-0.022095109041868122
2021-08-12,0.6974162664595082,0.6745501593624752,1.3531185553119334,-0.02286610709703296,0.5154140143313114,0.5487162664595082,1.1431185553119334,-0.5944022888524252,-0.01143305354851648,-0.016533053548516488
2021-08-13,0.7558405863490765,0.7144439521488627,1.3153912496148137,-0.04139663420021378,0.5746127523430078,0.6071405863490764,1.1053912496148137,-0.4982506632657373,-0.02069831710010689,-0.025348317100106897
2021-08-14,0.7558405863490765,0.7144439521488627,1.3153912496148137,-0.04139663420021378,0.5746127523430078,0.6071405863490764,1.1053912496148137,-0.4982506632657373,-0.02069831710010689,-0.025348317100106897
2021-08-15,0.7558405863490765,0.7144439521488627,1.3153912496148137,-0.04139663420021378,0.5746127523430078,0.6071405863490764,1.1053912496148137,-0.4982506632657373,-0.02069831710010689,-0.025348317100106897
2021-08-16,0.7509358253277915,0.7098078199912996,1.1906968539556133,-0.04112800533649186,0.6306691941220034,0.6022358253277915,0.9806968539556133,-0.3784610286278218,-0.02056400266824593,-0.04656400266824594
2021-08-17,0.7175650625543676,0.677513616830231,1.1973400757622932,-0.04005144572413655,0.5992992943943063,0.5900650625543675,0.9873400757622932,-0.3972750132079257,-0.020025722862068274,-0.06592572286206827
2021-08-18,0.7189339236960518,0.6788060739346972,1.2094555910023908,-0.04012784976135464,0.5944277152832068,0.5914339236960517,0.9994555910023908,-0.40802166730633904,-0.02006392488067732,-0.07016392488067731
2021-08-19,0.7537609530887872,0.6959089574344591,1.2448572013295285,-0.05785199565432808,0.6054999338749519,0.6262609530887873,1.0348572013295285,-0.40859624824074126,-0.02892599782716404,-0.09352599782716405
2021-08-20,0.7533802230081715,0.6955574488130518,1.2256779531178648,-0.05782277419511972,0.6146640894467686,0.6258802230081715,1.0156779531178648,-0.3897977301096933,-0.02891138709755986,-0.09261138709755987
2021-08-21,0.7533802230081715,0.6955574488130518,1.2256779531178648,-0.05782277419511972,0.6146640894467686,0.6258802230081715,1.0156779531178648,-0.3897977301096933,-0.02891138709755986,-0.09261138709755987
2021-08-22,0.7533802230081715,0.6955574488130518,1.2256779531178648,-0.05782277419511972,0.6146640894467686,0.6258802230081715,1.0156779531178648,-0.3897977301096933,-0.02891138709755986,-0.09261138709755987
2021-08-23,0.777932278552354,0.7033550216277052,1.1725441713744142,-0.07457725692464878,0.6634566931840953,0.650432278552354,0.9625441713744143,-0.3121118928220603,-0.03728862846232439,-0.0953886284623244
2021-08-24,0.7431616461030615,0.6861231591070671,1.0620678488461341,-0.05703848699599434,0.6997308570355999,0.6156616461030615,0.9045678488461342,-0.28890620274307266,-0.02851924349799717,-0.09791924349799719
2021-08-25,0.750432066947652,0.6928355670254336,1.1666752857216884,-0.05759649992221838,0.6432227339790142,0.597932066947652,1.0076752857216884,-0.4097432187740364,-0.02879824996110919,-0.1166982499611092
2021-08-26,0.7486742227305968,0.6912126393168407,1.1527618252062075,-0.05746158341375607,0.649461325279984,0.6014742227305968,0.9937618252062075,-0.3922876024756107,-0.028730791706878034,-0.12218079170687804
2021-08-27,0.7722814387565742,0.6982459052478429,1.177286545277117,-0.07403553350873127,0.6559842562158814,0.6250814387565742,1.018286545277117,-0.39320510652054286,-0.03701776675436563,-0.13611776675436565
2021-08-28,0.7722814387565742,0.6982459052478429,1.177286545277117,-0.07403553350873127,0.6559842562158814,0.6250814387565742,1.018286545277117,-0.39320510652054286,-0.03701776675436563,-0.13611776675436565
2021-08-29,0.7722814387565742,0.6982459052478429,1.177286545277117,-0.07403553350873127,0.6559842562158814,0.6250814387565742,1.018286545277117,-0.39320510652054286,-0.03701776675436563,-0.13611776675436565
2021-08-30,0.8091539284236227,0.7174056004739374,1.13303593420727,-0.09174832794968524,0.7141467485669359,0.6391539284236226,0.97403593420727,-0.33488200578364735,-0.04587416397484262,-0.1490441639748426
2021-08-31,0.7728768754865332,0.6987842598393987,1.13303593420727,-0.07409261564713443,0.6821291824493434,0.6028768754865331,0.96053593420727,-0.3576590587207369,-0.037046307823567215,-0.1406463078235672
2021-09-01,0.7400886985091851,0.6832860636757611,1.2913871650464743,-0.05680263483342407,0.5730959068983398,0.5700886985091851,1.1188871650464742,-0.5487984665372891,-0.028401317416712035,-0.12730131741671205
2021-09-02,0.7081662054843232,0.6523310870191549,1.2583978867689125,-0.05583511846516831,0.5627522208437785,0.5431662054843232,1.0858978867689126,-0.5427316812845895,-0.027917559232584155,-0.055017559232584154
2021-09-03,0.7329363261566804,0.676682643895766,1.1897506943517417,-0.05625368226091432,0.616041940245334,0.5979363261566804,1.0172506943517416,-0.4193143681950613,-0.02812684113045716,-0.04682684113045715
2021-09-04,0.7329363261566804,0.676682643895766,1.1897506943517417,-0.05625368226091432,0.616041940245334,0.5979363261566804,1.0172506943517416,-0.4193143681950613,-0.02812684113045716,-0.04682684113045715
2021-09-05,0.7329363261566804,0.676682643895766,1.1897506943517417,-0.05625368226091432,0.616041940245334,0.5979363261566804,1.0172506943517416,-0.4193143681950613,-0.02812684113045716,-0.04682684113045715
2021-09-06,0.7329363261566804,0.676682643895766,1.1897506943517417,-0.05625368226091432,0.616041940245334,0.5979363261566804,1.0172506943517416,-0.4193143681950613,-0.02812684113045716,-0.07182684113045718
2021-09-07,0.7472988261181094,0.7063700155967156,1.1622643438418738,-0.040928810521393744,0.6429680391363528,0.6122988261181094,0.9947643438418738,-0.38246551772376447,-0.020464405260696872,-0.05466440526069687
2021-09-08,0.7834914194441975,0.7413291940927961,1.2021131022150375,-0.04216222535140146,0.6517618167546138,0.6484914194441975,1.0346131022150376,-0.38612168277084,-0.02108111267570073,-0.07768111267570074
2021-09-09,0.7466753150272333,0.7057806535857047,1.1960968187486016,-0.040894661441528535,0.6242599288980897,0.6116753150272333,1.0285968187486016,-0.4169215037213684,-0.020447330720764267,-0.07204733072076427
2021-09-10,0.7499708818122919,0.7088957254686743,1.2099595308320938,-0.04107515634361758,0.6198313767540093,0.6224708818122919,1.0424595308320939,-0.41998864901980193,-0.02053757817180879,-0.0713075781718088
2021-09-11,0.7499708818122919,0.7088957254686743,1.2099595308320938,-0.04107515634361758,0.6198313767540093,0.6224708818122919,1.0424595308320939,-0.41998864901980193,-0.02053757817180879,-0.0713075781718088
2021-09-12,0.7499708818122919,0.7088957254686743,1.2099595308320938,-0.04107515634361758,0.6198313767540093,0.6224708818122919,1.0424595308320939,-0.41998864901980193,-0.02053757817180879,-0.0713075781718088
2021-09-13,0.7149226871636852,0.6914825990599205,1.240048609905526,-0.023440088103764745,0.5765279533825308,0.5874226871636852,1.072548609905526,-0.48512592274184074,-0.011720044051882372,-0.06172004405188238
2021-09-14,0.7098924832151436,0.6866173198310778,1.2601365147890622,-0.023275163384065878,0.5633456969810724,0.5823924832151437,1.0926365147890622,-0.5102440315739185,-0.011637581692032939,-0.055337581692032956
2021-09-15,0.7488412815775743,0.7078279923108598,1.2149923443085182,-0.04101328926671455,0.6163341564129429,0.6213412815775743,1.0474923443085182,-0.42615106273094394,-0.020506644633357274,-0.06710664463335728
2021-09-16,0.7302837867339981,0.6895224356399242,1.2427774349591119,-0.04076135109407386,0.5876223418540142,0.602783786733998,1.0752774349591119,-0.47249364822511386,-0.02038067554703693,-0.05385067554703692
2021-09-17,0.6975757305652494,0.6747043951368806,1.2682038256014725,-0.022871335428368722,0.5500501705507861,0.5700757305652493,1.1007038256014725,-0.5306280950362232,-0.011435667714184361,-0.014935667714184371
2021-09-18,0.6975757305652494,0.6747043951368806,1.2682038256014725,-0.022871335428368722,0.5500501705507861,0.5700757305652493,1.1007038256014725,-0.5306280950362232,-0.011435667714184361,-0.014935667714184371
2021-09-19,0.6975757305652494,0.6747043951368806,1.2682038256014725,-0.022871335428368722,0.5500501705507861,0.5700757305652493,1.1007038256014725,-0.5306280950362232,-0.011435667714184361,-0.014935667714184371
2021-09-20,0.692666013764813,0.6867045439742371,1.302379426539585,-0.0059614697905758796,0.5318465568864389,0.5651660137648129,1.134879426539585,-0.569713412774772,-0.0029807348952879398,-0.032080734895287934
2021-09-21,0.7214435742376404,0.6977896865576801,1.2789364816631261,-0.02365388767996024,0.564096485307446,0.5939435742376404,1.1479364816631261,-0.5539929074254857,-0.01182694383998012,-0.029826943839980115
2021-09-22,0.721199939327593,0.7141624691936624,1.2881737775052124,-0.0070374701339305235,0.5598623042337738,0.593699939327593,1.1571737775052124,-0.5634738381776194,-0.0035187350669652617,-0.020518735066965256
2021-09-23,0.7331669807194222,0.6922447019361124,1.249079273885978,-0.040922278783309785,0.5869659324651874,0.6056669807194222,1.118079273885978,-0.5124122931665558,-0.020461139391654892,-0.044761139391654894
2021-09-24,0.6974561256505958,0.6914534294871942,1.2632271506112818,-0.006002696163401544,0.5521224946068436,0.5699561256505958,1.1322271506112818,-0.5622710249606859,-0.003001348081700772,-0.04410134808170078
2021-09-25,0.6974561256505958,0.6914534294871942,1.2632271506112818,-0.006002696163401544,0.5521224946068436,0.5699561256505958,1.1322271506112818,-0.5622710249606859,-0.003001348081700772,-0.04410134808170078
2021-09-26,0.6974561256505958,0.6914534294871942,1.2632271506112818,-0.006002696163401544,0.5521224946068436,0.5699561256505958,1.1322271506112818,-0.5622710249606859,-0.003001348081700772,-0.044001348081700774
2021-09-27,0.6973365617433414,0.674473067915691,1.2482536728853482,-0.022863493827650405,0.5586497175141031,0.5698365617433414,1.1172536728853482,-0.5474171111420068,-0.011431746913825203,-0.05013174691382521
2021-09-28,0.5624005913017008,0.6119563811090422,1.2345976284342877,0.04955578980734132,0.4555335101485131,0.43490059130170083,1.1035976284342877,-0.6686970371325869,0.02477789490367066,-0.015922105096329346
2021-09-29,0.49621683888216594,0.5827933131133413,1.2360892273298272,0.08657647423117532,0.40144095418911035,0.36871683888216594,1.1050892273298272,-0.7363723884476612,0.04328823711558766,0.004288237115587658
2021-09-30,0.5909463542375936,0.5379492366444373,1.1510431886572974,-0.052997117593156284,0.5134006786721339,0.5034463542375935,1.0200431886572974,-0.5165968344197038,-0.026498558796578142,-0.23949855879657816
2021-10-01,0.5899045357103669,0.5202195736809764,1.099879537003039,-0.06968496202939056,0.5363355857294553,0.46740453571036694,0.968879537003039,-0.5014750012926721,-0.03484248101469528,-0.26589248101469526
2021-10-02,0.5899045357103669,0.5202195736809764,1.099879537003039,-0.06968496202939056,0.5363355857294553,0.46740453571036694,0.968879537003039,-0.5014750012926721,-0.03484248101469528,-0.26589248101469526
2021-10-03,0.5899045357103669,0.5202195736809764,1.099879537003039,-0.06968496202939056,0.5363355857294553,0.46740453571036694,0.968879537003039,-0.5014750012926721,-0.03484248101469528,-0.2601424810146953
2021-10-04,0.6213538610239158,0.5008180027378051,1.146759102400388,-0.12053585828611069,0.5418346884915082,0.49885386102391577,1.015759102400388,-0.5169052413764723,-0.06026792914305534,-0.2762179291430554
2021-10-05,0.6583690350946798,0.5529959065269268,1.2007935679231327,-0.10537312856775305,0.5482782825305943,0.5358690350946798,1.0697935679231327,-0.533924532828453,-0.052686564283876525,-0.27873656428387655
2021-10-06,0.6580327130766037,0.5527134134426526,1.2834205923524296,-0.10531929963395115,0.5127179016743615,0.5355327130766037,1.1524205923524296,-0.6168878792758259,-0.05265964981697557,-0.2707096498169756
2021-10-07,0.6590052489189528,0.5870775837004899,1.2762835548982674,-0.07192766521846294,0.5163470503006538,0.5430052489189529,1.1452835548982674,-0.6022783059793145,-0.03596383260923147,-0.24906383260923148
2021-10-08,0.6944002407254167,0.6212605432391436,1.2996342973491257,-0.07313969748627314,0.5343043363366067,0.5819002407254167,1.1686342973491257,-0.586734056623709,-0.03656984874313657,-0.21256984874313659
2021-10-09,0.6944002407254167,0.6212605432391436,1.2996342973491257,-0.07313969748627314,0.5343043363366067,0.5819002407254167,1.1686342973491257,-0.586734056623709,-0.03656984874313657,-0.21256984874313659
2021-10-10,0.6944002407254167,0.6212605432391436,1.2996342973491257,-0.07313969748627314,0.5343043363366067,0.5819002407254167,1.1686342973491257,-0.586734056623709,-0.03656984874313657,-0.21086984874313658
2021-10-11,0.695072610953379,0.6218620941439528,1.3019279382886342,-0.07321051680942625,0.5338794802015249,0.582572610953379,1.1709279382886342,-0.5883553273352552,-0.036605258404713126,-0.21370525840471313
2021-10-12,0.6589677905407608,0.6038169055688362,1.310659888127916,-0.05515088497192466,0.5027755838946129,0.5464677905407608,1.179659888127916,-0.6331920975871551,-0.02757544248596233,-0.15607544248596233
2021-10-13,0.6799682303732364,0.6247904805314664,1.2990229027076714,-0.05517774984177004,0.5234459138140805,0.5674682303732363,1.1680229027076714,-0.600554672334435,-0.02758887492088502,-0.155238874920885
2021-10-14,0.6448200867112863,0.5908532632333202,1.2568981011761253,-0.05396682347796611,0.5130249509549777,0.5598200867112864,1.1258981011761253,-0.566078014464839,-0.026983411738983054,-0.15473341173898306
2021-10-15,0.6556138855954083,0.600743698448936,1.2637884586625505,-0.05487018714647229,0.5187686919448807,0.5756138855954084,1.1337884586625506,-0.5581745730671422,-0.027435093573236147,-0.16733509357323614
2021-10-16,0.6556138855954083,0.600743698448936,1.2637884586625505,-0.05487018714647229,0.5187686919448807,0.5756138855954084,1.1337884586625506,-0.5581745730671422,-0.027435093573236147,-0.16733509357323614
2021-10-17,0.6556138855954083,0.600743698448936,1.2637884586625505,-0.05487018714647229,0.5187686919448807,0.5756138855954084,1.1337884586625506,-0.5581745730671422,-0.027435093573236147,-0.16663509357323616
2021-10-18,0.6565792795481802,0.6016282958414149,1.2430378605091534,-0.05495098370676532,0.5282053752403347,0.5765792795481802,1.1130378605091535,-0.5364585809609733,-0.02747549185338266,-0.16602549185338267
2021-10-19,0.6547992284091277,0.5999972222350671,1.1613995276151716,-0.054802006174060613,0.5638018725164272,0.5747992284091278,1.0097995276151717,-0.4350002992060439,-0.027401003087030307,-0.16615100308703035
2021-10-20,0.6495165185154472,0.578624508513587,1.1105559821479318,-0.07089201000186018,0.5848570706532183,0.5695165185154473,0.9589559821479319,-0.3894394636324846,-0.03544600500093009,-0.1728860050009301
2021-10-21,0.6506100420327863,0.5795986785150129,1.1231916004801898,-0.07101136351777337,0.579251164053075,0.5706100420327863,0.9715916004801899,-0.4009815584474036,-0.03550568175888669,-0.1742956817588867
2021-10-22,0.6793625691982673,0.6078067576064901,1.1827900031447072,-0.07155581159177726,0.5743729380465109,0.5993625691982674,1.0311900031447072,-0.43182743394643985,-0.03577790579588863,-0.16657790579588866
2021-10-23,0.6793625691982673,0.6078067576064901,1.1827900031447072,-0.07155581159177726,0.5743729380465109,0.5993625691982674,1.0311900031447072,-0.43182743394643985,-0.03577790579588863,-0.16657790579588866
2021-10-24,0.6793625691982673,0.6078067576064901,1.1827900031447072,-0.07155581159177726,0.5743729380465109,0.5993625691982674,1.0311900031447072,-0.43182743394643985,-0.03577790579588863,-0.16657790579588866
2021-10-25,0.6754145356712682,0.5879428171171428,1.151913990422092,-0.08747171855412539,0.5863411168604509,0.5954145356712682,1.0003139904220921,-0.4048994547508239,-0.043735859277062694,-0.1867858592770627
2021-10-26,0.6804611258229326,0.6087896056030283,1.1760158108791927,-0.0716715202199043,0.578615627041798,0.6004611258229327,1.0244158108791928,-0.4239546850562601,-0.03583576010995215,-0.17813576010995216
2021-10-27,0.6784183806153256,0.623366397270304,1.2198006168125295,-0.05505198334502159,0.5561715343185396,0.5984183806153256,1.0682006168125295,-0.46978223619720394,-0.027525991672510797,-0.16887599167251077
2021-10-28,0.7108376412978327,0.622052299683729,1.1744555908979266,-0.08878534161410367,0.6052486333300724,0.6308376412978327,1.0228555908979267,-0.39201794960009395,-0.04439267080705184,-0.18589267080705182
2021-10-29,0.6840848607269732,0.6120316602323398,1.0596287602959384,-0.07205320049463337,0.6455891783608426,0.6040848607269732,0.9080287602959385,-0.3039438995689653,-0.03602660024731669,-0.2639266002473167
2021-10-30,0.6840848607269732,0.6120316602323398,1.0596287602959384,-0.07205320049463337,0.6455891783608426,0.6040848607269732,0.9080287602959385,-0.3039438995689653,-0.03602660024731669,-0.2639266002473167
2021-10-31,0.6840848607269732,0.6120316602323398,1.0596287602959384,-0.07205320049463337,0.6455891783608426,0.6040848607269732,0.9080287602959385,-0.3039438995689653,-0.03602660024731669,-0.2639266002473167
2021-11-01,0.7135293084995394,0.6079759876871245,1.1277174005568973,-0.10555332081241497,0.6327199599360437,0.6335293084995395,0.9761174005568973,-0.34258809205735785,-0.05277666040620749,-0.28093666040620746
2021-11-02,0.7160813301683996,0.5936599318023842,1.1297646253958071,-0.1224213983660154,0.6338323169903857,0.6360813301683996,0.9781646253958072,-0.34208329522740755,-0.0612106991830077,-0.29209069918300773
2021-11-03,0.7264334328495573,0.6022422370696674,1.1431869936369177,-0.1241911957798899,0.6354458517223792,0.6464334328495573,0.9915869936369177,-0.34515356078736037,-0.06209559788994495,-0.29354559788994494
2021-11-04,0.7144443446910144,0.5923028056689079,1.110676134380797,-0.12214153902210645,0.6432517298026916,0.6344443446910144,0.959076134380797,-0.32463178968978257,-0.061070769511053224,-0.27907076951105325
2021-11-05,0.7388666233795464,0.617190376161285,1.1970870880856457,-0.12167624721826142,0.6172204434692593,0.43136662337954645,0.8345870880856456,-0.4032204647060992,-0.06083812360913071,-0.2583381236091307
2021-11-06,0.7388666233795464,0.617190376161285,1.1970870880856457,-0.12167624721826142,0.6172204434692593,0.43136662337954645,0.8345870880856456,-0.4032204647060992,-0.06083812360913071,-0.2583381236091307
2021-11-07,0.7388666233795464,0.617190376161285,1.1970870880856457,-0.12167624721826142,0.6172204434692593,0.43136662337954645,0.8345870880856456,-0.4032204647060992,-0.06083812360913071,-0.2609381236091307
2021-11-08,0.7343396506323632,0.6134089033970583,1.2264021129385032,-0.12093074723530484,0.5987755915332363,0.4268396506323632,0.8639021129385032,-0.43706246230614,-0.06046537361765242,-0.2419653736176524
2021-11-09,0.699888536270195,0.5963531126767195,1.2376988508815179,-0.10353542359347545,0.5654756290447536,0.392388536270195,0.8751988508815178,-0.48281031461132284,-0.051767711796737725,-0.25471771179673774
2021-11-10,0.7592868205964652,0.5907067460306975,1.2150153663708563,-0.16858007456576773,0.6249195208653106,0.45178682059646524,0.8525153663708562,-0.400728545774391,-0.08429003728288387,-0.26379003728288386
2021-11-11,0.7856681043301323,0.6015942246954357,1.2362629352432968,-0.18407387963469668,0.6355186117227665,0.47816810433013235,0.8737629352432967,-0.3955948309131644,-0.09203693981734834,-0.30023693981734834
2021-11-12,0.7510783144278549,0.58432072715469,1.210783736690748,-0.16675758727316492,0.6203240856873943,0.4435783144278549,0.8482837366907479,-0.40470542226289297,-0.08337879363658246,-0.32787879363658246
2021-11-13,0.7510783144278549,0.58432072715469,1.210783736690748,-0.16675758727316492,0.6203240856873943,0.4435783144278549,0.8482837366907479,-0.40470542226289297,-0.08337879363658246,-0.32787879363658246
2021-11-14,0.7510783144278549,0.58432072715469,1.210783736690748,-0.16675758727316492,0.6203240856873943,0.4435783144278549,0.8482837366907479,-0.40470542226289297,-0.08337879363658246,-0.32937879363658246
2021-11-15,0.8499092885279037,0.6639581390201947,1.2929303482749435,-0.18595114950770897,0.6573511787869096,0.5424092885279037,0.9304303482749434,-0.3880210597470397,-0.09297557475385448,-0.3506055747538545
2021-11-16,0.8556392200885524,0.6684344222507392,1.3012755128865643,-0.18720479783781319,0.6575388621511244,0.5481392200885524,0.9238755128865643,-0.3757362927980119,-0.09360239891890659,-0.3481023989189066
2021-11-17,0.8482732744979392,0.6626800675302618,1.3131950700467798,-0.18559320696767745,0.6459613608416312,0.5407732744979392,0.9357950700467799,-0.39502179554884065,-0.09279660348383872,-0.35641660348383875
2021-11-18,0.8522835919018191,0.6816656597272912,1.4220817697018118,-0.17061793217452792,0.5993210869164926,0.5447835919018191,1.0446817697018118,-0.4998981777999927,-0.08530896608726396,-0.31342896608726395
2021-11-19,0.8897481243889998,0.7171467122807392,1.5003562353760491,-0.17260141210826052,0.5930245787034659,0.5822481243889998,1.1229562353760492,-0.5407081109870494,-0.08630070605413026,-0.31530070605413024
2021-11-20,0.8897481243889998,0.7171467122807392,1.5003562353760491,-0.17260141210826052,0.5930245787034659,0.5822481243889998,1.1229562353760492,-0.5407081109870494,-0.08630070605413026,-0.31530070605413024
2021-11-21,0.8897481243889998,0.7171467122807392,1.5003562353760491,-0.17260141210826052,0.5930245787034659,0.5822481243889998,1.1229562353760492,-0.5407081109870494,-0.08630070605413026,-0.31690070605413023
2021-11-22,0.945842095040225,0.7678044875721932,1.5788227245216933,-0.17803760746803177,0.599080618963582,0.638342095040225,1.2014227245216933,-0.5630806294814683,-0.08901880373401588,-0.32866880373401586
2021-11-23,0.8551540132377842,0.7113199119948314,1.4354318012501115,-0.14383410124295282,0.5957468773459207,0.5476540132377842,1.0580318012501115,-0.5103777880123274,-0.07191705062147641,-0.3110470506214764
2021-11-24,0.8891109555378495,0.7441959605778269,1.0047053701502713,-0.14491499496002258,0.8849469525626875,0.5816109555378495,0.6273053701502713,-0.04569441461242185,-0.07245749748001129,-0.3209574974800113
2021-11-25,0.8891109555378495,0.7441959605778269,1.0047053701502713,-0.14491499496002258,0.8849469525626875,0.5816109555378495,0.6273053701502713,-0.04569441461242185,-0.07245749748001129,-0.3144074974800113
2021-11-26,0.888513401269138,0.7271692275204322,0.7151335164208141,-0.1613441737487058,1.242444076339865,0.581013401269138,0.3377335164208142,0.24327988484832386,-0.0806720868743529,-0.30492208687435285
2021-11-27,0.888513401269138,0.7271692275204322,0.7151335164208141,-0.1613441737487058,1.242444076339865,0.581013401269138,0.3377335164208142,0.24327988484832386,-0.0806720868743529,-0.30492208687435285
2021-11-28,0.888513401269138,0.7271692275204322,0.7151335164208141,-0.1613441737487058,1.242444076339865,0.581013401269138,0.3377335164208142,0.24327988484832386,-0.0806720868743529,-0.30177208687435286
2021-11-29,0.9928135136754666,0.7946997938747334,1.371932476187142,-0.1981137198007331,0.7236606253645089,0.6853135136754666,0.9945324761871421,-0.3092189625116756,-0.09905685990036656,-0.22755685990036656
2021-11-30,0.9976835393683943,0.7819605581312884,1.2962089488825783,-0.21572298123710587,0.7696934512205509,0.6901835393683943,0.9188089488825784,-0.22862540951418409,-0.10786149061855294,-0.24158149061855294
2021-12-01,0.6839315042598483,0.628432144487935,0.8982306177757853,-0.055499359771913226,0.7614208319389197,0.3764315042598483,0.5208306177757853,-0.14439911351593704,-0.027749679885956613,-0.13684967988595664
2021-12-02,0.6923123521023699,0.6528732467981546,0.846264827999613,-0.03943910530421524,0.8180800255386325,0.38481235210236986,0.468864827999613,-0.08405247589724313,-0.01971955265210762,-0.09706955265210764
2021-12-03,0.6498806176905778,0.6285730564548588,0.8138019646462528,-0.021307561235718975,0.7985734194842734,0.3423806176905778,0.43640196464625275,-0.09402134695567493,-0.010653780617859487,-0.0974037806178595
2021-12-04,0.6498806176905778,0.6285730564548588,0.8138019646462528,-0.021307561235718975,0.7985734194842734,0.3423806176905778,0.43640196464625275,-0.09402134695567493,-0.010653780617859487,-0.0974037806178595
2021-12-05,0.6498806176905778,0.6285730564548588,0.8138019646462528,-0.021307561235718975,0.7985734194842734,0.3423806176905778,0.43640196464625275,-0.09402134695567493,-0.010653780617859487,-0.0974037806178595
2021-12-06,0.6857763321443369,0.6467095656820312,0.848279472741291,-0.03906676646230567,0.8084320724255997,0.37827633214433687,0.470879472741291,-0.09260314059695413,-0.019533383231152834,-0.07063338323115284
2021-12-07,0.7179671273622089,0.661359258616271,0.81228441891455,-0.05660786874593793,0.883886371132938,0.4104671273622089,0.43488441891455004,-0.024417291552341125,-0.028303934372968964,-0.07730393437296897
2021-12-08,0.7176454394866056,0.6775895074621919,0.7892705970393883,-0.04005593202441371,0.9092514559373505,0.41014543948660565,0.4118705970393883,-0.0017251575527826302,-0.020027966012206855,-0.04982796601220685
2021-12-09,0.7555427935813361,0.6975540396775457,0.8042937370092882,-0.057988753903790435,0.9393866429829117,0.6181427935813362,0.6542937370092882,-0.036150943427952,-0.028994376951895218,-0.1439943769518952
2021-12-10,0.7521138958740251,0.7109213687899932,0.7976984921282972,-0.04119252708403187,0.9428548546799301,0.5771138958740252,0.6326984921282972,-0.055584596254272034,-0.020596263542015936,-0.16429626354201593
2021-12-11,0.7521138958740251,0.7109213687899932,0.7976984921282972,-0.04119252708403187,0.9428548546799301,0.5771138958740252,0.6326984921282972,-0.055584596254272034,-0.020596263542015936,-0.16429626354201593
2021-12-12,0.7521138958740251,0.7109213687899932,0.7976984921282972,-0.04119252708403187,0.9428548546799301,0.5771138958740252,0.6326984921282972,-0.055584596254272034,-0.020596263542015936,-0.16579626354201593
2021-12-13,0.7847619697525284,0.7425313719504649,0.819378447116379,-0.04223059780206351,0.9577527606618461,0.6097619697525285,0.655178447116379,-0.04541647736385046,-0.021115298901031754,-0.04951529890103175
2021-12-14,0.8262747727027435,0.7492348092642421,0.7806401249024179,-0.07703996343850139,1.0584579838322172,0.6512747727027435,0.6331401249024179,0.018134647800325587,-0.038519981719250695,-0.08021998171925071
2021-12-15,0.8299273333301629,0.752546813521687,0.7943724343634535,-0.07738051980847593,1.0447584752801753,0.6549273333301628,0.6468724343634535,0.0080548989667093,-0.03869025990423797,-0.031640259904237966
2021-12-16,0.8483059330516957,0.7712630663450409,0.7874101860256864,-0.07704286670665472,1.0773367529487647,0.6608059330516957,0.6399101860256864,0.02089574702600927,-0.03852143335332736,-0.04047143335332737
2021-12-17,0.8113506452772639,0.7357021732278887,0.7857328377395578,-0.07564847204937519,1.0326037124926646,0.6188506452772639,0.6432328377395579,-0.024382192462294006,-0.037824236024687596,-0.037824236024687596
2021-12-18,0.8113506452772639,0.7357021732278887,0.7857328377395578,-0.07564847204937519,1.0326037124926646,0.6188506452772639,0.6432328377395579,-0.024382192462294006,-0.037824236024687596,-0.037824236024687596
2021-12-19,0.8113506452772639,0.7357021732278887,0.7857328377395578,-0.07564847204937519,1.0326037124926646,0.6188506452772639,0.6432328377395579,-0.024382192462294006,-0.037824236024687596,-0.035824236024687595
2021-12-20,0.7820070380634045,0.7399246921091144,0.7942630672822016,-0.04208234595429017,0.9845693074201037,0.5745070380634045,0.6517630672822017,-0.07725602921879715,-0.021041172977145084,0.0064588270228549405
2021-12-21,0.8186989319958258,0.7588623297256674,0.8120680885619607,-0.05983660227015841,1.0081653786514468,0.6111989319958258,0.6720680885619607,-0.0608691565661349,-0.029918301135079206,-0.0004883011350791944
2021-12-22,0.812566185584804,0.7531778099990573,0.8017477526278325,-0.05938837558574672,1.0134935619357992,0.627566185584804,0.6608477526278325,-0.033281567043028426,-0.02969418779287336,0.017455812207126664
2021-12-23,0.7746259482852826,0.7329408028144927,0.7975188303056848,-0.04168514547078994,0.9712948695999724,0.5896259482852826,0.6565188303056848,-0.06689288202040222,-0.02084257273539497,-0.02584257273539496
2021-12-24,0.7746259482852826,0.7329408028144927,0.7975188303056848,-0.04168514547078994,0.9712948695999724,0.5896259482852826,0.6565188303056848,-0.06689288202040222,-0.02084257273539497,-0.029642572735394973
2021-12-25,0.7746259482852826,0.7329408028144927,0.7975188303056848,-0.04168514547078994,0.9712948695999724,0.5896259482852826,0.6565188303056848,-0.06689288202040222,-0.02084257273539497,-0.029642572735394973
2021-12-26,0.7746259482852826,0.7329408028144927,0.7975188303056848,-0.04168514547078994,0.9712948695999724,0.5896259482852826,0.6565188303056848,-0.06689288202040222,-0.02084257273539497,-0.029142572735394973
2021-12-27,0.7758678850665893,0.7504295937529678,0.770147376257578,-0.02543829131362152,1.0074278105533636,0.5908678850665894,0.629147376257578,-0.03827949119098861,-0.01271914565681076,-0.022419145656810774
2021-12-28,0.808662421812874,0.7495593622951577,0.7657505312394601,-0.05910305951771622,1.0560389954989071,0.6236624218128739,0.6212505312394602,0.002411890573413733,-0.02955152975885811,-0.03528152975885812
2021-12-29,0.8109462729322584,0.7680170815714104,0.7745611178925346,-0.04292919136084805,1.0469751891738672,0.6259462729322585,0.6300611178925346,-0.004114844960276143,-0.021464595680424026,-0.024834595680424024
2021-12-30,0.8408708058064932,0.780769220342321,0.793368688951193,-0.060101585464172214,1.0598739495480929,0.6558708058064933,0.648868688951193,0.007002116855300278,-0.030050792732086107,-0.03960079273208608
2021-12-31,0.80083494458114,0.7745780611522501,0.7329031388472339,-0.026256883428889877,1.0926886543844723,0.6268349445811401,0.5884031388472339,0.038431805733906144,-0.013128441714444938,-0.02277844171444493
2022-01-01,0.80083494458114,0.7745780611522501,0.7329031388472339,-0.026256883428889877,1.0926886543844723,0.6268349445811401,0.5884031388472339,0.038431805733906144,-0.013128441714444938,-0.02277844171444493
2022-01-02,0.80083494458114,0.7745780611522501,0.7329031388472339,-0.026256883428889877,1.0926886543844723,0.6268349445811401,0.5884031388472339,0.038431805733906144,-0.013128441714444938,-0.024528441714444932
2022-01-03,0.7796177048545001,0.73766393670297,0.7761910579915632,-0.04195376815153007,1.0044146951032953,0.6056177048545002,0.6316910579915632,-0.02607335313706305,-0.020976884075765034,-0.013526884075765029
2022-01-04,0.8070135454982215,0.74803099811549,0.7679093525670306,-0.058982547382731454,1.0509229283384427,0.6330135454982215,0.6454093525670306,-0.01239580706880905,-0.029491273691365727,-0.036191273691365725
2022-01-05,0.8023707082686278,0.71139151593761,0.8150731938558204,-0.09097919233101781,0.9844155277305812,0.6283707082686278,0.6925731938558204,-0.06420248558719255,-0.045489596165508905,-0.06038959616550891
2022-01-06,0.7843672202707616,0.692680674209197,0.8244741760798744,-0.09168654606156457,0.9513545033031728,0.6622672202707616,0.7019741760798743,-0.039706955809112765,-0.04584327303078228,-0.03629327303078228
2022-01-07,0.848683503290063,0.7387720331918417,0.8954247744430035,-0.10991147009822133,0.9477998906362449,0.726583503290063,0.7130247744430035,0.013558728847059554,-0.054955735049110666,-0.04440573504911065
2022-01-08,0.848683503290063,0.7387720331918417,0.8954247744430035,-0.10991147009822133,0.9477998906362449,0.726583503290063,0.7130247744430035,0.013558728847059554,-0.054955735049110666,-0.04440573504911065
2022-01-09,0.848683503290063,0.7387720331918417,0.8954247744430035,-0.10991147009822133,0.9477998906362449,0.726583503290063,0.7130247744430035,0.013558728847059554,-0.054955735049110666,-0.04215573504911065
2022-01-10,0.8480229757691569,0.738197049399053,0.919585865235425,-0.10982592637010391,0.9221792198296271,0.7259229757691569,0.737185865235425,-0.011262889466268078,-0.054912963185051955,-0.03971296318505194
2022-01-11,0.8388362545029195,0.7139734153080737,0.9313476082475439,-0.12486283919484586,0.9006693602631385,0.7167362545029196,0.7489476082475439,-0.03221135374462436,-0.06243141959742293,-0.04653141959742292
2022-01-12,0.8347965461684229,0.7428320741971042,0.9154953953265382,-0.09196447197131874,0.911852261005276,0.7126965461684229,0.7330953953265382,-0.020398849158115295,-0.04598223598565937,-0.022882235985659354
2022-01-13,0.8375006746533211,0.745238305248875,0.9427538888598576,-0.0922623694044461,0.8883555767308189,0.7154006746533211,0.7603538888598576,-0.04495321420653642,-0.04613118470222305,-0.012581184702223032
2022-01-14,0.839759828688995,0.7472485819875041,0.927039952846892,-0.09251124670149091,0.9058507415027106,0.717659828688995,0.744639952846892,-0.026980124157896967,-0.046255623350745456,-0.005405623350745445
2022-01-15,0.839759828688995,0.7472485819875041,0.927039952846892,-0.09251124670149091,0.9058507415027106,0.717659828688995,0.744639952846892,-0.026980124157896967,-0.046255623350745456,-0.005405623350745445
2022-01-16,0.839759828688995,0.7472485819875041,0.927039952846892,-0.09251124670149091,0.9058507415027106,0.717659828688995,0.744639952846892,-0.026980124157896967,-0.046255623350745456,-0.007255623350745456
2022-01-17,0.839759828688995,0.7472485819875041,0.927039952846892,-0.09251124670149091,0.9058507415027106,0.717659828688995,0.744639952846892,-0.026980124157896967,-0.046255623350745456,0.00324437664925456
2022-01-18,0.8416595281469649,0.7815015684302237,0.9043887978606746,-0.060157959716741205,0.9306390461026326,0.7195595281469649,0.7219887978606746,-0.002429269713709714,-0.030078979858370603,0.02332102014162942
2022-01-19,0.7613877118643917,0.7364241803278544,0.8768066377509378,-0.024963531536537298,0.8683644478529466,0.6392877118643917,0.6944066377509378,-0.0551189258865461,-0.012481765768268649,0.04696823423173138
2022-01-20,0.7616356401327393,0.7526784141439558,0.859601134461198,-0.008957225988783568,0.8860337772938562,0.6395356401327393,0.677201134461198,-0.03766549432845867,-0.004478612994391784,0.05867138700560824
2022-01-21,0.76612612212493,0.7571160857635402,0.8978645383951449,-0.009010036361389862,0.8532758443654698,0.64402612212493,0.7154645383951449,-0.07143841627021486,-0.004505018180694931,0.05639498181930509
2022-01-22,0.76612612212493,0.7571160857635402,0.8978645383951449,-0.009010036361389862,0.8532758443654698,0.64402612212493,0.7154645383951449,-0.07143841627021486,-0.004505018180694931,0.05639498181930509
2022-01-23,0.76612612212493,0.7571160857635402,0.8978645383951449,-0.009010036361389862,0.8532758443654698,0.64402612212493,0.7154645383951449,-0.07143841627021486,-0.004505018180694931,0.05579498181930509
2022-01-24,0.8282693863352116,0.785090752752469,0.9174817467970556,-0.043178633582742654,0.9027638851963149,0.7061693863352116,0.7350817467970556,-0.028912360461843978,-0.021589316791371327,0.03876068320862868
2022-01-25,0.8234406093460508,0.780513705449009,0.938493032649685,-0.04292690389704179,0.8774072696322507,0.7013406093460508,0.756093032649685,-0.05475242330363417,-0.021463451948520895,0.04573654805147913
2022-01-26,0.7670054273970852,0.7741123914428253,0.966791004436671,0.007106964045740072,0.7933518453080801,0.6449054273970852,0.784391004436671,-0.13948557703958575,0.003553482022870036,0.09255348202287006
2022-01-27,0.6465462238014392,0.7570001947355799,0.9889852490825928,0.11045397093414067,0.6537470851068724,0.5244462238014392,0.8065852490825928,-0.28213902528115353,0.05522698546707033,0.15852698546707034
2022-01-28,0.5811463586716955,0.7274136678456299,1.032078984916543,0.14626730917393438,0.5630832205334446,0.4590463586716955,0.849678984916543,-0.3906326262448475,0.07313365458696719,0.1752336545869672
2022-01-29,0.5811463586716955,0.7274136678456299,1.032078984916543,0.14626730917393438,0.5630832205334446,0.4590463586716955,0.849678984916543,-0.3906326262448475,0.07313365458696719,0.1752336545869672
2022-01-30,0.5811463586716955,0.7274136678456299,1.032078984916543,0.14626730917393438,0.5630832205334446,0.4590463586716955,0.849678984916543,-0.3906326262448475,0.07313365458696719,0.1788836545869672
2022-01-31,0.47589821066052845,0.6904424859582704,1.0278387640165108,0.21454427529774195,0.4630086228708181,0.35379821066052847,0.8454387640165107,-0.4916405533559823,0.10727213764887097,0.22167213764887098
2022-02-01,0.9483622405057778,0.9336481893504122,1.0447690806395564,-0.014714051155365615,0.9077242599151546,0.8262622405057778,0.8623690806395564,-0.03610684013377863,-0.0073570255776828075,0.09754297442231721
2022-02-02,0.9774576177560539,0.9454098270099168,1.0656062584874983,-0.03204779074613706,0.9172784130823697,0.8553576177560539,0.8832062584874983,-0.02784864073144444,-0.01602389537306853,0.08722610462693149
2022-02-03,0.9808167648266639,0.9813712118389717,1.1077937540068192,0.0005544470123077794,0.8853784933153056,0.8587167648266639,0.9253937540068192,-0.0666769891801553,0.0002772235061538897,0.13807722350615392
2022-02-04,1.0125613865340586,1.0120080743009874,1.1028647495395096,-0.0005533122330712015,0.9181192770526428,0.8904613865340586,0.9204647495395096,-0.030003363005451034,-0.00027665611653560074,0.16439334388346444
2022-02-05,1.0125613865340586,1.0120080743009874,1.1028647495395096,-0.0005533122330712015,0.9181192770526428,0.8904613865340586,0.9204647495395096,-0.030003363005451034,-0.00027665611653560074,0.16439334388346444
2022-02-06,1.0125613865340586,1.0120080743009874,1.1028647495395096,-0.0005533122330712015,0.9181192770526428,0.8904613865340586,0.9204647495395096,-0.030003363005451034,-0.00027665611653560074,0.16439334388346444
2022-02-07,0.9712874769040423,0.9880338127127238,1.0997161197923138,0.016746335808681567,0.8832165496378049,0.8491874769040423,0.9173161197923138,-0.06812864288827147,0.008373167904340784,0.1569231679043408
2022-02-08,1.034807934640165,1.065452696321752,1.0938383267382514,0.03064476168158703,0.9460337138906891,0.9127079346401651,0.9114383267382514,0.0012696079019136608,0.015322380840793515,0.18272238084079356
2022-02-09,1.0299060349171822,1.0764723839311132,1.1377994537157465,0.046566349013930974,0.9051736064328266,0.9078060349171823,0.9553994537157465,-0.04759341879856427,0.023283174506965487,0.19188317450696551
2022-02-10,1.0958742364394636,1.1884219861636058,1.1792239145494918,0.09254774972414226,0.9293181921756811,0.9737742364394636,0.9968239145494918,-0.023049678110028227,0.04627387486207113,0.28227387486207123
2022-02-11,1.1262017649348548,1.2494649282136414,1.2879610020000363,0.12326316327878661,0.8744067275220365,1.0041017649348547,1.1055610020000364,-0.10145923706518167,0.06163158163939331,0.27413158163939333
2022-02-12,1.1262017649348548,1.2494649282136414,1.2879610020000363,0.12326316327878661,0.8744067275220365,1.0041017649348547,1.1055610020000364,-0.10145923706518167,0.06163158163939331,0.27413158163939333
2022-02-13,1.1262017649348548,1.2494649282136414,1.2879610020000363,0.12326316327878661,0.8744067275220365,1.0041017649348547,1.1055610020000364,-0.10145923706518167,0.06163158163939331,0.27413158163939333
2022-02-14,1.1097551466707807,1.2154333730292768,1.212597818973706,0.10567822635849611,0.9151881434274991,0.9876551466707807,1.030197818973706,-0.0425426723029253,0.052839113179248054,0.29763911317924807
2022-02-15,1.1176469513987486,1.1922824879314518,1.21360075625311,0.07463553653270316,0.9209346200882318,0.9955469513987486,1.03120075625311,-0.035653804854361426,0.03731776826635158,0.2890177682663516
2022-02-16,1.108509896439485,1.166768131112517,1.2250808213041704,0.05825823467303204,0.90484633924757,0.9864098964394851,1.0426808213041703,-0.05627092486468521,0.02912911733651602,0.257179117336516
2022-02-17,1.0586536919210676,1.1325438278947026,1.1617886876663097,0.07389013597363503,0.911227405775133,0.9365536919210676,0.9793886876663097,-0.04283499574524208,0.036945067986817515,0.23674506798681755
2022-02-18,1.0598796305052482,1.1338553324853795,1.1315247158888875,0.07397570198013126,0.9366827039855181,0.9377796305052483,0.9491247158888875,-0.011345085383639208,0.03698785099006563,0.21423785099006565
2022-02-19,1.0598796305052482,1.1338553324853795,1.1315247158888875,0.07397570198013126,0.9366827039855181,0.9377796305052483,0.9491247158888875,-0.011345085383639208,0.03698785099006563,0.21423785099006565
2022-02-20,1.0598796305052482,1.1338553324853795,1.1315247158888875,0.07397570198013126,0.9366827039855181,0.9377796305052483,0.9491247158888875,-0.011345085383639208,0.03698785099006563,0.21423785099006565
2022-02-21,1.0598796305052482,1.1338553324853795,1.1315247158888875,0.07397570198013126,0.9366827039855181,0.9377796305052483,0.9491247158888875,-0.011345085383639208,0.03698785099006563,0.21423785099006565
2022-02-22,1.0556565597325522,1.1293375068972027,1.0924016720489216,0.07368094716465046,0.9663630024957306,0.9335565597325522,0.9100016720489216,0.023554887683630676,0.03684047358232523,0.23524047358232525
2022-02-23,1.053998807597294,1.1275640497569746,1.0816347105925646,0.07356524215968063,0.9744498741352979,0.9318988075972939,0.8992347105925645,0.03266409700472939,0.036782621079840316,0.22693262107984033
2022-02-24,0.9819474763686324,1.0263454188485086,0.549834750751533,0.04439794247987616,1.7858956259612055,0.8598474763686325,0.367434750751533,0.4924127256170995,0.02219897123993808,0.1651489712399381
2022-02-25,1.0344047324016654,1.0317551301158074,0.49186476178373706,-0.002649602285857977,2.103026711347279,0.9123047324016654,0.30946476178373705,0.6028399706179284,-0.0013248011429289885,0.15107519885707102
2022-02-26,1.0344047324016654,1.0317551301158074,0.49186476178373706,-0.002649602285857977,2.103026711347279,0.9123047324016654,0.30946476178373705,0.6028399706179284,-0.0013248011429289885,0.15107519885707102
2022-02-27,1.0344047324016654,1.0317551301158074,0.49186476178373706,-0.002649602285857977,2.103026711347279,0.9123047324016654,0.30946476178373705,0.6028399706179284,-0.0013248011429289885,0.15107519885707102
2022-02-28,1.0593777671562425,1.0401689800220353,0.12112884003655681,-0.01920878713420726,8.745875605153332,0.9372777671562426,-0.06127115996344319,0.9985489271196858,-0.00960439356710363,0.09734560643289639
2022-03-01,1.0358881171076604,1.0019245722844932,1.1322200691783777,-0.03396354482316721,0.914917643050946,0.9137881171076604,0.9498200691783777,-0.0360319520707173,-0.016981772411583607,0.0840182275884164
2022-03-02,1.0474740269645062,1.0284810801268702,1.2417105408729079,-0.01899294683763597,0.8435734355835816,0.9253740269645062,1.0593105408729078,-0.13393651390840156,-0.009496473418817986,0.120703526581182
2022-03-03,1.0716340054684421,1.0669837132557485,1.2640350808748018,-0.004650292212693641,0.8477881837953386,0.9495340054684421,1.0816350808748019,-0.13210107540635974,-0.0023251461063468204,0.11967485389365315
2022-03-04,1.0238784308115578,1.0503273520247145,0.9611417754042608,0.026448921213156673,1.0652730502541206,0.9017784308115578,0.7787417754042608,0.12303665540729702,0.013224460606578337,0.1287244606065784
2022-03-05,1.0238784308115578,1.0503273520247145,0.9611417754042608,0.026448921213156673,1.0652730502541206,0.9017784308115578,0.7787417754042608,0.12303665540729702,0.013224460606578337,0.1287244606065784
2022-03-06,1.0238784308115578,1.0503273520247145,0.9611417754042608,0.026448921213156673,1.0652730502541206,0.9017784308115578,0.7787417754042608,0.12303665540729702,0.013224460606578337,0.1287244606065784
2022-03-07,1.0088477990048952,0.9905552283820908,0.68837161869314,-0.018292570622804427,1.4655569340876848,0.8867477990048952,0.50597161869314,0.3807761803117552,-0.009146285311402214,0.1104537146885978
2022-03-08,1.0153067445732376,0.9531351165304155,-0.3510921342561306,-0.06217162804282206,-2.8918527232870033,0.8932067445732376,-0.5334921342561306,1.4266988788293682,-0.03108581402141103,0.08441418597858899
2022-03-09,1.0741340007740585,0.994391500014024,-0.5715098528298304,-0.07974250076003453,-1.8794671613367386,0.9520340007740585,-0.7539098528298304,1.705943853603889,-0.039871250380017265,0.09322874961998276
2022-03-10,1.2505973381594588,1.1505895542202966,-0.5394551502982192,-0.10000778393916221,-2.3182600767980603,1.128497338159459,-0.7218551502982192,1.8503524884576783,-0.050003891969581105,0.07769610803041896
2022-03-11,1.3525167570337127,1.2041128133129484,-0.13535870055647978,-0.14840394372076426,-9.99209324168535,1.2304167570337126,-0.3177587005564798,1.5481754575901925,-0.07420197186038213,0.05649802813961782
2022-03-12,1.3525167570337127,1.2041128133129484,-0.13535870055647978,-0.14840394372076426,-9.99209324168535,1.2304167570337126,-0.3177587005564798,1.5481754575901925,-0.07420197186038213,0.05649802813961782
2022-03-13,1.3525167570337127,1.2041128133129484,-0.13535870055647978,-0.14840394372076426,-9.99209324168535,1.2304167570337126,-0.3177587005564798,1.5481754575901925,-0.07420197186038213,0.05649802813961782
2022-03-14,1.4625645706698893,1.2791700945080964,0.16329937311188486,-0.18339447616179294,8.956339162844248,1.3404645706698894,-0.019100626888115146,1.3595651975580045,-0.09169723808089647,0.05365276191910354
2022-03-15,1.5809957286765395,1.345660626768615,0.21112470823739035,-0.2353351019079244,7.488444824273504,1.4588957286765396,0.028724708237390345,1.4301710204391493,-0.1176675509539622,0.02163244904603781
2022-03-16,1.629931074156508,1.4064770069344843,0.6209737877410704,-0.22345406722202377,2.6247985121654542,1.507831074156508,0.43857378774107036,1.0692572864154375,-0.11172703361101188,0.029672966388988115
2022-03-17,1.5700120716483732,1.3514972767582756,0.6220497435004998,-0.21851479489009762,2.5239333157077524,1.447912071648373,0.4396497435004998,1.0082623281478733,-0.10925739744504881,0.03824260255495124
2022-03-18,1.4548176338656673,1.3153500845036166,0.9409876580319958,-0.13946754936205075,1.5460538950195244,1.3327176338656672,0.7585876580319958,0.5741299758336714,-0.06973377468102537,0.10126622531897458
2022-03-19,1.4548176338656673,1.3153500845036166,0.9409876580319958,-0.13946754936205075,1.5460538950195244,1.3327176338656672,0.7585876580319958,0.5741299758336714,-0.06973377468102537,0.10126622531897458
2022-03-20,1.4548176338656673,1.3153500845036166,0.9409876580319958,-0.13946754936205075,1.5460538950195244,1.3327176338656672,0.7585876580319958,0.5741299758336714,-0.06973377468102537,0.10126622531897458
2022-03-21,1.6760291811789156,1.452852391046691,1.0491596037285718,-0.22317679013222458,1.5974968681814796,1.5539291811789155,0.8667596037285717,0.6871695774503438,-0.11158839506611229,0.09441160493388775
2022-03-22,1.6512523319969978,1.4896149268629855,1.232272911587042,-0.16163740513401237,1.340005380683369,1.5291523319969977,1.049872911587042,0.47927942040995575,-0.08081870256700618,0.14333129743299375
2022-03-23,1.6692811155137137,1.4926977126353749,1.241759836618788,-0.17658340287833885,1.3442866054188318,1.5471811155137138,1.0593598366187882,0.48782127889492566,-0.08829170143916942,0.15340829856083057
2022-03-24,1.7102905939200033,1.563985556526528,0.7741347905282085,-0.14630503739347533,2.2092930260284978,1.5881905939200034,0.5917347905282085,0.9964558033917948,-0.07315251869673767,0.1973474813032623
2022-03-25,1.7485155831247143,1.615687774629179,1.1980684985424868,-0.13282780849553544,1.4594454200672795,1.6264155831247145,1.0156684985424866,0.6107470845822278,-0.06641390424776772,0.21773609575223218
2022-03-26,1.7485155831247143,1.615687774629179,1.1980684985424868,-0.13282780849553544,1.4594454200672795,1.6264155831247145,1.0156684985424866,0.6107470845822278,-0.06641390424776772,0.21773609575223218
2022-03-27,1.7485155831247143,1.615687774629179,1.1980684985424868,-0.13282780849553544,1.4594454200672795,1.6264155831247145,1.0156684985424866,0.6107470845822278,-0.06641390424776772,0.21773609575223218
2022-03-28,1.5413086444348034,1.5364098715602121,1.2882606919130994,-0.004898772874591284,1.1964260449070454,1.4192086444348035,1.1058606919130995,0.313347952521704,-0.002449386437295642,0.28805061356270434
2022-03-29,1.8507389660325435,1.6666066551101484,1.4553686934023273,-0.18413231092239513,1.271663307327251,1.7286389660325434,1.2729686934023272,0.4556702726302162,-0.09206615546119756,0.19803384453880246
2022-03-30,1.7356773743934988,1.6177237406045974,1.5510221666917743,-0.11795363378890134,1.1190538805100263,1.6135773743934987,1.3686221666917744,0.2449552077017243,-0.05897681689445067,0.23687318310554928
2022-03-31,1.5025721112877108,1.5592777869357013,1.6202328204118641,0.05670567564799045,0.9273803692643111,1.3804721112877107,1.437832820411864,-0.05736070912415325,0.028352837823995225,0.3623528378239953
2022-04-01,1.7445195214377658,1.7640186219009302,1.6277742979226264,0.019499100463164387,1.071720768453053,1.6224195214377657,1.4453742979226263,0.1770452235151394,0.009749550231582194,0.3556495502315822
2022-04-02,1.7445195214377658,1.7640186219009302,1.6277742979226264,0.019499100463164387,1.071720768453053,1.6224195214377657,1.4453742979226263,0.1770452235151394,0.009749550231582194,0.3556495502315822
2022-04-03,1.7445195214377658,1.7640186219009302,1.6277742979226264,0.019499100463164387,1.071720768453053,1.6224195214377657,1.4453742979226263,0.1770452235151394,0.009749550231582194,0.3556495502315822
2022-04-04,1.7983278705764956,1.8003966975774257,1.7760118400789726,0.00206882700093014,1.0125652487184604,1.6762278705764957,1.5936118400789727,0.08261603049752297,0.00103441350046507,0.3435344135004651
2022-04-05,1.8993602849040427,1.8677042801556492,1.900340377422047,-0.031656004748393585,0.9994842542264276,1.7772602849040426,1.717940377422047,0.05931990748199567,-0.015828002374196792,0.30217199762580316
2022-04-06,1.9671628347239636,1.9333538489341617,1.9303751228268649,-0.03380898578980185,1.0190572865667822,1.8450628347239637,1.747975122826865,0.09708771189709875,-0.016904492894900924,-0.5514044928949009
2022-04-07,2.0152155773365505,1.949142935456629,2.0041952897434028,-0.06607264187992157,1.0054986096662062,1.8931155773365504,1.8217952897434029,0.07132028759314757,-0.033036320939960784,-0.5679363209399607
2022-04-08,2.069859500446073,1.971661993097498,2.0208651019711565,-0.09819750734857524,1.0242442696581415,1.947759500446073,1.8384651019711566,0.1092943984749164,-0.04909875367428762,-0.5908987536742876
2022-04-09,2.069859500446073,1.971661993097498,2.0208651019711565,-0.09819750734857524,1.0242442696581415,1.947759500446073,1.8384651019711566,0.1092943984749164,-0.04909875367428762,-0.5908987536742876
2022-04-10,2.069859500446073,1.971661993097498,2.0208651019711565,-0.09819750734857524,1.0242442696581415,1.947759500446073,1.8384651019711566,0.1092943984749164,-0.04909875367428762,-0.5908987536742876
2022-04-11,2.1297364451149026,2.044762630826942,1.7714129380065193,-0.08497381428796036,1.202281184370047,2.0076364451149025,1.5890129380065194,0.41862350710838303,-0.04248690714398018,-0.58293690714398
2022-04-12,2.130544755592065,2.0158932024578964,1.7657906722681442,-0.11465155313416853,1.2065670008639229,2.008444755592065,1.5833906722681443,0.4250540833239205,-0.05732577656708426,-0.6296257765670842
2022-04-13,2.09056912499262,1.9922902003606073,1.881813544271076,-0.09827892463201282,1.1109331906750655,1.96846912499262,1.699413544271076,0.269055580721544,-0.04913946231600641,-0.6171894623160064
2022-04-14,2.070046885017078,2.0021764953444214,1.9519040632774325,-0.06787038967265646,1.0605269613206667,1.9479468850170778,1.7695040632774326,0.1784428217396452,-0.03393519483632823,-0.6066851948363282
2022-04-15,2.070046885017078,2.0021764953444214,1.9519040632774325,-0.06787038967265646,1.0605269613206667,1.9479468850170778,1.7695040632774326,0.1784428217396452,-0.03393519483632823,-0.6103351948363283
2022-04-16,2.070046885017078,2.0021764953444214,1.9519040632774325,-0.06787038967265646,1.0605269613206667,1.9479468850170778,1.7695040632774326,0.1784428217396452,-0.03393519483632823,-0.6103351948363283
2022-04-17,2.070046885017078,2.0021764953444214,1.9519040632774325,-0.06787038967265646,1.0605269613206667,1.9479468850170778,1.7695040632774326,0.1784428217396452,-0.03393519483632823,-0.6103351948363283
2022-04-18,2.119497327590284,2.05000561193162,1.9408833025107826,-0.06949171565866408,1.0920271841426228,1.997397327590284,1.7584833025107827,0.23891402507950144,-0.03474585782933204,-0.608095857829332
2022-04-19,2.117995172216873,2.0786784826651203,2.0221441571849836,-0.03931668955175249,1.047400683423739,1.9958951722168727,1.8397441571849837,0.156151015031889,-0.019658344775876246,-0.6018583447758763
2022-04-20,2.0904763720701403,2.0973815423718154,1.9616861418939917,0.006905170301675145,1.065652821532298,1.9683763720701402,1.7792861418939916,0.18909023017614857,0.0034525851508375727,-0.5664474148491625
2022-04-21,2.1297364451149026,2.1659337496907543,1.941565277142537,0.036197304575851685,1.0969172503173847,2.0076364451149025,1.7591652771425368,0.24847116797236568,0.018098652287925843,-0.5532013477120742
2022-04-22,2.239675019299277,2.2425192152369338,1.4353300684755417,0.002844195937656835,1.5603902325254195,2.117575019299277,1.2529300684755418,0.864644950823735,0.0014220979688284174,-0.5632279020311716
2022-04-23,2.239675019299277,2.2425192152369338,1.4353300684755417,0.002844195937656835,1.5603902325254195,2.117575019299277,1.2529300684755418,0.864644950823735,0.0014220979688284174,-0.5632279020311716
2022-04-24,2.239675019299277,2.2425192152369338,1.4353300684755417,0.002844195937656835,1.5603902325254195,2.117575019299277,1.2529300684755418,0.864644950823735,0.0014220979688284174,-0.5632279020311716
2022-04-25,2.252735464492598,2.2411288649097467,1.4959795549460504,-0.011606599582851373,1.5058597940356468,2.130635464492598,1.3135795549460503,0.8170559095465477,-0.005803299791425687,-0.5693032997914257
2022-04-26,2.2431523768068726,2.2315951514462893,1.1530555973329166,-0.011557225360583345,1.9453982808768389,2.1210523768068725,0.9706555973329166,1.1503967794739558,-0.005778612680291673,-0.5988286126802916
2022-04-27,2.2291361738366815,2.234167486179662,1.1320280072113913,0.005031312342980598,1.9691528474881803,2.1070361738366814,0.9496280072113913,1.1574081666252902,0.002515656171490299,-0.5791343438285097
2022-04-28,2.25833365445882,2.2310961408277525,1.3268418258534178,-0.02723751363106741,1.7020368294512207,2.13623365445882,1.1444418258534177,0.9917918286054022,-0.013618756815533706,-0.5799187568155337
2022-04-29,2.2023170432208716,2.222723402138836,1.1526639344262732,0.020406358917964162,1.9106323859408794,2.0802170432208715,0.9702639344262732,1.1099531087945982,0.010203179458982081,-0.531196820541018
2022-04-30,2.2023170432208716,2.222723402138836,1.1526639344262732,0.020406358917964162,1.9106323859408794,2.0802170432208715,0.9702639344262732,1.1099531087945982,0.010203179458982081,-0.531196820541018
2022-05-01,2.2023170432208716,2.222723402138836,1.1526639344262732,0.020406358917964162,1.9106323859408794,2.0802170432208715,0.9702639344262732,1.1099531087945982,0.010203179458982081,-0.531196820541018
2022-05-02,2.2919008589171312,2.295926445905862,1.907632271214798,0.0040255869887309,1.2014374539059498,2.169800858917131,1.7252322712147978,0.4445685877023333,0.00201279349436545,-0.5612372065056347
2022-05-03,2.3485621399460483,2.366208440177869,2.1351618187933497,0.01764630023182079,1.0999457367935224,2.2264621399460482,1.9527618187933498,0.2737003211526985,0.008823150115910394,-0.5444768498840896
2022-05-04,2.416124912932465,2.4158572872220905,2.4763596927088734,-0.00026762571037464156,0.9756760780940842,2.294024912932465,2.2939596927088735,6.522022359156665e-05,-0.00013381285518732078,-0.5454838128551872
2022-05-05,2.3747066631847122,2.3597747551296697,2.5507241295434184,-0.01493190805504252,0.9309931386463915,2.252606663184712,2.3683241295434185,-0.11571746635870639,-0.00746595402752126,-0.5254859540275213
2022-05-06,2.3981592507373013,2.335203585869682,2.5066201891398547,-0.06295566486761928,0.9567302063262437,2.276059250737301,2.324220189139855,-0.048160938402553644,-0.03147783243380964,-0.5412978324338096
2022-05-07,2.3981592507373013,2.335203585869682,2.5066201891398547,-0.06295566486761928,0.9567302063262437,2.276059250737301,2.324220189139855,-0.048160938402553644,-0.03147783243380964,-0.5412978324338096
2022-05-08,2.3981592507373013,2.335203585869682,2.5066201891398547,-0.06295566486761928,0.9567302063262437,2.276059250737301,2.324220189139855,-0.048160938402553644,-0.03147783243380964,-0.5412978324338096
2022-05-09,2.396555088849513,2.302102940164729,2.6505987888987117,-0.09445214868478402,0.9041561095126167,2.2744550888495128,2.468198788898712,-0.19374370004919905,-0.04722607434239201,-0.5617460743423921
2022-05-10,2.452609580276041,2.3241110942912355,2.5894048653877095,-0.1284984859848053,0.9471711484981756,2.3305095802760407,2.4070048653877096,-0.07649528511166892,-0.06424924299240264,-0.5550492429924025
2022-05-11,2.402890051321986,2.3400253104778552,2.680698288471374,-0.06286474084413074,0.8963672121013649,2.280790051321986,2.498298288471374,-0.21750823714938816,-0.03143237042206537,-0.4987323704220654
2022-05-12,2.340889203484581,2.3773456746863975,2.6421434507119494,0.0364564712018165,0.8859811161478788,2.218789203484581,2.4597434507119496,-0.2409542472273687,0.01822823560090825,-0.4295717643990917
2022-05-13,2.2271422652736095,2.3009931079000614,2.5010518624795783,0.07385084262645192,0.890482240166579,2.1050422652736094,2.3186518624795784,-0.21360959720596906,0.03692542131322596,-0.416874578686774
2022-05-14,2.2271422652736095,2.3009931079000614,2.5010518624795783,0.07385084262645192,0.890482240166579,2.1050422652736094,2.3186518624795784,-0.21360959720596906,0.03692542131322596,-0.416874578686774
2022-05-15,2.2271422652736095,2.3009931079000614,2.5010518624795783,0.07385084262645192,0.890482240166579,2.1050422652736094,2.3186518624795784,-0.21360959720596906,0.03692542131322596,-0.416874578686774
2022-05-16,2.152747930409464,2.2611021743452713,2.437222874295194,0.10835424393580739,0.8832790604068184,2.030647930409464,2.254822874295194,-0.22417494388573012,0.054177121967903696,-0.4518228780320964
2022-05-17,2.180494636821845,2.2712340101069914,2.414923685698098,0.09073937328514647,0.9029248624854641,2.058394636821845,2.232523685698098,-0.17412904887625302,0.04536968664257324,-0.4454803133574269
2022-05-18,2.1840969739056413,2.291236157114869,2.547588465542115,0.10713918320922788,0.8573193839770646,2.061996973905641,2.365188465542115,-0.30319149163647374,0.05356959160461394,-0.421730408395386
2022-05-19,2.187224985915566,2.259752192974631,2.532198732703313,0.07252720705906501,0.8637651372570346,2.065124985915566,2.349798732703313,-0.28467374678774693,0.03626360352953251,-0.45698639647046757
2022-05-20,2.086785623261647,2.2266105772011957,2.5595372259881093,0.13982495393954864,0.8152980164045255,1.964685623261647,2.3771372259881094,-0.4124516027264624,0.06991247696977432,-0.4370375230302256
2022-05-21,2.086785623261647,2.2266105772011957,2.5595372259881093,0.13982495393954864,0.8152980164045255,1.964685623261647,2.3771372259881094,-0.4124516027264624,0.06991247696977432,-0.4370375230302256
2022-05-22,2.086785623261647,2.2266105772011957,2.5595372259881093,0.13982495393954864,0.8152980164045255,1.964685623261647,2.3771372259881094,-0.4124516027264624,0.06991247696977432,-0.4370375230302256
2022-05-23,2.014305605750172,2.17183393987358,2.5265960457413494,0.15752833412340816,0.7972408605425241,1.892205605750172,2.3441960457413495,-0.4519904399911776,0.07876416706170408,-0.7950358329382958
2022-05-24,1.9625908379717714,2.1355240470553496,2.487660150552479,0.17293320908357823,0.7889304483716973,1.8404908379717713,2.305260150552479,-0.46476931258070775,0.08646660454178912,-0.7917833954582107
2022-05-25,2.0489903306383876,2.1895807565507694,2.5096134385751863,0.1405904259123818,0.8164565502971192,1.9268903306383875,2.3272134385751864,-0.4003231079367988,0.0702952129561909,-0.7955547870438091
2022-05-26,2.080573607171617,2.1880401335893516,2.525627581883282,0.10746652641773435,0.8237847979234524,1.9584736071716171,2.343227581883282,-0.38475397471166506,0.05373326320886718,-0.8406667367911328
2022-05-27,1.977538459003156,2.183667126246252,2.537363041749237,0.20612866724309598,0.779367566432219,1.8554384590031558,2.3549630417492367,-0.4995245827460808,0.10306433362154799,-0.8019356663784519
2022-05-28,1.977538459003156,2.183667126246252,2.537363041749237,0.20612866724309598,0.779367566432219,1.8554384590031558,2.3549630417492367,-0.4995245827460808,0.10306433362154799,-0.8019356663784519
2022-05-29,1.977538459003156,2.183667126246252,2.537363041749237,0.20612866724309598,0.779367566432219,1.8554384590031558,2.3549630417492367,-0.4995245827460808,0.10306433362154799,-0.8019356663784519
2022-05-30,1.977538459003156,2.183667126246252,2.537363041749237,0.20612866724309598,0.779367566432219,1.8554384590031558,2.3549630417492367,-0.4995245827460808,0.10306433362154799,-0.8019356663784519
2022-05-31,1.8874293708660894,2.177844876593224,2.5306734554426105,0.2904155057271347,0.7458209856379836,1.7653293708660893,2.3482734554426106,-0.5829440845765212,0.14520775286356735,-0.7786422471364326
2022-06-01,2.6404262087972032,2.6975091934340885,2.4775305483556687,0.057082984636885215,1.065749203596964,2.518326208797203,2.2951305483556688,0.22319566044153438,0.028541492318442607,-0.8766585076815575
2022-06-02,2.6083979545812706,2.6963244839928584,2.410995197880473,0.08792652941158785,1.0818760472332487,2.4862979545812705,2.2285951978804732,0.25770275670079723,0.043963264705793925,-0.8776367352942058
2022-06-03,2.6712641235303622,2.74316821752545,2.451383879531926,0.07190409399508768,1.0896963734788128,2.549164123530362,2.268983879531926,0.2801802439984362,0.03595204699754384,-0.8925979530024561
2022-06-04,2.6712641235303622,2.74316821752545,2.451383879531926,0.07190409399508768,1.0896963734788128,2.549164123530362,2.268983879531926,0.2801802439984362,0.03595204699754384,-0.8925979530024561
2022-06-05,2.6712641235303622,2.74316821752545,2.451383879531926,0.07190409399508768,1.0896963734788128,2.549164123530362,2.268983879531926,0.2801802439984362,0.03595204699754384,-0.8925979530024561
2022-06-06,2.7137765528602817,2.8008539492485265,2.5378224592835976,0.08707739638824474,1.069332704079841,2.5916765528602816,2.3554224592835977,0.23625409357668392,0.04353869819412237,-0.8842613018058776
2022-06-07,2.767357987589015,2.851880143142801,2.5812021660809332,0.08452215555378606,1.0721198145400306,2.645257987589015,2.398802166080933,0.2464558215080821,0.04226107777689303,-0.9034389222231067
2022-06-08,2.793665864781094,2.8610155722251904,2.564304232140766,0.0673497074440963,1.0894440019111342,2.671565864781094,2.3819042321407657,0.2896616326403283,0.03367485372204815,-0.9023251462779518
2022-06-09,2.7663124615790236,2.8826552280642366,2.515710038118867,0.11634276648521302,1.099614987285079,2.6442124615790235,2.333310038118867,0.3109024234601563,0.05817138324260651,-0.8934286167573933
2022-06-10,2.732830567216004,2.8949657140609646,2.5026330719820953,0.16213514684496078,1.0919821198764832,2.6107305672160037,2.320233071982095,0.2904974952339088,0.08106757342248039,-0.8357324265775194
2022-06-11,2.732830567216004,2.8949657140609646,2.5026330719820953,0.16213514684496078,1.0919821198764832,2.6107305672160037,2.320233071982095,0.2904974952339088,0.08106757342248039,-0.8357324265775194
2022-06-12,2.732830567216004,2.8949657140609646,2.5026330719820953,0.16213514684496078,1.0919821198764832,2.6107305672160037,2.320233071982095,0.2904974952339088,0.08106757342248039,-0.8357324265775194
2022-06-13,2.798025837325917,3.060682048831303,2.582227518308131,0.2626562115053859,1.0835706061870087,2.675925837325917,2.3998275183081312,0.2760983190177857,0.13132810575269294,-0.7363218942473069
2022-06-14,2.9944904739874976,3.221738599845415,2.4784970043671266,0.22724812585791732,1.2081880545795243,2.8723904739874975,2.2960970043671267,0.5762934696203708,0.11362406292895866,-0.7292759370710413
2022-06-15,3.017984954786114,3.2109380912396825,2.25926436148222,0.1929531364535686,1.335826389438607,2.895884954786114,2.0768643614822198,0.8190205933038941,0.0964765682267843,-0.7607734317732155
2022-06-16,2.9685525832362902,3.190247767048108,2.426993561725409,0.22169518381181774,1.2231398673863287,2.84645258323629,2.2445935617254085,0.6018590215108817,0.11084759190590887,-0.7169024080940909
2022-06-17,2.983551789486479,3.206367132599313,2.5698526815243565,0.2228153431128339,1.1609816433978344,2.861451789486479,2.3874526815243566,0.4739991079621224,0.11140767155641695,-0.703692328443583
2022-06-18,2.983551789486479,3.206367132599313,2.5698526815243565,0.2228153431128339,1.1609816433978344,2.861451789486479,2.3874526815243566,0.4739991079621224,0.11140767155641695,-0.703692328443583
2022-06-19,2.983551789486479,3.206367132599313,2.5698526815243565,0.2228153431128339,1.1609816433978344,2.861451789486479,2.3874526815243566,0.4739991079621224,0.11140767155641695,-0.703692328443583
2022-06-20,2.983551789486479,3.206367132599313,2.5698526815243565,0.2228153431128339,1.1609816433978344,2.861451789486479,2.3874526815243566,0.4739991079621224,0.11140767155641695,-0.6892923284435828
2022-06-21,2.9864723861914366,3.2416009015145373,2.2502575596001524,0.25512851532310066,1.3271691382394921,2.8643723861914365,2.0678575596001525,0.796514826591284,0.12756425766155033,-0.6618357423384493
2022-06-22,2.987122184360756,3.226255189830059,2.0938545827176016,0.23913300546930305,1.4266139630784616,2.8650221843607557,1.9114545827176015,0.9535676016431542,0.11956650273465153,-0.6404334972653483
2022-06-23,2.9344690815519185,3.209165563198716,1.3743005791695155,0.2746964816467976,2.135245466697836,2.8123690815519184,1.1919005791695156,1.6204685023824028,0.1373482408233988,-0.6003017591766011
2022-06-24,3.0003417055831356,3.2244109404263215,0.9498496459404102,0.22406923484318586,3.158754354866986,2.8782417055831355,0.7674496459404101,2.1107920596427254,0.11203461742159293,-0.6364153825784071
2022-06-25,3.0003417055831356,3.2244109404263215,0.9498496459404102,0.22406923484318586,3.158754354866986,2.8782417055831355,0.7674496459404101,2.1107920596427254,0.11203461742159293,-0.6364153825784071
2022-06-26,3.0003417055831356,3.2244109404263215,0.9498496459404102,0.22406923484318586,3.158754354866986,2.8782417055831355,0.7674496459404101,2.1107920596427254,0.11203461742159293,-0.6364153825784071
2022-06-27,3.0428224314343706,3.2826413494225215,0.5297200847552667,0.23981891798815091,5.744208156351425,2.9207224314343705,0.34732008475526677,2.573402346679104,0.11990945899407546,-0.6213905410059244
2022-06-28,3.04883723527416,3.2891302077894884,1.872095533602352,0.24029297251532844,1.6285692586464753,2.92673723527416,1.6896955336023518,1.237041701671808,0.12014648625766422,-0.6172535137423356
2022-06-29,3.0214720350639968,3.29582609872144,1.9988134028370543,0.2743540636574431,1.5116328671677968,2.8993720350639967,1.8164134028370544,1.0829586322269422,0.13717703182872154,-0.6402229681712781
2022-06-30,3.0385245524975453,3.2980997829386003,2.0368541272969254,0.259575230441055,1.491773275158354,2.916424552497545,1.8544541272969253,1.06197042520062,0.1297876152205275,-0.7048623847794724
2022-07-01,3.0144371216077306,3.2595787663286213,4.711228845523875,0.24514164472089073,0.6398409460563009,2.8923371216077305,4.528828845523876,-1.6364917239161452,0.12257082236044536,-0.7515291776395545
2022-07-02,3.0144371216077306,3.2595787663286213,4.711228845523875,0.24514164472089073,0.6398409460563009,2.8923371216077305,4.528828845523876,-1.6364917239161452,0.12257082236044536,-0.7515291776395545
2022-07-03,3.0144371216077306,3.2595787663286213,4.711228845523875,0.24514164472089073,0.6398409460563009,2.8923371216077305,4.528828845523876,-1.6364917239161452,0.12257082236044536,-0.7515291776395545
2022-07-04,3.0144371216077306,3.2595787663286213,4.711228845523875,0.24514164472089073,0.6398409460563009,2.8923371216077305,4.528828845523876,-1.6364917239161452,0.12257082236044536,-0.7351291776395545
2022-07-05,3.078694072552972,3.2621454507941143,4.75316384611889,0.18345137824114222,0.6477146953532485,2.956594072552972,4.57076384611889,-1.614169773565918,0.09172568912057111,-0.7776743108794288
2022-07-06,3.0218586968722074,3.2286538307222465,4.589718995224633,0.20679513385003911,0.6583973223668587,2.8997586968722073,4.407318995224633,-1.507560298352426,0.10339756692501956,-0.72310243307498
2022-07-07,3.01630029724584,3.2227150526235446,5.044136191677221,0.20641475537770448,0.5979815339289825,2.89420029724584,4.86173619167722,-1.9675358944313803,0.10320737768885224,-0.7760926223111477
2022-07-08,3.0117991316757893,3.2687148982454812,5.184950349242726,0.25691576656969195,0.5808732830229839,2.889699131675789,5.002550349242727,-2.1128512175669374,0.12845788328484598,-0.745892116715154
2022-07-09,3.0117991316757893,3.2687148982454812,5.184950349242726,0.25691576656969195,0.5808732830229839,2.889699131675789,5.002550349242727,-2.1128512175669374,0.12845788328484598,-0.745892116715154
2022-07-10,3.0117991316757893,3.2687148982454812,5.184950349242726,0.25691576656969195,0.5808732830229839,2.889699131675789,5.002550349242727,-2.1128512175669374,0.12845788328484598,-0.745892116715154
2022-07-11,3.0302348138352997,3.305763217609509,5.089747500539795,0.2755284037742092,0.5953605387131536,2.9081348138352996,4.907347500539796,-1.9992126867044964,0.1377642018871046,-0.7644857981128952
2022-07-12,3.042357158579967,3.3360959883208134,5.0742019892117085,0.29373882974084653,0.5995735221121156,2.920257158579967,4.891801989211709,-1.9715448306317422,0.14686941487042326,-0.7527805851295766
2022-07-13,2.988441762008702,3.3155277214956715,5.011812092918389,0.3270859594869697,0.596279690180588,2.8663417620087017,4.829412092918389,-1.9630703309096873,0.16354297974348486,-0.6349570202565151
2022-07-14,3.112014641969289,3.3905537327805666,5.21351953045935,0.2785390908112775,0.596912435790779,2.989914641969289,5.03111953045935,-2.0412048884900607,0.13926954540563874,-0.7403804545943609
2022-07-15,2.8653181100043374,3.2217214077036718,4.665703902369303,0.3564032976993343,0.6141234355976367,2.7432181100043374,4.483303902369304,-1.7400857923649666,0.17820164884966716,-0.7357483511503329
2022-07-16,2.8653181100043374,3.2217214077036718,4.665703902369303,0.3564032976993343,0.6141234355976367,2.7432181100043374,4.483303902369304,-1.7400857923649666,0.17820164884966716,-0.7357483511503329
2022-07-17,2.8653181100043374,3.2217214077036718,4.665703902369303,0.3564032976993343,0.6141234355976367,2.7432181100043374,4.483303902369304,-1.7400857923649666,0.17820164884966716,-0.7357483511503329
2022-07-18,2.6758690132386143,3.105762723562195,3.8529811005534444,0.4298937103235807,0.6944931582597825,2.553769013238614,3.6705811005534446,-1.1168120873148304,0.21494685516179035,-0.7203531448382097
2022-07-19,2.603751264473938,3.001359811485448,4.257581956262482,0.39760854701151027,0.6115563461189696,2.4816512644739377,4.075181956262481,-1.5935306917885437,0.19880427350575514,-0.7353957264942448
2022-07-20,2.6916075676042097,3.037251162351199,4.425913371527345,0.34564359474698936,0.6081473679353463,2.5695075676042096,4.243513371527346,-1.6740058039231362,0.17282179737349468,-0.7575282026265053
2022-07-21,2.742094715037733,3.0827402901334855,4.350799879845001,0.34064557509575266,0.6302507103901597,2.6199947150377327,4.168399879845001,-1.5484051648072685,0.17032278754787633,-0.8059272124521233
2022-07-22,2.684547953915228,3.0577557098035855,4.533138670191289,0.37320775588835753,0.5922051252409505,2.562447953915228,4.350738670191289,-1.788290716276061,0.18660387794417876,-0.8136961220558212
2022-07-23,2.684547953915228,3.0577557098035855,4.533138670191289,0.37320775588835753,0.5922051252409505,2.562447953915228,4.350738670191289,-1.788290716276061,0.18660387794417876,-0.8136961220558212
2022-07-24,2.684547953915228,3.0577557098035855,4.533138670191289,0.37320775588835753,0.5922051252409505,2.562447953915228,4.350738670191289,-1.788290716276061,0.18660387794417876,-0.8136961220558212
2022-07-25,2.8394834112055083,3.089683793750257,4.701218595931361,0.25020038254474875,0.6039888070005766,2.717383411205508,4.518818595931361,-1.8014351847258525,0.12510019127237437,-0.011949808727625966
2022-07-26,2.9483651275897937,3.0922020200477767,4.807917674581092,0.14383689245798292,0.6132312005210616,2.8262651275897936,4.625517674581092,-1.799252546991298,0.07191844622899146,-0.0867815537710086
2022-07-27,3.1589252949661604,3.158343433611389,4.7593865679534195,-0.0005818613547714513,0.6637253036423405,3.0368252949661603,4.576986567953419,-1.540161272987259,-0.00029093067738572564,-0.19784093067738628
2022-07-28,3.032894118877458,3.186339016355994,4.455636710485993,0.1534448974785363,0.6806870299231934,2.9107941188774578,4.2732367104859925,-1.3624425916085348,0.07672244873926815,-0.04664755126073228
2022-07-29,2.9766053815409763,3.1635652506255765,4.295395274578251,0.18695986908460016,0.6929758942460164,2.854505381540976,4.112995274578251,-1.2584898930372752,0.09347993454230008,-0.020420065457700032
2022-07-30,2.9766053815409763,3.1635652506255765,4.295395274578251,0.18695986908460016,0.6929758942460164,2.854505381540976,4.112995274578251,-1.2584898930372752,0.09347993454230008,-0.020420065457700032
2022-07-31,2.9766053815409763,3.1635652506255765,4.295395274578251,0.18695986908460016,0.6929758942460164,2.854505381540976,4.112995274578251,-1.2584898930372752,0.09347993454230008,-0.020420065457700032
2022-08-01,3.4668721109399545,3.652004544716767,4.3475390513670416,0.18513243377681254,0.7974332306111961,3.3447721109399544,4.165139051367042,-0.8203669404270877,0.09256621688840627,0.027966216888405837
2022-08-02,3.4284963281756684,3.6642757068100296,4.483593126134091,0.23577937863436116,0.7646760604104674,3.3063963281756683,4.301193126134091,-0.9947967979584229,0.11788968931718058,0.09088968931718044
2022-08-03,3.5585446819047477,3.826157663314849,4.479478943317716,0.26761298141010137,0.7944104050791942,3.4364446819047476,4.297078943317716,-0.8606342614129687,0.13380649070505068,0.15625649070505077
2022-08-04,3.634792094044127,3.84418106713442,4.487381073810374,0.20938897309029292,0.8100029915573257,3.512692094044127,4.304981073810374,-0.7922889797662473,0.10469448654514646,0.07469448654514665
2022-08-05,3.666842774120787,3.9277970361981653,4.520961497469384,0.2609542620773784,0.811075868744582,3.544742774120787,4.338561497469383,-0.7938187233485965,0.1304771310386892,0.16852713103868933
2022-08-06,3.666842774120787,3.9277970361981653,4.520961497469384,0.2609542620773784,0.811075868744582,3.544742774120787,4.338561497469383,-0.7938187233485965,0.1304771310386892,0.16852713103868933
2022-08-07,3.666842774120787,3.9277970361981653,4.520961497469384,0.2609542620773784,0.811075868744582,3.544742774120787,4.338561497469383,-0.7938187233485965,0.1304771310386892,0.16852713103868933
2022-08-08,3.7066529887015407,3.963370344889988,4.294391683512836,0.25671735618844727,0.8631380791212502,3.5845529887015406,4.111991683512835,-0.5274386948112948,0.12835867809422363,0.06085867809422374
2022-08-09,3.657968641950901,3.9311502709490727,4.2932538926622765,0.27318162899817144,0.8520270949274257,3.535868641950901,4.110853892662277,-0.574985250711376,0.13659081449908572,0.10849081449908637
2022-08-10,3.518972279634261,3.829045656733163,4.182532945745581,0.31007337709890237,0.8413495662272582,3.3968722796342607,4.00013294574558,-0.6032606661113196,0.15503668854945118,0.13233668854945124
2022-08-11,3.531702310699278,3.8593200297797177,4.3503164855242815,0.3276177190804397,0.8118265239899327,3.409602310699278,4.167916485524282,-0.7583141748250042,0.16380885954021984,0.1387588595402196
2022-08-12,3.481467849940082,3.841361749118212,4.191424212999075,0.35989389917812975,0.8306169151628295,3.359367849940082,4.0090242129990745,-0.6496563630589924,0.17994694958906488,0.17894694958906454
2022-08-13,3.481467849940082,3.841361749118212,4.191424212999075,0.35989389917812975,0.8306169151628295,3.359367849940082,4.0090242129990745,-0.6496563630589924,0.17994694958906488,0.17894694958906454
2022-08-14,3.481467849940082,3.841361749118212,4.191424212999075,0.35989389917812975,0.8306169151628295,3.359367849940082,4.0090242129990745,-0.6496563630589924,0.17994694958906488,0.17894694958906454
2022-08-15,3.481027358106835,3.845522588548331,4.075717779186685,0.3644952304414959,0.8540894013523868,3.358927358106835,3.893317779186685,-0.5343904210798502,0.18224761522074795,0.18024761522074817
2022-08-16,3.531946590261794,3.863892231125975,3.4966147969490255,0.331945640864181,1.0101045712394734,3.409846590261794,3.3142147969490257,0.09563179331276839,0.1659728204320905,0.19437282043209048
2022-08-17,3.5231977433112647,3.8586999392147887,3.4097961849165532,0.33550219590352404,1.0332575767714065,3.4010977433112646,3.2273961849165533,0.17370155839471124,0.16775109795176202,0.21375109795176228
2022-08-18,3.499353735964376,3.870531737336319,3.1836833700551974,0.371178001371943,1.0991525629961454,3.3772537359643757,3.0012833700551975,0.3759703659091782,0.1855890006859715,0.23618900068597215
2022-08-19,3.4459087085577584,3.8042512601348353,3.3115287106616056,0.35834255157707684,1.040579445216196,3.3238087085577583,3.1291287106616057,0.19467999789615265,0.17917127578853842,0.20107127578853845
2022-08-20,3.4459087085577584,3.8042512601348353,3.3115287106616056,0.35834255157707684,1.040579445216196,3.3238087085577583,3.1291287106616057,0.19467999789615265,0.17917127578853842,0.20107127578853845
2022-08-21,3.4459087085577584,3.8042512601348353,3.3115287106616056,0.35834255157707684,1.040579445216196,3.3238087085577583,3.1291287106616057,0.19467999789615265,0.17917127578853842,0.20107127578853845
2022-08-22,3.439354087742588,3.8187876810623966,3.1887234511852736,0.3794335933198085,1.0785990508095498,3.317254087742588,3.0063234511852737,0.31093063655731434,0.18971679665990426,0.1954167966599043
2022-08-23,3.3791858794157226,3.7738144822002844,2.9467872264528086,0.3946286027845618,1.1467356207741586,3.2570858794157225,2.7643872264528087,0.4926986529629138,0.1973143013922809,0.179364301392281
2022-08-24,3.3085674483399115,3.772737480350341,2.0913409640110796,0.4641700320104296,1.5820315793911754,3.1864674483399114,1.9089409640110797,1.2775264843288316,0.2320850160052148,0.2511850160052147
2022-08-25,3.3247968660711495,3.7852494375164225,1.2655188970437043,0.46045257144527296,2.627220244468881,3.2026968660711495,1.0831188970437045,2.119577969027445,0.23022628572263648,0.20927628572263646
2022-08-26,3.2250714248155385,3.763541119229669,2.487087955813107,0.5384696944141303,1.2967259228920842,3.1029714248155384,2.3046879558131073,0.7982834690024312,0.26923484720706514,0.2757348472070651
2022-08-27,3.2250714248155385,3.763541119229669,2.487087955813107,0.5384696944141303,1.2967259228920842,3.1029714248155384,2.3046879558131073,0.7982834690024312,0.26923484720706514,0.2757348472070651
2022-08-28,3.2250714248155385,3.763541119229669,2.487087955813107,0.5384696944141303,1.2967259228920842,3.1029714248155384,2.3046879558131073,0.7982834690024312,0.26923484720706514,0.2861348472070653
2022-08-29,3.225256720502112,3.746803490611784,3.5937125931004883,0.5215467701096719,0.897472081293933,3.103156720502112,3.4113125931004884,-0.3081558725983764,0.26077338505483594,0.26157338505483585
2022-08-30,3.321323307857374,3.7763110055068676,4.1599748668185175,0.45498769764949376,0.7983998495638674,3.1992233078573737,3.9775748668185176,-0.7783515589611438,0.22749384882474688,0.18674384882474637
2022-08-31,3.305129169541856,3.7811190393666054,3.9871451486965506,0.47598986982474933,0.8289462877022036,3.183029169541856,3.8047451486965507,-0.6217159791546947,0.23799493491237467,0.20709493491237474
2022-09-01,3.4823747162842067,3.8716920856981134,5.11123525230456,0.3893173694139067,0.6813176354412701,3.3602747162842066,4.928835252304561,-1.568560536020354,0.19465868470695336,0.2963586847069535
2022-09-02,3.4195137878832527,3.789727541557808,4.488691632569027,0.37021375367455533,0.761806349777285,3.2974137878832526,4.306291632569026,-1.0088778446857738,0.18510687683727767,0.20345687683727798
2022-09-03,3.4195137878832527,3.789727541557808,4.488691632569027,0.37021375367455533,0.761806349777285,3.2974137878832526,4.306291632569026,-1.0088778446857738,0.18510687683727767,0.20345687683727798
2022-09-04,3.4195137878832527,3.789727541557808,4.488691632569027,0.37021375367455533,0.761806349777285,3.2974137878832526,4.306291632569026,-1.0088778446857738,0.18510687683727767,0.20345687683727798
2022-09-05,3.4195137878832527,3.789727541557808,4.488691632569027,0.37021375367455533,0.761806349777285,3.2974137878832526,4.306291632569026,-1.0088778446857738,0.18510687683727767,0.18845687683727785
2022-09-06,3.402964758419352,3.776439406625507,4.383058034324772,0.37347464820615484,0.7763905318546833,3.280864758419352,4.200658034324771,-0.9197932759054193,0.18673732410307742,0.1837373241030773
2022-09-07,3.4091648927039997,3.743910420932306,4.040005027561812,0.3347455282283063,0.8438516460860616,3.2870648927039996,3.8576050275618123,-0.5705401348578127,0.16737276411415314,0.17347276411415313
2022-09-08,3.424311422099936,3.777794389084088,4.224142682152866,0.35348296698415194,0.8106524044672445,3.302211422099936,4.041742682152867,-0.7395312600529307,0.17674148349207597,0.18724148349207637
2022-09-09,3.4789742942454764,3.8284430235352844,4.213884329573983,0.349468729289808,0.8255979571696489,3.3568742942454763,4.031484329573983,-0.6746100353285067,0.174734364644904,0.22823436464490365
2022-09-10,3.4789742942454764,3.8284430235352844,4.213884329573983,0.349468729289808,0.8255979571696489,3.3568742942454763,4.031484329573983,-0.6746100353285067,0.174734364644904,0.22823436464490365
2022-09-11,3.4789742942454764,3.8284430235352844,4.213884329573983,0.349468729289808,0.8255979571696489,3.3568742942454763,4.031484329573983,-0.6746100353285067,0.174734364644904,0.22823436464490365
2022-09-12,3.454853834613546,3.835997378261545,4.249418057550415,0.3811435436479993,0.8130181092620252,3.3327538346135457,4.067018057550415,-0.7342642229368694,0.19057177182399965,0.19547177182399977
2022-09-13,3.6815334559849893,4.010252263689459,4.390424836683753,0.3287188077044698,0.8385369509629927,3.559433455984989,4.208024836683753,-0.6485913806987642,0.1643594038522349,0.21640940385223484
2022-09-14,3.916409997424941,4.239783299964645,4.674506098219953,0.3233733025397041,0.8378232726910563,3.794309997424941,4.492106098219953,-0.6977961007950118,0.16168665126985204,0.2237866512698521
2022-09-15,3.8437602957865065,4.213433417129901,4.59414552721655,0.36967312134339414,0.8366648973166773,3.7216602957865064,4.411745527216549,-0.690085231430043,0.18483656067169707,0.18963656067169743
2022-09-16,3.902925370230788,4.215960674553724,4.384892758752184,0.3130353043229359,0.8900845664789871,3.780825370230788,4.202492758752184,-0.4216673885213962,0.15651765216146796,0.13386765216146834
2022-09-17,3.902925370230788,4.215960674553724,4.384892758752184,0.3130353043229359,0.8900845664789871,3.780825370230788,4.202492758752184,-0.4216673885213962,0.15651765216146796,0.13386765216146834
2022-09-18,3.902925370230788,4.215960674553724,4.384892758752184,0.3130353043229359,0.8900845664789871,3.780825370230788,4.202492758752184,-0.4216673885213962,0.15651765216146796,0.13386765216146834
2022-09-19,3.8785060027402105,4.2114121010267365,4.664484035913438,0.33290609828652595,0.8314973259375061,3.7564060027402104,4.482084035913438,-0.7256780331732275,0.16645304914326298,0.1550530491432629
2022-09-20,3.7102419412442647,4.121554268118167,4.860861264627274,0.41131232687390273,0.7632890015281608,3.5881419412442646,4.678461264627273,-1.0903193233830089,0.20565616343695137,0.19655616343695126
2022-09-21,3.6262924517359534,4.07424975741484,4.665567038071832,0.4479573056788868,0.7772458143125544,3.5041924517359533,4.483167038071832,-0.9789745863358785,0.2239786528394434,0.26632865283944374
2022-09-22,3.5411296325215376,4.025289489325717,4.422393758508173,0.48415985680417917,0.8007268972168782,3.4190296325215375,4.239993758508174,-0.8209641259866363,0.24207992840208958,0.33757992840208995
2022-09-23,3.819817518210561,4.214688038356651,4.4629001915891715,0.3948705201460898,0.8559047601847403,3.697717518210561,4.280500191589171,-0.5827826733786101,0.1974352600730449,0.21278526007304555
2022-09-24,3.819817518210561,4.214688038356651,4.4629001915891715,0.3948705201460898,0.8559047601847403,3.697717518210561,4.280500191589171,-0.5827826733786101,0.1974352600730449,0.21278526007304555
2022-09-25,3.819817518210561,4.214688038356651,4.4629001915891715,0.3948705201460898,0.8559047601847403,3.697717518210561,4.280500191589171,-0.5827826733786101,0.1974352600730449,0.21278526007304555
2022-09-26,3.6829644105378563,4.161971575006378,4.4390036193314675,0.47900716446852165,0.829682677999827,3.560864410537856,4.256603619331468,-0.6957392087936118,0.23950358223426083,0.23229358223426022
2022-09-27,3.6388835338436136,4.136408762655397,4.537989570491325,0.4975252288117833,0.8018712862422102,3.5167835338436135,4.3555895704913254,-0.8388060366477119,0.24876261440589165,0.20931261440589166
2022-09-28,3.5648039919271444,4.034427908051388,4.46999166435123,0.4696239161242435,0.797496787378134,3.4427039919271443,4.287591664351231,-0.8448876724240866,0.23481195806212174,0.27496195806212187
2022-09-29,3.7158347087167467,4.109974942793442,4.604742113415455,0.3941402340766951,0.8069582654566115,3.5937347087167466,4.422342113415455,-0.8286074046987086,0.19707011703834754,0.29447011703834747
2022-09-30,3.523596678683838,3.99383076413323,4.494656783013973,0.47023408544939205,0.783952334692178,3.401496678683838,4.312256783013973,-0.9107601043301354,0.23511704272469602,0.3048170427246957
2022-10-01,3.523596678683838,3.99383076413323,4.494656783013973,0.47023408544939205,0.783952334692178,3.401496678683838,4.312256783013973,-0.9107601043301354,0.23511704272469602,0.3048170427246957
2022-10-02,3.523596678683838,3.99383076413323,4.494656783013973,0.47023408544939205,0.783952334692178,3.401496678683838,4.312256783013973,-0.9107601043301354,0.23511704272469602,0.2571170427246958
2022-10-03,4.624668884064642,4.5077151278149135,3.984301660364643,-0.11695375624972826,1.160722575318605,4.502568884064642,3.801901660364643,0.7006672236999991,-0.05847687812486413,-0.19252687812486435
2022-10-04,4.654283321661728,4.535787534162859,3.9159652504702818,-0.11849578749886902,1.1885405063547945,4.532183321661728,3.733565250470282,0.7986180711914463,-0.05924789374943451,-0.15556789374943492
2022-10-05,4.751436068363978,4.612799231771742,4.280297226903658,-0.13863683659223547,1.1100715245892256,4.629336068363978,4.097897226903658,0.5314388414603197,-0.06931841829611773,-0.15751841829611735
2022-10-06,4.786894546486065,4.647095136840685,4.799009728151312,-0.13979940964537985,0.9974754829951314,4.664794546486064,4.616609728151312,0.048184818334751967,-0.06989970482268992,-0.09669970482269008
2022-10-07,4.8191002957896325,4.764676940900959,5.50683700846988,-0.05442335488867389,0.875112208401581,4.697000295789632,5.32443700846988,-0.6274367126802485,-0.027211677444336946,-0.0760116774443369
2022-10-08,4.8191002957896325,4.764676940900959,5.50683700846988,-0.05442335488867389,0.875112208401581,4.697000295789632,5.32443700846988,-0.6274367126802485,-0.027211677444336946,-0.0760116774443369
2022-10-09,4.8191002957896325,4.764676940900959,5.50683700846988,-0.05442335488867389,0.875112208401581,4.697000295789632,5.32443700846988,-0.6274367126802485,-0.027211677444336946,-0.0760116774443369
2022-10-10,4.953620513816683,4.914509840762812,5.716601964873024,-0.03911067305387128,0.866532346358089,4.831520513816683,5.534201964873024,-0.7026814510563408,-0.01955533652693564,-0.13995533652693615
2022-10-11,4.885698775559442,4.865527098769025,5.935861402347303,-0.02017167679041698,0.8230816800451944,4.7635987755594424,5.753461402347304,-0.9898626267878612,-0.01008583839520849,-0.21608583839520845
2022-10-12,4.946828664527993,4.890181036378287,6.3260787141474415,-0.056647628149705476,0.781973934890355,4.824728664527992,6.143678714147441,-1.318950049619449,-0.028323814074852738,-0.09512381407485293
2022-10-13,5.0210727388496235,4.9972139945453105,6.426354291775188,-0.023858744304313007,0.7813252290300702,4.898972738849624,6.243954291775188,-1.3449815529255638,-0.011929372152156503,-0.1254293721521571
2022-10-14,5.143644813028871,5.100270523120729,6.727561866626251,-0.04337428990814196,0.7645629895349166,5.021544813028871,6.545161866626252,-1.5236170535973805,-0.02168714495407098,-0.20083714495407134
2022-10-15,5.143644813028871,5.100270523120729,6.727561866626251,-0.04337428990814196,0.7645629895349166,5.021544813028871,6.545161866626252,-1.5236170535973805,-0.02168714495407098,-0.20083714495407134
2022-10-16,5.143644813028871,5.100270523120729,6.727561866626251,-0.04337428990814196,0.7645629895349166,5.021544813028871,6.545161866626252,-1.5236170535973805,-0.02168714495407098,-0.23158714495407118
2022-10-17,5.060299869621886,5.018521437578808,6.305507072239195,-0.04177843204307852,0.8025206873370274,4.9381998696218865,6.123107072239195,-1.1849072026173086,-0.02088921602153926,-0.2050892160215394
2022-10-18,5.085359936617237,5.043374605707896,5.711263881544148,-0.04198533090934031,0.8904088555688157,4.963259936617236,5.528863881544147,-0.5656039449269112,-0.020992665454670156,-0.1293926654546702
2022-10-19,5.152575561773847,5.110035290742341,5.43263276420453,-0.04254027103150548,0.9484490826849236,5.030475561773846,5.2502327642045294,-0.2197572024306833,-0.02127013551575274,-0.1202201355157535
2022-10-20,5.181669069039251,5.101918177010713,5.368284491008617,-0.07975089202853791,0.9652374194620406,5.0595690690392505,5.185884491008617,-0.12631542196936607,-0.039875446014268956,-0.14842544601426955
2022-10-21,5.120664089961629,5.006220659716576,5.200227681926373,-0.11444343024505255,0.9846999791487455,4.998564089961629,5.017827681926374,-0.019263591964744364,-0.05722171512252627,-0.15387171512252662
2022-10-22,5.120664089961629,5.006220659716576,5.200227681926373,-0.11444343024505255,0.9846999791487455,4.998564089961629,5.017827681926374,-0.019263591964744364,-0.05722171512252627,-0.15387171512252662
2022-10-23,5.120664089961629,5.006220659716576,5.200227681926373,-0.11444343024505255,0.9846999791487455,4.998564089961629,5.017827681926374,-0.019263591964744364,-0.05722171512252627,-0.180621715122526
2022-10-24,5.1643630260298234,5.0485579300714605,5.320671252057777,-0.11580509595836297,0.97062246122282,5.042263026029824,5.138271252057777,-0.09600822602795311,-0.057902547979181485,-0.14325254797918108
2022-10-25,5.225818323076625,5.0900749471019635,5.5816838079487265,-0.1357433759746618,0.9362440623445343,5.103718323076626,5.399283807948727,-0.29556548487210144,-0.0678716879873309,-0.1678216879873311
2022-10-26,5.1907541215318975,5.055921556610985,5.542440726675557,-0.1348325649209121,0.9365466186312097,5.068654121531898,5.360040726675557,-0.2913866051436589,-0.06741628246045606,-0.17661628246045602
2022-10-27,5.275240560738567,5.137714366702887,5.570440337253866,-0.13752619403568023,0.9470060249023639,5.153140560738567,5.388040337253866,-0.2348997765152987,-0.06876309701784011,-0.20051309701784037
2022-10-28,5.304853920728071,5.184745168080644,5.424810803729961,-0.12010875264742715,0.9778873609897307,5.1827539207280715,5.24241080372996,-0.05965688300188887,-0.060054376323713576,-0.14305437632371332
2022-10-29,5.304853920728071,5.184745168080644,5.424810803729961,-0.12010875264742715,0.9778873609897307,5.1827539207280715,5.24241080372996,-0.05965688300188887,-0.060054376323713576,-0.14305437632371332
2022-10-30,5.304853920728071,5.184745168080644,5.424810803729961,-0.12010875264742715,0.9778873609897307,5.1827539207280715,5.24241080372996,-0.05965688300188887,-0.060054376323713576,-0.14305437632371332
2022-10-31,5.280920814079993,5.179716374558232,5.463623431844887,-0.10120443952176039,0.9665601738399453,5.158820814079993,5.281223431844888,-0.12240261776489447,-0.050602219760880196,-0.14465221976087994
2022-11-01,5.215123859191622,5.151458238308596,4.831260153690022,-0.06366562088302619,1.0794541575676508,5.0930238591916215,4.648860153690022,0.4441637055015999,-0.03183281044151309,-0.14068281044151298
2022-11-02,5.2141756548535865,5.18628912071535,4.608302641993077,-0.027886534138236385,1.131474223793269,5.092075654853586,4.425902641993076,0.6661730128605097,-0.013943267069118193,-0.07769326706911883
2022-11-03,5.2378275071162745,5.247027438334864,4.495330020333597,0.009199931218589086,1.165170851400044,5.115727507116274,4.312930020333598,0.8027974867826764,0.004599965609294543,-0.09090003439070582
2022-11-04,5.0950571879732385,5.121606373554623,3.2938325824404555,0.026549185581384194,1.5468476494935348,4.972957187973238,3.1114325824404556,1.8615246055327823,0.013274592790692097,0.025024592790691802
2022-11-05,5.0950571879732385,5.121606373554623,3.2938325824404555,0.026549185581384194,1.5468476494935348,4.972957187973238,3.1114325824404556,1.8615246055327823,0.013274592790692097,0.025024592790691802
2022-11-06,5.0950571879732385,5.121606373554623,3.2938325824404555,0.026549185581384194,1.5468476494935348,4.972957187973238,3.1114325824404556,1.8615246055327823,0.013274592790692097,0.025024592790691802
2022-11-07,5.083232895778597,5.109720467659395,4.316414836618019,0.0264875718807982,1.17765161324517,4.961132895778597,4.13401483661802,0.8271180591605773,0.0132437859403991,-0.1774262140596008
2022-11-08,4.978072774682944,4.969620543391051,4.254274478470201,-0.008452231291892431,1.1701343671819253,4.855972774682943,4.0718744784702015,0.7840982962127416,-0.004226115645946216,-0.198676115645946
2022-11-09,5.020359357243636,5.0107283923099795,4.178494588941742,-0.009630964933656117,1.2014756152921349,4.898259357243635,3.9960945889417423,0.9021647683018927,-0.004815482466828058,-0.20986548246682846
2022-11-10,4.905850390892637,4.87961284665583,4.106292235663097,-0.026237544236807686,1.1947153561759165,4.783750390892637,3.923892235663097,0.8598581552295399,-0.013118772118403843,-0.2329687721184035
2022-11-11,4.8623204648515985,4.836315728032286,4.221877040479261,-0.02600473681931259,1.1516963706502537,4.740220464851598,4.039477040479261,0.7007434243723374,-0.013002368409656295,-0.17680236840965646
2022-11-12,4.8623204648515985,4.836315728032286,4.221877040479261,-0.02600473681931259,1.1516963706502537,4.740220464851598,4.039477040479261,0.7007434243723374,-0.013002368409656295,-0.17680236840965646
2022-11-13,4.8623204648515985,4.836315728032286,4.221877040479261,-0.02600473681931259,1.1516963706502537,4.740220464851598,4.039477040479261,0.7007434243723374,-0.013002368409656295,-0.17680236840965646
2022-11-14,4.7731194395876555,4.7826893217050435,4.110036896922141,0.009569882117387962,1.1613325036478561,4.651019439587655,3.927636896922141,0.7233825426655138,0.004784941058693981,-0.2087650589413066
2022-11-15,5.08245636795151,4.96564093858181,4.827068150339968,-0.11681542936969969,1.0529075226736866,4.96035636795151,4.644668150339967,0.31568821761154275,-0.05840771468484984,-0.2899077146848499
2022-11-16,5.222759472455495,5.0182877631693215,5.53861339686384,-0.20447170928617364,0.9429723828373374,5.1006594724554954,5.35621339686384,-0.25555392440834446,-0.10223585464308682,-0.3973358546430861
2022-11-17,5.12223963390598,5.004509823977401,5.317806131421093,-0.11772980992857907,0.9632242145196723,5.00013963390598,5.135406131421092,-0.13526649751511233,-0.05886490496428953,-0.39471490496428974
2022-11-18,5.077789886155455,4.97858312215468,5.593304898357891,-0.09920676400077522,0.9078335578749187,4.955689886155455,5.410904898357892,-0.4552150122024363,-0.04960338200038761,-0.3896033820003879
2022-11-19,5.077789886155455,4.97858312215468,5.593304898357891,-0.09920676400077522,0.9078335578749187,4.955689886155455,5.410904898357892,-0.4552150122024363,-0.04960338200038761,-0.3896033820003879
2022-11-20,5.077789886155455,4.97858312215468,5.593304898357891,-0.09920676400077522,0.9078335578749187,4.955689886155455,5.410904898357892,-0.4552150122024363,-0.04960338200038761,-0.3896033820003879
2022-11-21,5.261291315751527,5.122715227544309,5.372324048533173,-0.138576088207218,0.9793324580240164,5.139191315751527,5.1899240485331735,-0.05073273278164603,-0.069288044103609,-0.45213804410360936
2022-11-22,5.225314916793338,5.08791253313032,5.046772207550057,-0.1374023836630185,1.03537760412015,5.1032149167933385,4.864372207550057,0.23884270924328188,-0.06870119183150925,-0.4532511918315101
2022-11-23,5.1732977054172675,5.0712987032501395,4.391635024747033,-0.10199900216712798,1.1779889895825895,5.051197705417268,4.2092350247470325,0.8419626806702354,-0.05099950108356399,-0.4302995010835651
2022-11-24,5.1732977054172675,5.0712987032501395,4.391635024747033,-0.10199900216712798,1.1779889895825895,5.051197705417268,4.2092350247470325,0.8419626806702354,-0.05099950108356399,-0.43809950108356377
2022-11-25,5.14852250545966,5.0301886087070455,4.929507431745044,-0.11833389675261419,1.044429403291737,5.02642250545966,4.747107431745044,0.27931507371461617,-0.059166948376307094,-0.44924694837630774
2022-11-26,5.14852250545966,5.0301886087070455,4.929507431745044,-0.11833389675261419,1.044429403291737,5.02642250545966,4.747107431745044,0.27931507371461617,-0.059166948376307094,-0.44924694837630774
2022-11-27,5.14852250545966,5.0301886087070455,4.929507431745044,-0.11833389675261419,1.044429403291737,5.02642250545966,4.747107431745044,0.27931507371461617,-0.059166948376307094,-0.44924694837630774
2022-11-28,5.259175069172761,5.086743099691686,5.925624012885906,-0.17243196948107453,0.8875310106979653,5.137075069172761,5.743224012885905,-0.6061489437131442,-0.08621598474053727,-0.4734259847405369
2022-11-29,5.339506531879978,5.113808971949991,6.457179437223394,-0.22569755992998708,0.8269100438961909,5.217406531879979,6.274779437223394,-1.0573729053434153,-0.11284877996499354,-0.5224387799649941
2022-11-30,4.857592171937826,4.918032786885231,6.326119204290389,0.060440614947404825,0.7678628895648054,4.7354921719378265,6.143719204290389,-1.4082270323525625,0.030220307473702412,-0.03617969252629738
2022-12-01,5.075781909450111,4.893106662139008,3.92736386466378,-0.18267524731110285,1.2924144755516933,4.953681909450111,3.7449638646637795,1.2087180447863317,-0.09133762365555143,-0.17888762365555166
2022-12-02,5.091489457357417,4.957168326303446,4.010576414595484,-0.13432113105397114,1.2695156334207278,4.969389457357417,3.8281764145954833,1.141213042761934,-0.06716056552698557,-0.21321056552698625
2022-12-03,5.091489457357417,4.957168326303446,4.010576414595484,-0.13432113105397114,1.2695156334207278,4.969389457357417,3.8281764145954833,1.141213042761934,-0.06716056552698557,-0.21321056552698625
2022-12-04,5.091489457357417,4.957168326303446,4.010576414595484,-0.13432113105397114,1.2695156334207278,4.969389457357417,3.8281764145954833,1.141213042761934,-0.06716056552698557,-0.21321056552698625
2022-12-05,5.206633509900898,5.1187519153905985,4.185933245919162,-0.08788159451029909,1.243840549769113,5.084533509900898,4.0035332459191615,1.0810002639817364,-0.043940797255149544,0.11625920274485191
2022-12-06,5.203420259866657,5.099037584248161,4.254147904303633,-0.10438267561849557,1.2231404212821817,5.081320259866657,4.071747904303633,1.0095723555630238,-0.052191337809247784,0.11582866219075161
2022-12-07,5.158273788201595,5.054796768722982,4.428417970565912,-0.10347701947861321,1.1648118633983446,5.036173788201595,4.246017970565911,0.790155817635684,-0.051738509739306604,0.11651149026069385
2022-12-08,5.14825216274575,5.028596388255697,4.442858492841375,-0.11965577449005238,1.1587702311565744,5.02615216274575,4.260458492841375,0.7656936699043753,-0.05982788724502619,0.07717211275497426
2022-12-09,5.122094367474715,4.986749984382441,4.2302090843049305,-0.13534438309227426,1.2108371632217634,4.999994367474716,4.04780908430493,0.9521852831697855,-0.06767219154613713,0.06972780845386328
2022-12-10,5.122094367474715,4.986749984382441,4.2302090843049305,-0.13534438309227426,1.2108371632217634,4.999994367474716,4.04780908430493,0.9521852831697855,-0.06767219154613713,0.06972780845386328
2022-12-11,5.122094367474715,4.986749984382441,4.2302090843049305,-0.13534438309227426,1.2108371632217634,4.999994367474716,4.04780908430493,0.9521852831697855,-0.06767219154613713,0.05062780845386339
2022-12-12,5.140634560081449,5.00501690748129,4.26174870392826,-0.13561765260015957,1.206226579090193,5.0185345600814495,4.07934870392826,0.9391858561531894,-0.06780882630007978,0.03839117369991962
2022-12-13,5.013718089773408,4.897827229009787,4.059068327650249,-0.11589086076362154,1.2351893796958564,4.8916180897734085,3.8766683276502487,1.0149497621231598,-0.05794543038181077,0.02560456961818991
2022-12-14,5.066013813181857,4.948589651949194,4.132321218015955,-0.11742416123266253,1.2259486970894762,4.943913813181857,3.9499212180159544,0.9939925951659028,-0.058712080616331264,0.1067879193836685
2022-12-15,5.221833102326298,5.0671307715866645,4.330316789825569,-0.15470233073963335,1.2058778504601368,5.099733102326298,4.147916789825569,0.9518163125007293,-0.07735116536981668,0.10444883463018328
2022-12-16,5.219759009827486,5.065010991492726,4.275450313701692,-0.15474801833476004,1.2208676576358595,5.0976590098274865,4.093050313701692,1.0046086961257945,-0.07737400916738002,0.07267599083261933
2022-12-17,5.219759009827486,5.065010991492726,4.275450313701692,-0.15474801833476004,1.2208676576358595,5.0976590098274865,4.093050313701692,1.0046086961257945,-0.07737400916738002,0.07267599083261933
2022-12-18,5.219759009827486,5.065010991492726,4.275450313701692,-0.15474801833476004,1.2208676576358595,5.0976590098274865,4.093050313701692,1.0046086961257945,-0.07737400916738002,0.07267599083261933
2022-12-19,5.193076275429134,5.055640312712867,4.044832345091161,-0.13743596271626757,1.2838792395762681,5.0709762754291345,3.862432345091161,1.2085439303379735,-0.06871798135813378,0.1105320186418659
2022-12-20,5.147699227287959,5.027418198930559,3.8661804447187946,-0.12028102835740029,1.331468952598868,5.02559922728796,3.6837804447187943,1.3418187825691654,-0.060140514178700144,0.13315948582129966
2022-12-21,5.181125845647018,5.043583530759903,3.9028779659501036,-0.13754231488711532,1.3275141807785789,5.059025845647018,3.7204779659501033,1.338547879696915,-0.06877115744355766,0.0267288425564427
2022-12-22,5.267992602152324,5.111707893013931,3.9224340743763464,-0.15628470913839276,1.3430417190606108,5.145892602152324,3.740034074376346,1.4058585277759783,-0.07814235456919638,0.013907645430804028
2022-12-23,5.27582533410739,5.102847454300629,3.7502056033773155,-0.17297787980676116,1.406809623812665,5.15372533410739,3.567805603377315,1.5859197307300752,-0.08648893990338058,0.0507110600966203
2022-12-24,5.27582533410739,5.102847454300629,3.7502056033773155,-0.17297787980676116,1.406809623812665,5.15372533410739,3.567805603377315,1.5859197307300752,-0.08648893990338058,0.0507110600966203
2022-12-25,5.27582533410739,5.102847454300629,3.7502056033773155,-0.17297787980676116,1.406809623812665,5.15372533410739,3.567805603377315,1.5859197307300752,-0.08648893990338058,0.0507110600966203
2022-12-26,5.27582533410739,5.102847454300629,3.7502056033773155,-0.17297787980676116,1.406809623812665,5.15372533410739,3.567805603377315,1.5859197307300752,-0.08648893990338058,0.0507110600966203
2022-12-27,5.254599866682672,5.066132178032223,3.7285824820256206,-0.18846768865044883,1.4092754798944436,5.132499866682672,3.5461824820256203,1.5863173846570522,-0.09423384432522441,0.05376615567477616
2022-12-28,5.275724758756019,5.0539977862803775,4.0350973704478,-0.22172697247564166,1.3074590956328123,5.1536247587560196,3.8526973704477996,1.30092738830822,-0.11086348623782083,0.0041365137621793835
2022-12-29,5.313085933874202,5.090406334727883,3.918201791448403,-0.22267959914631863,1.3560010986341176,5.190985933874202,3.7358017914484027,1.4551841424257996,-0.11133979957315931,-0.09243979957315984
2022-12-30,5.3459160357062645,5.089848848545129,4.0997245028777565,-0.2560671871611353,1.3039695794080206,5.223816035706265,3.917324502877756,1.3064915328285087,-0.12803359358056765,-0.1345335935805676
2023-01-01,5.3459160357062645,5.089848848545129,4.0997245028777565,-0.2560671871611353,1.3039695794080206,5.223816035706265,3.917324502877756,1.3064915328285087,-0.12803359358056765,-0.1345335935805676
2023-01-02,5.3459160357062645,5.089848848545129,4.0997245028777565,-0.2560671871611353,1.3039695794080206,5.223816035706265,3.917324502877756,1.3064915328285087,-0.12803359358056765,-0.1345335935805676
2023-01-03,5.288289835007193,5.0509669920017695,4.163972305119858,-0.2373228430054235,1.2700108087906632,5.166189835007193,3.9815723051198573,1.184617529887336,-0.11866142150271175,-0.10116142150271168
2023-01-04,5.2515932568083805,5.095283027187174,4.309743303479827,-0.1563102296212069,1.2185396871707121,5.129493256808381,4.127343303479827,1.002149953328554,-0.07815511481060344,-0.07845511481060363
2023-01-05,5.3372426456369695,5.194314754810902,4.43429185702773,-0.14292789082606738,1.203629083903936,5.21514264563697,4.251891857027729,0.9632507886092405,-0.07146394541303369,-0.09731394541303384
2023-01-06,5.286808452004007,5.113470469971053,4.47876891275019,-0.17333798203295459,1.1804155461009576,5.164708452004008,4.296368912750189,0.8683395392538182,-0.08666899101647729,-0.14531899101647738
2023-01-07,5.286808452004007,5.113470469971053,4.47876891275019,-0.17333798203295459,1.1804155461009576,5.164708452004008,4.296368912750189,0.8683395392538182,-0.08666899101647729,-0.14531899101647738
2023-01-08,5.286808452004007,5.113470469971053,4.47876891275019,-0.17333798203295459,1.1804155461009576,5.164708452004008,4.296368912750189,0.8683395392538182,-0.08666899101647729,-0.16831899101647707
2023-01-09,5.3289911923618085,5.169984407983546,4.722102613020457,-0.15900678437826254,1.1285208368128112,5.206891192361809,4.539702613020457,0.6671885793413521,-0.07950339218913127,-0.11450339218913141
2023-01-10,5.365199365930984,5.205016314816985,4.788146013515156,-0.16018305111399922,1.1205170750405313,5.243099365930984,4.605746013515156,0.6373533524158281,-0.08009152555699961,-0.11054152555699881
2023-01-11,5.390820990644515,5.229777799881158,4.725131794733207,-0.1610431907633565,1.1408826726596932,5.268720990644515,4.542731794733207,0.7259891959113078,-0.08052159538167825,-0.09157159538167825
2023-01-12,5.366458030584898,5.206049031830285,4.6713525887761325,-0.16040899875461267,1.1488017503707377,5.244358030584898,4.488952588776132,0.7554054418087661,-0.08020449937730634,-0.15205449937730675
2023-01-13,5.33426000813191,5.174721494032357,4.576603627382136,-0.15953851409955266,1.1655499235757851,5.21216000813191,4.394203627382136,0.8179563807497745,-0.07976925704977633,-0.15186925704977616
2023-01-14,5.33426000813191,5.174721494032357,4.576603627382136,-0.15953851409955266,1.1655499235757851,5.21216000813191,4.394203627382136,0.8179563807497745,-0.07976925704977633,-0.15186925704977616
2023-01-15,5.33426000813191,5.174721494032357,4.576603627382136,-0.15953851409955266,1.1655499235757851,5.21216000813191,4.394203627382136,0.8179563807497745,-0.07976925704977633,-0.15186925704977616
2023-01-16,5.33426000813191,5.174721494032357,4.576603627382136,-0.15953851409955266,1.1655499235757851,5.21216000813191,4.394203627382136,0.8179563807497745,-0.07976925704977633,-0.1418692570497755
2023-01-17,5.367216847807263,5.206692651490609,4.683451532134337,-0.16052419631665327,1.1459960268578504,5.245116847807263,4.501051532134337,0.744065315672926,-0.08026209815832663,-0.14911209815832782
2023-01-18,5.375378845111216,5.199136915763308,4.716919000573325,-0.17624192934790806,1.139595325774697,5.2532788451112165,4.534519000573325,0.7187598445378915,-0.08812096467395403,-0.15752096467395482
2023-01-19,5.296444985952734,5.107453354226679,4.722300438852502,-0.18899163172605515,1.1215815373322047,5.174344985952734,4.539900438852501,0.6344445471002329,-0.09449581586302758,-0.13624581586302797
2023-01-20,5.284633600495075,5.126670418856626,4.684819199539769,-0.1579631816384497,1.128033628493973,5.162533600495076,4.502419199539768,0.6601144009553073,-0.07898159081922485,-0.12393159081922578
2023-01-21,5.284633600495075,5.126670418856626,4.684819199539769,-0.1579631816384497,1.128033628493973,5.162533600495076,4.502419199539768,0.6601144009553073,-0.07898159081922485,-0.12393159081922578
2023-01-22,5.284633600495075,5.126670418856626,4.684819199539769,-0.1579631816384497,1.128033628493973,5.162533600495076,4.502419199539768,0.6601144009553073,-0.07898159081922485,-0.12393159081922578
2023-01-23,5.315175493947542,5.171508084518995,4.8107105124325455,-0.14366740942854772,1.1048628846427746,5.193075493947543,4.628310512432545,0.5647649815149975,-0.07183370471427386,-0.10003370471427386
2023-01-24,5.29650070147106,5.16858462773822,4.820910492176096,-0.1279160737328402,1.0986515327481818,5.17440070147106,4.638510492176096,0.5358902092949647,-0.0639580368664201,-0.09770803686642049
2023-01-25,5.276869894794209,5.119047819974252,4.930152745718454,-0.1578220748199568,1.0703258432260254,5.154769894794209,4.747752745718453,0.4070171490757559,-0.0789110374099784,-0.11716103740997896
2023-01-26,5.279704926670779,5.121889068206915,4.938507527879786,-0.1578158584638638,1.0690891725617107,5.157604926670779,4.756107527879785,0.401497398790994,-0.0789079292319319,-0.14040792923193246
2023-01-27,5.123222640567924,5.031718006277306,4.996731304938002,-0.09150463429061784,1.0253148164090626,5.0011226405679245,4.814331304938002,0.18679133562992245,-0.04575231714530892,-0.11325231714530881
2023-01-28,5.123222640567924,5.031718006277306,4.996731304938002,-0.09150463429061784,1.0253148164090626,5.0011226405679245,4.814331304938002,0.18679133562992245,-0.04575231714530892,-0.11325231714530881
2023-01-29,5.123222640567924,5.031718006277306,4.996731304938002,-0.09150463429061784,1.0253148164090626,5.0011226405679245,4.814331304938002,0.18679133562992245,-0.04575231714530892,-0.11325231714530881
2023-01-30,5.172272459235725,5.079418126139722,5.047961854317795,-0.09285433309600322,1.0246259002158664,5.050172459235726,4.865561854317795,0.18461060491793102,-0.04642716654800161,-0.12107716654800171
2023-01-31,4.9964643514390605,5.000870861813354,5.075667333335214,0.004406510374293404,0.9843955529993119,4.874364351439061,4.8932673333352135,-0.018902981896152582,0.002203255187146702,-1.079446744812854
2023-02-01,5.307733378000677,5.179274800271389,5.074474932802077,-0.1284585777292877,1.045967011028232,5.185633378000677,4.8920749328020765,0.29355844519860064,-0.06422928886464385,-1.1518792888646447
2023-02-02,5.309119255037855,5.1808984299381695,5.0731856315276875,-0.12822082509968524,1.0465060103545079,5.187019255037855,4.890785631527687,0.2962336235101679,-0.06411041254984262,-1.1439104125498423
2023-02-03,5.429942720065333,5.299084671790463,5.3208263670652665,-0.13085804827487024,1.0205074072094276,5.3078427200653335,5.138426367065266,0.1694163530000674,-0.06542902413743512,-0.13697902413743446
2023-02-04,5.429942720065333,5.299084671790463,5.3208263670652665,-0.13085804827487024,1.0205074072094276,5.3078427200653335,5.138426367065266,0.1694163530000674,-0.06542902413743512,-0.13697902413743446
2023-02-05,5.429942720065333,5.299084671790463,5.3208263670652665,-0.13085804827487024,1.0205074072094276,5.3078427200653335,5.138426367065266,0.1694163530000674,-0.06542902413743512,-0.13697902413743446
2023-02-06,5.389100058165458,5.275208352413211,5.281405897864849,-0.1138917057522475,1.0203911917363042,5.267000058165459,5.099005897864848,0.16799416030061032,-0.05694585287612375,-0.03064585287612287
2023-02-07,5.406319242611738,5.3073422583428576,5.402140897710432,-0.09897698426888013,1.0007734609260333,5.284219242611738,5.219740897710432,0.064478344901306,-0.049488492134440065,-0.011088492134440742
2023-02-08,5.486265063697151,5.3532085869835635,5.290943390707865,-0.13305647671358756,1.0369162280836943,5.364165063697151,5.108543390707864,0.25562167298928706,-0.06652823835679378,-0.01702823835679368
2023-02-09,5.45693237030987,5.37226685051293,5.250521387434707,-0.08466551979693993,1.0393124734943724,5.33483237030987,5.068121387434707,0.26671098287516326,-0.04233275989846996,0.0023672401015306654
2023-02-10,5.436025878087279,5.399472646257574,5.079553682490798,-0.03655323182970527,1.0701778577171532,5.31392587808728,4.8971536824907975,0.41677219559648204,-0.018276615914852634,0.04432338408514713
2023-02-11,5.436025878087279,5.399472646257574,5.079553682490798,-0.03655323182970527,1.0701778577171532,5.31392587808728,4.8971536824907975,0.41677219559648204,-0.018276615914852634,0.04432338408514713
2023-02-12,5.436025878087279,5.399472646257574,5.079553682490798,-0.03655323182970527,1.0701778577171532,5.31392587808728,4.8971536824907975,0.41677219559648204,-0.018276615914852634,0.04432338408514713
2023-02-13,5.435370839453704,5.399675386083814,5.131390606854492,-0.03569545336988966,1.059239347749742,5.313270839453704,4.948990606854491,0.3642802325992127,-0.01784772668494483,0.0039022733150551048
2023-02-14,5.462544499021369,5.40999425254019,5.045519852681548,-0.05255024648117956,1.0826524636739234,5.34044449902137,4.863119852681548,0.47732464633982197,-0.02627512324058978,0.01737487675941063
2023-02-15,5.522045471454291,5.484913821822914,4.842342684658001,-0.03713164963137672,1.1403665190713976,5.399945471454291,4.6599426846580005,0.7400027867962908,-0.01856582481568836,0.016434175184311783
2023-02-16,5.535612624272108,5.481596107641849,4.485354637509322,-0.054016516630259304,1.234152719604349,5.4135126242721086,4.3029546375093215,1.110557986762787,-0.027008258315129652,-0.02175825831513034
2023-02-17,5.507421094192305,5.502285087478358,3.967945403003913,-0.005136006713946983,1.3879780427480024,5.385321094192306,3.785545403003913,1.599775691188393,-0.0025680033569734917,-0.03251800335697386
2023-02-18,5.507421094192305,5.502285087478358,3.967945403003913,-0.005136006713946983,1.3879780427480024,5.385321094192306,3.785545403003913,1.599775691188393,-0.0025680033569734917,-0.03251800335697386
2023-02-19,5.507421094192305,5.502285087478358,3.967945403003913,-0.005136006713946983,1.3879780427480024,5.385321094192306,3.785545403003913,1.599775691188393,-0.0025680033569734917,-0.03251800335697386
2023-02-20,5.507421094192305,5.502285087478358,3.967945403003913,-0.005136006713946983,1.3879780427480024,5.385321094192306,3.785545403003913,1.599775691188393,-0.0025680033569734917,-0.0025180033569744964
2023-02-21,5.530437182347139,5.5252797117245365,3.693579671831599,-0.0051574706226027445,1.4973109215767006,5.40833718234714,3.5111796718315986,1.897157510515541,-0.0025787353113013722,0.006421264688698969
2023-02-22,5.56657478013961,5.528280135135737,3.7843237941249024,-0.03829464500387303,1.4709562614017389,5.44447478013961,3.601923794124902,1.8425509860147082,-0.019147322501936515,-0.014147322501936621
2023-02-23,5.611368216349404,5.5727654197791,3.65632400939928,-0.038602796570303965,1.5347021221107071,5.489268216349404,3.47392400939928,2.0153442069501244,-0.019301398285151983,-0.011551398285151393
2023-02-24,5.64132268869475,5.586274653090735,3.573313586626893,-0.055048035604015055,1.5787370886807612,5.51922268869475,3.3909135866268927,2.1283091020678575,-0.027524017802007528,-0.043424017802007775
2023-02-25,5.64132268869475,5.586274653090735,3.573313586626893,-0.055048035604015055,1.5787370886807612,5.51922268869475,3.3909135866268927,2.1283091020678575,-0.027524017802007528,-0.043424017802007775
2023-02-26,5.64132268869475,5.586274653090735,3.573313586626893,-0.055048035604015055,1.5787370886807612,5.51922268869475,3.3909135866268927,2.1283091020678575,-0.027524017802007528,-0.043424017802007775
2023-02-27,5.583774732026119,5.578567520879204,3.5118608579789448,-0.005207211146914581,1.5899760718992575,5.461674732026119,3.3294608579789444,2.1322138740471748,-0.0026036055734572905,-0.05950360557345702
2023-02-28,5.4814594708822835,5.574859401260465,3.097086626920806,0.0933999303781814,1.7698760581108044,5.359359470882284,2.9146866269208056,2.444672843961478,0.0466999651890907,-0.046950034810909536
2023-03-01,5.521746238471044,5.580557416136158,5.063743642149708,0.05881117766511412,1.0904474295477764,5.399646238471044,4.881343642149708,0.5183025963213366,0.02940558883255706,0.002955588832558309
2023-03-02,5.569599270647699,5.611447352599303,4.941327617080073,0.04184808195160361,1.127146326302259,5.4474992706476995,4.758927617080072,0.6885716535676272,0.020924040975801805,0.0053540409758014995
2023-03-03,5.527255180430944,5.56878510323467,4.807343471877709,0.04152992280372558,1.1497525010985004,5.405155180430945,4.6249434718777085,0.7802117085532361,0.02076496140186279,0.007914961401862541
2023-03-04,5.527255180430944,5.56878510323467,4.807343471877709,0.04152992280372558,1.1497525010985004,5.405155180430945,4.6249434718777085,0.7802117085532361,0.02076496140186279,0.007914961401862541
2023-03-05,5.527255180430944,5.56878510323467,4.807343471877709,0.04152992280372558,1.1497525010985004,5.405155180430945,4.6249434718777085,0.7802117085532361,0.02076496140186279,0.007914961401862541
2023-03-06,5.527255180430944,5.536963474073357,5.1937777053834235,0.009708293642412436,1.0642071135816742,5.405155180430945,5.011377705383423,0.39377747504752136,0.004854146821206218,0.00425414682120584
2023-03-07,5.632333767926973,5.658439920735018,5.376016829270001,0.026106152808044847,1.0476778527294486,5.510233767926973,5.193616829270001,0.3166169386569724,0.013053076404022423,0.011503076404022483
2023-03-08,5.7037728780007715,5.72769902266744,5.27167426910432,0.023926144666668314,1.0819661054228729,5.581672878000772,5.08927426910432,0.49239860889645204,0.011963072333334157,0.02746307233333445
2023-03-09,5.620769871786611,5.661662076693368,5.268014291927655,0.040892204906756824,1.0669617735091368,5.498669871786611,5.085614291927655,0.41305557985895636,0.020446102453378412,-0.037953897546621373
2023-03-10,5.48995686462462,5.515403093261389,5.180411011251397,0.02544622863676871,1.0597531455903628,5.3678568646246205,4.998011011251396,0.3698458533732243,0.012723114318384354,0.027323114318384967
2023-03-11,5.48995686462462,5.515403093261389,5.180411011251397,0.02544622863676871,1.0597531455903628,5.3678568646246205,4.998011011251396,0.3698458533732243,0.012723114318384354,0.027323114318384967
2023-03-12,5.48995686462462,5.515403093261389,5.180411011251397,0.02544622863676871,1.0597531455903628,5.3678568646246205,4.998011011251396,0.3698458533732243,0.012723114318384354,0.027323114318384967
2023-03-13,5.253220250544999,5.127174280300918,4.549455134700228,-0.12604597024408104,1.154692176317317,5.131120250544999,4.3670551347002275,0.7640651158447715,-0.06302298512204052,-0.1090229851220399
2023-03-14,5.26861510815296,5.157641794399494,4.659188955996536,-0.11097331375346631,1.130800909323944,5.14651510815296,4.476788955996535,0.6697261521564251,-0.055486656876733154,0.01651334312326691
2023-03-15,5.307744761366484,5.026767835816033,4.746771431268415,-0.2809769255504513,1.1181799752148942,5.1856447613664844,4.564371431268414,0.6212733300980702,-0.14048846277522564,-0.12661846277522493
2023-03-16,5.298923821359648,5.2019129945525835,4.842761401801094,-0.09701082680706463,1.0941946921830386,5.1768238213596485,4.660361401801094,0.5164624195585548,-0.048505413403532316,-0.04003541340353145
2023-03-17,5.163329368368181,5.023944311305107,4.729298735496446,-0.13938505706307414,1.0917748396002254,5.041229368368182,4.546898735496446,0.49433063287173606,-0.06969252853153707,-0.0703925285315381
2023-03-18,5.163329368368181,5.023944311305107,4.729298735496446,-0.13938505706307414,1.0917748396002254,5.041229368368182,4.546898735496446,0.49433063287173606,-0.06969252853153707,-0.0703925285315381
2023-03-19,5.163329368368181,5.023944311305107,4.729298735496446,-0.13938505706307414,1.0917748396002254,5.041229368368182,4.546898735496446,0.49433063287173606,-0.06969252853153707,-0.0703925285315381
2023-03-20,5.20065786099441,5.0152624042172596,4.560570896608257,-0.18539545677715008,1.1403523766864783,5.07855786099441,4.378170896608257,0.7003869643861531,-0.09269772838857504,-0.04649772838857613
2023-03-21,5.406684485208035,5.214214350321926,4.73710181479247,-0.19247013488610865,1.141348591732749,5.284584485208035,4.55470181479247,0.7298826704155656,-0.09623506744305432,-0.1377850674430543
2023-03-22,5.320517724626695,5.176345547131995,4.713852192818965,-0.14417217749470002,1.1286984629539123,5.198417724626696,4.531452192818965,0.6669655318077305,-0.07208608874735001,-0.04188608874734934
2023-03-23,5.319379303844025,5.100620205848218,4.745470232959478,-0.2187590979958074,1.120938293300943,5.1972793038440255,4.563070232959477,0.6342090708845483,-0.1093795489979037,-0.09434954899790338
2023-03-24,5.5056124096709045,5.206103867556719,4.779167213957644,-0.29950854211418587,1.1520024646954525,5.383512409670905,4.596767213957643,0.7867451957132614,-0.14975427105709294,-0.09605427105709285
2023-03-25,5.5056124096709045,5.206103867556719,4.779167213957644,-0.29950854211418587,1.1520024646954525,5.383512409670905,4.596767213957643,0.7867451957132614,-0.14975427105709294,-0.09605427105709285
2023-03-26,5.5056124096709045,5.206103867556719,4.779167213957644,-0.29950854211418587,1.1520024646954525,5.383512409670905,4.596767213957643,0.7867451957132614,-0.14975427105709294,-0.09605427105709285
2023-03-27,5.527689630463726,5.27093901921268,4.844724456296581,-0.2567506112510465,1.1409709015090652,5.4055896304637265,4.662324456296581,0.7432651741671457,-0.12837530562552324,-0.05767530562552281
2023-03-28,5.2251656482288915,5.143562033002875,4.787837213534683,-0.08160361522601622,1.091341542159773,5.103065648228892,4.605437213534683,0.49762843469420925,-0.04080180761300811,0.0007681923869919949
2023-03-29,5.459852077303067,5.280840533784934,4.828751189373399,-0.17901154351813275,1.1306965016790527,5.337752077303067,4.646351189373399,0.6914008879296683,-0.08950577175906638,-0.052205771759066266
2023-03-30,5.361283215948305,5.260007798122981,4.748077841688316,-0.1012754178253239,1.1291481299813624,5.239183215948305,4.5656778416883155,0.6735053742599897,-0.05063770891266195,-0.01813770891266131
2023-03-31,5.330073770562374,5.260221965048402,4.739683858200451,-0.06985180551397274,1.1245631417674513,5.207973770562375,4.55728385820045,0.6506899123619245,-0.03492590275698637,-0.024575902756986512
2023-04-01,5.330073770562374,5.260221965048402,4.739683858200451,-0.06985180551397274,1.1245631417674513,5.207973770562375,4.55728385820045,0.6506899123619245,-0.03492590275698637,-0.024575902756986512
2023-04-02,5.330073770562374,5.260221965048402,4.739683858200451,-0.06985180551397274,1.1245631417674513,5.207973770562375,4.55728385820045,0.6506899123619245,-0.03492590275698637,-0.024575902756986512
2023-04-03,5.520929712362585,5.325164475301647,4.889164603922341,-0.19576523706093774,1.1292173938945336,5.398829712362585,4.70676460392234,0.6920651084402447,-0.09788261853046887,-0.06703261853046882
2023-04-04,5.388603104434053,5.1974500161666075,4.819871979497954,-0.1911530882674457,1.117997143358845,5.266503104434054,4.6374719794979535,0.6290311249361,-0.09557654413372285,-0.1064765441337232
2023-04-05,5.395485776899993,5.131608193822112,4.973622645042763,-0.263877583077881,1.0848200923079083,5.273385776899993,4.791222645042763,0.4821631318572308,-0.1319387915389405,-0.09443879153894086
2023-04-06,5.419981665741032,5.16946794120883,4.844927688670266,-0.250513724532202,1.118691962816187,5.297881665741032,4.662527688670266,0.6353539770707668,-0.125256862266101,-0.02965686226610087
2023-04-07,5.419981665741032,5.16946794120883,4.844927688670266,-0.250513724532202,1.118691962816187,5.297881665741032,4.662527688670266,0.6353539770707668,-0.125256862266101,0.004543137733899361
2023-04-08,5.419981665741032,5.16946794120883,4.844927688670266,-0.250513724532202,1.118691962816187,5.297881665741032,4.662527688670266,0.6353539770707668,-0.125256862266101,0.004543137733899361
2023-04-09,5.419981665741032,5.16946794120883,4.844927688670266,-0.250513724532202,1.118691962816187,5.297881665741032,4.662527688670266,0.6353539770707668,-0.125256862266101,0.004543137733899361
2023-04-10,5.481111312235567,5.257224388416115,5.069648441201606,-0.2238869238194514,1.0811620126732961,5.359011312235567,4.8872484412016055,0.4717628710339614,-0.1119434619097257,-0.021593461909725775
2023-04-11,5.530510993023887,5.319952256838734,5.131656540909433,-0.21055873618515264,1.0777243077230123,5.408410993023887,4.949256540909433,0.45915445211445416,-0.10527936809257632,-0.12267936809257662
2023-04-12,5.544529924474152,5.362742058097951,5.053646700640979,-0.18178786637620092,1.0971344561484506,5.4224299244741525,4.871246700640978,0.5511832238331742,-0.09089393318810046,-0.09124393318810053
2023-04-13,5.492208238807151,5.312135837534786,4.962612833362315,-0.18007240127236468,1.106717050720642,5.370108238807151,4.780212833362315,0.5898954054448362,-0.09003620063618234,-0.10333620063618243
2023-04-14,5.6300984930910625,5.430866645305387,5.192329980812079,-0.1992318477856756,1.0843106108234124,5.507998493091063,5.009929980812078,0.4980685122789845,-0.0996159238928378,-0.08713592389283864
2023-04-15,5.6300984930910625,5.430866645305387,5.192329980812079,-0.1992318477856756,1.0843106108234124,5.507998493091063,5.009929980812078,0.4980685122789845,-0.0996159238928378,-0.08713592389283864
2023-04-16,5.6300984930910625,5.430866645305387,5.192329980812079,-0.1992318477856756,1.0843106108234124,5.507998493091063,5.009929980812078,0.4980685122789845,-0.0996159238928378,-0.08713592389283864
2023-04-17,5.685186592688316,5.454679114901111,5.1517020742722766,-0.2305074777872047,1.1035550019633849,5.563086592688316,4.969302074272276,0.5937845184160402,-0.11525373889360235,-0.12490373889360207
2023-04-18,5.679648680832766,5.449600127270965,5.162737185140196,-0.23004855356180176,1.100123534697909,5.557548680832767,4.980337185140196,0.5772114956925707,-0.11502427678090088,-0.12197427678090156
2023-04-19,5.653939392404207,5.439163446861578,5.094237579888258,-0.21477594554262947,1.1098695935826821,5.5318393924042075,4.911837579888258,0.6200018125159499,-0.10738797277131473,-0.11106797277131486
2023-04-20,5.681336457173035,5.451219541899476,5.163614607757128,-0.23011691527355893,1.1002634566565348,5.559236457173036,4.981214607757128,0.578021849415908,-0.11505845763677947,-0.12120845763677845
2023-04-21,5.732313233622432,5.514719507826115,5.22852555840944,-0.2175937257963172,1.0963536793662052,5.610213233622432,5.0461255584094395,0.5640876752129929,-0.1087968628981586,-0.1267968628981584
2023-04-22,5.732313233622432,5.514719507826115,5.22852555840944,-0.2175937257963172,1.0963536793662052,5.610213233622432,5.0461255584094395,0.5640876752129929,-0.1087968628981586,-0.1267968628981584
2023-04-23,5.732313233622432,5.514719507826115,5.22852555840944,-0.2175937257963172,1.0963536793662052,5.610213233622432,5.0461255584094395,0.5640876752129929,-0.1087968628981586,-0.1267968628981584
2023-04-24,5.7361668370226715,5.503829071431728,4.9664145246251605,-0.23233776559094377,1.1549915554935697,5.614066837022672,4.78401452462516,0.8300523123975116,-0.11616888279547188,-0.13266888279547162
2023-04-25,5.783597076070367,5.5203660616072865,4.886012800088537,-0.2632310144630807,1.1837048556167447,5.661497076070368,4.703612800088536,0.9578842759818311,-0.13161550723154036,-0.1489655072315399
2023-04-26,5.777657008933148,5.5290909688229055,4.626224763350817,-0.24856604011024253,1.248892413248927,5.655557008933148,4.4438247633508166,1.2117322455823318,-0.12428302005512126,-0.13178302005512066
2023-04-27,5.768986188009286,5.535554662577191,5.338712291571362,-0.23343152543209555,1.0805950710468573,5.646886188009287,5.1563122915713615,0.49057389643792515,-0.11671576271604778,-0.09151576271604789
2023-04-28,5.86026423755098,5.550038500931997,5.3589028807054,-0.3102257366189827,1.0935567163664637,5.73816423755098,5.176502880705399,0.5616613568455806,-0.15511286830949134,-0.16706286830949102
2023-04-29,5.86026423755098,5.550038500931997,5.3589028807054,-0.3102257366189827,1.0935567163664637,5.73816423755098,5.176502880705399,0.5616613568455806,-0.15511286830949134,-0.16706286830949102
2023-04-30,5.86026423755098,5.550038500931997,5.3589028807054,-0.3102257366189827,1.0935567163664637,5.73816423755098,5.176502880705399,0.5616613568455806,-0.15511286830949134,-0.16706286830949102
2023-05-01,5.880561307744284,5.628508560434876,5.005750375236319,-0.2520527473094081,1.1747611980085335,5.758461307744285,4.823350375236319,0.9351109325079658,-0.12602637365470404,-0.12997637365470371
2023-05-02,5.790171619279476,5.556577349290621,4.86063430125819,-0.23359426998885446,1.1912378632930012,5.668071619279476,4.67823430125819,0.9898373180212863,-0.11679713499442723,-0.14139713499442585
2023-05-03,5.751229375202762,5.5192061614234875,4.848899581945156,-0.23202321377927415,1.1860896019825662,5.629129375202762,4.666499581945156,0.962629793257606,-0.11601160688963708,-0.1280616068896374
2023-05-04,5.728594243537865,5.483354160403301,4.860464781944797,-0.24524008313456402,1.1786103799821601,5.606494243537865,4.678064781944797,0.9284294615930682,-0.12262004156728201,-0.12072004156728111
2023-05-05,5.846151785654522,5.596181124547395,4.87061635045169,-0.24997066110712662,1.200289935607916,5.724051785654522,4.68821635045169,1.0358354352028325,-0.12498533055356331,-0.10638533055356225
2023-05-06,5.846151785654522,5.596181124547395,4.87061635045169,-0.24997066110712662,1.200289935607916,5.724051785654522,4.68821635045169,1.0358354352028325,-0.12498533055356331,-0.10638533055356225
2023-05-07,5.846151785654522,5.596181124547395,4.87061635045169,-0.24997066110712662,1.200289935607916,5.724051785654522,4.68821635045169,1.0358354352028325,-0.12498533055356331,-0.10638533055356225
2023-05-08,5.882019493359427,5.631113676897915,4.843026790212917,-0.2509058164615121,1.2145337509274508,5.759919493359427,4.660626790212917,1.09929270314651,-0.12545290823075606,-0.10197290823075589
2023-05-09,5.824222959883382,5.604376292461096,4.8994225770962725,-0.21984666742228676,1.188757015390007,5.702122959883383,4.717022577096272,0.9851003827871105,-0.10992333371114338,-0.09942333371114298
2023-05-10,5.810852749297175,5.620332987025137,4.991253167452299,-0.19051976227203848,1.164207174901374,5.6887527492971754,4.808853167452298,0.8798995818448772,-0.09525988113601924,-0.0826598811360193
2023-05-11,5.858593484579696,5.622695242615649,5.412574570564835,-0.23589824196404763,1.0824042067596524,5.736493484579697,5.230174570564834,0.5063189140148623,-0.11794912098202381,-0.10094912098202435
2023-05-12,5.830414489771586,5.624643894298933,5.302044123974955,-0.20577059547265275,1.099654086884609,5.7083144897715865,5.119644123974955,0.5886703657966317,-0.10288529773632638,-0.08078529773632637
2023-05-13,5.830414489771586,5.624643894298933,5.302044123974955,-0.20577059547265275,1.099654086884609,5.7083144897715865,5.119644123974955,0.5886703657966317,-0.10288529773632638,-0.08078529773632637
2023-05-14,5.830414489771586,5.624643894298933,5.302044123974955,-0.20577059547265275,1.099654086884609,5.7083144897715865,5.119644123974955,0.5886703657966317,-0.10288529773632638,-0.08078529773632637
2023-05-15,5.852221355412635,5.645756726725444,5.126367385613337,-0.20646462868719162,1.141592265087426,5.730121355412636,4.943967385613337,0.7861539697992992,-0.10323231434359581,-0.07728231434359589
2023-05-16,5.878200821519399,5.685472925731879,5.1376594969511915,-0.19272789578752025,1.1441398218405991,5.756100821519399,4.955259496951191,0.800841324568208,-0.09636394789376013,-0.10716394789375983
2023-05-17,5.779226379504225,5.649208904276468,5.161495681260571,-0.1300174752277572,1.1196805609053204,5.657126379504225,4.979095681260571,0.6780306982436546,-0.0650087376138786,-0.03455873761387851
2023-05-18,5.759840592519818,5.631220315221206,5.29406990641732,-0.12862027729861136,1.0879797007474161,5.637740592519818,5.11166990641732,0.5260706861024982,-0.06431013864930568,-0.05371013864930552
2023-05-19,5.758058887527984,5.599052264439421,5.224643309758415,-0.15900662308856273,1.1020960754915599,5.635958887527984,5.0422433097584145,0.5937155777695695,-0.07950331154428136,-0.08500331154428098
2023-05-20,5.758058887527984,5.599052264439421,5.224643309758415,-0.15900662308856273,1.1020960754915599,5.635958887527984,5.0422433097584145,0.5937155777695695,-0.07950331154428136,-0.08500331154428098
2023-05-21,5.758058887527984,5.599052264439421,5.224643309758415,-0.15900662308856273,1.1020960754915599,5.635958887527984,5.0422433097584145,0.5937155777695695,-0.07950331154428136,-0.08500331154428098
2023-05-22,5.709152130902457,5.626436457583674,5.292950084540141,-0.08271567331878327,1.078633283842592,5.587052130902458,5.110550084540141,0.47650204636231663,-0.041357836659391634,0.008342163340608888
2023-05-23,5.6551540617448595,5.5892963149002375,5.296086780323422,-0.06585774684462198,1.0677986023105743,5.53305406174486,5.113686780323421,0.4193672814214384,-0.03292887342231099,-0.06032887342231019
2023-05-24,5.745767888231874,5.6625217163465535,5.485172540278238,-0.08324617188532013,1.04750905209272,5.623667888231874,5.302772540278237,0.3208953479536367,-0.041623085942660065,-0.036223085942660216
2023-05-25,5.8389425026356045,5.768953415701168,5.512661805639996,-0.06998908693443617,1.0591875047843116,5.716842502635605,5.330261805639996,0.38658069699560915,-0.03499454346721809,-0.0349445434672182
2023-05-26,5.899905591049704,5.812703463592184,5.40646754996637,-0.08720212745751965,1.0912681037152259,5.777805591049704,5.22406754996637,0.5537380410833341,-0.043601063728759826,-0.019101063728759193
2023-05-27,5.899905591049704,5.812703463592184,5.40646754996637,-0.08720212745751965,1.0912681037152259,5.777805591049704,5.22406754996637,0.5537380410833341,-0.043601063728759826,-0.019101063728759193
2023-05-28,5.899905591049704,5.812703463592184,5.40646754996637,-0.08720212745751965,1.0912681037152259,5.777805591049704,5.22406754996637,0.5537380410833341,-0.043601063728759826,-0.019101063728759193
2023-05-29,5.899905591049704,5.812703463592184,5.40646754996637,-0.08720212745751965,1.0912681037152259,5.777805591049704,5.22406754996637,0.5537380410833341,-0.043601063728759826,-0.0503010637287602
2023-05-30,5.952113017433881,5.832314673721938,5.4854085733492886,-0.11979834371194276,1.085081072420396,5.830013017433881,5.303008573349288,0.5270044440845929,-0.05989917185597138,-0.03749917185597118
2023-05-31,5.654608048150415,5.6795653346177115,5.479539646387628,0.02495728646729667,1.031949472594509,5.532508048150415,5.2971396463876275,0.23536840176278773,0.012478643233648334,0.00947864323364822
2023-06-01,5.993145594536832,5.693137428065607,5.412767981563844,-0.3000081664712253,1.1072238113567372,5.871045594536833,5.230367981563844,0.640677612972989,-0.15000408323561265,-0.16050408323561305
2023-06-02,6.040975367965964,5.753019669467727,5.442620189470038,-0.2879556984982372,1.1099388084536153,5.918875367965964,5.260220189470037,0.6586551784959269,-0.1439778492491186,-0.13394784924911907
2023-06-03,6.040975367965964,5.753019669467727,5.442620189470038,-0.2879556984982372,1.1099388084536153,5.918875367965964,5.260220189470037,0.6586551784959269,-0.1439778492491186,-0.13394784924911907
2023-06-04,6.040975367965964,5.753019669467727,5.442620189470038,-0.2879556984982372,1.1099388084536153,5.918875367965964,5.260220189470037,0.6586551784959269,-0.1439778492491186,-0.13394784924911907
2023-06-05,6.057499890542668,5.769216397926491,5.493381238577102,-0.28828349261617703,1.1026906066529771,5.935399890542668,5.310981238577102,0.6244186519655663,-0.14414174630808851,-0.13704174630808819
2023-06-06,6.004695980189636,5.733361462379469,5.460325375553142,-0.2713345178101667,1.0996956348194449,5.882595980189636,5.277925375553141,0.6046706046364951,-0.13566725890508335,-0.14266725890508303
2023-06-07,6.075523429710867,5.831123432979721,5.518129354148916,-0.2443999967311461,1.1010114188684004,5.953423429710868,5.335729354148915,0.6176940755619524,-0.12219999836557305,-0.108499998365573
2023-06-08,6.013496959843204,5.756678426375352,5.308275901073804,-0.2568185334678521,1.1328531281930432,5.891396959843204,5.125875901073804,0.7655210587694006,-0.12840926673392605,-0.13170926673392724
2023-06-09,6.04861523057771,5.805527273209653,5.294793184733511,-0.24308795736805688,1.1423704419688565,5.92651523057771,5.11239318473351,0.8141220458441998,-0.12154397868402844,-0.11769397868402853
2023-06-10,6.04861523057771,5.805527273209653,5.294793184733511,-0.24308795736805688,1.1423704419688565,5.92651523057771,5.11239318473351,0.8141220458441998,-0.12154397868402844,-0.11769397868402853
2023-06-11,6.04861523057771,5.805527273209653,5.294793184733511,-0.24308795736805688,1.1423704419688565,5.92651523057771,5.11239318473351,0.8141220458441998,-0.12154397868402844,-0.11769397868402853
2023-06-12,6.07164646083071,5.812651839299812,5.298450053454596,-0.25899462153089825,1.145928790415225,5.94954646083071,5.116050053454596,0.8334964073761144,-0.12949731076544913,-0.10989731076544951
2023-06-13,6.074903035201554,5.845593958883338,5.37593710731648,-0.2293090763182155,1.1300175046567795,5.952803035201554,5.193537107316479,0.7592659278850746,-0.11465453815910776,-0.09985453815910761
2023-06-14,6.012132731775679,5.785039328775561,5.337305028206513,-0.2270934030001186,1.126436038413178,5.89003273177568,5.154905028206513,0.7351277035691668,-0.1135467015000593,-0.09222670150005907
2023-06-15,6.03760343266137,5.809702302668513,5.2000079410337685,-0.2279011299928566,1.1610758100998373,5.91550343266137,5.017607941033768,0.8978954916276018,-0.1139505649964283,-0.11070056499642789
2023-06-16,6.036071978868588,5.823198318075347,5.210350577500844,-0.21287366079324066,1.1584771291462317,5.913971978868588,5.027950577500843,0.8860214013677448,-0.10643683039662033,-0.08363683039662106
2023-06-17,6.036071978868588,5.823198318075347,5.210350577500844,-0.21287366079324066,1.1584771291462317,5.913971978868588,5.027950577500843,0.8860214013677448,-0.10643683039662033,-0.08363683039662106
2023-06-18,6.036071978868588,5.823198318075347,5.210350577500844,-0.21287366079324066,1.1584771291462317,5.913971978868588,5.027950577500843,0.8860214013677448,-0.10643683039662033,-0.08363683039662106
2023-06-19,6.036071978868588,5.823198318075347,5.210350577500844,-0.21287366079324066,1.1584771291462317,5.913971978868588,5.027950577500843,0.8860214013677448,-0.10643683039662033,-0.08803683039662058
2023-06-20,6.108900284820948,5.893458194069993,5.359584667467226,-0.21544209075095555,1.1398085232055537,5.986800284820949,5.177184667467226,0.8096156173537228,-0.10772104537547778,-0.08392104537547818
2023-06-21,6.117695040745417,5.917114875475076,5.407464370674343,-0.20058016527034095,1.131342644423657,5.9955950407454175,5.2250643706743425,0.770530670071075,-0.10029008263517047,-0.10209008263516983
2023-06-22,6.121677593408873,5.951645437370089,5.3324110334502315,-0.17003215603878452,1.1480130760752632,5.9995775934088735,5.150011033450231,0.8495665599586424,-0.08501607801939226,-0.05139607801939228
2023-06-23,6.102959777384323,5.933447516515811,5.148159936168692,-0.16951226086851268,1.1854642926898271,5.980859777384324,4.965759936168691,1.0150998412156325,-0.08475613043425634,-0.08510613043425641
2023-06-24,6.102959777384323,5.933447516515811,5.148159936168692,-0.16951226086851268,1.1854642926898271,5.980859777384324,4.965759936168691,1.0150998412156325,-0.08475613043425634,-0.08510613043425641
2023-06-25,6.102959777384323,5.933447516515811,5.148159936168692,-0.16951226086851268,1.1854642926898271,5.980859777384324,4.965759936168691,1.0150998412156325,-0.08475613043425634,-0.08510613043425641
2023-06-26,6.089704822856888,5.920560723895356,5.11927008746139,-0.1691440989615316,1.1895650588493816,5.967604822856888,4.93687008746139,1.030734735395498,-0.0845720494807658,-0.07864204948076559
2023-06-27,6.089642497810668,5.93599757310924,4.832352773176414,-0.1536449247014282,1.260181692779811,5.967542497810668,4.649952773176413,1.3175897246342547,-0.0768224623507141,-0.08482246235071411
2023-06-28,6.062968103285578,5.92558731371668,5.027828529560703,-0.13738078956889765,1.2058820358806703,5.940868103285578,4.845428529560703,1.0954395737248754,-0.06869039478444883,-0.04419039478444997
2023-06-29,6.012932577209669,5.923487010639198,5.407637308053111,-0.08944556657047098,1.1119334072673746,5.890832577209669,5.225237308053111,0.6655952691565581,-0.04472278328523549,-0.0028227832852354418
2023-06-30,6.040342742891851,5.903474621346638,5.433337405940759,-0.13686812154521277,1.111718689932158,5.918242742891851,5.250937405940759,0.6673053369510926,-0.06843406077260639,-0.0468340607726061
2023-07-01,6.040342742891851,5.903474621346638,5.433337405940759,-0.13686812154521277,1.111718689932158,5.918242742891851,5.250937405940759,0.6673053369510926,-0.06843406077260639,-0.0468340607726061
2023-07-02,6.040342742891851,5.903474621346638,5.433337405940759,-0.13686812154521277,1.111718689932158,5.918242742891851,5.250937405940759,0.6673053369510926,-0.06843406077260639,-0.0468340607726061
2023-07-03,6.040029690663663,5.918461845632316,8.19672131147545,-0.12156784503134688,0.7368836222609633,5.917929690663663,8.014321311475449,-2.0963916208117856,-0.06078392251567344,-0.05878392251567366
2023-07-04,6.040029690663663,5.918461845632316,8.19672131147545,-0.12156784503134688,0.7368836222609633,5.917929690663663,8.014321311475449,-2.0963916208117856,-0.06078392251567344,-0.06008392251567418
2023-07-05,6.0475519112322536,5.941144895370716,8.14558374581969,-0.10640701586153778,0.7424332128849396,5.925451911232254,7.96318374581969,-2.0377318345874365,-0.05320350793076889,-0.05350350793076819
2023-07-06,6.116348667269513,5.9620299316839755,8.379348129686507,-0.15431873558553733,0.7299313231300656,5.994248667269513,8.196948129686508,-2.2026994624169944,-0.07715936779276866,-0.0886593677927685
2023-07-07,6.030653189203383,5.909274065276873,8.31181117659852,-0.12137912392651007,0.7255522365789997,5.908553189203383,8.12941117659852,-2.220857987395137,-0.060689561963255034,-0.06583956196325547
2023-07-08,6.030653189203383,5.909274065276873,8.31181117659852,-0.12137912392651007,0.7255522365789997,5.908553189203383,8.12941117659852,-2.220857987395137,-0.060689561963255034,-0.06583956196325547
2023-07-09,6.030653189203383,5.909274065276873,8.31181117659852,-0.12137912392651007,0.7255522365789997,5.908553189203383,8.12941117659852,-2.220857987395137,-0.060689561963255034,-0.06583956196325547
2023-07-10,6.035337798102298,5.913864386922607,8.418273298947767,-0.12147341117969113,0.716932984209087,5.9132377981022985,8.235873298947766,-2.3226355008454673,-0.06073670558984556,-0.08568670558984515
2023-07-11,6.016332294737327,5.895241407850682,8.36536653754808,-0.1210908868866456,0.7191952997795045,5.894232294737328,8.18296653754808,-2.2887342428107518,-0.0605454434433228,-0.0639054434433235
2023-07-12,5.940886622896232,5.821314233138377,8.084104901848441,-0.11957238975785511,0.7348849000633132,5.818786622896233,7.901704901848441,-2.0829182789522083,-0.05978619487892756,-0.06853619487892759
2023-07-13,5.934533704112271,5.815089179726834,7.877052794257625,-0.11944452438543696,0.7533951922270407,5.812433704112271,7.694652794257625,-1.8822190901453535,-0.05972226219271848,-0.07070226219271936
2023-07-14,5.901659712371742,5.798291556926391,7.89415122257836,-0.1033681554453505,0.7475990193210617,5.779559712371742,7.71175122257836,-1.9321915102066178,-0.05168407772267525,-0.07738407772267575
2023-07-15,5.901659712371742,5.798291556926391,7.89415122257836,-0.1033681554453505,0.7475990193210617,5.779559712371742,7.71175122257836,-1.9321915102066178,-0.05168407772267525,-0.07738407772267575
2023-07-16,5.901659712371742,5.798291556926391,7.89415122257836,-0.1033681554453505,0.7475990193210617,5.779559712371742,7.71175122257836,-1.9321915102066178,-0.05168407772267525,-0.07738407772267575
2023-07-17,5.95698082607623,5.837084507844759,8.091223499408294,-0.11989631823147118,0.7362274477416006,5.834880826076231,7.908823499408293,-2.0739426733320627,-0.05994815911573559,-0.10159815911573533
2023-07-18,5.85279702089209,5.780078921581603,8.131812210180838,-0.072718099310487,0.7197407994203955,5.73069702089209,7.949412210180838,-2.218715189288748,-0.0363590496552435,-0.0739590496552438
2023-07-19,5.883601215738931,5.780078921581603,8.11309777109364,-0.10352229415732861,0.7251978691421372,5.761501215738932,7.93069777109364,-2.1691965553547083,-0.051761147078664305,-0.05136114707866435
2023-07-20,5.975072903973134,5.824084694601514,8.227587900822343,-0.1509882093716195,0.7262241347036752,5.852972903973134,8.045187900822341,-2.1922149968492075,-0.07549410468580975,-0.1132441046858097
2023-07-21,5.957110870176022,5.806809789050928,8.286751684359455,-0.150301081125094,0.7188716516532728,5.835010870176022,8.104351684359454,-2.2693408141834315,-0.075150540562547,-0.09240054056254765
2023-07-22,5.957110870176022,5.806809789050928,8.286751684359455,-0.150301081125094,0.7188716516532728,5.835010870176022,8.104351684359454,-2.2693408141834315,-0.075150540562547,-0.09240054056254765
2023-07-23,5.957110870176022,5.806809789050928,8.286751684359455,-0.150301081125094,0.7188716516532728,5.835010870176022,8.104351684359454,-2.2693408141834315,-0.075150540562547,-0.09240054056254765
2023-07-24,6.032661367645059,5.834869191656733,8.475158409033803,-0.19779217598832677,0.7118051458737045,5.91056136764506,8.292758409033802,-2.382197041388742,-0.09889608799416338,-0.08849608799416364
2023-07-25,6.0280532339935515,5.875492650625228,8.606161144952228,-0.15256058336832368,0.700434622645799,5.905953233993552,8.423761144952227,-2.517807910958675,-0.07628029168416184,-0.05188029168416186
2023-07-26,6.07041370179097,5.901339783867189,8.579475698707292,-0.16907391792378057,0.7075506610159903,5.94831370179097,8.39707569870729,-2.4487619969163203,-0.08453695896189029,-0.061056958961891006
2023-07-27,6.146539566170658,5.990511232419198,8.694909199286549,-0.1560283337514594,0.706912450181194,6.024439566170658,8.512509199286548,-2.48806963311589,-0.0780141668757297,-0.06006416687572891
2023-07-28,6.100449925473499,5.945591565455026,8.76993966650941,-0.15485836001847275,0.6956091099200897,5.978349925473499,8.58753966650941,-2.6091897410359115,-0.07742918000923638,-0.03622918000923647
2023-07-29,6.100449925473499,5.945591565455026,8.76993966650941,-0.15485836001847275,0.6956091099200897,5.978349925473499,8.58753966650941,-2.6091897410359115,-0.07742918000923638,-0.03622918000923647
2023-07-30,6.100449925473499,5.945591565455026,8.76993966650941,-0.15485836001847275,0.6956091099200897,5.978349925473499,8.58753966650941,-2.6091897410359115,-0.07742918000923638,-0.03622918000923647
2023-07-31,5.821459751676193,5.795316991193887,8.578788571068438,-0.02614276048230657,0.678587623817749,5.699359751676194,8.396388571068439,-2.697028819392245,-0.013071380241153285,-0.04382138024115356
2023-08-01,6.104186419915399,6.054662659231946,8.78234581362715,-0.04952376068345288,0.6950519313921596,5.982086419915399,8.599945813627151,-2.6178593937117522,-0.02476188034172644,-0.05166188034172681
2023-08-02,6.084533410762343,6.035938986716744,8.949369313936671,-0.048594424045599105,0.6798840451569054,5.962433410762343,8.76696931393667,-2.804535903174327,-0.024297212022799552,-0.04747721202280042
2023-08-03,6.072272563657092,6.009415255135222,9.015459520711323,-0.06285730852186955,0.6735399953498973,5.950172563657092,8.833059520711323,-2.8828869570542315,-0.031428654260934774,-0.05597865426093529
2023-08-04,6.0811126876958825,6.017464219464023,9.107775341541567,-0.06364846823185921,0.6676836504694245,5.959012687695883,8.925375341541567,-2.9663626538456844,-0.031824234115929606,-0.04752423411593032
2023-08-05,6.0811126876958825,6.017464219464023,9.107775341541567,-0.06364846823185921,0.6676836504694245,5.959012687695883,8.925375341541567,-2.9663626538456844,-0.031824234115929606,-0.04752423411593032
2023-08-06,6.0811126876958825,6.017464219464023,9.107775341541567,-0.06364846823185921,0.6676836504694245,5.959012687695883,8.925375341541567,-2.9663626538456844,-0.031824234115929606,-0.04752423411593032
2023-08-07,6.100130779157017,6.036283256500028,9.221311475409825,-0.06384752265698879,0.6615252933841396,5.9780307791570175,9.038911475409826,-3.0608806962528083,-0.03192376132849439,-0.015723761328493957
2023-08-08,6.100122718677287,6.036977118454352,9.056753498889867,-0.06314560022293492,0.6735440817093025,5.978022718677288,8.874353498889867,-2.8963307802125797,-0.03157280011146746,-0.05877280011146713
2023-08-09,6.03377545334483,5.988720225086261,8.801441809444855,-0.045055228258569,0.6855439806316694,5.91167545334483,8.619041809444855,-2.7073663561000254,-0.0225276141292845,0.0038223858707153724
2023-08-10,5.9752349170106545,5.947507007559685,8.870173502834962,-0.027727909450969257,0.6736322480164488,5.853134917010655,8.687773502834961,-2.8346385858243064,-0.013863954725484628,-0.007013954725484606
2023-08-11,5.982364159272929,5.939295703620293,8.796797861781345,-0.04306845565263551,0.6800615693653673,5.860264159272929,8.614397861781345,-2.7541337025084163,-0.021534227826317753,-0.013984227826317586
2023-08-12,5.982364159272929,5.939295703620293,8.796797861781345,-0.04306845565263551,0.6800615693653673,5.860264159272929,8.614397861781345,-2.7541337025084163,-0.021534227826317753,-0.013984227826317586
2023-08-13,5.982364159272929,5.939295703620293,8.796797861781345,-0.04306845565263551,0.6800615693653673,5.860264159272929,8.614397861781345,-2.7541337025084163,-0.021534227826317753,-0.013984227826317586
2023-08-14,5.958438832681248,5.931680932447307,8.472496152146872,-0.026757900233940646,0.703268402331634,5.836338832681248,8.290096152146873,-2.453757319465625,-0.013378950116970323,-0.011378950116970543
2023-08-15,5.953649617284347,5.943211027616073,8.257502083912204,-0.010438589668273934,0.7209988634315491,5.831549617284347,8.075102083912203,-2.2435524666278557,-0.005219294834136967,-0.018219294834136868
2023-08-16,5.910637550120609,5.9331592527927715,8.406595205272712,0.02252170267216247,0.7030952967038772,5.788537550120609,8.22419520527271,-2.4356576551521014,0.011260851336081235,0.028160851336080928
2023-08-17,5.951460744039825,5.958580347056616,8.495866456411097,0.007119603016790599,0.7005125109456931,5.829360744039826,8.313466456411096,-2.48410571237127,0.0035598015083952994,-0.004590198491605246
2023-08-18,5.914924737404695,5.954185419241531,8.489139425389345,0.0392606818368364,0.6967637637938092,5.792824737404695,8.306739425389345,-2.5139146879846503,0.0196303409184182,0.02058034091841865
2023-08-19,5.914924737404695,5.954185419241531,8.489139425389345,0.0392606818368364,0.6967637637938092,5.792824737404695,8.306739425389345,-2.5139146879846503,0.0196303409184182,0.02058034091841865
2023-08-20,5.914924737404695,5.954185419241531,8.489139425389345,0.0392606818368364,0.6967637637938092,5.792824737404695,8.306739425389345,-2.5139146879846503,0.0196303409184182,0.02058034091841865
2023-08-21,5.733050180203213,5.854862401268066,8.066079480804056,0.1218122210648529,0.7107604374401381,5.610950180203213,7.883679480804056,-2.272729300600843,0.06090611053242645,0.0580061105324261
2023-08-22,5.724036422779278,5.8456571252323215,7.877241427522868,0.12162070245304335,0.7266549432875892,5.6019364227792785,7.694841427522868,-2.0929050047435895,0.060810351226521675,0.05837035122652168
2023-08-23,5.754228066616198,5.840785091217643,7.6940034088037805,0.08655702460144443,0.747884782586915,5.632128066616199,7.51160340880378,-1.8794753421875816,0.043278512300722216,0.03687851230072292
2023-08-24,5.884963724331255,5.92153079136508,8.40307706880101,0.03656706703382451,0.7003343746757935,5.762863724331256,8.22067706880101,-2.457813344469754,0.018283533516912254,0.012383533516912681
2023-08-25,5.907017406117194,5.943721506869076,8.499100978573578,0.036704100751881796,0.6950167342415293,5.784917406117194,8.316700978573579,-2.5317835724563844,0.018352050375940898,0.016602050375941424
2023-08-26,5.907017406117194,5.943721506869076,8.499100978573578,0.036704100751881796,0.6950167342415293,5.784917406117194,8.316700978573579,-2.5317835724563844,0.018352050375940898,0.016602050375941424
2023-08-27,5.907017406117194,5.943721506869076,8.499100978573578,0.036704100751881796,0.6950167342415293,5.784917406117194,8.316700978573579,-2.5317835724563844,0.018352050375940898,0.016602050375941424
2023-08-28,5.981743549888701,5.984597187630458,8.590131488226122,0.0028536377417571757,0.696350638879911,5.859643549888701,8.407731488226123,-2.5480879383374218,0.0014268188708785878,-0.015873181129120173
2023-08-29,5.957155510499487,5.958954478945309,8.356767023705261,0.0017989684458212807,0.7128540850308612,5.835055510499488,8.174367023705262,-2.3393115132057742,0.0008994842229106403,-0.016200515777089475
2023-08-30,5.933070797841888,5.949963924358623,8.82835997969206,0.01689312651673447,0.6720467687645014,5.810970797841889,8.645959979692059,-2.83498918185017,0.008446563258367235,0.0008465632583671834
2023-08-31,5.92306286072448,5.956199954532819,8.19940085423823,0.03313709380833885,0.722377520750541,5.80096286072448,8.01700085423823,-2.2160379935137495,0.016568546904169423,0.014668546904168522
2023-09-01,5.856174035888581,5.906485691496343,8.746017104924105,0.05031165560776163,0.6695818182874911,5.7340740358885816,8.563617104924106,-2.829543069035524,0.025155827803880815,0.0014558278038800943
2023-09-02,5.856174035888581,5.906485691496343,8.746017104924105,0.05031165560776163,0.6695818182874911,5.7340740358885816,8.563617104924106,-2.829543069035524,0.025155827803880815,0.0014558278038800943
2023-09-03,5.856174035888581,5.906485691496343,8.746017104924105,0.05031165560776163,0.6695818182874911,5.7340740358885816,8.563617104924106,-2.829543069035524,0.025155827803880815,0.0014558278038800943
2023-09-04,5.856174035888581,5.906485691496343,8.746017104924105,0.05031165560776163,0.6695818182874911,5.7340740358885816,8.563617104924106,-2.829543069035524,0.025155827803880815,0.012955827803879938
2023-09-05,5.772683500447307,5.858009378578108,8.924273460724217,0.08532587813080106,0.646851928714749,5.650583500447308,8.741873460724218,-3.09128996027691,0.04266293906540053,0.04046293906540033
2023-09-06,5.829846632084252,5.899187733775532,9.089875516414676,0.06934110169127994,0.6413560473470292,5.707746632084253,8.907475516414674,-3.1997288843304217,0.03467055084563997,0.028870550845641052
2023-09-07,5.834997476257914,5.889063739402128,8.964194012584334,0.0540662631442137,0.650922711854126,5.712897476257915,8.781794012584335,-3.0688965363264202,0.02703313157210685,0.01435313157210727
2023-09-08,5.738370464829187,5.826205317519673,8.989724210428065,0.0878348526904853,0.6383255292940675,5.616270464829188,8.807324210428064,-3.191053745598876,0.04391742634524265,0.02116742634524238
2023-09-09,5.738370464829187,5.826205317519673,8.989724210428065,0.0878348526904853,0.6383255292940675,5.616270464829188,8.807324210428064,-3.191053745598876,0.04391742634524265,0.02116742634524238
2023-09-10,5.738370464829187,5.826205317519673,8.989724210428065,0.0878348526904853,0.6383255292940675,5.616270464829188,8.807324210428064,-3.191053745598876,0.04391742634524265,0.02116742634524238
2023-09-11,5.693059738470676,5.797017705461855,8.909372999720308,0.10395796699117898,0.6389966767189339,5.570959738470676,8.726972999720306,-3.1560132612496306,0.05197898349558949,0.051678983495589303
2023-09-12,5.696867253445128,5.83330198068903,8.851702460627555,0.13643472724390193,0.6435900075476825,5.5747672534451285,8.669302460627556,-3.0945352071824272,0.06821736362195097,0.04760736362195139
2023-09-13,5.768944732871977,5.888075191987531,8.987009570443803,0.11913045911555464,0.6419203949492501,5.646844732871977,8.804609570443802,-3.1577648375718246,0.05956522955777732,0.035165229557777344
2023-09-14,5.864562601372604,5.934316620196886,8.983098940992484,0.06975401882428134,0.6528440396677483,5.742462601372605,8.800698940992483,-3.058236339619878,0.03487700941214067,0.03305700941214029
2023-09-15,5.79184692925734,5.877456061509189,8.807286971468153,0.0856091322518493,0.6576198718198294,5.66974692925734,8.624886971468154,-2.9551400422108136,0.04280456612592465,0.045684566125924864
2023-09-16,5.79184692925734,5.877456061509189,8.807286971468153,0.0856091322518493,0.6576198718198294,5.66974692925734,8.624886971468154,-2.9551400422108136,0.04280456612592465,0.045684566125924864
2023-09-17,5.79184692925734,5.877456061509189,8.807286971468153,0.0856091322518493,0.6576198718198294,5.66974692925734,8.624886971468154,-2.9551400422108136,0.04280456612592465,0.045684566125924864
2023-09-18,5.738468760728989,5.840036866609282,8.589499769076934,0.10156810588029241,0.668079505792416,5.61636876072899,8.407099769076932,-2.790731008347943,0.05078405294014621,0.0709840529401462
2023-09-19,5.801229082864595,5.854982452841231,8.60488001252429,0.05375336997663549,0.6741789629165058,5.679129082864596,8.42248001252429,-2.7433509296596936,0.026876684988317745,0.036426684988316804
2023-09-20,5.792946522231519,5.799876498133198,8.541976731710465,0.006929975901678986,0.6781739993187181,5.670846522231519,8.359576731710465,-2.688730209478946,0.003464987950839493,0.014164987950840313
2023-09-21,5.843805248838077,5.836516111856319,8.471133436269596,-0.0072891369817575935,0.6898492737486016,5.721705248838077,8.288733436269595,-2.567028187431518,-0.0036445684908787968,0.023125431509121164
2023-09-22,5.825611583679801,5.848968009309359,8.46485764023527,0.023356425629557975,0.6882114066501756,5.703511583679801,8.282457640235268,-2.578946056555467,0.011678212814778988,0.03197821281477875
2023-09-23,5.825611583679801,5.848968009309359,8.46485764023527,0.023356425629557975,0.6882114066501756,5.703511583679801,8.282457640235268,-2.578946056555467,0.011678212814778988,0.03197821281477875
2023-09-24,5.825611583679801,5.848968009309359,8.46485764023527,0.023356425629557975,0.6882114066501756,5.703511583679801,8.282457640235268,-2.578946056555467,0.011678212814778988,0.03197821281477875
2023-09-25,5.852944762833757,5.876410774445312,8.656242442086667,0.02346601161155526,0.6761530539367439,5.730844762833757,8.473842442086667,-2.74299767925291,0.01173300580577763,0.02303300580577794
2023-09-26,5.839863665209686,5.865638599419327,8.675888154825952,0.025774934209641387,0.6731142173566713,5.717763665209686,8.49348815482595,-2.7757244896162643,0.012887467104820693,0.034707467104820644
2023-09-27,6.06161007443944,6.004712359568292,8.700269232212085,-0.05689771487114825,0.69671522945483,5.939510074439441,8.517869232212085,-2.5783591577726446,-0.028448857435574126,0.014651142564426678
2023-09-28,5.9691919725664375,5.963815290912216,8.74566843593682,-0.005376681654221116,0.6825312457580069,5.847091972566438,8.56326843593682,-2.716176463370382,-0.002688340827110558,-0.17663834082711105
2023-09-29,5.942887748204982,5.955607043476671,8.990470626894071,0.01271929527168858,0.6610207624089715,5.820787748204983,8.808070626894072,-2.987282878689089,0.00635964763584429,-0.14828035236415626
2023-10-01,5.942887748204982,5.955607043476671,8.990470626894071,0.01271929527168858,0.6610207624089715,5.820787748204983,8.808070626894072,-2.987282878689089,0.00635964763584429,-0.14828035236415626
2023-10-02,6.342168816201907,6.054356083465249,9.14683844029264,-0.28781273273665775,0.6933727820384459,6.220068816201907,8.96443844029264,-2.744369624090732,-0.14390636636832888,-0.2979763663683288
2023-10-03,6.3617997487310145,6.041048147670073,9.082842982000743,-0.3207516010609419,0.7004194348991878,6.239699748731015,8.900442982000744,-2.660743233269729,-0.16037580053047096,-0.29507580053047233
2023-10-04,6.318519914422853,6.014860242953193,9.014610366956983,-0.30365967146966,0.700919913031778,6.196419914422854,8.832210366956982,-2.6357904525341285,-0.15182983573483,-0.29059983573483006
2023-10-05,6.328867965379982,6.024710980331106,8.984845093315268,-0.3041569850488761,0.7043936650714951,6.206767965379982,8.802445093315267,-2.595677127935285,-0.15207849252443806,-0.29507849252443785
2023-10-06,6.349043050773988,6.028934621685692,8.938173108052752,-0.32010842908829584,0.7103289423935956,6.226943050773988,8.75577310805275,-2.5288300572787623,-0.16005421454414792,-0.3179542145441485
2023-10-07,6.349043050773988,6.028934621685692,8.938173108052752,-0.32010842908829584,0.7103289423935956,6.226943050773988,8.75577310805275,-2.5288300572787623,-0.16005421454414792,-0.3179542145441485
2023-10-08,6.349043050773988,6.028934621685692,8.938173108052752,-0.32010842908829584,0.7103289423935956,6.226943050773988,8.75577310805275,-2.5288300572787623,-0.16005421454414792,-0.3179542145441485
2023-10-09,6.28399626524066,5.982995419543918,9.017739373872805,-0.3010008456967421,0.6968482903206706,6.16189626524066,8.835339373872806,-2.6734431086321457,-0.15050042284837106,-0.30340042284837176
2023-10-10,6.279673218386737,5.947900794889204,9.059593035195155,-0.331772423497533,0.6931517998646465,6.157573218386737,8.877193035195155,-2.719619816808418,-0.1658862117487665,-0.24848621174876673
2023-10-11,6.3044058097524305,5.972622872643988,9.065907816604977,-0.33178293710844287,0.6953970785148927,6.182305809752431,8.883507816604975,-2.7012020068525446,-0.16589146855422143,-0.32509146855422255
2023-10-12,6.318802487915966,5.986261894604885,9.057117623828006,-0.332540593311081,0.6976615243785819,6.1967024879159665,8.874717623828005,-2.6780151359120383,-0.1662702966555405,-0.35227029665554044
2023-10-13,6.159836226576487,5.866682428239096,8.609510989227362,-0.2931537983373911,0.7154687687005653,6.037736226576487,8.427110989227362,-2.389374762650875,-0.14657689916869554,-0.324726899168696
2023-10-14,6.159836226576487,5.866682428239096,8.609510989227362,-0.2931537983373911,0.7154687687005653,6.037736226576487,8.427110989227362,-2.389374762650875,-0.14657689916869554,-0.324726899168696
2023-10-15,6.159836226576487,5.866682428239096,8.609510989227362,-0.2931537983373911,0.7154687687005653,6.037736226576487,8.427110989227362,-2.389374762650875,-0.14657689916869554,-0.324726899168696
2023-10-16,6.182764842009196,5.919030309604943,8.55497906262485,-0.2637345324042535,0.7227095235125206,6.060664842009197,8.372579062624851,-2.3119142206156544,-0.13186726620212674,-0.3051672662021261
2023-10-17,6.2098150452295675,5.929993555091246,8.40747787056128,-0.27982149013832114,0.7386061718905247,6.087715045229568,8.225077870561279,-2.137362825331711,-0.13991074506916057,-0.31966074506916087
2023-10-18,6.137964706702922,5.891744810991921,8.507926324253583,-0.24621989571100134,0.7214407451091106,6.0158647067029225,8.325526324253584,-2.3096616175506615,-0.12310994785550067,-0.29740994785550035
2023-10-19,6.069345611234979,5.8405519387801625,8.60992062729427,-0.22879367245481674,0.7049246879227404,5.94724561123498,8.427520627294271,-2.4802750160592915,-0.11439683622740837,-0.31755683622740793
2023-10-20,6.149421770788689,5.859028229863275,8.662634333604856,-0.2903935409254137,0.7098789506713112,6.0273217707886895,8.480234333604855,-2.4529125628161657,-0.14519677046270685,-0.28912677046270696
2023-10-21,6.149421770788689,5.859028229863275,8.662634333604856,-0.2903935409254137,0.7098789506713112,6.0273217707886895,8.480234333604855,-2.4529125628161657,-0.14519677046270685,-0.28912677046270696
2023-10-22,6.149421770788689,5.859028229863275,8.662634333604856,-0.2903935409254137,0.7098789506713112,6.0273217707886895,8.480234333604855,-2.4529125628161657,-0.14519677046270685,-0.28912677046270696
2023-10-23,6.139143691774059,5.863637038393215,8.772363523354095,-0.27550665338084457,0.6998277802134185,6.0170436917740595,8.589963523354093,-2.572919831580034,-0.13775332669042228,-0.3163333266904216
2023-10-24,6.144398484723062,5.853798654748879,8.782505340137726,-0.290599829974183,0.6996179617041607,6.022298484723063,8.600105340137727,-2.5778068554146643,-0.1452999149870915,-0.3294499149870913
2023-10-25,6.147880485067402,5.842767910631125,8.849765609468792,-0.3051125744362766,0.69469415986447,6.025780485067402,8.667365609468792,-2.6415851244013897,-0.1525562872181383,-0.33680628721813877
2023-10-26,6.170733818370605,5.850228247541462,8.862248709735532,-0.3205055708291429,0.6962943628056624,6.048633818370606,8.67984870973553,-2.631214891364925,-0.16025278541457144,-0.33061278541457106
2023-10-27,6.167337367432368,5.832243034735067,8.844594289692695,-0.3350943326973006,0.6973002000351394,6.045237367432368,8.662194289692696,-2.6169569222603277,-0.1675471663486503,-0.3284471663486501
2023-10-28,6.167337367432368,5.832243034735067,8.844594289692695,-0.3350943326973006,0.6973002000351394,6.045237367432368,8.662194289692696,-2.6169569222603277,-0.1675471663486503,-0.3284471663486501
2023-10-29,6.167337367432368,5.832243034735067,8.844594289692695,-0.3350943326973006,0.6973002000351394,6.045237367432368,8.662194289692696,-2.6169569222603277,-0.1675471663486503,-0.3284471663486501
2023-10-30,6.206351030673464,5.870447991525383,8.652172572584917,-0.3359030391480813,0.7173170644259653,6.084251030673465,8.469772572584915,-2.3855215419114506,-0.16795151957404064,-0.320321519574041
2023-10-31,6.210921465158739,5.888914554019934,8.742407533326853,-0.3220069111388053,0.7104360488208931,6.088821465158739,8.560007533326853,-2.471186068168114,-0.16100345556940265,-0.28815345556940297
2023-11-01,6.232171410297395,5.879369007114122,8.726864673174164,-0.35280240318327305,0.7141363643983961,6.110071410297396,8.544464673174165,-2.4343932628767693,-0.17640120159163653,-0.3155512015916364
2023-11-02,6.2440218846845745,5.891277800392253,8.731305691852672,-0.35274408429232196,0.7151303716820929,6.121921884684575,8.54890569185267,-2.426983807168096,-0.17637204214616098,-0.31332204214616244
2023-11-03,6.226219301279792,5.889240942278532,8.566691425212202,-0.33697835900126005,0.7267939268777345,6.104119301279792,8.3842914252122,-2.2801721239324086,-0.16848917950063003,-0.289639179500631
2023-11-04,6.226219301279792,5.889240942278532,8.566691425212202,-0.33697835900126005,0.7267939268777345,6.104119301279792,8.3842914252122,-2.2801721239324086,-0.16848917950063003,-0.289639179500631
2023-11-05,6.226219301279792,5.889240942278532,8.566691425212202,-0.33697835900126005,0.7267939268777345,6.104119301279792,8.3842914252122,-2.2801721239324086,-0.16848917950063003,-0.289639179500631
2023-11-06,6.259407435944232,5.905794174334719,8.661698443631867,-0.3536132616095129,0.7226535854000073,6.137307435944233,8.479298443631865,-2.341991007687633,-0.17680663080475645,-0.2952566308047575
2023-11-07,6.276382405860691,5.936029439250403,8.726139010065095,-0.340352966610288,0.7192622531707605,6.154282405860691,8.543739010065096,-2.3894566042044048,-0.170176483305144,-0.29092648330514415
2023-11-08,6.326714004477512,5.968559557482575,8.568906122872876,-0.3581544469949369,0.7383339149427359,6.204614004477512,8.386506122872877,-2.181892118395365,-0.17907722349746846,-0.2983772234974684
2023-11-09,6.226219301279876,5.9022385562984825,8.6830493735708,-0.3239807449813936,0.7170544624830825,6.1041193012798765,8.500649373570798,-2.396530072290922,-0.1619903724906968,-0.2778903724906967
2023-11-10,6.297873680398655,5.9543298333244365,8.952713515374812,-0.34354384707421826,0.7034597577129094,6.175773680398655,8.770313515374813,-2.5945398349761577,-0.17177192353710913,-0.2583719235371098
2023-11-11,6.297873680398655,5.9543298333244365,8.952713515374812,-0.34354384707421826,0.7034597577129094,6.175773680398655,8.770313515374813,-2.5945398349761577,-0.17177192353710913,-0.2583719235371098
2023-11-12,6.297873680398655,5.9543298333244365,8.952713515374812,-0.34354384707421826,0.7034597577129094,6.175773680398655,8.770313515374813,-2.5945398349761577,-0.17177192353710913,-0.2583719235371098
2023-11-13,6.257506835457119,5.931295823379198,8.869088557438602,-0.3262110120779207,0.7055411381825565,6.135406835457119,8.6866885574386,-2.551281721981481,-0.16310550603896035,-0.26960550603896083
2023-11-14,6.174611177907952,5.867126833477122,8.52130183721081,-0.30748434443083017,0.7246089031777595,6.052511177907952,8.338901837210809,-2.2863906593028567,-0.15374217221541508,-0.24904217221541503
2023-11-15,6.212589640334203,5.903742458624139,8.499684500403221,-0.308847181710064,0.7309200288598336,6.090489640334203,8.317284500403222,-2.2267948600690186,-0.154423590855032,-0.2329235908550329
2023-11-16,6.202095168728218,5.879960701272775,8.482697256617376,-0.3221344674554434,0.7311465894754108,6.079995168728218,8.300297256617377,-2.2203020878891584,-0.1610672337277217,-0.2230172337277212
2023-11-17,6.179476384169376,5.872795739869014,8.63521772240291,-0.30668064430036157,0.7156132691521554,6.057376384169376,8.452817722402909,-2.3954413382335327,-0.15334032215018079,-0.21064032215018136
2023-11-18,6.179476384169376,5.872795739869014,8.63521772240291,-0.30668064430036157,0.7156132691521554,6.057376384169376,8.452817722402909,-2.3954413382335327,-0.15334032215018079,-0.21064032215018136
2023-11-19,6.179476384169376,5.872795739869014,8.63521772240291,-0.30668064430036157,0.7156132691521554,6.057376384169376,8.452817722402909,-2.3954413382335327,-0.15334032215018079,-0.21064032215018136
2023-11-20,6.193206473595465,5.856042676097257,8.622281586222094,-0.33716379749820824,0.7182793106051941,6.071106473595465,8.439881586222093,-2.3687751126266274,-0.16858189874910412,-0.2591318987491036
2023-11-21,6.157785635898075,5.808467979714603,8.70324290577875,-0.3493176561834721,0.7075277230064957,6.0356856358980755,8.52084290577875,-2.4851572698806743,-0.17465882809173605,-0.26955882809173604
2023-11-22,6.246215188237003,5.863732387414385,8.595346056106495,-0.38248280082261843,0.7266973484795798,6.1241151882370035,8.412946056106495,-2.2888308678694917,-0.19124140041130921,-0.28019140041130886
2023-11-23,6.246215188237003,5.863732387414385,8.595346056106495,-0.38248280082261843,0.7266973484795798,6.1241151882370035,8.412946056106495,-2.2888308678694917,-0.19124140041130921,-0.26359140041130935
2023-11-24,6.244869983160852,5.863336143325988,8.510231337398054,-0.381533839834864,0.7338073121135834,6.122769983160852,8.327831337398052,-2.2050613542372,-0.190766919917432,-0.28406691991743127
2023-11-25,6.244869983160852,5.863336143325988,8.510231337398054,-0.381533839834864,0.7338073121135834,6.122769983160852,8.327831337398052,-2.2050613542372,-0.190766919917432,-0.28406691991743127
2023-11-26,6.244869983160852,5.863336143325988,8.510231337398054,-0.381533839834864,0.7338073121135834,6.122769983160852,8.327831337398052,-2.2050613542372,-0.190766919917432,-0.28406691991743127
2023-11-27,6.246020436008583,5.850611454881388,8.536466293511753,-0.39540898112719436,0.7316868855624661,6.123920436008583,8.354066293511753,-2.23014585750317,-0.19770449056359718,-0.2936044905635975
2023-11-28,6.041874376869337,5.728061716489862,8.686190653075066,-0.3138126603794742,0.6955723881941741,5.919774376869337,8.503790653075065,-2.5840162762057277,-0.1569063301897371,-0.257506330189738
2023-11-29,5.9613061552969935,5.693780325786739,8.732882086476247,-0.2675258295102543,0.6826275788755559,5.839206155296994,8.550482086476247,-2.7112759311792534,-0.13376291475512714,-0.19006291475512738
2023-11-30,5.718187178320758,5.588618779464307,8.563245322200878,-0.12956839885645088,0.6677593556143854,5.596087178320758,8.380845322200877,-2.7847581438801186,-0.06478419942822544,-0.11093419942822536
2023-12-01,5.693786229959211,5.54946705817843,5.5234432506148465,-0.14431917178078102,1.0308399980981795,5.571686229959211,5.341043250614846,0.23064297934436517,-0.07215958589039051,-0.08895958589039044
2023-12-02,5.693786229959211,5.54946705817843,5.5234432506148465,-0.14431917178078102,1.0308399980981795,5.571686229959211,5.341043250614846,0.23064297934436517,-0.07215958589039051,-0.08895958589039044
2023-12-03,5.693786229959211,5.54946705817843,5.5234432506148465,-0.14431917178078102,1.0308399980981795,5.571686229959211,5.341043250614846,0.23064297934436517,-0.07215958589039051,-0.08895958589039044
2023-12-04,5.796341267061568,5.6496449505596065,5.757812505142046,-0.1466963165019619,1.0066915624440904,5.674241267061569,5.575412505142046,0.09882876191952317,-0.07334815825098095,0.06615184174901989
2023-12-05,5.813135655646583,5.622541043986073,5.770363572977115,-0.19059461166051062,1.0074123722237835,5.6910356556465835,5.587963572977115,0.10307208266946866,-0.09529730583025531,-0.10171730583025562
2023-12-06,5.780208084180514,5.61951107051686,5.8461013811414135,-0.16069701366365408,0.9887286769994341,5.6581080841805145,5.663701381141413,-0.005593296960898719,-0.08034850683182704,-0.05034850683182679
2023-12-07,5.784444945070991,5.6380497058408725,5.88716672606069,-0.14639523923011843,0.9825515760348723,5.662344945070991,5.70476672606069,-0.04242178098969873,-0.07319761961505922,0.047202380384940845
2023-12-08,5.876042757802569,5.741977222513798,6.0852098411365425,-0.1340655352887712,0.9656269728087294,5.7539427578025695,5.902809841136542,-0.1488670833339727,-0.0670327676443856,0.054517232355613565
2023-12-09,5.876042757802569,5.741977222513798,6.0852098411365425,-0.1340655352887712,0.9656269728087294,5.7539427578025695,5.902809841136542,-0.1488670833339727,-0.0670327676443856,0.054517232355613565
2023-12-10,5.876042757802569,5.741977222513798,6.0852098411365425,-0.1340655352887712,0.9656269728087294,5.7539427578025695,5.902809841136542,-0.1488670833339727,-0.0670327676443856,0.054517232355613565
2023-12-11,5.906741829984777,5.772281045950481,5.912389142703618,-0.13446078403429595,0.9990448340624178,5.7846418299847775,5.729989142703618,0.054652687281159906,-0.06723039201714798,0.05462960798285188
2023-12-12,5.90822355330155,5.75892460595531,5.897536710029243,-0.1492989473462396,1.0018120859263382,5.78612355330155,5.715136710029243,0.07098684327230753,-0.0746494736731198,0.03385052632688046
2023-12-13,5.926645038598746,5.747102851144141,5.767493622070396,-0.17954218745460526,1.027594554403897,5.8045450385987465,5.585093622070396,0.21945141652835076,-0.08977109372730263,0.011928906272697493
2023-12-14,5.7588494236591075,5.570034688457236,5.469410693854152,-0.18881473520187164,1.0529195458169178,5.636749423659108,5.2870106938541515,0.34973872980495635,-0.09440736760093582,0.02764263239906395
2023-12-15,5.844822461436176,5.638693581858881,5.546377954572919,-0.2061288795772951,1.0538089018288401,5.7227224614361765,5.363977954572919,0.35874450686325776,-0.10306443978864754,-0.003744439788647913
2023-12-16,5.844822461436176,5.638693581858881,5.546377954572919,-0.2061288795772951,1.0538089018288401,5.7227224614361765,5.363977954572919,0.35874450686325776,-0.10306443978864754,-0.003744439788647913
2023-12-17,5.844822461436176,5.638693581858881,5.546377954572919,-0.2061288795772951,1.0538089018288401,5.7227224614361765,5.363977954572919,0.35874450686325776,-0.10306443978864754,-0.003744439788647913
2023-12-18,5.860976247928571,5.654351834370379,5.606153440229232,-0.20662441355819183,1.0454541265086956,5.738876247928571,5.423753440229231,0.31512280769934,-0.10331220677909592,-0.008812206779095888
2023-12-19,5.857579544394042,5.636768731910814,5.556825006521364,-0.22081081248322842,1.0541234495453284,5.7354795443940425,5.3744250065213635,0.36105453787267905,-0.11040540624161421,-0.033705406241613556
2023-12-20,5.840368234555056,5.6200599312943345,5.486888107815602,-0.2203083032607216,1.064422696397973,5.718268234555056,5.304488107815602,0.4137801267394545,-0.1101541516303608,-0.025154151630360833
2023-12-21,5.859863980427404,5.624581932449062,5.545164484541709,-0.23528204797834196,1.056752057898911,5.737763980427404,5.362764484541708,0.3749994958856959,-0.11764102398917098,-0.05063102398917119
2023-12-22,5.809452894036545,5.576194924379083,5.621752927162086,-0.23325796965746193,1.0333881565601304,5.687352894036545,5.439352927162085,0.2479999668744597,-0.11662898482873096,-0.052128984828730296
2023-12-23,5.809452894036545,5.576194924379083,5.621752927162086,-0.23325796965746193,1.0333881565601304,5.687352894036545,5.439352927162085,0.2479999668744597,-0.11662898482873096,-0.052128984828730296
2023-12-24,5.809452894036545,5.576194924379083,5.621752927162086,-0.23325796965746193,1.0333881565601304,5.687352894036545,5.439352927162085,0.2479999668744597,-0.11662898482873096,-0.052128984828730296
2023-12-25,5.809452894036545,5.576194924379083,5.621752927162086,-0.23325796965746193,1.0333881565601304,5.687352894036545,5.439352927162085,0.2479999668744597,-0.11662898482873096,-0.052128984828730296
2023-12-26,5.836967790222833,5.57430907238997,5.66069686242567,-0.26265871783286343,1.0311394395568516,5.714867790222834,5.47829686242567,0.23657092779716393,-0.13132935891643172,-0.06637935891643121
2023-12-27,5.771991750133056,5.540452587776725,5.652314781242261,-0.23153916235633076,1.0211730898795577,5.649891750133056,5.46991478124226,0.17997696889079595,-0.11576958117816538,-0.05676958117816522
2023-12-28,5.857158545960391,5.608469355238453,5.787345327747797,-0.24868919072193751,1.012063081475002,5.735058545960391,5.604945327747797,0.13011321821259436,-0.12434459536096876,-0.10734459536096841
2023-12-29,5.890235462162599,5.625899075643417,5.758055492409105,-0.2643363865191821,1.0229556609740473,5.7681354621626,5.575655492409105,0.1924799697534949,-0.13216819325959106,-0.11376819325959131
2023-12-30,5.890235462162599,5.625899075643417,5.758055492409105,-0.2643363865191821,1.0229556609740473,5.7681354621626,5.575655492409105,0.1924799697534949,-0.13216819325959106,-0.11376819325959131
2023-12-31,5.890235462162599,5.625899075643417,5.758055492409105,-0.2643363865191821,1.0229556609740473,5.7681354621626,5.575655492409105,0.1924799697534949,-0.13216819325959106,-0.11376819325959131
2024-01-01,5.890235462162599,5.625899075643417,5.758055492409105,-0.2643363865191821,1.0229556609740473,5.7681354621626,5.575655492409105,0.1924799697534949,-0.13216819325959106,-0.11376819325959131
2024-01-02,5.915118539433279,5.650021268621878,5.814665742269885,-0.2650972708114008,1.0172757646984159,5.793018539433279,5.632265742269885,0.1607527971633944,-0.1325486354057004,-0.13089863540570068
2024-01-03,5.943985158290508,5.676875519617877,5.810656693405072,-0.2671096386726317,1.0229455071811007,5.821885158290509,5.6282566934050715,0.19362846488543717,-0.13355481933631586,-0.10100481933631533
2024-01-04,5.923108722612677,5.685725709716113,5.854043425972875,-0.23738301289656416,1.0117978791092286,5.801008722612678,5.671643425972874,0.12936529663980334,-0.11869150644828208,-0.09144150644828253
2024-01-05,5.923686643260663,5.686280468786239,5.7965919358184035,-0.23740617447442425,1.0219257641126873,5.801586643260664,5.614191935818403,0.1873947074422606,-0.11870308723721212,-0.11640308723721127
2024-01-06,5.923686643260663,5.686280468786239,5.7965919358184035,-0.23740617447442425,1.0219257641126873,5.801586643260664,5.614191935818403,0.1873947074422606,-0.11870308723721212,-0.11640308723721127
2024-01-07,5.923686643260663,5.686280468786239,5.7965919358184035,-0.23740617447442425,1.0219257641126873,5.801586643260664,5.614191935818403,0.1873947074422606,-0.11870308723721212,-0.11640308723721127
2024-01-08,5.971169353998519,5.702838117273403,5.7978353060320975,-0.26833123672511583,1.0298963386880071,5.8490693539985195,5.615435306032097,0.2336340479664223,-0.13416561836255791,-0.1289656183625576
2024-01-09,6.002651170933829,5.71875529178394,5.878381400460484,-0.2838958791498891,1.0211401339939614,5.880551170933829,5.695981400460484,0.18456977047334533,-0.14194793957494456,-0.14304793957494466
2024-01-10,6.018044102233195,5.733420213135753,5.884752662708447,-0.28462388909744174,1.0226503044672401,5.895944102233195,5.702352662708447,0.19359143952474867,-0.14231194454872087,-0.12116194454872131
2024-01-11,5.983238872921634,5.713998077472676,5.952325081858982,-0.2692407954489573,1.005193565646619,5.861138872921634,5.769925081858982,0.09121379106265248,-0.13462039772447865,-0.12117039772447802
2024-01-12,5.888748260968757,5.60937644828986,5.793113334630977,-0.27937181267889777,1.0165083817307834,5.766648260968758,5.610713334630977,0.15593492633778094,-0.13968590633944888,-0.1247359063394482
2024-01-13,5.888748260968757,5.60937644828986,5.793113334630977,-0.27937181267889777,1.0165083817307834,5.766648260968758,5.610713334630977,0.15593492633778094,-0.13968590633944888,-0.1247359063394482
2024-01-14,5.888748260968757,5.60937644828986,5.793113334630977,-0.27937181267889777,1.0165083817307834,5.766648260968758,5.610713334630977,0.15593492633778094,-0.13968590633944888,-0.1247359063394482
2024-01-15,5.888748260968757,5.60937644828986,5.793113334630977,-0.27937181267889777,1.0165083817307834,5.766648260968758,5.610713334630977,0.15593492633778094,-0.13968590633944888,-0.13543590633944902
2024-01-16,5.9207659260422005,5.668503950995669,5.750092462906617,-0.25226197504653136,1.029681864115505,5.798665926042201,5.567692462906616,0.23097346313558464,-0.12613098752326568,-0.12153098752326574
2024-01-17,5.929880430972221,5.720751818883723,5.753506087970213,-0.20912861208849787,1.0306551066958602,5.807780430972222,5.571106087970213,0.23667434300200885,-0.10456430604424893,-0.0902643060442494
2024-01-18,5.885588189921727,5.69261808533413,5.744569362153012,-0.19297010458759623,1.024548198285809,5.763488189921727,5.5621693621530115,0.20131882776871546,-0.09648505229379811,-0.08913505229379837
2024-01-19,5.803119886877568,5.641935804399961,5.768851809370954,-0.1611840824776074,1.0059401902907177,5.681019886877569,5.586451809370954,0.09456807750661511,-0.0805920412388037,-0.08109204123880343
2024-01-20,5.803119886877568,5.641935804399961,5.768851809370954,-0.1611840824776074,1.0059401902907177,5.681019886877569,5.586451809370954,0.09456807750661511,-0.0805920412388037,-0.08109204123880343
2024-01-21,5.803119886877568,5.641935804399961,5.768851809370954,-0.1611840824776074,1.0059401902907177,5.681019886877569,5.586451809370954,0.09456807750661511,-0.0805920412388037,-0.08109204123880343
2024-01-22,5.853668349121321,5.661744796691148,5.796820130935817,-0.19192355243017278,1.0098067935353252,5.731568349121321,5.614420130935817,0.11714821818550458,-0.09596177621508639,-0.09116177621508603
2024-01-23,5.843265937206672,5.6662496419143675,5.7014323644595795,-0.17701629529230445,1.0248768315890626,5.721165937206672,5.519032364459579,0.2021335727470932,-0.08850814764615222,-0.09393814764615183
2024-01-24,5.8111380145278595,5.664519906323159,5.646638194737427,-0.14661810820470045,1.02913234638333,5.68903801452786,5.464238194737427,0.22479981979043284,-0.07330905410235022,-0.09750905410235067
2024-01-25,5.745475438092502,5.630218920460395,5.688761264369379,-0.11525651763210654,1.0099695120057757,5.623375438092502,5.506361264369379,0.11701417372312317,-0.05762825881605327,-0.11525825881605378
2024-01-26,5.686405810081762,5.602359264493274,5.75404675485522,-0.08404654558848801,0.9882446306651258,5.564305810081763,5.5716467548552195,-0.0073409447734569255,-0.042023272794244004,-0.09777327279424464
2024-01-27,5.686405810081762,5.602359264493274,5.75404675485522,-0.08404654558848801,0.9882446306651258,5.564305810081763,5.5716467548552195,-0.0073409447734569255,-0.042023272794244004,-0.09777327279424464
2024-01-28,5.686405810081762,5.602359264493274,5.75404675485522,-0.08404654558848801,0.9882446306651258,5.564305810081763,5.5716467548552195,-0.0073409447734569255,-0.042023272794244004,-0.09777327279424464
2024-01-29,5.784168182723424,5.652799608901339,5.660253639716509,-0.1313685738220851,1.02189204775868,5.6620681827234245,5.477853639716509,0.18421454300691575,-0.06568428691104256,-0.08793428691104221
2024-01-30,5.826870851879535,5.664876554915814,5.717411635991406,-0.16199429696372114,1.0191448898307547,5.704770851879536,5.535011635991405,0.16975921588813048,-0.08099714848186057,-0.1016971484818594
2024-01-31,5.659646718894283,5.560517445043059,5.68028647663035,-0.09912927385122394,0.9963664230983803,5.5375467188942835,5.49788647663035,0.03966024226393383,-0.04956463692561197,0.0064353630743880785
2024-02-01,5.744920614526465,5.228867846420449,5.613110238775898,-0.5160527681060154,1.023482591672618,5.622820614526465,5.430710238775898,0.1921103757505671,-0.2580263840530077,-0.23682638405300738
2024-02-02,5.853016011613681,5.345011043642183,5.6955635012181896,-0.5080049679714982,1.0276447642734234,5.730916011613681,5.513163501218189,0.21775251039549204,-0.2540024839857491,-0.26355248398574993
2024-02-03,5.853016011613681,5.345011043642183,5.6955635012181896,-0.5080049679714982,1.0276447642734234,5.730916011613681,5.513163501218189,0.21775251039549204,-0.2540024839857491,-0.26355248398574993
2024-02-04,5.853016011613681,5.345011043642183,5.6955635012181896,-0.5080049679714982,1.0276447642734234,5.730916011613681,5.513163501218189,0.21775251039549204,-0.2540024839857491,-0.26355248398574993
2024-02-05,5.913826390035353,5.402156529331107,5.737924257645082,-0.511669860704246,1.0306560568756031,5.791726390035353,5.555524257645081,0.23620213239027166,-0.255834930352123,-0.2545849303521224
2024-02-06,5.889322380912168,5.379772630286887,5.749884404277199,-0.5095497506252817,1.0242505704169018,5.767222380912169,5.567484404277199,0.19973797663497006,-0.25477487531264087,-0.27172487531264133
2024-02-07,5.888461242970951,5.364603683311028,5.7010469515235345,-0.5238575596599233,1.0328736621608303,5.766361242970952,5.518646951523534,0.24771429144741752,-0.26192877982996166,-0.2574287798299615
2024-02-08,5.929182519339805,5.403376029343134,5.605462356495815,-0.525806489996671,1.0577508405651588,5.807082519339805,5.423062356495815,0.3840201628439903,-0.2629032449983355,-0.28080324499833553
2024-02-09,5.955939020628757,5.471181812260619,5.61588235379478,-0.48475720836813796,1.0605526692709637,5.833839020628758,5.43348235379478,0.40035666683397775,-0.24237860418406898,-0.26049860418406867
2024-02-10,5.955939020628757,5.471181812260619,5.61588235379478,-0.48475720836813796,1.0605526692709637,5.833839020628758,5.43348235379478,0.40035666683397775,-0.24237860418406898,-0.26049860418406867
2024-02-11,5.955939020628757,5.471181812260619,5.61588235379478,-0.48475720836813796,1.0605526692709637,5.833839020628758,5.43348235379478,0.40035666683397775,-0.24237860418406898,-0.26049860418406867
2024-02-12,6.002651170933829,5.515550789030183,5.573208850601278,-0.48710038190364635,1.077054768957065,5.880551170933829,5.390808850601277,0.48974232033255216,-0.24355019095182318,-0.26135019095182166
2024-02-13,6.049408569826549,5.601147344967938,5.620862605576129,-0.4482612248586113,1.0762420280163556,5.9273085698265495,5.438462605576128,0.48884596425042126,-0.22413061242930565,-0.2575506124293052
2024-02-14,5.99727534952396,5.609251584503175,5.588723549308104,-0.38802376502078495,1.0731028823686288,5.8751753495239605,5.406323549308103,0.46885180021585704,-0.19401188251039247,-0.24455188251039228
2024-02-15,5.9960077086720736,5.579742394570274,5.528527990137216,-0.4162653141017998,1.0845577194090057,5.873907708672074,5.346127990137216,0.5277797185348581,-0.2081326570508999,-0.25823265705090037
2024-02-16,5.968754474681834,5.583538038764068,5.304561881317723,-0.38521643591776566,1.1252115835811716,5.846654474681834,5.122161881317723,0.7244925933641113,-0.19260821795888283,-0.23850821795888333
2024-02-17,5.968754474681834,5.583538038764068,5.304561881317723,-0.38521643591776566,1.1252115835811716,5.846654474681834,5.122161881317723,0.7244925933641113,-0.19260821795888283,-0.23850821795888333
2024-02-18,5.968754474681834,5.583538038764068,5.304561881317723,-0.38521643591776566,1.1252115835811716,5.846654474681834,5.122161881317723,0.7244925933641113,-0.19260821795888283,-0.23850821795888333
2024-02-19,5.968754474681834,5.583538038764068,5.304561881317723,-0.38521643591776566,1.1252115835811716,5.846654474681834,5.122161881317723,0.7244925933641113,-0.19260821795888283,-0.229508217958883
2024-02-20,5.922813968135779,5.511630037660415,5.484320794503772,-0.4111839304753646,1.079953961495369,5.8007139681357796,5.301920794503772,0.4987931736320075,-0.2055919652376823,-0.25499196523768264
2024-02-21,5.908833005481431,5.526531460856173,5.676141714338198,-0.3823015446252578,1.040994623258867,5.786733005481431,5.4937417143381975,0.29299129114323375,-0.1911507723126289,-0.2353507723126298
2024-02-22,5.9493553613056385,5.550859874693946,5.6726607109965315,-0.39849548661169276,1.0487768728654492,5.827255361305639,5.490260710996531,0.3369946503091077,-0.19924774330584638,-0.24599774330584756
2024-02-23,5.924842822951101,5.514608833932963,5.315635472379687,-0.41023398901813835,1.1146066831965598,5.802742822951101,5.1332354723796865,0.6695073505714149,-0.20511699450906917,-0.24991699450906957
2024-02-24,5.924842822951101,5.514608833932963,5.315635472379687,-0.41023398901813835,1.1146066831965598,5.802742822951101,5.1332354723796865,0.6695073505714149,-0.20511699450906917,-0.24991699450906957
2024-02-25,5.924842822951101,5.514608833932963,5.315635472379687,-0.41023398901813835,1.1146066831965598,5.802742822951101,5.1332354723796865,0.6695073505714149,-0.20511699450906917,-0.24991699450906957
2024-02-26,5.9553547900122545,5.557480769524563,5.475639807115411,-0.3978740204876914,1.0876089370001054,5.833254790012255,5.293239807115411,0.5400149828968441,-0.1989370102438457,-0.22388701024384527
2024-02-27,5.970055198135352,5.5722146345218935,5.893257822026562,-0.39784056361345854,1.0130313959490713,5.847955198135352,5.710857822026561,0.13709737610879102,-0.19892028180672927,-0.22167028180672954
2024-02-28,5.974146879379417,5.57603364881102,5.951675554677703,-0.39811323056839676,1.0037756299877691,5.852046879379417,5.769275554677702,0.08277132470171455,-0.19905661528419838,-0.15129661528419902
2024-02-29,5.9095599753521135,5.514745481570854,5.70219278387651,-0.39481449378125966,1.0363662189854321,5.787459975352114,5.519792783876509,0.2676671914756046,-0.19740724689062983,-0.20625724689062963
2024-03-01,5.910407347409559,5.477257491334729,5.456061027052907,-0.4331498560748299,1.0832736873916653,5.788307347409559,5.273661027052906,0.5146463203566531,-0.21657492803741496,-0.2322249280374149
2024-03-03,5.910407347409559,5.477257491334729,5.456061027052907,-0.4331498560748299,1.0832736873916653,5.788307347409559,5.273661027052906,0.5146463203566531,-0.21657492803741496,-0.2322249280374149
2024-03-04,5.882742123064095,5.440066366342493,5.4856636812574955,-0.4426757567216022,1.0723847586871342,5.760642123064096,5.303263681257495,0.4573784418066005,-0.2213378783608011,-0.21833787836080187
2024-03-05,5.868383923350143,5.4417749217601346,5.462658165552936,-0.42660900159000814,1.0742725877221604,5.746283923350143,5.280258165552936,0.46602575779720734,-0.21330450079500407,-0.21115450079500375
2024-03-06,5.824062424902211,5.387002830227388,5.3973266366502894,-0.4370595946748228,1.0790642881151924,5.701962424902211,5.214926636650289,0.48703578825192206,-0.2185297973374114,-0.21592979733741124
2024-03-07,5.833414222508978,5.383215271068739,5.354648766256351,-0.4501989514402389,1.0894111784268068,5.711314222508978,5.1722487662563505,0.5390654562526276,-0.22509947572011946,-0.225299475720119
2024-03-08,5.807149587613327,5.373718734880815,5.385014514296938,-0.4334308527325117,1.0783907029768707,5.685049587613327,5.202614514296938,0.48243507331638913,-0.21671542636625585,-0.2133154263662549
2024-03-09,5.807149587613327,5.373718734880815,5.385014514296938,-0.4334308527325117,1.0783907029768707,5.685049587613327,5.202614514296938,0.48243507331638913,-0.21671542636625585,-0.2133154263662549
2024-03-10,5.807149587613327,5.373718734880815,5.385014514296938,-0.4334308527325117,1.0783907029768707,5.685049587613327,5.202614514296938,0.48243507331638913,-0.21671542636625585,-0.2133154263662549
2024-03-11,5.966200821824054,5.487451368716921,5.372724468780194,-0.4787494531071328,1.1104609693820016,5.844100821824054,5.190324468780194,0.6537763530438605,-0.2393747265535664,-0.23482472655356634
2024-03-12,6.084511803217349,5.571696809480828,5.467617003374988,-0.5128149937365203,1.1128269956475685,5.962411803217349,5.285217003374988,0.6771947998423613,-0.25640749686826014,-0.2461274968682612
2024-03-13,6.043498265292138,5.574732689462708,5.560059328153026,-0.4687655758294298,1.0869485213388368,5.921398265292138,5.377659328153026,0.5437389371391124,-0.2343827879147149,-0.2235827879147143
2024-03-14,6.08058178405956,5.595325883487423,5.557808799863949,-0.4852559005721373,1.0940609875259488,5.95848178405956,5.375408799863949,0.5830729841956117,-0.24262795028606865,-0.2311279502860688
2024-03-15,6.097460567637796,5.6108576694235435,5.557274351990438,-0.48660289821425273,1.0972034456880613,5.9753605676377965,5.374874351990438,0.6004862156473587,-0.24330144910712637,-0.23145144910712556
2024-03-16,6.097460567637796,5.6108576694235435,5.557274351990438,-0.48660289821425273,1.0972034456880613,5.9753605676377965,5.374874351990438,0.6004862156473587,-0.24330144910712637,-0.23145144910712556
2024-03-17,6.097460567637796,5.6108576694235435,5.557274351990438,-0.48660289821425273,1.0972034456880613,5.9753605676377965,5.374874351990438,0.6004862156473587,-0.24330144910712637,-0.23145144910712556
2024-03-18,6.08957215586984,5.630866906575594,5.629507547861513,-0.45870524929424583,1.0817237749655548,5.9674721558698405,5.4471075478615125,0.520364608008328,-0.22935262464712292,-0.214452624647123
2024-03-19,6.074289979069598,5.615534033643157,5.635143992929945,-0.45875594542644116,1.0779298606549579,5.9521899790695985,5.452743992929944,0.4994459861396541,-0.22937797271322058,-0.23087797271322064
2024-03-20,6.0424003325516535,5.584846117083027,5.642102623577768,-0.45755421546862696,1.0709483211632989,5.920300332551654,5.459702623577767,0.46059770897388663,-0.22877710773431348,-0.22247710773431306
2024-03-21,6.088568185679658,5.591794499301039,5.687587803283924,-0.49677368637861896,1.0705009568668484,5.966468185679658,5.505187803283924,0.4612803823957341,-0.24838684318930948,-0.23823684318930916
2024-03-22,6.101694915254212,5.628415300546424,5.725134170459329,-0.47327961470778845,1.0657732611294717,5.9795949152542125,5.542734170459329,0.4368607447948838,-0.23663980735389423,-0.2322898073538946
2024-03-23,6.101694915254212,5.628415300546424,5.725134170459329,-0.47327961470778845,1.0657732611294717,5.9795949152542125,5.542734170459329,0.4368607447948838,-0.23663980735389423,-0.2322898073538946
2024-03-24,6.101694915254212,5.628415300546424,5.725134170459329,-0.47327961470778845,1.0657732611294717,5.9795949152542125,5.542734170459329,0.4368607447948838,-0.23663980735389423,-0.2322898073538946
2024-03-25,6.111787775801355,5.599561314970391,5.761513642102568,-0.5122264608309646,1.0607955053927391,5.989687775801356,5.579113642102568,0.4105741336987876,-0.2561132304154823,-0.24164323041548297
2024-03-26,6.165592877806046,5.65171689913052,5.82422272125951,-0.513875978675526,1.0586121398312036,6.043492877806046,5.641822721259509,0.4016701565465368,-0.256937989337763,-0.24903798933776278
2024-03-27,6.155731654666214,5.630615461292911,5.793868619326722,-0.5251161933733028,1.0624562031200393,6.033631654666214,5.611468619326722,0.4221630353394925,-0.2625580966866514,-0.2670580966866516
2024-03-28,5.778641346637457,5.456102036501175,5.755732704510071,-0.3225393101362819,1.0039801435027438,5.656541346637457,5.5733327045100705,0.08320864212738677,-0.16126965506814095,-0.16021965506814162
2024-03-29,5.778641346637457,5.456102036501175,5.755732704510071,-0.3225393101362819,1.0039801435027438,5.656541346637457,5.5733327045100705,0.08320864212738677,-0.16126965506814095,-0.1603196550681414
2024-03-30,5.778641346637457,5.456102036501175,5.755732704510071,-0.3225393101362819,1.0039801435027438,5.656541346637457,5.5733327045100705,0.08320864212738677,-0.16126965506814095,-0.1603196550681414
2024-03-31,5.778641346637457,5.456102036501175,5.755732704510071,-0.3225393101362819,1.0039801435027438,5.656541346637457,5.5733327045100705,0.08320864212738677,-0.16126965506814095,-0.1603196550681414
2024-04-01,5.5148011284917375,5.360134976623857,5.766767595996763,-0.15466615186788069,0.9563071576388932,5.392701128491738,5.5843675959967625,-0.19166646750502458,-0.07733307593394034,-0.08768307593394109
2024-04-02,5.508585995890819,5.353840583146132,5.691508837964641,-0.15474541274468656,0.9678603956733488,5.386485995890819,5.50910883796464,-0.12262284207382113,-0.07737270637234328,-0.08787270637234279
2024-04-03,5.508657612475772,5.302552844952721,5.692268547126664,-0.20610476752305118,0.9677438031725374,5.386557612475772,5.509868547126664,-0.12331093465089182,-0.10305238376152559,-0.11590238376152495
2024-04-04,5.524168236032667,5.330265554596852,5.7181810360232035,-0.1939026814358149,0.9660708888423956,5.402068236032667,5.535781036023203,-0.1337127999905361,-0.09695134071790745,-0.11935134071790765
2024-04-05,5.515303666896424,5.334474038473647,5.8795374334722545,-0.18082962842277706,0.9380506084539499,5.393203666896424,5.697137433472254,-0.30393376657583016,-0.09041481421138853,-0.07536481421138808
2024-04-06,5.515303666896424,5.334474038473647,5.8795374334722545,-0.18082962842277706,0.9380506084539499,5.393203666896424,5.697137433472254,-0.30393376657583016,-0.09041481421138853,-0.07536481421138808
2024-04-07,5.515303666896424,5.334474038473647,5.8795374334722545,-0.18082962842277706,0.9380506084539499,5.393203666896424,5.697137433472254,-0.30393376657583016,-0.09041481421138853,-0.07536481421138808
2024-04-08,5.528120021051312,5.359421522756251,5.857706545173491,-0.16869849829506123,0.9437345449826701,5.4060200210513125,5.67530654517349,-0.2692865241221778,-0.08434924914753061,-0.07924924914753095
2024-04-09,5.553100265745263,5.371031404573288,5.841745634507721,-0.18206886117197474,0.9505891925424818,5.431000265745263,5.659345634507721,-0.22834536876245792,-0.09103443058598737,-0.09958443058598698
2024-04-10,5.638169803313568,5.491007480502922,5.84862304899797,-0.14716232281064645,0.9640166165743135,5.516069803313568,5.66622304899797,-0.15015324568440125,-0.07358116140532323,-0.04688116140532328
2024-04-11,5.631859006366939,5.484517534495921,5.786740171188184,-0.14734147187101865,0.9732351617250092,5.50975900636694,5.604340171188183,-0.09458116482124357,-0.07367073593550932,-0.07332073593550925
2024-04-12,5.705641174282706,5.506141757946606,5.770399217651471,-0.19949941633609924,0.9887775453783729,5.583541174282706,5.587999217651471,-0.004458043368765097,-0.09974970816804962,-0.11164970816804942
2024-04-13,5.705641174282706,5.506141757946606,5.770399217651471,-0.19949941633609924,0.9887775453783729,5.583541174282706,5.587999217651471,-0.004458043368765097,-0.09974970816804962,-0.11164970816804942
2024-04-14,5.705641174282706,5.506141757946606,5.770399217651471,-0.19949941633609924,0.9887775453783729,5.583541174282706,5.587999217651471,-0.004458043368765097,-0.09974970816804962,-0.11164970816804942
2024-04-15,5.658726715363746,5.49796027875045,5.651533306655096,-0.16076643661329548,1.0012728242617237,5.536626715363746,5.469133306655095,0.06749340870865073,-0.08038321830664774,-0.08088321830664746
2024-04-16,5.625783998614625,5.453587316630786,5.78184288731643,-0.17219668198383875,0.9730087981041218,5.503683998614625,5.59944288731643,-0.0957588887018046,-0.08609834099191938,-0.08274834099192008
2024-04-17,5.645932742719732,5.485529787415141,5.797737243130915,-0.16040295530459137,0.9738165953293176,5.5238327427197325,5.615337243130915,-0.0915045004111823,-0.08020147765229568,-0.08340147765229622
2024-04-18,5.623330176276818,5.463569367915897,5.885003292551928,-0.15976080836092077,0.955535604099613,5.5012301762768185,5.702603292551927,-0.2013731162751089,-0.07988040418046038,-0.08308040418046092
2024-04-19,5.637078325054595,5.440031295460935,5.810794528395803,-0.1970470295936595,0.9701045696088024,5.514978325054595,5.628394528395803,-0.11341620334120783,-0.09852351479682975,-0.0939735147968288
2024-04-20,5.637078325054595,5.440031295460935,5.810794528395803,-0.1970470295936595,0.9701045696088024,5.514978325054595,5.628394528395803,-0.11341620334120783,-0.09852351479682975,-0.0939735147968288
2024-04-21,5.637078325054595,5.440031295460935,5.810794528395803,-0.1970470295936595,0.9701045696088024,5.514978325054595,5.628394528395803,-0.11341620334120783,-0.09852351479682975,-0.0939735147968288
2024-04-22,5.642975607782808,5.445384069352109,5.978537195875912,-0.1975915384306992,0.9438722923184989,5.520875607782808,5.796137195875912,-0.2752615880931035,-0.0987957692153496,-0.09369576921534994
2024-04-23,5.627283641581955,5.392386403962839,5.952972951598616,-0.23489723761911563,0.9452896371838545,5.505183641581955,5.7705729515986155,-0.2653893100166602,-0.11744861880955781,-0.10824861880955705
2024-04-24,5.714467954330668,5.47663247393483,5.956456004594428,-0.23783548039583735,0.9593738205944766,5.592367954330668,5.774056004594428,-0.18168805026375967,-0.11891774019791868,-0.11411774019791743
2024-04-25,5.730513901199284,5.504837552705683,6.041235025018931,-0.22567634849360108,0.9485666221339115,5.608413901199285,5.858835025018931,-0.2504211238196463,-0.11283817424680054,-0.11663817424680056
2024-04-26,5.745034834147958,5.5315297194005835,6.1285921562683,-0.21350511474737477,0.937415100835509,5.622934834147959,5.9461921562682996,-0.323257322120341,-0.10675255737368738,-0.09762255737368752
2024-04-27,5.745034834147958,5.5315297194005835,6.1285921562683,-0.21350511474737477,0.937415100835509,5.622934834147959,5.9461921562682996,-0.323257322120341,-0.10675255737368738,-0.09762255737368752
2024-04-28,5.745034834147958,5.5315297194005835,6.1285921562683,-0.21350511474737477,0.937415100835509,5.622934834147959,5.9461921562682996,-0.323257322120341,-0.10675255737368738,-0.09762255737368752
2024-04-29,5.7194493628163405,5.569473444875772,6.187741540215807,-0.14997591794056842,0.9243193701036301,5.597349362816341,6.005341540215807,-0.4079921773994659,-0.07498795897028421,-0.06653795897028436
2024-04-30,5.7760627535950615,5.586683646919873,5.881289634879291,-0.18937910667518842,0.9821081960221486,5.653962753595062,5.698889634879291,-0.04492688128422895,-0.09468955333759421,-0.08218955333759403
2024-05-01,5.7822206250137755,5.6054082045243465,6.177878781192718,-0.17681242048942902,0.9359556620982201,5.660120625013776,5.995478781192718,-0.33535815617894205,-0.08840621024471451,-0.08140621024471484
2024-05-02,5.812144446466627,5.621582333467722,6.15922701700939,-0.19056211299890524,0.9436483556160122,5.6900444464666275,5.97682701700939,-0.286782570542762,-0.09528105649945262,-0.08928105649945328
2024-05-03,5.8146620521351995,5.636799252403333,6.235527519977397,-0.1778627997318667,0.9325052344819539,5.6925620521352,6.053127519977397,-0.36056546784219723,-0.08893139986593335,-0.05413139986593363
2024-05-04,5.8146620521351995,5.636799252403333,6.235527519977397,-0.1778627997318667,0.9325052344819539,5.6925620521352,6.053127519977397,-0.36056546784219723,-0.08893139986593335,-0.05413139986593363
2024-05-05,5.8146620521351995,5.636799252403333,6.235527519977397,-0.1778627997318667,0.9325052344819539,5.6925620521352,6.053127519977397,-0.36056546784219723,-0.08893139986593335,-0.05413139986593363
2024-05-06,5.810639461163595,5.658100520944711,6.06962256018862,-0.1525389402188848,0.9573312678907375,5.688539461163596,5.8872225601886194,-0.19868309902502368,-0.0762694701094424,-0.057069470109441855
2024-05-07,5.880645645886562,5.7005336579764565,6.1493265023354375,-0.18011198791010585,0.9563072709918992,5.758545645886563,5.966926502335437,-0.2083808564488745,-0.09005599395505293,-0.0710559939550528
2024-05-08,5.91173128334928,5.717904028157501,6.200773196029349,-0.19382725519177857,0.9533861498328697,5.78963128334928,6.018373196029349,-0.22874191268006872,-0.09691362759588928,-0.07871362759588818
2024-05-09,5.8401899799894315,5.648708341301312,6.075369957781067,-0.19148163868811974,0.9612896038552471,5.718089979989432,5.892969957781067,-0.174879977791635,-0.09574081934405987,-0.07799081934405949
2024-05-10,5.831935771632424,5.640724762726499,6.066022338696584,-0.1912110089059249,0.9614102035907671,5.709835771632425,5.883622338696584,-0.17378656706415896,-0.09560550445296245,-0.0794055044529629
2024-05-11,5.831935771632424,5.640724762726499,6.066022338696584,-0.1912110089059249,0.9614102035907671,5.709835771632425,5.883622338696584,-0.17378656706415896,-0.09560550445296245,-0.0794055044529629
2024-05-12,5.831935771632424,5.640724762726499,6.066022338696584,-0.1912110089059249,0.9614102035907671,5.709835771632425,5.883622338696584,-0.17378656706415896,-0.09560550445296245,-0.0794055044529629
2024-05-13,5.911586622973541,5.7051699166684395,6.079458312656358,-0.20641670630510145,0.9723870645953212,5.789486622973541,5.897058312656358,-0.10757168968281672,-0.10320835315255072,-0.07140835315255112
2024-05-14,5.843396122070646,5.614297354917106,6.004036960924599,-0.22909876715354027,0.9732445286563968,5.721296122070647,5.821636960924598,-0.10034083885395173,-0.11454938357677014,-0.11314938357677073
2024-05-15,5.783476327874653,5.556890359226459,5.717219318334093,-0.2265859686481937,1.0115890270866617,5.661376327874653,5.534819318334093,0.12655700954056037,-0.11329298432409685,-0.1009929843240962
2024-05-16,5.831844228371315,5.6282664046098185,5.8668726912768925,-0.20357782376149647,0.9940294489502628,5.709744228371315,5.684472691276892,0.025271537094423202,-0.10178891188074823,-0.09308891188074808
2024-05-17,5.805368704014538,5.615028746505865,5.890500257237413,-0.19033995750867305,0.9855476530845954,5.683268704014538,5.708100257237413,-0.024831553222874447,-0.09516997875433653,-0.11386997875433646
2024-05-18,5.805368704014538,5.615028746505865,5.890500257237413,-0.19033995750867305,0.9855476530845954,5.683268704014538,5.708100257237413,-0.024831553222874447,-0.09516997875433653,-0.11386997875433646
2024-05-19,5.805368704014538,5.615028746505865,5.890500257237413,-0.19033995750867305,0.9855476530845954,5.683268704014538,5.708100257237413,-0.024831553222874447,-0.09516997875433653,-0.11386997875433646
2024-05-20,5.805180317157974,5.639048460992873,6.097110899672713,-0.16613185616510062,0.9521198503162522,5.683080317157974,5.914710899672713,-0.23163058251473867,-0.08306592808255031,-0.10181592808255102
2024-05-21,5.835332125557409,5.644009760785091,6.144857974261435,-0.19132236477231768,0.9496284779891551,5.7132321255574094,5.962457974261435,-0.2492258487040253,-0.09566118238615884,-0.10936118238615888
2024-05-22,5.813809355501481,5.660187343843033,6.220930474647849,-0.1536220116584479,0.9345562338615567,5.691709355501481,6.038530474647849,-0.3468211191463677,-0.07681100582922396,-0.12376100582922467
2024-05-23,5.874043111125292,5.744578772974808,6.2785458793005855,-0.12946433815048408,0.935573813435229,5.751943111125293,6.096145879300585,-0.3442027681752924,-0.06473216907524204,-0.053332169075241964
2024-05-24,5.854699768759711,5.738582699282689,6.346889094455721,-0.11611706947702238,0.9224518786493436,5.7325997687597114,6.16448909445572,-0.4318893256960088,-0.05805853473851119,-0.042958534738510856
2024-05-25,5.854699768759711,5.738582699282689,6.346889094455721,-0.11611706947702238,0.9224518786493436,5.7325997687597114,6.16448909445572,-0.4318893256960088,-0.05805853473851119,-0.042958534738510856
2024-05-26,5.854699768759711,5.738582699282689,6.346889094455721,-0.11611706947702238,0.9224518786493436,5.7325997687597114,6.16448909445572,-0.4318893256960088,-0.05805853473851119,-0.042958534738510856
2024-05-27,5.854699768759711,5.738582699282689,6.346889094455721,-0.11611706947702238,0.9224518786493436,5.7325997687597114,6.16448909445572,-0.4318893256960088,-0.05805853473851119,-0.07345853473851172
2024-05-28,5.903613157979958,5.760140246892967,6.280488706903872,-0.14347291108699078,0.9399926396635931,5.781513157979958,6.098088706903872,-0.3165755489239137,-0.07173645554349539,-0.06078645554349427
2024-05-29,5.968256174582376,5.797783398173279,6.252933911228458,-0.1704727764090972,0.9544729337159821,5.846156174582377,6.070533911228457,-0.22437773664608063,-0.0852363882045486,-0.06948638820454889
2024-05-30,6.146229032395725,5.843955473425478,6.325724926620986,-0.30227355897024744,0.9716244546976939,6.0241290323957255,6.143324926620986,-0.11919589422526045,-0.15113677948512372,-0.13713677948512437
2024-05-31,6.0152745946585116,5.792646134107368,6.339803106352693,-0.22262846055114327,0.9488109478717103,5.893174594658512,6.157403106352692,-0.2642285116941805,-0.11131423027557164,-0.10486423027557068
2024-06-01,6.0152745946585116,5.792646134107368,6.339803106352693,-0.22262846055114327,0.9488109478717103,5.893174594658512,6.157403106352692,-0.2642285116941805,-0.11131423027557164,-0.10486423027557068
2024-06-02,6.0152745946585116,5.792646134107368,6.339803106352693,-0.22262846055114327,0.9488109478717103,5.893174594658512,6.157403106352692,-0.2642285116941805,-0.11131423027557164,-0.10486423027557068
2024-06-03,5.845966090249021,5.691658254184481,6.2881292389489,-0.15430783606454046,0.9296828783414463,5.723866090249022,6.1057292389489,-0.38186314869987825,-0.07715391803227023,-0.06695391803227002
2024-06-04,5.796532189237786,5.669334890223842,6.3366354170759935,-0.12719729901394405,0.9147649829461966,5.674432189237787,6.154235417075993,-0.4798032278382065,-0.06359864950697203,-0.0545486495069718
2024-06-05,5.80502231465987,5.651959380423794,6.319049874812803,-0.15306293423607542,0.9186542960830546,5.68292231465987,6.136649874812803,-0.4537275601529327,-0.07653146711803771,-0.06753146711803737
2024-06-06,5.81867263657179,5.652580241064275,6.227699885072901,-0.16609239550751553,0.9343212974212995,5.696572636571791,6.0452998850729,-0.3487272485011097,-0.08304619775375777,-0.07769619775375691
2024-06-07,5.931109896118072,5.749338974087808,6.434871703492476,-0.1817709220302648,0.9217137760336401,5.809009896118073,6.252471703492476,-0.443461807374403,-0.0908854610151324,-0.10548546101513212
2024-06-08,5.931109896118072,5.749338974087808,6.434871703492476,-0.1817709220302648,0.9217137760336401,5.809009896118073,6.252471703492476,-0.443461807374403,-0.0908854610151324,-0.10548546101513212
2024-06-09,5.931109896118072,5.749338974087808,6.434871703492476,-0.1817709220302648,0.9217137760336401,5.809009896118073,6.252471703492476,-0.443461807374403,-0.0908854610151324,-0.10548546101513212
2024-06-10,5.926012251170829,5.744397556834616,6.341387927656844,-0.18161469433621313,0.9344976712945715,5.803912251170829,6.1589879276568436,-0.3550756764860141,-0.09080734716810657,-0.07020734716810662
2024-06-11,5.900805277796799,5.707336252295265,6.400122035274632,-0.19346902550153366,0.9219832442684966,5.778705277796799,6.217722035274631,-0.4390167574778321,-0.09673451275076683,-0.08983451275076604
2024-06-12,5.881963418390948,5.6640499906712805,6.317544347113996,-0.21791342771966793,0.9310521771134015,5.759863418390949,6.135144347113996,-0.37528092872304697,-0.10895671385983396,-0.08395671385983361
2024-06-13,5.949020926865625,5.741241035941091,6.39584529499288,-0.20777989092453453,0.9301383402007768,5.8269209268656255,6.21344529499288,-0.38652436812725455,-0.10388994546226726,-0.08698994546226757
2024-06-14,5.922210381328923,5.702916568675423,6.3678111817161955,-0.21929381265349956,0.9300229250410691,5.800110381328923,6.185411181716195,-0.385300800387272,-0.10964690632674978,-0.07924690632674958
2024-06-15,5.922210381328923,5.702916568675423,6.3678111817161955,-0.21929381265349956,0.9300229250410691,5.800110381328923,6.185411181716195,-0.385300800387272,-0.10964690632674978,-0.07924690632674958
2024-06-16,5.922210381328923,5.702916568675423,6.3678111817161955,-0.21929381265349956,0.9300229250410691,5.800110381328923,6.185411181716195,-0.385300800387272,-0.10964690632674978,-0.07924690632674958
2024-06-17,5.973320913172938,5.764804426018343,6.385360523546046,-0.20851648715459525,0.9354712065428867,5.851220913172939,6.202960523546046,-0.35173961037310697,-0.10425824357729763,-0.093808243577298
2024-06-18,5.875763990146372,5.708262521400757,6.3679574848453075,-0.16750146874561533,0.9227077919615081,5.753663990146372,6.185557484845307,-0.4318934946989348,-0.08375073437280767,-0.08810073437280819
2024-06-19,5.875763990146372,5.708262521400757,6.3679574848453075,-0.16750146874561533,0.9227077919615081,5.753663990146372,6.185557484845307,-0.4318934946989348,-0.08375073437280767,-0.08585073437280721
2024-06-20,5.872462814174661,5.6923790213758085,6.261432353180493,-0.18008379279885212,0.9378785049385298,5.750362814174661,6.079032353180493,-0.3286695390058316,-0.09004189639942606,-0.09504189639942506
2024-06-21,5.941509719297909,5.759364064943687,6.536562790970586,-0.18214565435422259,0.9089654470244415,5.8194097192979095,6.354162790970586,-0.534753071672676,-0.09107282717711129,-0.13022282717711242
2024-06-22,5.941509719297909,5.759364064943687,6.536562790970586,-0.18214565435422259,0.9089654470244415,5.8194097192979095,6.354162790970586,-0.534753071672676,-0.09107282717711129,-0.13022282717711242
2024-06-23,5.941509719297909,5.759364064943687,6.536562790970586,-0.18214565435422259,0.9089654470244415,5.8194097192979095,6.354162790970586,-0.534753071672676,-0.09107282717711129,-0.13022282717711242
2024-06-24,5.934083094514372,5.752109666285315,6.476312100054169,-0.18197342822905682,0.9162750347477445,5.811983094514372,6.293912100054168,-0.48192900553979623,-0.09098671411452841,-0.1413867141145282
2024-06-25,5.942529370871378,5.810992918775467,6.64414849274374,-0.13153645209591058,0.8944004453484715,5.820429370871378,6.46174849274374,-0.6413191218723622,-0.06576822604795529,-0.057168226047955795
2024-06-26,5.987743151317346,5.804180143609166,6.650309112442142,-0.18356300770818024,0.9003706519618474,5.865643151317347,6.4679091124421415,-0.6022659611247949,-0.09178150385409012,-0.09259150385408965
2024-06-27,5.927778591811729,5.783939954789314,6.897967004497757,-0.14383863702241495,0.8593515434252693,5.80567859181173,6.715567004497757,-0.9098884126860272,-0.07191931851120748,-0.07611931851120746
2024-06-28,5.972337731207155,5.801748372287262,6.519921702625863,-0.17058935891989258,0.9160137197355956,5.850237731207155,6.337521702625863,-0.48728397141870783,-0.08529467945994629,-0.07674467945994579
2024-06-29,5.972337731207155,5.801748372287262,6.519921702625863,-0.17058935891989258,0.9160137197355956,5.850237731207155,6.337521702625863,-0.48728397141870783,-0.08529467945994629,-0.07674467945994579
2024-06-30,5.972337731207155,5.801748372287262,6.519921702625863,-0.17058935891989258,0.9160137197355956,5.850237731207155,6.337521702625863,-0.48728397141870783,-0.08529467945994629,-0.07674467945994579
2024-07-01,6.000213051043116,5.853949839107509,8.589492984084877,-0.1462632119356071,0.698552645908282,5.878113051043116,8.407092984084876,-2.52897993304176,-0.07313160596780355,-0.1139316059678035
2024-07-02,6.014356006293282,5.88039404963137,8.636157109076207,-0.13396195666191169,0.6964157703861673,5.892256006293282,8.453757109076207,-2.561501102782925,-0.06698097833095584,-0.1005309783309567
2024-07-03,5.974479700932607,5.840864464545923,8.668188259356842,-0.13361523638668338,0.6892420333030351,5.852379700932607,8.485788259356841,-2.633408558424234,-0.06680761819334169,-0.1023376181933413
2024-07-04,5.974479700932607,5.840864464545923,8.668188259356842,-0.13361523638668338,0.6892420333030351,5.852379700932607,8.485788259356841,-2.633408558424234,-0.06680761819334169,-0.09790761819334204
2024-07-05,5.954859282518651,5.821152374851059,8.510994920407313,-0.13370690766759186,0.6996666474609607,5.832759282518651,8.328594920407312,-2.4958356378886606,-0.06685345383379593,-0.07795345383379582
2024-07-06,5.954859282518651,5.821152374851059,8.510994920407313,-0.13370690766759186,0.6996666474609607,5.832759282518651,8.328594920407312,-2.4958356378886606,-0.06685345383379593,-0.07795345383379582
2024-07-07,5.954859282518651,5.821152374851059,8.510994920407313,-0.13370690766759186,0.6996666474609607,5.832759282518651,8.328594920407312,-2.4958356378886606,-0.06685345383379593,-0.07795345383379582
2024-07-08,6.066842839368503,5.930354746191221,8.7246439372687,-0.13648809317728183,0.6953685311389066,5.944742839368503,8.542243937268701,-2.5975010979001976,-0.06824404658864092,-0.06489404658864073
2024-07-09,6.004032751612063,5.894411524633745,8.646464134593424,-0.10962122697831767,0.694391679436994,5.881932751612063,8.464064134593425,-2.5821313829813617,-0.05481061348915883,-0.08521061348915815
2024-07-10,6.025542316614472,5.889983377158025,8.677202363395898,-0.13555893945644737,0.694410717218346,5.9034423166144725,8.494802363395898,-2.5913600467814257,-0.06777946972822368,-0.0906794697282245
2024-07-11,5.970938911248371,5.848273845422812,8.571734704810902,-0.1226650658255597,0.6965846607335118,5.848838911248372,8.389334704810903,-2.540495793562531,-0.06133253291277985,-0.07449253291277991
2024-07-12,5.999105175488576,5.8877428084411525,8.692806812837404,-0.1113623670474233,0.6901229148022926,5.877005175488576,8.510406812837402,-2.6334016373488263,-0.05568118352371165,-0.09073118352371168
2024-07-13,5.999105175488576,5.8877428084411525,8.692806812837404,-0.1113623670474233,0.6901229148022926,5.877005175488576,8.510406812837402,-2.6334016373488263,-0.05568118352371165,-0.09073118352371168
2024-07-14,5.999105175488576,5.8877428084411525,8.692806812837404,-0.1113623670474233,0.6901229148022926,5.877005175488576,8.510406812837402,-2.6334016373488263,-0.05568118352371165,-0.09073118352371168
2024-07-15,6.029094568162612,5.880014497556417,8.699080491930449,-0.14908007060619521,0.6930726269006704,5.906994568162612,8.516680491930448,-2.6096859237678354,-0.07454003530309761,-0.09584003530309859
2024-07-16,5.983508264411679,5.847114108404735,8.667294097047492,-0.1363941560069435,0.6903548209411697,5.861408264411679,8.48489409704749,-2.6234858326358115,-0.06819707800347174,-0.1006970780034715
2024-07-17,6.052333669344442,5.889883568504373,8.800877713239675,-0.1624501008400694,0.6876965987425961,5.930233669344442,8.618477713239674,-2.6882440438952315,-0.0812250504200347,-0.12062505042003435
2024-07-18,6.060957333178796,5.886262983814779,8.747797863385093,-0.1746943493640165,0.6928552108579948,5.938857333178796,8.565397863385094,-2.626540530206298,-0.08734717468200826,-0.11064717468200813
2024-07-19,6.078550642931801,5.8669542061880104,8.903118161588914,-0.21159643674379058,0.6827440153671935,5.956450642931801,8.720718161588913,-2.7642675186571113,-0.10579821837189529,-0.12534821837189503
2024-07-20,6.078550642931801,5.8669542061880104,8.903118161588914,-0.21159643674379058,0.6827440153671935,5.956450642931801,8.720718161588913,-2.7642675186571113,-0.10579821837189529,-0.12534821837189503
2024-07-21,6.078550642931801,5.8669542061880104,8.903118161588914,-0.21159643674379058,0.6827440153671935,5.956450642931801,8.720718161588913,-2.7642675186571113,-0.10579821837189529,-0.12534821837189503
2024-07-22,6.0387593223170795,5.840767213388595,8.755544199563763,-0.19799210892848418,0.6897069085229397,5.91665932231708,8.573144199563764,-2.656484877246684,-0.09899605446424209,-0.119996054464242
2024-07-23,6.007151974889889,5.871485161595186,8.732438291943142,-0.1356668132947032,0.6879123303318732,5.8850519748898895,8.550038291943142,-2.664986317053253,-0.0678334066473516,-0.11343340664735191
2024-07-24,6.0367805801455825,5.899929219850768,8.777168624977353,-0.13685136029481448,0.6877822266017087,5.914680580145583,8.594768624977352,-2.680088044831769,-0.06842568014740724,-0.11672568014740836
2024-07-25,5.988916615354677,5.817634705200151,8.670504988353137,-0.17128191015452643,0.690722930602016,5.8668166153546775,8.488104988353136,-2.6212883729984586,-0.08564095507726321,-0.14699095507726412
2024-07-26,6.022252436307205,5.812408341997107,8.761891389054666,-0.20984409431009876,0.6873233379530576,5.900152436307206,8.579491389054667,-2.679338952747461,-0.10492204715504938,-0.19932204715504964
2024-07-27,6.022252436307205,5.812408341997107,8.761891389054666,-0.20984409431009876,0.6873233379530576,5.900152436307206,8.579491389054667,-2.679338952747461,-0.10492204715504938,-0.19932204715504964
2024-07-28,6.022252436307205,5.812408341997107,8.761891389054666,-0.20984409431009876,0.6873233379530576,5.900152436307206,8.579491389054667,-2.679338952747461,-0.10492204715504938,-0.19932204715504964
2024-07-29,6.158662543784241,5.919509561807351,8.7679562496397,-0.23915298197688983,0.7024057110272781,6.036562543784242,8.585556249639701,-2.5489937058554597,-0.11957649098844492,-0.198426490988445
2024-07-30,5.93678424186901,5.754405098667405,8.689530322840225,-0.1823791432016053,0.6832111772789736,5.814684241869011,8.507130322840226,-2.692446080971215,-0.09118957160080265,-0.16088957160080275
2024-07-31,5.733304927582844,5.6547749744116365,8.749061022491315,-0.07852995317120737,0.6553051707885188,5.611204927582844,8.566661022491314,-2.9554560949084694,-0.039264976585603684,-0.09566497658560369
2024-08-01,5.885400247915311,5.632389508890607,8.745625604096963,-0.2530107390247043,0.6729536015306035,0.4154002479153114,3.240625604096963,-2.825225356181652,-0.12650536951235214,-0.20835536951235234
2024-08-02,5.609779577216537,5.281162981217809,8.522372961212813,-0.32861659599872795,0.6582415018384989,0.20227957721653755,3.0173729612128133,-2.8150933839962757,-0.16430829799936397,-0.219608297999363
2024-08-03,5.609779577216537,5.281162981217809,8.522372961212813,-0.32861659599872795,0.6582415018384989,0.20227957721653755,3.0173729612128133,-2.8150933839962757,-0.16430829799936397,-0.219608297999363
2024-08-04,5.609779577216537,5.281162981217809,8.522372961212813,-0.32861659599872795,0.6582415018384989,0.20227957721653755,3.0173729612128133,-2.8150933839962757,-0.16430829799936397,-0.219608297999363
2024-08-05,5.490669080844691,5.201023693552416,8.438040595868816,-0.28964538729227574,0.6507042741099006,0.15616908084469117,2.963040595868817,-2.8068715150241257,-0.14482269364613787,-0.18142269364613783
2024-08-06,5.647607048112223,5.303220512318013,8.391881342701026,-0.34438653579420997,0.6729846166169068,0.2841070481122232,2.9768813427010263,-2.692774294588803,-0.17219326789710498,-0.20779326789710462
2024-08-07,5.59463376455703,5.288777738707424,8.47659748452164,-0.30585602584960636,0.6600093698884361,0.23063376455703022,3.0565974845216406,-2.8259637199646104,-0.15292801292480318,-0.22132801292480275
2024-08-08,5.624718764061797,5.3314957202959405,8.465729118046267,-0.29322304376585606,0.6644104347812958,0.298718764061797,3.065729118046267,-2.76701035398447,-0.14661152188292803,-0.21311152188292848
2024-08-09,5.727186706286624,5.406945938568756,8.428468542987293,-0.320240767717868,0.6795050224221094,0.4046867062866246,3.018468542987293,-2.613781836700668,-0.160120383858934,-0.22637038385893327
2024-08-10,5.727186706286624,5.406945938568756,8.428468542987293,-0.320240767717868,0.6795050224221094,0.4046867062866246,3.018468542987293,-2.613781836700668,-0.160120383858934,-0.22637038385893327
2024-08-11,5.727186706286624,5.406945938568756,8.428468542987293,-0.320240767717868,0.6795050224221094,0.4046867062866246,3.018468542987293,-2.613781836700668,-0.160120383858934,-0.22637038385893327
2024-08-12,5.706196470247387,5.388267137517743,8.449576467613467,-0.3179293327296442,0.6753233717830438,0.3911964702473867,3.064576467613467,-2.67337999736608,-0.1589646663648221,-0.22596466636482226
2024-08-13,5.623116164003484,5.331876666211469,8.538325114782365,-0.29123949779201475,0.6585736767352894,0.30811616400348374,3.155825114782365,-2.8477089507788813,-0.14561974889600737,-0.2268197488960073
2024-08-14,5.61223821109215,5.308136807952364,8.526820809040657,-0.30410140313978573,0.6581864843625788,0.2872382110921494,3.1343208090406574,-2.847082597948508,-0.15205070156989287,-0.22100070156989293
2024-08-15,5.68312071964232,5.389243023127662,8.514575730690204,-0.29387769651465767,0.6674578862641272,0.3606207196423199,3.117075730690204,-2.7564550110478843,-0.14693884825732884,-0.18568884825732912
2024-08-16,5.653986539090269,5.3747282156932625,8.489654157401807,-0.2792583233970065,0.6659854964952575,0.3089865390902693,3.1021541574018068,-2.7931676183115375,-0.13962916169850326,-0.17152916169850352
2024-08-17,5.653986539090269,5.3747282156932625,8.489654157401807,-0.2792583233970065,0.6659854964952575,0.3089865390902693,3.1021541574018068,-2.7931676183115375,-0.13962916169850326,-0.17152916169850352
2024-08-18,5.653986539090269,5.3747282156932625,8.489654157401807,-0.2792583233970065,0.6659854964952575,0.3089865390902693,3.1021541574018068,-2.7931676183115375,-0.13962916169850326,-0.17152916169850352
2024-08-19,5.621671976247963,5.3787626762567,8.619647963910277,-0.24290929999126387,0.6521927577304107,0.26517197624796385,3.2146479639102763,-2.9494759876623124,-0.12145464999563194,-0.13825464999563186
2024-08-20,5.600986073985012,5.323944648618346,8.676823318573943,-0.277041425366666,0.6455111356244081,0.2209860739850118,3.266823318573943,-3.045837244588931,-0.138520712683333,-0.17242071268333303
2024-08-21,5.656656274194751,5.330905156260848,8.712086521409718,-0.325751117933903,0.6492883490417216,0.28665627419475115,3.302086521409718,-3.015430247214967,-0.1628755589669515,-0.19867555896695244
2024-08-22,5.677133428269388,5.3608233867071,8.614642069636142,-0.31631004156228837,0.6590097861731793,0.2871334282693887,3.1896420696361423,-2.9025086413667536,-0.15815502078114418,-0.18505502078114455
2024-08-23,5.732584218327403,5.38086517553448,8.628822113005903,-0.3517190427929231,0.6643530418464523,0.37258421832740307,3.2288221130059025,-2.8562378946784994,-0.17585952139646155,-0.22305952139646168
2024-08-24,5.732584218327403,5.38086517553448,8.628822113005903,-0.3517190427929231,0.6643530418464523,0.37258421832740307,3.2288221130059025,-2.8562378946784994,-0.17585952139646155,-0.22305952139646168
2024-08-25,5.732584218327403,5.38086517553448,8.628822113005903,-0.3517190427929231,0.6643530418464523,0.37258421832740307,3.2288221130059025,-2.8562378946784994,-0.17585952139646155,-0.22305952139646168
2024-08-26,5.7367598555364285,5.39713007899468,8.77172375626011,-0.33962977654174864,0.6540059873000764,0.3927598555364282,3.3577237562601105,-2.9649639007236823,-0.16981488827087432,-0.1964148882708745
2024-08-27,5.6932748191198925,5.3549449630656145,8.77962357418603,-0.338329856054278,0.6484645692395444,0.36827481911989235,3.3611235741860295,-2.992848755066137,-0.169164928027139,-0.18596492802713893
2024-08-28,5.702972219244902,5.363419600540623,8.629841443786164,-0.3395526187042792,0.6608432213260735,0.3934722192449023,3.222841443786164,-2.829369224541262,-0.1697763093521396,-0.18847630935213866
2024-08-29,5.676666535262436,5.3509561602882805,8.625733994388215,-0.32571037497415567,0.6581082304364588,0.38766653526243644,3.166733994388215,-2.7790674591257787,-0.16285518748707783,-0.1627751874870782
2024-08-30,5.627835996900472,5.337278145240228,8.462898645491142,-0.2905578516602434,0.6650009922899014,0.3378359969004716,3.011398645491142,-2.6735626485906705,-0.1452789258301217,-0.17242892583012148
2024-08-31,5.627835996900472,5.337278145240228,8.462898645491142,-0.2905578516602434,0.6650009922899014,0.3378359969004716,3.011398645491142,-2.6735626485906705,-0.1452789258301217,-0.17242892583012148
2024-09-01,5.627835996900472,5.337278145240228,8.462898645491142,-0.2905578516602434,0.6650009922899014,0.3378359969004716,3.011398645491142,-2.6735626485906705,-0.1452789258301217,-0.17242892583012148
2024-09-02,5.627835996900472,5.337278145240228,8.462898645491142,-0.2905578516602434,0.6650009922899014,0.34133599690047145,3.011398645491142,-2.6700626485906707,-0.1452789258301217,-0.1679289258301213
2024-09-03,5.687462156475771,5.347526949135558,7.766410793853449,-0.3399352073402131,0.732315390910945,0.41696215647577084,2.3684107938534495,-1.9514486373776787,-0.16996760367010655,-0.19029760367010695
2024-09-04,5.680644564886916,5.3057452050146505,7.667150599577423,-0.3748993598722654,0.7409068716088616,0.4406445648869157,2.279150599577423,-1.838506034690507,-0.1874496799361327,-0.20921967993613189
2024-09-05,5.666534151563667,5.281659213918953,7.544622963213763,-0.3848749376447138,0.7510692289320059,0.464134151563667,2.2161229632137633,-1.7519888116500963,-0.1924374688223569,-0.22913746882235753
2024-09-06,5.634585350484602,5.249309430735003,7.622313881813433,-0.3852759197495992,0.7392224248241102,0.41358535048460165,2.255313881813433,-1.8417285313288314,-0.1926379598747996,-0.24823795987479969
2024-09-07,5.634585350484602,5.249309430735003,7.622313881813433,-0.3852759197495992,0.7392224248241102,0.41358535048460165,2.255313881813433,-1.8417285313288314,-0.1926379598747996,-0.24823795987479969
2024-09-08,5.634585350484602,5.249309430735003,7.622313881813433,-0.3852759197495992,0.7392224248241102,0.41358535048460165,2.255313881813433,-1.8417285313288314,-0.1926379598747996,-0.24823795987479969
2024-09-09,5.690019567885344,5.280030417992566,7.683192472897431,-0.4099891498927777,0.7405801153566005,0.46501956788534393,2.3161924728974306,-1.8511729050120866,-0.20499457494638884,-0.24483457494638872
2024-09-10,5.7154197261361155,5.305502327745248,7.590002371875712,-0.40991739839086705,0.7530194914449899,0.5304197261361159,2.2950023718757118,-1.764582645739596,-0.20495869919543352,-0.25605869919543345
2024-09-11,5.668108813693914,5.306555424674137,7.466814159292029,-0.36155338901977707,0.7591067211228597,0.45410881369391376,2.1518141592920284,-1.6977053455981146,-0.18077669450988854,-0.217976694509888
2024-09-12,5.6075175201781144,5.285187946642959,7.605660031134888,-0.32232957353515523,0.7372821684407292,0.4325175201781146,2.315660031134888,-1.8831425109567732,-0.16116478676757762,-0.21886478676757815
2024-09-13,5.637486797377997,5.25872842451081,7.406961911122731,-0.3787583728671873,0.7611064921114843,0.5024867973779976,2.214461911122731,-1.7119751137447334,-0.18937918643359364,-0.23657918643359377
2024-09-14,5.637486797377997,5.25872842451081,7.406961911122731,-0.3787583728671873,0.7611064921114843,0.5024867973779976,2.214461911122731,-1.7119751137447334,-0.18937918643359364,-0.23657918643359377
2024-09-15,5.637486797377997,5.25872842451081,7.406961911122731,-0.3787583728671873,0.7611064921114843,0.5024867973779976,2.214461911122731,-1.7119751137447334,-0.18937918643359364,-0.23657918643359377
2024-09-16,5.59377106187247,5.2049116915202465,7.297675116560051,-0.3888593703522236,0.7665141257356,0.5107710618724699,2.0846751165600512,-1.5739040546875813,-0.1944296851761118,-0.22827968517611286
2024-09-17,5.581759917025753,5.203477408522721,7.2963228924511885,-0.37828250850303213,0.7650099919235577,0.5167599170257526,2.0843228924511887,-1.567562975425436,-0.18914125425151607,-0.2360912542515159
2024-09-18,5.6161470150889095,5.237192085766162,7.2695919188293034,-0.3789549293227479,0.7725532709122598,0.5561470150889098,2.079591918829303,-1.5234449037403932,-0.18947746466137394,-0.23057746466137408
2024-09-19,5.581464722356104,5.182071677099357,7.155664927486033,-0.39939304525674757,0.7800064395017746,0.5864647223561041,2.065664927486033,-1.4792002051299287,-0.19969652262837378,-0.21079652262837367
2024-09-20,5.537688338279788,5.153582252272947,7.1557728281485655,-0.3841060860068417,0.7738770460258687,0.5726883382797885,2.0857728281485652,-1.5130844898687767,-0.19205304300342085,-0.20365304300342135
2024-09-21,5.537688338279788,5.153582252272947,7.1557728281485655,-0.3841060860068417,0.7738770460258687,0.5726883382797885,2.0857728281485652,-1.5130844898687767,-0.19205304300342085,-0.20365304300342135
2024-09-22,5.537688338279788,5.153582252272947,7.1557728281485655,-0.3841060860068417,0.7738770460258687,0.5726883382797885,2.0857728281485652,-1.5130844898687767,-0.19205304300342085,-0.20365304300342135
2024-09-23,5.547839476321116,5.141426652347527,7.195500439039397,-0.40641282397358847,0.7710150980216958,0.5828394763211158,2.105500439039397,-1.5226609627182812,-0.20320641198679423,-0.22505641198679394
2024-09-24,5.519814472902438,5.105262832673198,7.02446126082412,-0.4145516402292406,0.7857989770243029,0.574814472902438,1.9344612608241203,-1.3596467879216823,-0.2072758201146203,-0.22762582011462085
2024-09-25,5.5038402663247155,5.090488328290299,7.1148503556913685,-0.41335193803441683,0.7735707697523166,0.6118402663247151,2.044850355691368,-1.433010089366653,-0.20667596901720842,-0.24022596901720839
2024-09-26,5.598094870571031,5.149348289443949,7.2262737093097735,-0.4487465811270823,0.774686248509917,0.7050948705710312,2.1762737093097737,-1.4711788387387426,-0.22437329056354116,-0.26637329056354186
2024-09-27,5.49182539738491,5.088582121891617,7.122924026265856,-0.40324327549329286,0.7710071562091281,0.5993253973849102,2.070424026265856,-1.471098628880946,-0.20162163774664643,-0.2841716377466468
2024-09-28,5.49182539738491,5.088582121891617,7.122924026265856,-0.40324327549329286,0.7710071562091281,0.5993253973849102,2.070424026265856,-1.471098628880946,-0.20162163774664643,-0.2841716377466468
2024-09-29,5.49182539738491,5.088582121891617,7.122924026265856,-0.40324327549329286,0.7710071562091281,0.5993253973849102,2.070424026265856,-1.471098628880946,-0.20162163774664643,-0.2841716377466468
2024-09-30,5.393175202967446,5.0596354152091605,7.222745080872888,-0.3335397877582853,0.74669327832842,0.5731752029674455,2.1927450808728874,-1.619569877905442,-0.16676989387914265,-0.3646698938791424
2024-10-01,5.035037992738466,4.442188481630728,7.325454922939184,-0.5928495111077376,0.6873345131060151,0.185037992738466,2.3254549229391843,-2.1404169302007183,-0.2964247555538688,-0.4829247555538694
2024-10-02,5.096744825642229,4.498571399623123,7.3770491803278855,-0.5981734260191063,0.690892076364834,0.241744825642229,2.374549180327885,-2.132804354685656,-0.29908671300955314,-0.4646367130095528
2024-10-03,5.101446928250802,4.526675445080295,7.398864012798101,-0.5747714831705064,0.6894905649605982,0.26644692825080174,2.428864012798101,-2.1624170845472994,-0.2873857415852532,-0.43858574158525254
2024-10-04,5.237604526550708,4.689810109391993,7.669908513719895,-0.5477944171587152,0.6828770535113563,0.3526045265507083,2.644908513719894,-2.292303987169186,-0.2738972085793576,-0.417397208579358
2024-10-05,5.237604526550708,4.689810109391993,7.669908513719895,-0.5477944171587152,0.6828770535113563,0.3526045265507083,2.644908513719894,-2.292303987169186,-0.2738972085793576,-0.417397208579358
2024-10-06,5.237604526550708,4.689810109391993,7.669908513719895,-0.5477944171587152,0.6828770535113563,0.3526045265507083,2.644908513719894,-2.292303987169186,-0.2738972085793576,-0.417397208579358
2024-10-07,5.286914949076231,4.7483182270977675,7.726493204742925,-0.5385967219784638,0.6842580209390265,0.37191494907623124,2.656493204742925,-2.284578255666694,-0.2692983609892319,-0.41179836098923195
2024-10-08,5.278843593678186,4.7362704762520575,7.791706846673094,-0.5425731174261283,0.6774951493371634,0.37884359367818554,2.7617068466730936,-2.382863252994908,-0.2712865587130642,-0.40298655871306455
2024-10-09,5.297739682703645,4.775698250783464,7.773923361858386,-0.5220414319201803,0.6814756765800171,0.40273968270364513,2.7439233618583856,-2.3411836791547405,-0.26102071596009013,-0.3907207159600907
2024-10-10,5.386636287099687,4.807534039390723,7.839885812640425,-0.5791022477089642,0.6870809621250723,0.49863628709968744,2.8248858126404253,-2.326249525540738,-0.2895511238544821,-0.42581112385448217
2024-10-11,5.334964728055409,4.763121093900723,7.861418493537839,-0.5718436341546864,0.6786262215197933,0.4549647280554092,2.8664184935378385,-2.4114537654824293,-0.2859218170773432,-0.4179218170773429
2024-10-12,5.334964728055409,4.763121093900723,7.861418493537839,-0.5718436341546864,0.6786262215197933,0.4549647280554092,2.8664184935378385,-2.4114537654824293,-0.2859218170773432,-0.4179218170773429
2024-10-13,5.334964728055409,4.763121093900723,7.861418493537839,-0.5718436341546864,0.6786262215197933,0.4549647280554092,2.8664184935378385,-2.4114537654824293,-0.2859218170773432,-0.4179218170773429
2024-10-14,5.356379840071643,4.793310766929744,7.9339320600792655,-0.5630690731418992,0.6751229780530953,0.4788798400716425,2.936432060079266,-2.4575522200076234,-0.2815345365709496,-0.43408453657094936
2024-10-15,5.352563757828757,4.74748321582934,7.84258660813286,-0.605080541999417,0.682499795702362,0.4810637578287569,2.8475866081328602,-2.3665228503041034,-0.3025402709997085,-0.43734027099970785
2024-10-16,5.350574072009788,4.7804309331890815,7.8075731613903185,-0.5701431388207068,0.6853056591860351,0.47657407200978863,2.8075731613903185,-2.33099908938053,-0.2850715694103534,-0.42147156941035346
2024-10-17,5.3861683647119785,4.773625175968413,7.8381437756614565,-0.6125431887435653,0.6871739685914913,0.5221683647119786,2.8281437756614567,-2.305975410949478,-0.30627159437178264,-0.42187159437178234
2024-10-18,5.431178990501065,4.842370744010108,7.777932336724009,-0.5888082464909576,0.6982805654990598,0.588678990501065,2.7779323367240094,-2.1892533462229444,-0.2944041232454788,-0.4070041232454793
2024-10-19,5.431178990501065,4.842370744010108,7.777932336724009,-0.5888082464909576,0.6982805654990598,0.588678990501065,2.7779323367240094,-2.1892533462229444,-0.2944041232454788,-0.4070041232454793
2024-10-20,5.431178990501065,4.842370744010108,7.777932336724009,-0.5888082464909576,0.6982805654990598,0.588678990501065,2.7779323367240094,-2.1892533462229444,-0.2944041232454788,-0.4070041232454793
2024-10-21,5.458086290982832,4.848183038661566,7.827750993622121,-0.6099032523212662,0.697273877954212,0.6210862909828325,2.857750993622121,-2.2366647026392883,-0.3049516261606331,-0.4255516261606327
2024-10-22,5.438861327460456,4.843544138978918,7.848417380857385,-0.5953171884815385,0.6929882884065346,0.6288613274604566,2.893417380857385,-2.2645560533969284,-0.29765859424076924,-0.4233785942407704
2024-10-23,5.454728362724552,4.843435235270558,7.865596927398263,-0.6112931274539939,0.6934919769056658,0.6622283627245515,2.9355969273982634,-2.273368564673712,-0.30564656372699694,-0.4332465637269971
2024-10-24,5.416033902004581,4.809077133088676,7.963152954530502,-0.6069567689159046,0.6801368670085911,0.6360339020045807,3.043152954530502,-2.407119052525921,-0.3034783844579523,-0.4281983844579531
2024-10-25,5.426977616486198,4.799125873501632,7.984396164267241,-0.627851742984566,0.6796979389341526,0.6619776164861984,3.0793961642672407,-2.4174185477810424,-0.313925871492283,-0.4337258714922836
2024-10-26,5.426977616486198,4.799125873501632,7.984396164267241,-0.627851742984566,0.6796979389341526,0.6619776164861984,3.0793961642672407,-2.4174185477810424,-0.313925871492283,-0.4337258714922836
2024-10-27,5.426977616486198,4.799125873501632,7.984396164267241,-0.627851742984566,0.6796979389341526,0.6619776164861984,3.0793961642672407,-2.4174185477810424,-0.313925871492283,-0.4337258714922836
2024-10-28,5.446558108612564,4.786154771372755,7.966978791848511,-0.660403337239809,0.6836415975131327,0.6665581086125636,3.0294787918485113,-2.3629206832359477,-0.3302016686199045,-0.4495016686199045
2024-10-29,5.419145820243116,4.764007165462903,7.9851454209407216,-0.6551386547802132,0.6786533662908161,0.6391458202431162,3.0426454209407217,-2.4034996006976055,-0.3275693273901066,-0.4416693273901062
2024-10-30,5.424600235283786,4.762105440600091,7.949677062410478,-0.6624947946836954,0.6823673707368126,0.5576002352837861,2.9471770624104776,-2.3895768271266915,-0.3312473973418477,-0.45059739734184756
2024-10-31,5.48182680707011,4.851309394403206,7.971783844091304,-0.6305174126669044,0.6876537189519065,0.6118268070701101,2.9817838440913036,-2.3699570370211935,-0.3152587063334522,-0.46555870633345275
2024-11-01,5.4820262042332795,4.862219232778319,7.999835468646083,-0.6198069714549606,0.6852673690251625,0.6220262042332791,3.0198354686460824,-2.3978092644128033,-0.3099034857274803,-0.4613034857274809
2024-11-02,5.4820262042332795,4.862219232778319,7.999835468646083,-0.6198069714549606,0.6852673690251625,0.6220262042332791,3.0198354686460824,-2.3978092644128033,-0.3099034857274803,-0.4613034857274809
2024-11-03,5.4820262042332795,4.862219232778319,7.999835468646083,-0.6198069714549606,0.6852673690251625,0.6220262042332791,3.0198354686460824,-2.3978092644128033,-0.3099034857274803,-0.4613034857274809
2024-11-04,5.488014871705677,4.867530811577509,8.017498940501651,-0.6204840601281685,0.6845045958138031,0.663014871705677,3.0399989405016514,-2.3769840687959745,-0.31024203006408424,-0.4469420300640836
2024-11-05,5.525410168012185,4.89352936862863,8.01290467794576,-0.6318807993835556,0.6895639459208835,0.7054101680121851,3.0729046779457603,-2.367494509933575,-0.3159403996917778,-0.469440399691778
2024-11-06,5.494557690005849,4.928507242994498,8.080824993420373,-0.5660504470113512,0.6799500910463556,0.690557690005849,3.1658249934203733,-2.4752673034145243,-0.2830252235056756,-0.47292522350567623
2024-11-07,5.592506242083798,4.940207374807457,8.096111735811114,-0.6522988672763406,0.6907644588632285,0.8375062420837978,3.1961117358111135,-2.3586054937273158,-0.3261494336381703,-0.5046294336381707
2024-11-08,5.592692014501207,4.9603729830614585,8.200630841815666,-0.6323190314397484,0.6819831452458056,0.8326920145012071,3.3226308418156663,-2.489938827314459,-0.3161595157198742,-0.48065951571987453
2024-11-09,5.592692014501207,4.9603729830614585,8.200630841815666,-0.6323190314397484,0.6819831452458056,0.8326920145012071,3.3226308418156663,-2.489938827314459,-0.3161595157198742,-0.48065951571987453
2024-11-10,5.592692014501207,4.9603729830614585,8.200630841815666,-0.6323190314397484,0.6819831452458056,0.8326920145012071,3.3226308418156663,-2.489938827314459,-0.3161595157198742,-0.48065951571987453
2024-11-11,5.5942498363487685,4.982474290720767,8.154684097027282,-0.6117755456280012,0.6860167444607821,0.8517498363487688,3.2896840970272816,-2.437934260678513,-0.3058877728140006,-0.46888777281399996
2024-11-12,5.618719179146748,5.015589589663854,8.231097495654982,-0.6031295894828936,0.6826208998390249,0.8737191791467476,3.3810974956549824,-2.507378316508235,-0.3015647947414468,-0.4744647947414462
2024-11-13,5.614550124997176,4.99694187664198,8.218373936014082,-0.6176082483551957,0.683170438423764,0.8455501249971755,3.378373936014082,-2.5328238110169066,-0.30880412417759784,-0.5048041241775985
2024-11-14,5.5730821449910435,4.977479644389291,8.147115716178783,-0.5956025006017525,0.6840558473870516,0.8280821449910434,3.3071157161787834,-2.47903357118774,-0.29780125030087623,-0.4546012503008767
2024-11-15,5.579153749211104,4.971421026546798,8.203185602730553,-0.6077327226643057,0.6801203848604862,0.7991537492111034,3.3531856027305533,-2.55403185351945,-0.30386636133215283,-0.45316636133215216
2024-11-16,5.579153749211104,4.971421026546798,8.203185602730553,-0.6077327226643057,0.6801203848604862,0.7991537492111034,3.3531856027305533,-2.55403185351945,-0.30386636133215283,-0.45316636133215216
2024-11-17,5.579153749211104,4.971421026546798,8.203185602730553,-0.6077327226643057,0.6801203848604862,0.7991537492111034,3.3531856027305533,-2.55403185351945,-0.30386636133215283,-0.45316636133215216
2024-11-18,5.507534613325152,4.9770958288450755,8.089615806252457,-0.5304387844800766,0.680815349607627,0.7525346133251523,3.254615806252457,-2.502081192927305,-0.2652193922400383,-0.39621939224003855
2024-11-19,5.473204104903058,4.923640577976346,8.136416599632316,-0.5495635269267121,0.6726799246182148,0.713204104903058,3.2864165996323162,-2.5732124947292583,-0.27478176346335603,-0.417961763463357
2024-11-20,5.499510068053581,4.963101307729015,8.165790287658561,-0.5364087603245666,0.6734816685612554,0.7000100680535812,3.3257902876585614,-2.62578021960498,-0.2682043801622833,-0.3977043801622835
2024-11-21,5.565866235455678,4.997275828910994,8.315660259504122,-0.5685904065446836,0.6693234285388638,0.7808662354556777,3.4906602595041223,-2.7097940240484446,-0.2842952032723418,-0.4173452032723417
2024-11-22,5.624303992380943,5.037347939667896,8.248509901036693,-0.5869560527130471,0.6818569729393266,0.8293039923809431,3.398509901036693,-2.56920590865575,-0.29347802635652354,-0.43137802635652367
2024-11-23,5.624303992380943,5.037347939667896,8.248509901036693,-0.5869560527130471,0.6818569729393266,0.8293039923809431,3.398509901036693,-2.56920590865575,-0.29347802635652354,-0.43137802635652367
2024-11-24,5.624303992380943,5.037347939667896,8.248509901036693,-0.5869560527130471,0.6818569729393266,0.8293039923809431,3.398509901036693,-2.56920590865575,-0.29347802635652354,-0.43137802635652367
2024-11-25,5.615842942815602,5.059835909058194,8.236025673066875,-0.5560070337574086,0.6818632148246344,0.827842942815602,3.4160256730668745,-2.5881827302512725,-0.2780035168787043,-0.3883535168787038
2024-11-26,5.819340513537402,5.1670019818723,8.2881105081401,-0.6523385316651025,0.7021311441035909,1.0528405135374026,3.4731105081401,-2.4202699946026973,-0.32616926583255124,-0.46106926583255126
2024-11-27,5.755225705133946,5.108241183999125,8.721827598541141,-0.6469845211348213,0.6598646487917963,1.0052257051339462,3.945327598541141,-2.9401018934071947,-0.32349226056741065,-0.42389226056741114
2024-11-28,5.755225705133946,5.108241183999125,8.721827598541141,-0.6469845211348213,0.6598646487917963,1.0052257051339462,3.945327598541141,-2.9401018934071947,-0.32349226056741065,-0.425092260567411
2024-11-29,5.511504628005333,4.986518753432021,8.135549755981625,-0.5249858745733116,0.6774593965150326,0.7515046280053328,3.3605497559816246,-2.609045127976292,-0.2624929372866558,-0.22404293728665658
2024-11-30,5.511504628005333,4.986518753432021,8.135549755981625,-0.5249858745733116,0.6774593965150326,0.7515046280053328,3.3605497559816246,-2.609045127976292,-0.2624929372866558,-0.22404293728665658
2024-12-01,5.511504628005333,4.986518753432021,8.135549755981625,-0.5249858745733116,0.6774593965150326,0.7515046280053328,3.3605497559816246,-2.609045127976292,-0.2624929372866558,-0.22404293728665658
2024-12-02,4.773942231983797,4.717315631580733,4.952451367819909,-0.056626600403064664,0.9639553985333345,0.04044223198379715,0.18245136781990912,-0.14200913583611197,-0.028313300201532332,0.02413669979846711
2024-12-03,4.757121865035663,4.700694781122746,4.89117194478742,-0.05642708391291684,0.9725934640480969,0.04712186503566329,0.17617194478741993,-0.12905007975175664,-0.02821354195645842,0.033636458043542206
2024-12-04,4.6055689891688685,4.575854435148443,4.69690237644559,-0.029714554020425332,0.9805545485180301,-0.055531010831131766,0.020902376445589788,-0.07643338727672155,-0.014857277010212666,0.029042722989787162
2024-12-05,4.699991552302786,4.623886738915671,4.809491728422747,-0.07610481338711583,0.977232484781532,0.05849155230278669,0.15949172842274706,-0.10100017611996037,-0.038052406693557916,-0.00625240669355831
2024-12-06,4.749025595795022,4.648794715833033,4.857623874598534,-0.10023087996198843,0.9776437448417128,0.09402559579502157,0.23262387459853429,-0.13859827880351272,-0.050115439980994214,-0.019315439980994942
2024-12-07,4.749025595795022,4.648794715833033,4.857623874598534,-0.10023087996198843,0.9776437448417128,0.09402559579502157,0.23262387459853429,-0.13859827880351272,-0.050115439980994214,-0.019315439980994942
2024-12-08,4.749025595795022,4.648794715833033,4.857623874598534,-0.10023087996198843,0.9776437448417128,0.09402559579502157,0.23262387459853429,-0.13859827880351272,-0.050115439980994214,-0.019315439980994942
2024-12-09,4.7254171657340995,4.647392662564106,4.687144184980334,-0.07802450316999376,1.0081655223827781,0.09541716573409964,0.07214418498033393,0.023272980753765715,-0.03901225158499688,0.005587748415003091
2024-12-10,4.713640127293223,4.624224471482733,4.397349375515311,-0.08941565581049016,1.071927592003273,0.11364012729322326,-0.06915062448468934,0.1827907517779126,-0.04470782790524508,-0.06520782790524526
2024-12-11,4.404676925801135,4.410119726187257,4.009971223086045,0.005442800386122215,1.0984310561738464,-0.1653230741988656,-0.43002877691395547,0.26470570271508986,0.0027214001930611076,-0.05051859980693951
2024-12-12,4.729297749329704,4.683149254507986,4.535558874903473,-0.046148494821718344,1.0427155461476296,0.9292977493297041,1.1605588749034732,-0.2312611255737691,-0.023074247410859172,-0.2178742474108586
2024-12-13,4.902699778681743,4.841205755533161,4.850193479395708,-0.06149402314858232,1.0108256092275678,0.709199778681743,0.600193479395708,0.109006299286035,-0.03074701157429116,-0.3759470115742909
2024-12-14,4.902699778681743,4.841205755533161,4.850193479395708,-0.06149402314858232,1.0108256092275678,0.709199778681743,0.600193479395708,0.109006299286035,-0.03074701157429116,-0.3759470115742909
2024-12-15,4.902699778681743,4.841205755533161,4.850193479395708,-0.06149402314858232,1.0108256092275678,0.709199778681743,0.600193479395708,0.109006299286035,-0.03074701157429116,-0.3759470115742909
2024-12-16,4.913349838126071,4.862773991526985,4.902672347038311,-0.050575846599086205,1.0021778920417168,0.9132498381260712,0.5936723470383107,0.31957749108776046,-0.025287923299543102,-0.3340879232995442
2024-12-17,4.973958664951759,4.921727777709363,4.924235797094748,-0.052230887242395774,1.010097580600496,1.3990586649517591,1.0142357970947478,0.38482286785701136,-0.026115443621197887,-0.594265443621198
2024-12-18,5.105251088027851,5.0490790002922035,5.068421557857069,-0.0561720877356473,1.007266469402824,1.2384510880278508,1.075421557857069,0.1630295301707818,-0.02808604386782365,-0.4221860438678231
2024-12-19,5.123542756952124,5.113954571539768,5.237250922622334,-0.009588185412355621,0.9782885778531163,0.7528427569521234,0.9562509226223339,-0.20340816567021047,-0.0047940927061778105,-0.08314409270617729
2024-12-20,5.051873979965534,5.008952526508971,5.102225082328382,-0.04292145345656273,0.9901315403475163,0.7315739799655345,0.7022250823283818,0.02934889763715276,-0.021460726728281365,-0.16506072672828154
2024-12-21,5.051873979965534,5.008952526508971,5.102225082328382,-0.04292145345656273,0.9901315403475163,0.7315739799655345,0.7022250823283818,0.02934889763715276,-0.021460726728281365,-0.16506072672828154
2024-12-22,5.051873979965534,5.008952526508971,5.102225082328382,-0.04292145345656273,0.9901315403475163,0.7315739799655345,0.7022250823283818,0.02934889763715276,-0.021460726728281365,-0.16506072672828154
2024-12-23,5.177223826579811,5.10852656121936,5.180477744309224,-0.06869726536045118,0.9993718884840328,0.938423826579811,0.8504777443092237,0.08794608227058731,-0.03434863268022559,-0.30214863268022585
2024-12-24,5.2323394075031375,5.195144480625517,5.1838855647517095,-0.03719492687762038,1.0093470124188109,0.9583394075031375,0.8508855647517093,0.10745384275142822,-0.01859746343881019,-0.2594474634388102
2024-12-25,5.2323394075031375,5.195144480625517,5.1838855647517095,-0.03719492687762038,1.0093470124188109,0.9583394075031375,0.8508855647517093,0.10745384275142822,-0.01859746343881019,-0.2594474634388102
2024-12-26,5.334011154674147,5.248075983442844,5.418267718744216,-0.08593517123130301,0.984449538405312,1.051511154674147,1.0732677187442166,-0.02175656407006965,-0.042967585615651505,-0.3784675856156521
2024-12-27,5.401781660603444,5.3367915343836145,5.553464679264441,-0.06499012621982914,0.9726867770983847,0.9867816606034436,0.9659646792644407,0.020816981339002893,-0.03249506310991457,-0.12474506310991451
2024-12-28,5.401781660603444,5.3367915343836145,5.553464679264441,-0.06499012621982914,0.9726867770983847,0.9867816606034436,0.9659646792644407,0.020816981339002893,-0.03249506310991457,-0.12474506310991451
2024-12-29,5.401781660603444,5.3367915343836145,5.553464679264441,-0.06499012621982914,0.9726867770983847,0.9867816606034436,0.9659646792644407,0.020816981339002893,-0.03249506310991457,-0.12474506310991451
2024-12-30,5.570089319528545,5.533984412422715,5.9393623211669935,-0.036104907105830364,0.9378261534369751,1.1525893195285448,1.3643623211669933,-0.21177300163844848,-0.018052453552915182,-0.050902453552915006
2024-12-31,5.775932331743882,5.709461766221181,6.316986234710662,-0.06647056552270136,0.9143493617266745,1.3184323317438826,1.7919862347106612,-0.4735539029667786,-0.03323528276135068,-0.034385282761350666
2025-01-01,5.775932331743882,5.709461766221181,6.316986234710662,-0.06647056552270136,0.9143493617266745,1.3359323317438818,1.7919862347106612,-0.4560539029667794,-0.03323528276135068,-0.03938528276135056
2025-01-02,5.601031301001455,5.472670429767397,5.901639344262356,-0.12836087123405804,0.9490636371141257,1.1785313010014544,1.3591393442623554,-0.18060804326090096,-0.06418043561702902,-0.07393043561702939
2025-01-03,5.700155719979892,5.468803551017187,5.535547297794669,-0.23135216896270538,1.0297366119969389,1.352655719979892,0.9955472977946691,0.357108422185223,-0.11567608448135269,-0.1023760844813526
2025-01-04,5.700155719979892,5.468803551017187,5.535547297794669,-0.23135216896270538,1.0297366119969389,1.352655719979892,0.9955472977946691,0.357108422185223,-0.11567608448135269,-0.1023760844813526
2025-01-05,5.700155719979892,5.468803551017187,5.535547297794669,-0.23135216896270538,1.0297366119969389,1.352655719979892,0.9955472977946691,0.357108422185223,-0.11567608448135269,-0.1023760844813526
2025-01-06,5.669777703227834,5.383568412930936,5.422491762540363,-0.286209290296898,1.0456037466752408,1.3137777032278342,1.017491762540363,0.29628594068747116,-0.143104645148449,-0.1213046451484483
2025-01-07,5.70016520559132,5.358282889290456,5.769705413800081,-0.34188231630086374,0.9879473555023393,1.3581652055913205,1.5947054138000816,-0.2365402082087611,-0.17094115815043187,-0.14289115815043152
2025-01-08,5.913557038807262,5.454665910914494,5.7881832604201415,-0.45889112789276787,1.0216602987062335,1.6535570388072625,1.8731832604201415,-0.21962622161287904,-0.22944556394638393,-0.2589455639463836
2025-01-09,5.963824002942796,5.4612315917991054,5.499189974179561,-0.5025924111436906,1.0844913579899655,1.8108240029427964,1.8241899741795615,-0.013365971236765084,-0.2512962055718453,-0.31554620557184565
2025-01-10,6.202827980147934,5.58645050267187,5.2959080786156285,-0.616377477476064,1.1712491773024463,2.4778279801479335,2.4209080786156285,0.05691990153230497,-0.308188738738032,-0.43602873873803194
2025-01-11,6.202827980147934,5.58645050267187,5.2959080786156285,-0.616377477476064,1.1712491773024463,2.4778279801479335,2.4209080786156285,0.05691990153230497,-0.308188738738032,-0.43602873873803194
2025-01-12,6.202827980147934,5.58645050267187,5.2959080786156285,-0.616377477476064,1.1712491773024463,2.4778279801479335,2.4209080786156285,0.05691990153230497,-0.308188738738032,-0.43602873873803194
2025-01-13,6.2643399600347776,5.706430934682071,5.43256912814405,-0.5579090253527061,1.1531081910364736,2.9893399600347776,2.27656912814405,0.7127708318907278,-0.2789545126763531,-0.6781045126763532
2025-01-14,6.323942834286473,5.753564808278649,5.580608519664242,-0.5703780260078242,1.1331995089788083,2.4239428342864735,1.8286085196642423,0.5953343146222312,-0.2851890130039121,-0.676589013003912
2025-01-15,5.8596746371379425,5.472121255258252,5.3156118542720066,-0.38755338187969013,1.1023518642409318,2.7846746371379423,2.0151118542720066,0.7695627828659357,-0.19377669093984506,-0.648776690939846
2025-01-16,5.678264925315638,5.417005105333634,5.450529008254841,-0.261259819982004,1.0417823511655273,3.364264925315638,2.9505290082548408,0.41373591706079704,-0.130629909991002,-1.4765299099910019
2025-01-17,5.838199013031161,5.453546743706584,5.799112550477725,-0.38465226932457774,1.0067400765570962,3.4626990130311612,3.299112550477725,0.16358646255343645,-0.19232613466228887,-2.165356134662289
2025-01-18,5.838199013031161,5.453546743706584,5.799112550477725,-0.38465226932457774,1.0067400765570962,3.4626990130311612,3.299112550477725,0.16358646255343645,-0.19232613466228887,-2.165356134662289
2025-01-19,5.838199013031161,5.453546743706584,5.799112550477725,-0.38465226932457774,1.0067400765570962,3.4626990130311612,3.299112550477725,0.16358646255343645,-0.19232613466228887,-2.165356134662289
2025-01-20,5.838199013031161,5.453546743706584,5.799112550477725,-0.38465226932457774,1.0067400765570962,3.4716990130311616,3.299112550477725,0.1725864625534368,-0.19232613466228887,-2.0638261346622886
2025-01-21,5.838096033731242,5.475571441472731,5.827437884383965,-0.3625245922585112,1.0018289597519072,2.688096033731242,3.027437884383965,-0.33934185065272304,-0.1812622961292556,-1.8966622961292554
2025-01-22,5.835465561883766,5.4843990441644985,5.785184334922935,-0.3510665177192678,1.0086913785369471,2.5354655618837665,2.627184334922935,-0.09171877303916842,-0.1755332588596339,-1.2493732588596345
2025-01-23,5.936187819903781,5.538789908991205,6.084953347627969,-0.39739791091257537,0.9755519033219573,2.8611878199037806,2.9849533476279686,-0.12376552772418803,-0.19869895545628768,-1.5697289554562874
2025-01-24,6.082152979687691,5.670364910281175,6.05587490833393,-0.4117880694065157,1.004339269181006,2.8321529796876908,2.92837490833393,-0.09622192864623935,-0.20589403470325784,-1.5328240347032582
2025-01-25,6.082152979687691,5.670364910281175,6.05587490833393,-0.4117880694065157,1.004339269181006,2.8321529796876908,2.92837490833393,-0.09622192864623935,-0.20589403470325784,-1.5328240347032582
2025-01-26,6.082152979687691,5.670364910281175,6.05587490833393,-0.4117880694065157,1.004339269181006,2.8321529796876908,2.92837490833393,-0.09622192864623935,-0.20589403470325784,-1.5328240347032582
2025-01-27,6.194387914258915,5.775779083633846,6.267605406052155,-0.41860883062506904,0.9883181076264725,2.9443879142589147,3.117605406052155,-0.17321749179324053,-0.20930441531253452,-1.6120544153125347
2025-01-28,5.974920766156794,5.7043849127015855,6.191733526134876,-0.2705358534552085,0.9649835124423668,2.900420766156794,3.167233526134876,-0.26681275997808207,-0.13526792672760424,-1.818007926727605
2025-01-29,5.220960700827652,5.209584878590947,5.921754510376866,-0.011375822236704636,0.8816577404008908,2.5689607008276516,2.897254510376866,-0.3282938095492143,-0.005687911118352318,-1.7897679111183522
2025-01-30,4.798357319115939,4.902353617532805,5.7394455199177,0.10399629841686586,0.8360315125327202,2.723357319115939,3.6394455199177,-0.9160882008017608,0.05199814920843293,-2.1870018507915674
2025-01-31,4.88135593220339,4.941639344262287,5.597091707250107,0.060283412058896424,0.8721236291126694,2.39285593220339,4.347091707250107,-1.9542357750467172,0.030141706029448212,-2.1850582939705516
2025-02-01,4.88135593220339,4.941639344262287,5.597091707250107,0.060283412058896424,0.8721236291126694,2.39285593220339,4.347091707250107,-1.9542357750467172,0.030141706029448212,-2.1850582939705516
2025-02-02,4.88135593220339,4.941639344262287,5.597091707250107,0.060283412058896424,0.8721236291126694,2.39285593220339,4.347091707250107,-1.9542357750467172,0.030141706029448212,-2.1850582939705516
2025-02-03,5.146856863869888,4.823187101904917,5.3525905631105735,-0.3236697619649709,0.961563714464062,3.396856863869888,4.1025905631105735,-0.7057336992406853,-0.16183488098248544,-1.8129848809824853
2025-02-04,5.283128290904384,4.976519719673157,5.290064944284525,-0.30660857123122653,0.9986887394666797,5.019928290904383,7.290064944284525,-2.270136653380142,-0.15330428561561327,-2.308104285615614
2025-02-05,5.3571742429124845,5.028531276739236,5.207960483928771,-0.3286429661732484,1.028651092773106,4.6071742429124845,7.331960483928771,-2.724786241016287,-0.1643214830866242,-1.7232514830866235
2025-02-06,5.451161376648089,5.12882760129862,5.480894750540984,-0.3223337753494686,0.9945750876004396,3.3116613766480887,7.604894750540985,-4.293233373892896,-0.1611668876747343,-1.6561668876747344
2025-02-07,5.557368620002339,5.262751527730783,5.639146184758885,-0.2946170922715554,0.9854982364213984,3.6888686200023386,5.658146184758885,-1.9692775647565464,-0.1473085461357777,-1.6282085461357778
2025-02-08,5.557368620002339,5.262751527730783,5.639146184758885,-0.2946170922715554,0.9854982364213984,3.6888686200023386,5.658146184758885,-1.9692775647565464,-0.1473085461357777,-1.6282085461357778
2025-02-09,5.557368620002339,5.262751527730783,5.639146184758885,-0.2946170922715554,0.9854982364213984,3.6888686200023386,5.658146184758885,-1.9692775647565464,-0.1473085461357777,-1.6282085461357778
2025-02-10,5.593497587934144,5.319600622128476,5.667143133205571,-0.273896965805668,0.9870048199700631,3.9034975879341443,5.667143133205571,-1.763645545271427,-0.136948482902834,-1.6259384829028338
2025-02-11,5.80499516250405,5.443611275397082,5.733292352262734,-0.36138388710696834,1.0125063935058216,4.65999516250405,5.733292352262734,-1.0732971897586845,-0.18069194355348417,-1.718631943553484
2025-02-12,5.771057095385122,5.45086025411603,5.634323973628528,-0.32019684126909187,1.024267884203424,4.606057095385122,5.634323973628528,-1.0282668782434063,-0.16009842063454593,-1.2359984206345453
2025-02-13,5.759052035175736,5.399917849116219,5.662515290895194,-0.3591341860595163,1.017048385623923,4.759052035175736,6.205515290895194,-1.4464632557194586,-0.17956709302975815,-1.2196970930297577
2025-02-14,5.805728950288523,5.43226705594524,5.783983773710168,-0.3734618943432828,1.0037595500660277,4.933428950288523,6.326983773710168,-1.3935548234216455,-0.1867309471716414,-2.273930947171642
2025-02-15,5.805728950288523,5.43226705594524,5.783983773710168,-0.3734618943432828,1.0037595500660277,4.933428950288523,6.326983773710168,-1.3935548234216455,-0.1867309471716414,-2.273930947171642
2025-02-16,5.805728950288523,5.43226705594524,5.783983773710168,-0.3734618943432828,1.0037595500660277,4.933428950288523,6.326983773710168,-1.3935548234216455,-0.1867309471716414,-2.273930947171642
2025-02-17,5.805728950288523,5.43226705594524,5.783983773710168,-0.3734618943432828,1.0037595500660277,4.933428950288523,6.326983773710168,-1.3935548234216455,-0.1867309471716414,-2.0357809471716424
2025-02-18,5.752021656292604,5.383319713823543,5.305162266738722,-0.3687019424690616,1.0842310502650436,3.1270216562926043,5.848162266738722,-2.7211406104461178,-0.1843509712345308,-1.973640971234531
2025-02-19,5.714948747300553,5.366771243888273,5.411726300007444,-0.3481775034122796,1.0560306324606055,3.0149487473005525,5.954726300007444,-2.9397775527068912,-0.1740887517061398,-1.220868751706139
2025-02-20,5.6143601940028045,5.2605864727618235,5.657367943344164,-0.35377372124098105,0.9923979225371123,2.4393601940028047,6.2003679433441645,-3.76100774934136,-0.17688686062049053,-0.40008686062049037
2025-02-21,5.681857313066895,5.27574423298541,5.827985054615023,-0.40611308008148495,0.9749265414755288,2.644357313066895,6.370985054615023,-3.726627741548128,-0.20305654004074247,-0.5040765400407419
2025-02-22,5.681857313066895,5.27574423298541,5.827985054615023,-0.40611308008148495,0.9749265414755288,2.644357313066895,6.370985054615023,-3.726627741548128,-0.20305654004074247,-0.5040765400407419
2025-02-23,5.681857313066895,5.27574423298541,5.827985054615023,-0.40611308008148495,0.9749265414755288,2.644357313066895,6.370985054615023,-3.726627741548128,-0.20305654004074247,-0.5040765400407419
2025-02-24,5.745048870666636,5.327647558687109,5.919197820978928,-0.41740131197952746,0.9705789609370598,2.9450488706666365,4.133697820978928,-1.1886489503122917,-0.20870065598976373,-0.49482065598976366
2025-02-25,5.853345814277054,5.3985805979101755,5.5444924399372315,-0.4547652163668783,1.055704535209596,2.635345814277054,3.6104924399372313,-0.9751466256601775,-0.22738260818343914,-0.460282608183439
2025-02-26,5.892239340124753,5.447326290257791,5.541016117103066,-0.4449130498669627,1.0633860677534561,2.167239340124753,3.329516117103066,-1.1622767769783127,-0.22245652493348134,-0.20315652493348146
2025-02-27,5.899632502058726,5.47184006331165,5.734431487616916,-0.4277924387470753,1.0288086124663882,1.9516325020587257,3.5634314876169157,-1.61179898555819,-0.21389621937353764,-0.18649621937353755
2025-02-28,5.9121214555385775,5.500738093388229,5.236407631124126,-0.41138336215034865,1.1290414864568885,2.0421214555385774,3.147107631124126,-1.1049861755855486,-0.20569168107517433,-0.1819516810751738
2025-03-01,5.9121214555385775,5.500738093388229,5.236407631124126,-0.41138336215034865,1.1290414864568885,2.0421214555385774,3.147107631124126,-1.1049861755855486,-0.20569168107517433,-0.1819516810751738
2025-03-02,5.9121214555385775,5.500738093388229,5.236407631124126,-0.41138336215034865,1.1290414864568885,2.0421214555385774,3.147107631124126,-1.1049861755855486,-0.20569168107517433,-0.1819516810751738
2025-03-03,5.910090211252405,5.5027177367996565,5.406639572583211,-0.4073724744527487,1.0931171075693977,2.035090211252405,3.5316395725832113,-1.496549361330806,-0.20368623722637436,-0.3891262372263746
2025-03-04,5.891522173874244,5.46597768480089,5.358333489432374,-0.42554448907335374,1.0995064389876847,1.984522173874244,3.4833334894323738,-1.4988113155581297,-0.21277224453667687,-0.18877224453667685
2025-03-05,5.922355966959018,5.445805273242719,5.307806255176479,-0.4765506937162991,1.115782242651226,2.092355966959018,6.057806255176479,-3.965450288217461,-0.23827534685814955,-0.2796153468581495
2025-03-06,5.962839970486934,5.464854309762488,5.346136786751487,-0.4979856607244457,1.1153549204471775,2.2028399704869344,5.741136786751487,-3.5382968162645527,-0.24899283036222286,-0.3844828303622232
2025-03-07,6.030294552668856,5.488295742407914,5.414348022259022,-0.5419988102609423,1.1137619022415268,2.405294552668856,5.729348022259022,-3.324053469590166,-0.27099940513047116,-0.3729994051304715
2025-03-08,6.030294552668856,5.488295742407914,5.414348022259022,-0.5419988102609423,1.1137619022415268,2.405294552668856,5.729348022259022,-3.324053469590166,-0.27099940513047116,-0.3729994051304715
2025-03-09,6.030294552668856,5.488295742407914,5.414348022259022,-0.5419988102609423,1.1137619022415268,2.405294552668856,5.729348022259022,-3.324053469590166,-0.27099940513047116,-0.3729994051304715
2025-03-10,5.913555463842295,5.33292925500698,5.333790246581914,-0.5806262088353149,1.1086966660587967,2.149555463842295,5.701790246581914,-3.552234782739619,-0.29031310441765745,-0.3573131044176572
2025-03-11,5.870027290172327,5.344187088080317,5.216702349741601,-0.5258402020920103,1.1252371511023793,1.9255272901723273,6.216702349741601,-4.291175059569273,-0.26292010104600516,-0.3162501010460055
2025-03-12,5.797728302807066,5.287202344527073,5.124560139492186,-0.5105259582799926,1.1313611597856255,1.8547283028070658,5.749560139492186,-3.89483183668512,-0.2552629791399963,-0.2802129791399959
2025-03-13,5.752274817309142,5.267735449196076,5.126475032327217,-0.4845393681130661,1.1220721413906578,1.7422748173091422,5.551475032327216,-3.809200215018074,-0.24226968405653304,-0.25006968405653307
2025-03-14,5.652164827698808,5.201371518967645,5.090427454029229,-0.4507933087311633,1.1103517098991258,1.6471648276988082,5.536427454029229,-3.889262626330421,-0.22539665436558165,-0.2182866543655808
2025-03-15,5.652164827698808,5.201371518967645,5.090427454029229,-0.4507933087311633,1.1103517098991258,1.6471648276988082,5.536427454029229,-3.889262626330421,-0.22539665436558165,-0.2182866543655808
2025-03-16,5.652164827698808,5.201371518967645,5.090427454029229,-0.4507933087311633,1.1103517098991258,1.6471648276988082,5.536427454029229,-3.889262626330421,-0.22539665436558165,-0.2182866543655808
2025-03-17,5.683359090752758,5.1927201575376065,5.212185849689459,-0.49063893321515106,1.0903983961146302,1.6983590907527577,5.763385849689459,-4.0650267589367015,-0.24531946660757553,-0.22306946660757587
2025-03-18,5.638569689510771,5.1819840335373,5.152789823240134,-0.45658565597347067,1.0942751175449987,1.6385696895107706,5.688789823240135,-4.050220133729364,-0.22829282798673534,-0.18821282798673522
2025-03-19,5.597701175049118,5.161896835373467,5.314149738438199,-0.43580433967565124,1.0533578183843675,1.545201175049118,5.499149738438199,-3.9539485633890807,-0.21790216983782562,-0.18165216983782573
2025-03-20,5.51273441650212,5.0896258882608985,5.330244119586177,-0.42310852824122147,1.0342367615481955,1.4087344165021198,5.5152441195861766,-4.106509703084057,-0.21155426412061074,-0.18551426412061067
2025-03-21,5.45262999642101,5.029695277512216,5.287259760134725,-0.4229347189087935,1.0312771158952991,1.2971299964210097,5.472259760134724,-4.175129763713715,-0.21146735945439676,-0.19577735945439745
2025-03-22,5.45262999642101,5.029695277512216,5.287259760134725,-0.4229347189087935,1.0312771158952991,1.2971299964210097,5.472259760134724,-4.175129763713715,-0.21146735945439676,-0.19577735945439745
2025-03-23,5.45262999642101,5.029695277512216,5.287259760134725,-0.4229347189087935,1.0312771158952991,1.2971299964210097,5.472259760134724,-4.175129763713715,-0.21146735945439676,-0.19577735945439745
2025-03-24,5.746389958655687,5.186146790786273,5.363522752333956,-0.5602431678694142,1.0713835335470752,1.746389958655687,5.548522752333955,-3.8021327936782683,-0.2801215839347071,-0.3471915839347064
2025-03-25,5.726829557923953,5.207500925073649,5.3169477229145174,-0.5193286328503035,1.0770896868598054,1.7268295579239528,6.0669477229145174,-4.340118164990565,-0.25966431642515175,-0.31091431642515177
2025-03-26,6.015897716280476,5.320750111865924,5.31150990016009,-0.6951476044145517,1.1326153634956335,1.931897716280476,6.06150990016009,-4.129612183879614,-0.34757380220727585,-0.3827438022072758
2025-03-27,5.960165892391449,5.282748057261923,5.315731359310492,-0.6774178351295257,1.1212315840514082,1.7901658923914487,5.940731359310492,-4.150565466919043,-0.33870891756476285,-0.35049891756476237
2025-03-28,5.495775753898231,5.0574553914057345,5.322900999880396,-0.4383203624924965,1.0324775444859333,1.3282757538982306,5.947900999880396,-4.619625245982165,-0.21916018124624825,-0.2683301812462493
2025-03-29,5.495775753898231,5.0574553914057345,5.322900999880396,-0.4383203624924965,1.0324775444859333,1.3282757538982306,5.947900999880396,-4.619625245982165,-0.21916018124624825,-0.2683301812462493
2025-03-30,5.495775753898231,5.0574553914057345,5.322900999880396,-0.4383203624924965,1.0324775444859333,1.3282757538982306,5.947900999880396,-4.619625245982165,-0.21916018124624825,-0.2683301812462493
2025-03-31,5.373274310538347,4.951420226068626,5.5075828730655685,-0.4218540844697216,0.9756138826010141,1.2182743105383471,6.1325828730655685,-4.914308562527221,-0.2109270422348608,-0.21387704223486104
2025-04-01,4.906957449330366,4.614759309245135,5.607666869420594,-0.2921981400852314,0.8750443925420577,0.8594574493303657,6.232666869420594,-5.3732094200902285,-0.1460990700426157,-0.18112907004261558
2025-04-02,5.029822414507542,4.697154679913148,5.518416010219256,-0.332667734594394,0.9114612608388143,1.0523224145075423,6.143416010219256,-5.091093595711714,-0.166333867297197,-0.2404138672971965
2025-04-03,5.101522801298581,4.735755055699508,5.704118102524482,-0.3657677455990731,0.894357849820955,0.996522801298581,6.329118102524482,-5.332595301225901,-0.18288387279953655,-0.3428838727995367
2025-04-04,5.005343723721126,4.666249728612212,5.754249788281748,-0.3390939951089136,0.869851658840787,0.9603437237211256,6.379249788281748,-5.418906064560622,-0.1695469975544568,-0.2255169975544571
2025-04-05,5.005343723721126,4.666249728612212,5.754249788281748,-0.3390939951089136,0.869851658840787,0.9603437237211256,6.379249788281748,-5.418906064560622,-0.1695469975544568,-0.2255169975544571
2025-04-06,5.005343723721126,4.666249728612212,5.754249788281748,-0.3390939951089136,0.869851658840787,0.9603437237211256,6.379249788281748,-5.418906064560622,-0.1695469975544568,-0.2255169975544571
2025-04-07,5.006771453194913,4.733457706505803,5.721424441978358,-0.27331374668911046,0.875091771982515,1.056771453194913,6.346424441978358,-5.289652988783445,-0.13665687334455523,-0.19665687334455573
2025-04-08,5.10141036992027,4.815731389204754,5.467057938665104,-0.2856789807155158,0.9331180366392614,1.0939103699202697,6.092057938665104,-4.998147568744835,-0.1428394903577579,-0.2664294903577571
2025-04-09,5.112155900940367,4.839137281373739,5.530058238088953,-0.27301861956662776,0.9244307529583987,0.9481559009403675,6.155058238088953,-5.206902337148586,-0.13650930978331388,-0.14850930978331256
2025-04-10,5.050340716638475,4.791889695734602,5.564145160232974,-0.2584510209038733,0.9076579728245289,0.8603407166384747,6.189145160232974,-5.3288044435945,-0.12922551045193664,-0.17147551045193676
2025-04-11,5.171565375377289,4.920154849975185,5.529897097882934,-0.25141052540210485,0.9352010143836441,0.8590653753772894,3.7098970978829335,-2.850831722505644,-0.12570526270105242,-0.1017652627010528
2025-04-12,5.171565375377289,4.920154849975185,5.529897097882934,-0.25141052540210485,0.9352010143836441,0.8590653753772894,3.7098970978829335,-2.850831722505644,-0.12570526270105242,-0.1017652627010528
2025-04-13,5.171565375377289,4.920154849975185,5.529897097882934,-0.25141052540210485,0.9352010143836441,0.8590653753772894,3.7098970978829335,-2.850831722505644,-0.12570526270105242,-0.1017652627010528
2025-04-14,5.068512653157235,4.8108704941914295,5.595796934746786,-0.25764215896580556,0.9057713695228273,0.7185126531572354,3.2207969347467857,-2.5022842815895503,-0.12882107948290278,-0.15262107948290238
2025-04-15,5.102948160825492,4.844574946221964,5.555000032993003,-0.25837321460352847,0.9186225257457024,0.6584481608254924,2.7400000329930028,-2.0815518721675104,-0.12918660730176423,-0.09696660730176365
2025-04-16,5.233045782566205,4.902748439232953,5.565220849198223,-0.33029734333325234,0.9403123298009146,0.7820457825662057,2.750220849198223,-1.9681750666320172,-0.16514867166662617,-0.1359886716666252
2025-04-17,5.261346114283003,4.929262521646784,5.634457027167617,-0.3320835926362191,0.9337805025248063,0.8018461142830029,2.562457027167617,-1.760610912884614,-0.16604179631810956,-0.13979179631810945
2025-04-18,5.261346114283003,4.929262521646784,5.634457027167617,-0.3320835926362191,0.9337805025248063,0.8363461142830033,2.562457027167617,-1.7261109128846135,-0.16604179631810956,-0.15179179631810902
2025-04-19,5.261346114283003,4.929262521646784,5.634457027167617,-0.3320835926362191,0.9337805025248063,0.8363461142830033,2.562457027167617,-1.7261109128846135,-0.16604179631810956,-0.15179179631810902
2025-04-20,5.261346114283003,4.929262521646784,5.634457027167617,-0.3320835926362191,0.9337805025248063,0.8363461142830033,2.562457027167617,-1.7261109128846135,-0.16604179631810956,-0.15179179631810902
2025-04-21,5.2193869447040395,4.884578734996513,5.64376813771278,-0.33480820970752667,0.924805345887096,0.7593869447040396,2.5712681377127806,-1.811881193008741,-0.16740410485376334,-0.14893410485376357
2025-04-22,5.228392730214291,4.901636467715049,5.524099431796949,-0.3267562624992424,0.9464696996798143,0.9483927302142909,2.724099431796949,-1.7757067015826582,-0.1633781312496212,-0.1955481312496219
2025-04-23,5.2790839708796256,4.953715062349443,5.559120138274363,-0.32536890853018274,0.9496258112022625,0.9605839708796253,3.2441201382743627,-2.2835361673947374,-0.16268445426509137,-0.19863445426509108
2025-04-24,5.338937496773286,4.987648373727011,5.6544972972813925,-0.3512891230462749,0.9441931291292998,0.9714374967732864,3.1544972972813925,-2.183059800508106,-0.17564456152313745,-0.17094456152313775
2025-04-25,5.327698689040758,4.9740957364325595,5.685311455545106,-0.3536029526081981,0.9370988257546462,0.9461986890407577,2.935311455545106,-1.9891127665043484,-0.17680147630409904,-0.15844147630409866
2025-04-26,5.327698689040758,4.9740957364325595,5.685311455545106,-0.3536029526081981,0.9370988257546462,0.9461986890407577,2.935311455545106,-1.9891127665043484,-0.17680147630409904,-0.15844147630409866
2025-04-27,5.327698689040758,4.9740957364325595,5.685311455545106,-0.3536029526081981,0.9370988257546462,0.9461986890407577,2.935311455545106,-1.9891127665043484,-0.17680147630409904,-0.15844147630409866
2025-04-28,5.303919766822012,4.953731384944031,5.650410643196055,-0.35018838187798096,0.9386786380223056,0.9259197668220116,2.5994106431960544,-1.6734908763740428,-0.17509419093899048,-0.12928419093899013
2025-04-29,5.289746311820495,4.948128739864754,5.356258698624225,-0.34161757195574083,0.9875823050106198,0.8797463118204947,2.2332586986242244,-1.3535123868037298,-0.17080878597787041,-0.1387587859778705
2025-04-30,5.294471801371551,4.9430741396912286,5.388051044375908,-0.3513976616803225,0.9826320793486105,0.8444718013715509,1.6225510443759084,-0.7780792430043575,-0.17569883084016125,-0.16539883084016038
2025-05-01,5.321135470133644,4.972674203858292,5.234753553073767,-0.34846126627535234,1.0165016205985773,0.8591354701336442,1.2427535530737668,-0.38361808294012256,-0.17423063313767617,-0.1793206331376771
2025-05-02,5.342957345704008,4.9858143875924545,5.305419913314302,-0.3571429581115533,1.0070752990343899,0.8574573457040078,1.3074199133143019,-0.4499625676102941,-0.17857147905577664,-0.16909147905577582
2025-05-03,5.342957345704008,4.9858143875924545,5.305419913314302,-0.3571429581115533,1.0070752990343899,0.8574573457040078,1.3074199133143019,-0.4499625676102941,-0.17857147905577664,-0.16909147905577582
2025-05-04,5.342957345704008,4.9858143875924545,5.305419913314302,-0.3571429581115533,1.0070752990343899,0.8574573457040078,1.3074199133143019,-0.4499625676102941,-0.17857147905577664,-0.16909147905577582
2025-05-05,5.289372228857127,4.956076745174043,5.397508422879616,-0.33329548368308437,0.9799655349190178,0.8003722288571273,1.3980084228796161,-0.5976361940224888,-0.16664774184154219,-0.1588477418415435
2025-05-06,5.22319916492192,4.9312517601350105,5.4276482989980455,-0.2919474047869093,0.9623319119417028,0.7181991649219199,1.5026482989980456,-0.7844491340761257,-0.14597370239345464,-0.10136370239345416
2025-05-07,5.270782187474497,4.976175159819013,5.597297539158835,-0.2946070276554842,0.941665536019833,0.7537821874744965,1.682297539158835,-0.9285153516843385,-0.1473035138277421,-0.077553513827743
2025-05-08,5.296994678396718,5.025140578977137,5.590969609029268,-0.2718540994195813,0.9474196872474877,0.7819946783967184,1.7159696090292682,-0.9339749306325498,-0.13592704970979064,-0.08039704970979056
2025-05-09,5.218554861730581,4.959212487253886,5.540519406261878,-0.25934237447669517,0.9418891044461619,0.696554861730581,1.590519406261878,-0.8939645445312969,-0.12967118723834758,-0.0932411872383474
2025-05-10,5.218554861730581,4.959212487253886,5.540519406261878,-0.25934237447669517,0.9418891044461619,0.696554861730581,1.590519406261878,-0.8939645445312969,-0.12967118723834758,-0.0932411872383474
2025-05-11,5.218554861730581,4.959212487253886,5.540519406261878,-0.25934237447669517,0.9418891044461619,0.696554861730581,1.590519406261878,-0.8939645445312969,-0.12967118723834758,-0.0932411872383474
2025-05-12,5.311574569970369,5.055152660125558,5.589769977246918,-0.2564219098448106,0.9502313318063285,0.781074569970369,1.6367699772469178,-0.8556954072765488,-0.1282109549224053,-0.10368095492240581
2025-05-13,5.279192903462143,5.060676634574309,5.527215095834691,-0.21851626888783482,0.9551270960018442,0.7486929034621435,1.5892150958346911,-0.8405221923725477,-0.10925813444391741,-0.07455813444391746
2025-05-14,5.301162034706309,5.081077690305145,5.5480212057699365,-0.22008434440116353,0.9555050058556203,0.7511620347063088,1.6720212057699366,-0.9208591710636278,-0.11004217220058177,-0.06060217220058206
2025-05-15,5.200415613013436,4.9933290181107175,5.435720448662676,-0.20708659490271852,0.9567113802353227,0.653915613013436,1.5627204486626756,-0.9088048356492395,-0.10354329745135926,-0.07837329745135913
2025-05-16,5.20726975699413,5.018022911317427,5.526972619495146,-0.1892468456767027,0.9421558808933961,0.6722697569941296,1.6559726194951456,-0.983702862501016,-0.09462342283835135,-0.06609342283835051
2025-05-17,5.20726975699413,5.018022911317427,5.526972619495146,-0.1892468456767027,0.9421558808933961,0.6722697569941296,1.6559726194951456,-0.983702862501016,-0.09462342283835135,-0.06609342283835051
2025-05-18,5.20726975699413,5.018022911317427,5.526972619495146,-0.1892468456767027,0.9421558808933961,0.6722697569941296,1.6559726194951456,-0.983702862501016,-0.09462342283835135,-0.06609342283835051
2025-05-19,5.264799385668587,5.055679908336659,5.464648975983518,-0.20911947733192804,0.9634286500023612,0.7057993856685867,1.5781489759835186,-0.8723495903149319,-0.10455973866596402,-0.08982973866596389
2025-05-20,5.201469208643934,4.977026421362293,5.408146019942575,-0.22444278728164058,0.9617841658608108,0.6319692086439339,1.3831460199425747,-0.7511768112986408,-0.11222139364082029,-0.08482139364082109
2025-05-21,5.229761146619009,5.0315772287734974,5.437520646499807,-0.19818391784551181,0.961791501423625,0.6647611466190089,1.3750206464998067,-0.7102594998807978,-0.09909195892275591,-0.07609195892275533
2025-05-22,5.296160078187271,5.077738252195312,5.525180878610354,-0.21842182599195947,0.9585496284276065,0.7301600781872715,1.4751808786103542,-0.7450208004230827,-0.10921091299597974,-0.07859091299597987
2025-05-23,5.2028832392832465,5.005995700240307,5.408387390379916,-0.19688753904293943,0.9620026939153421,0.6578832392832465,1.3698873903799162,-0.7120041510966697,-0.09844376952146972,-0.08303376952146957
2025-05-24,5.2028832392832465,5.005995700240307,5.408387390379916,-0.19688753904293943,0.9620026939153421,0.6578832392832465,1.3698873903799162,-0.7120041510966697,-0.09844376952146972,-0.08303376952146957
2025-05-25,5.2028832392832465,5.005995700240307,5.408387390379916,-0.19688753904293943,0.9620026939153421,0.6578832392832465,1.3698873903799162,-0.7120041510966697,-0.09844376952146972,-0.08303376952146957
2025-05-26,5.2028832392832465,5.005995700240307,5.408387390379916,-0.19688753904293943,0.9620026939153421,0.6578832392832465,1.3698873903799162,-0.7120041510966697,-0.09844376952146972,-0.08303376952146957
2025-05-27,5.158080479202331,5.051548644873647,5.492204367089925,-0.10653183432868385,0.9391639739610361,0.607080479202331,1.4537043670899248,-0.8466238878875938,-0.053265917164341925,-0.03791591716434217
2025-05-28,5.092616169519302,4.961468021368352,5.463821708952164,-0.13114814815094977,0.9320611910112911,0.5376161695193025,1.4263217089521643,-0.8887055394328618,-0.06557407407547489,-0.05697407407547539
2025-05-29,4.92977069514982,4.821513557912304,5.35019813096209,-0.10825713723751562,0.9214183427377731,0.3717706951498201,1.2671981309620897,-0.8954274358122696,-0.05412856861875781,-0.03212856861875757
2025-05-30,4.916382840896266,4.817994356576427,5.449756274788816,-0.09838848431983926,0.9021289380664608,0.3718828408962658,1.3277562747888165,-0.9558734338925508,-0.04919424215991963,-0.026044242159918518
2025-05-31,4.916382840896266,4.817994356576427,5.449756274788816,-0.09838848431983926,0.9021289380664608,0.3718828408962658,1.3277562747888165,-0.9558734338925508,-0.04919424215991963,-0.026044242159918518
2025-06-01,4.916382840896266,4.817994356576427,5.449756274788816,-0.09838848431983926,0.9021289380664608,0.3718828408962658,1.3277562747888165,-0.9558734338925508,-0.04919424215991963,-0.026044242159918518
2025-06-02,4.957222997204144,4.794691095656428,5.307290815154845,-0.16253190154771602,0.9340402042882047,0.380222997204144,1.1552908151548449,-0.7750678179507009,-0.08126595077385801,-0.03424595077385817
2025-06-03,5.004795509536112,4.893130249010816,5.401841226954489,-0.1116652605252959,0.926498077093201,0.3847955095361115,1.1213412269544891,-0.7365457174183776,-0.05583263026264795,-0.0081326302626481
2025-06-04,5.026107837935944,4.878679264937966,5.4335688952310255,-0.1474285729979785,0.9250104185385954,0.4061078379359442,1.1540688952310258,-0.7479610572950817,-0.07371428649898926,-0.034994286498988725
2025-06-05,5.025839786793544,4.869801064789361,5.373368038624525,-0.15603872200418234,0.9353239440639652,0.4298397867935435,1.433368038624525,-1.0035282518309816,-0.07801936100209117,-0.047919361002091154
2025-06-06,5.08687288996575,4.946542269962263,5.291046092977039,-0.1403306200034864,0.9614115622084082,0.49237288996574957,1.4415460929770392,-0.9491732030112896,-0.0701653100017432,-0.03459531000174332
2025-06-07,5.08687288996575,4.946542269962263,5.291046092977039,-0.1403306200034864,0.9614115622084082,0.49237288996574957,1.4415460929770392,-0.9491732030112896,-0.0701653100017432,-0.03459531000174332
2025-06-08,5.08687288996575,4.946542269962263,5.291046092977039,-0.1403306200034864,0.9614115622084082,0.49237288996574957,1.4415460929770392,-0.9491732030112896,-0.0701653100017432,-0.03459531000174332
2025-06-09,5.037913176325412,4.899122350523246,5.276767431955373,-0.1387908258021655,0.9547347388889089,0.4889131763254113,1.5067674319553732,-1.017854255629962,-0.06939541290108275,-0.036615412901082944
2025-06-10,5.073491614645754,4.942450847620514,5.315050989592673,-0.13104076702523937,0.95455182360058,0.5314916146457538,1.4715509895926728,-0.940059374946919,-0.06552038351261968,-0.02491038351261965
2025-06-11,5.054788083636212,4.924357379696701,5.354621616233139,-0.13043070393951073,0.9440047207653389,0.5447880836362122,1.9296216162331392,-1.384833532596927,-0.06521535196975536,-0.023955351969755956
2025-06-12,4.931713207426861,4.778690451870031,5.268304580633619,-0.15302275555682954,0.93611011511292,0.4547132074268605,2.243304580633619,-1.7885913732067587,-0.07651137777841477,-0.0388113777784147
2025-06-13,4.895069194640328,4.768759780610439,5.324543267550682,-0.1263094140298895,0.9193406736822491,0.4190691946403282,2.2995432675506824,-1.8804740729103542,-0.06315470701494474,-0.01577470701494521
2025-06-14,4.895069194640328,4.768759780610439,5.324543267550682,-0.1263094140298895,0.9193406736822491,0.4190691946403282,2.2995432675506824,-1.8804740729103542,-0.06315470701494474,-0.01577470701494521
2025-06-15,4.895069194640328,4.768759780610439,5.324543267550682,-0.1263094140298895,0.9193406736822491,0.4190691946403282,2.2995432675506824,-1.8804740729103542,-0.06315470701494474,-0.01577470701494521
2025-06-16,4.945920731353445,4.801029285415139,5.3109572676636585,-0.14489144593830527,0.9312672804707395,0.4359207313534448,2.3359572676636584,-1.9000365363102136,-0.07244572296915264,-0.026295722969152724
2025-06-17,4.961018789883508,4.824346348225789,5.242230313064377,-0.1366724416577192,0.9463565111818818,0.4350187898835083,2.2422303130643773,-1.807211523180869,-0.0683362208288596,-0.044486220828859224
2025-06-18,4.9413684944988825,4.805331175824615,5.3559699301814385,-0.13603731867426738,0.9225907835392737,0.4095684944988829,2.4309699301814387,-2.021401435682556,-0.06801865933713369,-0.026468659337133715
2025-06-19,4.9413684944988825,4.805331175824615,5.3559699301814385,-0.13603731867426738,0.9225907835392737,0.4153684944988827,2.4309699301814387,-2.015601435682556,-0.06801865933713369,-0.02481865933713312
2025-06-20,4.956038933440397,4.819692467402694,5.374511216697694,-0.13634646603770317,0.9221376109594536,0.4275389334403972,2.3933112166976938,-1.9657722832572966,-0.06817323301885159,-0.03755323301885172
2025-06-21,4.956038933440397,4.819692467402694,5.374511216697694,-0.13634646603770317,0.9221376109594536,0.4275389334403972,2.3933112166976938,-1.9657722832572966,-0.06817323301885159,-0.03755323301885172
2025-06-22,4.956038933440397,4.819692467402694,5.374511216697694,-0.13634646603770317,0.9221376109594536,0.4275389334403972,2.3933112166976938,-1.9657722832572966,-0.06817323301885159,-0.03755323301885172
2025-06-23,4.94246274431492,4.7977981119775786,5.5612761941952895,-0.14466463233734128,0.8887281573020469,0.4156627443149201,2.5687761941952894,-2.1531134498803692,-0.07233231616867064,-0.049312316168669934
2025-06-24,5.033042687827815,4.88572680349257,5.5329933402212985,-0.1473158843352449,0.9096419204485275,0.48304268782781534,2.8329933402212983,-2.349950652393483,-0.07365794216762245,0.00596205783237691
2025-06-25,5.055695287384285,4.889934786158531,5.393207010624435,-0.16576050122575392,0.9374191047042579,0.5206952873842852,2.725707010624435,-2.20501172324015,-0.08288025061287696,-0.04033025061287754
2025-06-26,5.048295972298127,4.882778071567081,5.370845021014279,-0.16551790073104566,0.9399444505558943,0.5077959722981271,2.6653450210142795,-2.1575490487161524,-0.08275895036552283,-0.04237895036552386
2025-06-27,5.141043592667723,4.9455579734282145,5.453411498291576,-0.19548561923950825,0.9427206427166351,0.6010435926677227,2.740411498291576,-2.1393679056238533,-0.09774280961975412,-0.028052809619754537
2025-06-28,5.141043592667723,4.9455579734282145,5.453411498291576,-0.19548561923950825,0.9427206427166351,0.6010435926677227,2.740411498291576,-2.1393679056238533,-0.09774280961975412,-0.028052809619754537
2025-06-29,5.141043592667723,4.9455579734282145,5.453411498291576,-0.19548561923950825,0.9427206427166351,0.6010435926677227,2.740411498291576,-2.1393679056238533,-0.09774280961975412,-0.028052809619754537
2025-06-30,5.109802858558637,4.924426214639785,5.2675571520806,-0.18537664391885222,0.9700517167697644,0.5568028585586369,2.4685571520806,-1.911754293521963,-0.09268832195942611,-0.04333832195942655
2025-07-01,5.045583293108283,4.871345389839741,7.2155109162753055,-0.17423790326854238,0.6992690263592376,0.5135832931082831,4.479510916275306,-3.9659276231670226,-0.08711895163427119,-0.059788951634272
2025-07-02,5.048876942705268,4.8745570081637855,7.150677997649477,-0.17431993454148298,0.7060696823944389,0.5280769427052681,4.393177997649477,-3.8651010549442093,-0.08715996727074149,-0.06331996727074252
2025-07-03,5.110755859496803,4.934362968444507,7.240982368782585,-0.17639289105229583,0.705809736746544,0.5567558594968025,4.190982368782585,-3.6342265092857824,-0.08819644552614792,-0.0647464455261475
2025-07-04,5.110755859496803,4.934362968444507,7.240982368782585,-0.17639289105229583,0.705809736746544,0.5657558594968028,4.190982368782585,-3.625226509285782,-0.08819644552614792,-0.29419644552614743
2025-07-05,5.110755859496803,4.934362968444507,7.240982368782585,-0.17639289105229583,0.705809736746544,0.5657558594968028,4.190982368782585,-3.625226509285782,-0.08819644552614792,-0.29419644552614743
2025-07-06,5.110755859496803,4.934362968444507,7.240982368782585,-0.17639289105229583,0.705809736746544,0.5657558594968028,4.190982368782585,-3.625226509285782,-0.08819644552614792,-0.29419644552614743
2025-07-07,5.092655502440797,4.934510580116371,7.3082841435287,-0.15814492232442579,0.6968332651584455,0.5776555024407974,4.233284143528699,-3.655628641087902,-0.07907246116221289,-0.053112461162212465
2025-07-08,5.114025706052824,4.955249049947372,7.355168357430466,-0.15877665610545222,0.695296892950988,0.6240257060528238,4.225168357430466,-3.601142651377642,-0.07938832805272611,-0.057988328052726246
2025-07-09,5.052592898810344,4.913590119507769,7.427397591331994,-0.13900277930257499,0.6802642293859263,0.5725928988103437,4.778397591331994,-4.20580469252165,-0.06950138965128749,-0.028831389651287065
2025-07-10,5.063799490664196,4.90664605553276,7.261365658802875,-0.15715343513143587,0.6973618639526032,0.6987994906641957,4.662865658802875,-3.9640661681386797,-0.07857671756571794,-0.037276717565718265
2025-07-11,5.006146838912497,4.8683261534862865,7.074998264075176,-0.1378206854262105,0.7075827656852276,0.661646838912497,8.449998264075177,-7.78835142516268,-0.06891034271310525,-0.06951034271310474
2025-07-12,5.006146838912497,4.8683261534862865,7.074998264075176,-0.1378206854262105,0.7075827656852276,0.661646838912497,8.449998264075177,-7.78835142516268,-0.06891034271310525,-0.06951034271310474
2025-07-13,5.006146838912497,4.8683261534862865,7.074998264075176,-0.1378206854262105,0.7075827656852276,0.661646838912497,8.449998264075177,-7.78835142516268,-0.06891034271310525,-0.06951034271310474
2025-07-14,5.067943441266821,4.936919578868486,7.190061872107304,-0.13102386239833486,0.7048539402598325,0.6994434412668209,7.565061872107304,-6.865618430840483,-0.06551193119916743,-0.08283193119916721
2025-07-15,5.101965658752474,4.970062204386709,7.402213609439482,-0.1319034543657649,0.6892486393862404,0.671965658752474,7.467213609439482,-6.795247950687008,-0.06595172718288245,-0.012151727182882599
2025-07-16,5.049778769434339,4.9281350244576565,7.384983780301413,-0.12164374497668273,0.6837900961819359,0.5727787694343389,5.882983780301413,-5.310205010867074,-0.060821872488341366,-0.019521872488341696
2025-07-17,5.07061006917365,4.939643728196104,7.33410001271151,-0.13096634097754656,0.6913745463499592,0.5756100691736501,5.8691000127115105,-5.29348994353786,-0.06548317048877328,-0.025103170488774307
2025-07-18,4.9783057105667705,4.902949042816818,7.318744715092393,-0.07535666774995242,0.6802130562500326,0.44580571056677076,6.048744715092393,-5.602939004525623,-0.03767833387497621,-0.021478333874976663
2025-07-19,4.9783057105667705,4.902949042816818,7.318744715092393,-0.07535666774995242,0.6802130562500326,0.44580571056677076,6.048744715092393,-5.602939004525623,-0.03767833387497621,-0.021478333874976663
2025-07-20,4.9783057105667705,4.902949042816818,7.318744715092393,-0.07535666774995242,0.6802130562500326,0.44580571056677076,6.048744715092393,-5.602939004525623,-0.03767833387497621,-0.021478333874976663
2025-07-21,4.890097204862582,4.894355080889204,7.291901971097419,0.004257876026621865,0.6706202612494296,0.33059720486258204,6.166901971097419,-5.836304766234837,0.0021289380133109326,0.009088938013311232
2025-07-22,5.032033440579054,4.978442458716519,7.415281896342712,-0.05359098186253508,0.6786031213541458,0.4720334405790547,7.415281896342712,-6.943248455763658,-0.02679549093126754,-0.016515490931266807
2025-07-23,5.1362277659604025,4.9938818915570105,7.425043045081033,-0.14234587440339208,0.6917438370088733,0.5832277659604026,7.425043045081033,-6.84181527912063,-0.07117293720169604,-0.06967293720169598
2025-07-24,5.2271819490395135,5.03830482035731,7.4628113266217415,-0.1888771286822033,0.7004306715343089,0.6646819490395135,6.567811326621742,-5.903129377582228,-0.09443856434110165,-0.100388564341102
2025-07-25,5.268281975036669,5.033626314434062,7.5222250471634196,-0.23465566060260734,0.700362185657195,0.6982819750366689,6.63072504716342,-5.932443072126751,-0.11732783030130367,-0.09967783030130306
2025-07-26,5.268281975036669,5.033626314434062,7.5222250471634196,-0.23465566060260734,0.700362185657195,0.6982819750366689,6.63072504716342,-5.932443072126751,-0.11732783030130367,-0.09967783030130306
2025-07-27,5.268281975036669,5.033626314434062,7.5222250471634196,-0.23465566060260734,0.700362185657195,0.6982819750366689,6.63072504716342,-5.932443072126751,-0.11732783030130367,-0.09967783030130306
2025-07-28,5.290593476368445,5.0636422168292965,7.581447157407779,-0.22695125953914808,0.6978342480695183,0.6979934763684446,6.689947157407779,-5.991953681039335,-0.11347562976957404,-0.09950562976957444
2025-07-29,5.360093006179983,5.077824465881502,7.630234225068748,-0.2822685402984808,0.7024807952250887,0.7500930061799824,6.440234225068748,-5.6901412188887655,-0.1411342701492404,-0.12180427014924033
2025-07-30,5.461496450027307,5.1033655352714185,7.615724742721717,-0.3581309147558889,0.7171341710119989,0.8944964500273072,6.465724742721717,-5.57122829269441,-0.17906545737794444,-0.15367545737794375
2025-07-31,5.169357710907136,4.964029206731016,7.7001668280170925,-0.20532850417611925,0.6713306122275694,0.6213577109071355,5.150166828017093,-4.528809117109957,-0.10266425208805963,-0.0918342520880584
2025-08-01,4.811605737749464,4.688839512220758,7.559033306713042,-0.12276622552870631,0.6365371790962164,0.30460573774946464,5.309033306713042,-5.004427568963577,-0.061383112764353154,-0.05173311276435344
2025-08-02,4.811605737749464,4.688839512220758,7.559033306713042,-0.12276622552870631,0.6365371790962164,0.30460573774946464,5.309033306713042,-5.004427568963577,-0.061383112764353154,-0.05173311276435344
2025-08-03,4.811605737749464,4.688839512220758,7.559033306713042,-0.12276622552870631,0.6365371790962164,0.30460573774946464,5.309033306713042,-5.004427568963577,-0.061383112764353154,-0.05173311276435344
2025-08-04,4.828227481110149,4.687285256510721,7.5889061435005445,-0.14094222459942785,0.6362217939992899,0.317227481110149,5.3389061435005445,-5.0216786623903955,-0.07047111229971392,-0.05867111229971389
2025-08-05,4.870611935287282,4.7282392985579,7.552001276003917,-0.14237263672938205,0.6449432087310939,0.37061193528728165,5.377001276003917,-5.006389340716636,-0.07118631836469103,-0.04209631836469008
2025-08-06,5.0530892931449305,4.809423581677397,7.489548109836351,-0.2436657114675338,0.6746854708775404,0.5930892931449305,5.739548109836351,-5.14645881669142,-0.1218328557337669,-0.1001028557337662
2025-08-07,5.0770263075074675,4.815801111530171,7.628640192745244,-0.2612251959772962,0.6655217940853556,0.704126307507468,6.753640192745244,-6.049513885237776,-0.1306125979886481,-0.12793259798864742
2025-08-08,4.98636922037817,4.703587811193728,7.702051243225403,-0.28278140918444183,0.6474079518445294,1.1363692203781697,6.827051243225403,-5.690682022847234,-0.14139070459222092,0.12705929540777827
2025-08-09,4.98636922037817,4.703587811193728,7.702051243225403,-0.28278140918444183,0.6474079518445294,1.1363692203781697,6.827051243225403,-5.690682022847234,-0.14139070459222092,0.12705929540777827
2025-08-10,4.98636922037817,4.703587811193728,7.702051243225403,-0.28278140918444183,0.6474079518445294,1.1363692203781697,6.827051243225403,-5.690682022847234,-0.14139070459222092,0.12705929540777827
2025-08-11,5.150711008967058,4.9643551145385265,7.730996044697439,-0.18635589442853107,0.666241578599674,0.6687110089670574,5.180996044697439,-4.512285035730382,-0.09317794721426553,-0.09527794721426508
2025-08-12,5.049903240354595,4.919345779531053,7.671727372416115,-0.13055746082354247,0.6582485267283672,0.5659032403545954,4.921727372416115,-4.355824132061519,-0.06527873041177124,-0.06841873041177138
2025-08-13,5.0178115262259695,4.896937837791957,7.644214476273634,-0.12087368843401247,0.6564195107032147,0.5378115262259691,5.454214476273634,-4.916402950047665,-0.060436844217006236,-0.037976844217005645
2025-08-14,4.982014442993142,4.853842478742441,7.642722941819542,-0.12817196425070154,0.6518638031129581,0.5160144429931419,5.167722941819543,-4.651708498826401,-0.06408598212535077,-0.04092598212535181
2025-08-15,4.946238949005011,4.810449903605329,7.646100216924381,-0.13578904539968129,0.6468969551375588,0.47373894900501057,5.446100216924381,-4.9723612679193705,-0.06789452269984064,-0.03689452269984006
2025-08-16,4.946238949005011,4.810449903605329,7.646100216924381,-0.13578904539968129,0.6468969551375588,0.47373894900501057,5.446100216924381,-4.9723612679193705,-0.06789452269984064,-0.03689452269984006
2025-08-17,4.946238949005011,4.810449903605329,7.646100216924381,-0.13578904539968129,0.6468969551375588,0.47373894900501057,5.446100216924381,-4.9723612679193705,-0.06789452269984064,-0.03689452269984006
2025-08-18,4.9713872082383315,4.826004059831899,7.697318138142127,-0.14538314840643274,0.6458596512470844,0.5088872082383311,5.382318138142127,-4.873430929903796,-0.07269157420321637,-0.03404157420321585
2025-08-19,4.926333910208798,4.78252783165502,7.619710071612618,-0.14380607855377736,0.6465251123611584,0.4743339102087978,5.310710071612617,-4.83637616140382,-0.07190303927688868,-0.027553039276889013
2025-08-20,4.8826628159310905,4.757687596070592,7.608869723494842,-0.12497521986049875,0.6417067177342113,0.42766281593109046,5.353869723494842,-4.926206907563752,-0.06248760993024938,-0.03208760993024917
2025-08-21,4.9660516705851885,4.829621679635062,7.733706328388086,-0.1364299909501261,0.6421308826217413,0.49655167058518845,5.424506328388086,-4.927954657802897,-0.06821499547506304,-0.04276499547506196
2025-08-22,4.893878503668627,4.75952690901935,7.570853975202017,-0.13435159464927704,0.6464103679318476,0.45387850366862637,5.261653975202018,-4.807775471533391,-0.06717579732463852,-0.050725797324638666
2025-08-23,4.893878503668627,4.75952690901935,7.570853975202017,-0.13435159464927704,0.6464103679318476,0.45387850366862637,5.261653975202018,-4.807775471533391,-0.06717579732463852,-0.050725797324638666
2025-08-24,4.893878503668627,4.75952690901935,7.570853975202017,-0.13435159464927704,0.6464103679318476,0.45387850366862637,5.261653975202018,-4.807775471533391,-0.06717579732463852,-0.050725797324638666
2025-08-25,4.9134644323769034,4.778479145773119,7.7767513256692204,-0.13498528660378462,0.6318145233934275,0.4534644323769035,5.46755132566922,-5.014086893292316,-0.06749264330189231,-0.031142643301892647
2025-08-26,5.053682936153911,4.870655121410067,7.811577746769951,-0.183027814743844,0.6469477869875371,0.5436829361539113,5.502377746769952,-4.9586948106160404,-0.091513907371922,-0.068263907371922
2025-08-27,5.048620474861656,4.891719305611658,7.607051979404591,-0.15690116924999842,0.663676347753419,0.5811204748616561,5.297851979404591,-4.716731504542935,-0.07845058462499921,-0.04083058462499878
2025-08-28,5.046674359647854,4.838391998241622,7.725289572867028,-0.2082823614062317,0.6532666914354798,0.5746743596478536,5.416089572867028,-4.841415213219174,-0.10414118070311584,-0.0741511807031161
2025-08-29,5.056749915429227,4.857107397921776,7.678003425495417,-0.199642517507451,0.6586021958049523,0.5919499154292263,5.3688034254954164,-4.77685351006619,-0.0998212587537255,-0.06508125875372528
2025-08-30,5.056749915429227,4.857107397921776,7.678003425495417,-0.199642517507451,0.6586021958049523,0.5919499154292263,5.3688034254954164,-4.77685351006619,-0.0998212587537255,-0.06508125875372528
2025-08-31,5.056749915429227,4.857107397921776,7.678003425495417,-0.199642517507451,0.6586021958049523,0.5919499154292263,5.3688034254954164,-4.77685351006619,-0.0998212587537255,-0.06508125875372528
2025-09-01,5.056749915429227,4.857107397921776,7.678003425495417,-0.199642517507451,0.6586021958049523,0.589749915429227,5.3688034254954164,-4.7790535100661895,-0.0998212587537255,-0.06862125875372627
2025-09-02,5.017813046028445,4.803602149473927,6.89602981657891,-0.2142108965545182,0.7276379568378607,0.6123130460284454,4.586829816578909,-3.974516770550464,-0.1071054482772591,-0.07440544827725981
2025-09-03,4.974621627477749,4.778787855368939,6.861392390262116,-0.19583377210881014,0.7250163442828126,0.6096216274777486,8.176392390262116,-7.566770762784367,-0.09791688605440507,-0.07861688605440476
2025-09-04,5.014671134891464,4.825509485356893,6.982165001541624,-0.18916164953457137,0.7182114908175691,0.660671134891464,7.955665001541624,-7.29499386665016,-0.09458082476728569,-0.0760308247672854
2025-09-05,4.933213604220482,4.7307567039409335,6.902668274238204,-0.20245690027954844,0.7146821212069508,0.6232136042204823,7.869468274238204,-7.246254670017722,-0.10122845013977422,-0.07532845013977418
2025-09-07,4.933213604220482,4.7307567039409335,6.902668274238204,-0.20245690027954844,0.7146821212069508,0.6232136042204823,7.869468274238204,-7.246254670017722,-0.10122845013977422,-0.07532845013977418
2025-09-08,4.833191258074496,4.650462687338385,6.8168427345304785,-0.18272857073611082,0.7090072994631569,0.5021912580744958,7.783642734530479,-7.281451476455983,-0.09136428536805541,-0.11121428536805533
2025-09-09,4.826841021839028,4.64435253462735,6.866521188626723,-0.18248848721167832,0.7029529057354263,0.48184102183902855,6.301521188626722,-5.819680166787694,-0.09124424360583916,-0.07189424360583896
2025-09-10,4.827105281838659,4.644606803743149,6.809583858764142,-0.18249847809550968,0.7088693497218669,0.48710528183865875,5.177083858764142,-4.689978576925483,-0.09124923904775484,-0.08430923904775467
2025-09-11,4.787612471228274,4.598259461647455,6.7628930776024845,-0.18935300958081935,0.7079237267677656,0.4781124712282745,4.997893077602485,-4.51978060637421,-0.09467650479040968,-0.08162650479040989
2025-09-12,4.854929101629555,4.655409594016533,6.779375571741945,-0.1995195076130214,0.7161321939244755,0.5394291016295547,4.990875571741945,-4.451446470112391,-0.0997597538065107,-0.07775975380650957
2025-09-13,4.854929101629555,4.655409594016533,6.779375571741945,-0.1995195076130214,0.7161321939244755,0.5394291016295547,4.990875571741945,-4.451446470112391,-0.0997597538065107,-0.07775975380650957
2025-09-14,4.854929101629555,4.655409594016533,6.779375571741945,-0.1995195076130214,0.7161321939244755,0.5394291016295547,4.990875571741945,-4.451446470112391,-0.0997597538065107,-0.07775975380650957
2025-09-15,4.8787098522835075,4.654769072178676,6.827230469015315,-0.2239407801048312,0.7145957463169044,0.5677098522835076,5.477230469015314,-4.909520616731807,-0.1119703900524156,-0.0881603900524155
2025-09-16,4.8872999456507875,4.663181405830315,6.848140348679098,-0.22411853982047258,0.7136681926493333,0.5877999456507874,5.498140348679097,-4.91034040302831,-0.11205926991023629,-0.06987926991023619
2025-09-17,4.930328320894181,4.704669108495445,6.888419428205146,-0.2256592123987362,0.7157415967887473,0.6318283208941811,5.538419428205145,-4.906591107310964,-0.1128296061993681,-0.09122960619936782
2025-09-18,4.949986830693882,4.72299363752732,6.865955835245013,-0.22699319316656208,0.7209465003086843,0.6554868306938815,5.515955835245013,-4.860469004551131,-0.11349659658328104,-0.08639659658328203
2025-09-19,4.946422972649003,4.720027114290317,6.815079890934326,-0.22639585835868647,0.7258055740812254,0.6639229726490035,5.465079890934327,-4.801156918285323,-0.11319792917934324,-0.07946792917934209
2025-09-20,4.946422972649003,4.720027114290317,6.815079890934326,-0.22639585835868647,0.7258055740812254,0.6639229726490035,5.465079890934327,-4.801156918285323,-0.11319792917934324,-0.07946792917934209
2025-09-21,4.946422972649003,4.720027114290317,6.815079890934326,-0.22639585835868647,0.7258055740812254,0.6639229726490035,5.465079890934327,-4.801156918285323,-0.11319792917934324,-0.07946792917934209
2025-09-22,4.9370154863330935,4.70422811435134,6.780731865212969,-0.23278737198175392,0.7280947815768013,0.6685154863330931,5.4307318652129695,-4.762216378879876,-0.11639368599087696,-0.10134368599087562
2025-09-23,5.079102315694426,4.795608314467142,6.786991085918643,-0.2834940012272842,0.7483584774749931,0.8441023156944256,5.436991085918644,-4.592888770224218,-0.1417470006136421,-0.1147970006136414
2025-09-24,5.407392280988345,4.985186648232267,6.864234755048057,-0.4222056327560786,0.7877633085045163,1.1628922809883449,5.514234755048056,-4.351342474059711,-0.2111028163780393,-0.18788281637803905
2025-09-25,5.287798305674107,4.956575157403285,6.8809289690162405,-0.3312231482708219,0.7684715725862373,1.0417983056741065,7.48092896901624,-6.439130663342134,-0.16561157413541094,-0.15891157413541146
2025-09-26,5.299920375518777,4.954238843628914,6.893847399311904,-0.3456815318898627,0.7687899178110295,1.0649203755187768,7.539347399311904,-6.474427023793127,-0.17284076594493136,-0.15413076594493091
2025-09-27,5.299920375518777,4.954238843628914,6.893847399311904,-0.3456815318898627,0.7687899178110295,1.0649203755187768,7.539347399311904,-6.474427023793127,-0.17284076594493136,-0.15413076594493091
2025-09-28,5.299920375518777,4.954238843628914,6.893847399311904,-0.3456815318898627,0.7687899178110295,1.0649203755187768,7.539347399311904,-6.474427023793127,-0.17284076594493136,-0.15413076594493091
2025-09-29,5.477456504834428,5.073905426967884,7.041899932217007,-0.40355107786654365,0.7778378786348298,1.2724565048344276,7.511399932217007,-6.238943427382579,-0.20177553893327183,-0.2368555389332725
2025-09-30,5.147232744590582,4.901642758851447,7.086016365323538,-0.2455899857391346,0.7263930083169609,0.9822327445905819,7.836016365323538,-6.8537836207329565,-0.1227949928695673,-0.1761749928695675
2025-10-01,4.947108642002138,4.497208172535997,6.9439788421131885,-0.44990046946614104,0.7124314106488026,0.8271086420021376,8.323978842113188,-7.496870200111051,-0.22495023473307052,-0.3165502347330702
2025-10-02,4.8900633999348875,4.455103768063372,7.114702481059777,-0.4349596318715152,0.6873180449854149,0.8100633999348874,10.114702481059776,-9.30463908112489,-0.2174798159357576,-0.25937981593575765
2025-10-03,4.870241790681038,4.431249577991196,6.9887024862732625,-0.43899221268984245,0.6968735327118071,0.8052417906810376,8.988702486273262,-8.183460695592224,-0.21949610634492123,-0.27581610634492204
2025-10-04,4.870241790681038,4.431249577991196,6.9887024862732625,-0.43899221268984245,0.6968735327118071,0.8052417906810376,8.988702486273262,-8.183460695592224,-0.21949610634492123,-0.27581610634492204
2025-10-05,4.870241790681038,4.431249577991196,6.9887024862732625,-0.43899221268984245,0.6968735327118071,0.8052417906810376,8.988702486273262,-8.183460695592224,-0.21949610634492123,-0.27581610634492204
2025-10-06,4.925795507875675,4.51197937946264,7.040842843840044,-0.4138161284130346,0.6996031039359442,0.8507955078756746,8.706842843840043,-7.8560473359643685,-0.2069080642065173,-0.2638680642065174
2025-10-07,4.936942244886571,4.583482759128879,7.241199069146393,-0.3534594857576918,0.6817851847109276,0.8569422448865707,9.366199069146393,-8.509256824259822,-0.1767297428788459,-0.24421974287884574
2025-10-08,4.946712497319489,4.5815453452570445,7.058743225165727,-0.3651671520624449,0.7007922429708936,0.8877124973194892,12.683743225165728,-11.796030727846238,-0.18258357603122244,-0.2519635760312231
2025-10-09,4.930383295062691,4.560749329629279,6.883180947355193,-0.36963396543341176,0.7162943024121937,1.0553832950626907,27.859180947355192,-26.803797652292502,-0.18481698271670588,-0.3172869827167064
2025-10-10,4.926625981469608,4.543807914290531,6.994979644817446,-0.38281806717907685,0.7043088374273865,1.2366259814696083,31.186479644817446,-29.949853663347838,-0.19140903358953842,-0.3470090335895386
2025-10-11,4.926625981469608,4.543807914290531,6.994979644817446,-0.38281806717907685,0.7043088374273865,1.2366259814696083,31.186479644817446,-29.949853663347838,-0.19140903358953842,-0.3470090335895386
2025-10-12,4.926625981469608,4.543807914290531,6.994979644817446,-0.38281806717907685,0.7043088374273865,1.2366259814696083,31.186479644817446,-29.949853663347838,-0.19140903358953842,-0.3470090335895386
2025-10-13,4.9309608073914655,4.526541669806767,6.600417597342669,-0.40441913758469816,0.7470680051178387,1.2684608073914654,31.60041759734267,-30.331956789951203,-0.20220956879234908,-0.39780956879234974
2025-10-14,4.909611847552888,4.479315061696947,6.621886032833493,-0.43029678585594144,0.7414219790569355,1.0296118475528884,17.159386032833492,-16.129774185280603,-0.21514839292797072,-0.34962839292797065
2025-10-15,4.908541701627684,4.487751738603848,6.558908609859781,-0.42078996302383675,0.7483778161276471,1.0885417016276846,18.55890860985978,-17.470366908232098,-0.21039498151191838,-0.24899498151191857
2025-10-16,4.904489245639392,4.462629760157415,6.389308581580858,-0.4418594854819773,0.7676087612637911,1.0984892456393922,20.35130858158086,-19.252819335941467,-0.22092974274098864,-0.3401797427409883
2025-10-17,4.894911070552639,4.4472752754450875,6.678567595794194,-0.44763579510755136,0.7329282814529261,1.070911070552639,17.704567595794195,-16.633656525241555,-0.22381789755377568,-0.36201789755377556
2025-10-18,4.894911070552639,4.4472752754450875,6.678567595794194,-0.44763579510755136,0.7329282814529261,1.070911070552639,17.704567595794195,-16.633656525241555,-0.22381789755377568,-0.36201789755377556
2025-10-19,4.894911070552639,4.4472752754450875,6.678567595794194,-0.44763579510755136,0.7329282814529261,1.070911070552639,17.704567595794195,-16.633656525241555,-0.22381789755377568,-0.36201789755377556
2025-10-20,4.9268170164920315,4.467451905323112,6.535172012465479,-0.4593651111689194,0.7538924770601908,1.1028170164920317,17.561172012465477,-16.458354995973444,-0.2296825555844597,-0.3574225555844599
2025-10-21,4.915093370687302,4.47387665361681,6.9898252337501745,-0.4412167170704917,0.7031782922060643,1.128093370687302,18.015825233750174,-16.88773186306287,-0.22060835853524585,-0.3371183585352453
2025-10-22,4.982935779663559,4.543742595449638,6.8818008754217885,-0.43919318421392095,0.7240743912629051,0.9079357796635588,17.90780087542179,-16.99986509575823,-0.21959659210696048,-0.26159659210696073
2025-10-23,4.960129261001222,4.519901803848125,6.83419142198574,-0.44022745715309686,0.7257814355395987,0.9251292610012216,17.86019142198574,-16.93506216098452,-0.22011372857654843,-0.3745937285765484
2025-10-24,4.969479400745969,4.528422088557395,6.935817036952535,-0.44105731218857347,0.7164951691011535,0.9419794007459688,8.638317036952536,-7.696337636206567,-0.22052865609428673,-0.23627865609428644
2025-10-25,4.969479400745969,4.528422088557395,6.935817036952535,-0.44105731218857347,0.7164951691011535,0.9419794007459688,8.638317036952536,-7.696337636206567,-0.22052865609428673,-0.23627865609428644
2025-10-26,4.969479400745969,4.528422088557395,6.935817036952535,-0.44105731218857347,0.7164951691011535,0.9419794007459688,8.638317036952536,-7.696337636206567,-0.22052865609428673,-0.23627865609428644
2025-10-27,4.994048379527452,4.521991487008478,7.053098716044402,-0.47205689251897454,0.7080644381407823,0.929048379527452,8.754098716044401,-7.8250503365169495,-0.23602844625948727,-0.2162784462594871
2025-10-28,4.963343005554414,4.489459770810356,6.996068954718848,-0.4738832347440578,0.709447410778683,0.9133430055544141,8.697068954718848,-7.783725949164434,-0.2369416173720289,-0.2638116173720291
2025-10-29,5.033017527017517,4.56559446359183,7.082509179034576,-0.46742306342568707,0.7106263330961997,0.9550175270175165,6.582509179034576,-5.62749165201706,-0.23371153171284353,-0.20785153171284376
2025-10-30,5.0747431502151965,4.636487993014645,7.198601553290196,-0.4382551572005511,0.7049623614597382,0.8997431502151967,6.698601553290196,-5.798858403074999,-0.21912757860027554,-0.23411757860027516
2025-10-31,5.038306823555356,4.614693594600194,7.254506835139771,-0.42361322895516196,0.694507144048791,0.8583068235553561,6.754506835139771,-5.896200011584415,-0.21180661447758098,-0.21675661447758143
2025-11-01,5.038306823555356,4.614693594600194,7.254506835139771,-0.42361322895516196,0.694507144048791,0.8583068235553561,6.754506835139771,-5.896200011584415,-0.21180661447758098,-0.21675661447758143
2025-11-02,5.038306823555356,4.614693594600194,7.254506835139771,-0.42361322895516196,0.694507144048791,0.8583068235553561,6.754506835139771,-5.896200011584415,-0.21180661447758098,-0.21675661447758143
2025-11-03,5.077145245876733,4.646033963096363,7.271265774112409,-0.43111128278037025,0.6982477884321993,0.9941452458767328,6.771265774112409,-5.777120528235677,-0.21555564139018513,-0.18010564139018514
2025-11-04,5.068697455166392,4.619386937814194,7.1756626481800705,-0.44931051735219807,0.7063734324873734,0.8836974551663923,6.6756626481800705,-5.791965193013678,-0.22465525867609903,-0.19711525867609936
2025-11-05,5.088693447818989,4.641024704095652,7.1524594943164805,-0.4476687437233373,0.7114606453713704,0.9236934478189891,6.6524594943164805,-5.728766046497491,-0.22383437186166866,-0.21378437186166854
2025-11-06,5.075827391291395,4.628446792167616,7.200123079026914,-0.4473805991237789,0.7049639756960079,0.9208273912913949,6.700123079026914,-5.7792956877355195,-0.22369029956188946,-0.24978029956188985
2025-11-07,5.097680175096437,4.636182336881198,7.391912686351438,-0.46149783821523904,0.6896293816496083,1.0286801750964374,6.891912686351438,-5.863232511255001,-0.23074891910761952,-0.2077489191076194
2025-11-08,5.097680175096437,4.636182336881198,7.391912686351438,-0.46149783821523904,0.6896293816496083,1.0286801750964374,6.891912686351438,-5.863232511255001,-0.23074891910761952,-0.2077489191076194
2025-11-09,5.097680175096437,4.636182336881198,7.391912686351438,-0.46149783821523904,0.6896293816496083,1.0286801750964374,6.891912686351438,-5.863232511255001,-0.23074891910761952,-0.2077489191076194
2025-11-10,5.077344386055833,4.617367026988331,7.167223150691192,-0.45997735906750137,0.7084116511101213,0.8763443860558331,8.904223150691191,-8.027878764635357,-0.22998867953375068,0.033581320466248954
2025-11-11,5.114021683946048,4.630929495412641,7.245627683027345,-0.48309218853340763,0.7058079586293792,0.9360216839460485,9.870627683027344,-8.934605999081295,-0.24154609426670381,-0.21704609426670407
2025-11-12,5.097295923128631,4.594023412089465,7.275343412217008,-0.5032725110391665,0.7006261607622639,0.9267959231286316,9.650343412217008,-8.723547489088377,-0.25163625551958324,-0.2308362555195833
2025-11-13,5.280522718410535,4.727502252168615,7.403410650033779,-0.5530204662419198,0.7132554126774586,1.1305227184105346,9.778410650033779,-8.647887931623245,-0.2765102331209599,-0.2795102331209596
2025-11-14,5.260852682049623,4.670341330518756,7.428571798207264,-0.5905113515308669,0.708191671960312,1.1108526820496225,8.436571798207265,-7.325719116157642,-0.29525567576543343,-0.3048556757654328
2025-11-15,5.260852682049623,4.670341330518756,7.428571798207264,-0.5905113515308669,0.708191671960312,1.1108526820496225,8.436571798207265,-7.325719116157642,-0.29525567576543343,-0.3048556757654328
2025-11-16,5.260852682049623,4.670341330518756,7.428571798207264,-0.5905113515308669,0.708191671960312,1.1108526820496225,8.436571798207265,-7.325719116157642,-0.29525567576543343,-0.3048556757654328
2025-11-17,5.28628863685055,4.707406520763888,7.355082852978251,-0.5788821160866622,0.7187259127488963,1.14828863685055,7.919582852978252,-6.771294216127702,-0.2894410580433311,-0.3182110580433313
2025-11-18,5.2816835366272725,4.694898138125777,7.3009730412381675,-0.5867853985014957,0.7234218653862547,1.1886835366272726,7.8009730412381675,-6.612289504610895,-0.29339269925074785,-0.3518926992507483
2025-11-19,5.290486920740613,4.733973952302101,7.531686660687921,-0.5565129684385122,0.7024305655670222,1.1744869207406134,8.906686660687921,-7.7321997399473075,-0.2782564842192561,-0.3475664842192563
2025-11-20,5.365283459964906,4.746022773156762,7.68488453607644,-0.6192606868081443,0.6981605819551039,1.2702834599649062,8.99688453607644,-7.726601076111534,-0.30963034340407214,-0.3758803434040727
2025-11-21,5.459293158641492,4.730570083524353,7.602736959030032,-0.7287230751171387,0.7180694515752385,1.3542931586414912,8.982736959030031,-7.62844380038854,-0.36436153755856937,-0.4472615375585698
2025-11-22,5.459293158641492,4.730570083524353,7.602736959030032,-0.7287230751171387,0.7180694515752385,1.3542931586414912,8.982736959030031,-7.62844380038854,-0.36436153755856937,-0.4472615375585698
2025-11-23,5.459293158641492,4.730570083524353,7.602736959030032,-0.7287230751171387,0.7180694515752385,1.3542931586414912,8.982736959030031,-7.62844380038854,-0.36436153755856937,-0.4472615375585698
2025-11-24,5.454595132096802,4.71358523172729,7.434803767957511,-0.7410099003695123,0.7336569064008112,1.3295951320968022,8.874803767957511,-7.545208635860709,-0.37050495018475615,-0.4040049501847567
2025-11-25,5.497420781134883,4.739843193157521,7.688979740194507,-0.7575775879773623,0.714974023458126,1.3974207811348833,9.311979740194507,-7.914558959059624,-0.37878879398868115,-0.4324687939886811
2025-11-26,5.43486222404529,4.718250988282328,7.706615743603562,-0.7166112357629615,0.7052203463700896,1.2748622240452896,10.081615743603562,-8.806753519558272,-0.35830561788148074,-0.3917956178814799
2025-11-27,5.43486222404529,4.718250988282328,7.706615743603562,-0.7166112357629615,0.7052203463700896,1.3178622240452897,10.081615743603562,-8.763753519558271,-0.35830561788148074,-0.3853056178814809
2025-11-28,5.294124028596869,4.651862318865925,7.496501806746375,-0.6422617097309438,0.7062125995664397,1.079124028596869,9.642501806746374,-8.563377778149505,-0.3211308548654719,0.0253891451345285
2025-11-29,5.294124028596869,4.651862318865925,7.496501806746375,-0.6422617097309438,0.7062125995664397,1.079124028596869,9.642501806746374,-8.563377778149505,-0.3211308548654719,0.0253891451345285
2025-11-30,5.294124028596869,4.651862318865925,7.496501806746375,-0.6422617097309438,0.7062125995664397,1.079124028596869,9.642501806746374,-8.563377778149505,-0.3211308548654719,0.0253891451345285
2025-12-01,4.4105542453764786,4.279751559654982,4.490442840820411,-0.13080268572149656,0.9822091944434289,0.23555424537647873,7.0174428408204115,-6.781888595443933,-0.06540134286074828,0.2066186571392521
2025-12-02,4.438069415710386,4.3205234964391925,4.534077209448066,-0.11754591927119318,0.9788252847707092,0.2710694157103859,6.929377209448067,-6.658307793737681,-0.05877295963559659,0.30162704036440324
2025-12-03,4.425801155305469,4.308580171003083,4.42975317549546,-0.11722098430238592,0.999107846411883,0.2613011553054685,7.0327531754954595,-6.771452020189991,-0.05861049215119296,0.3600895078488069
2025-12-04,4.371706939046113,4.249235964346316,4.434621413301777,-0.12247097469979717,0.9858128871910127,0.16170693904611344,7.355121413301776,-7.193414474255663,-0.06123548734989859,0.4219845126501016
2025-12-05,4.429229398770484,4.311827001464322,4.477222878142535,-0.11740239730616153,0.9892805248525036,0.2312293987704832,7.416222878142535,-7.184993479372052,-0.058701198653080766,0.41304880134691935
2025-12-06,4.429229398770484,4.311827001464322,4.477222878142535,-0.11740239730616153,0.9892805248525036,0.2312293987704832,7.416222878142535,-7.184993479372052,-0.058701198653080766,0.41304880134691935
2025-12-07,4.429229398770484,4.311827001464322,4.477222878142535,-0.11740239730616153,0.9892805248525036,0.2312293987704832,7.416222878142535,-7.184993479372052,-0.058701198653080766,0.41304880134691935
2025-12-08,4.470265141697116,4.3586804555509175,4.557211444674768,-0.11158468614619821,0.9809211611018727,0.2652651416971157,7.855711444674768,-7.590446302977652,-0.055792343073099104,0.4242076569269009
2025-12-09,4.493954047399346,4.402337077538549,4.597924143951854,-0.09161696986079715,0.9773876007308057,0.33345404739934636,8.274924143951853,-7.941470096552507,-0.045808484930398574,0.40964151506960134
2025-12-10,4.462858259316857,4.386381882970071,4.5740146648905595,-0.07647637634678528,0.9756982839545919,0.34285825931685654,8.16501466489056,-7.822156405573703,-0.03823818817339264,0.4051618118266078
2025-12-11,4.442226300463269,4.34447134663408,4.458756502353229,-0.09775495382918908,0.9962926430539016,0.37722630046326877,8.00375650235323,-7.6265302018899614,-0.04887747691459454,0.32962252308540574
2025-12-12,4.468815211828159,4.363201696194659,4.454282924693623,-0.10561351563349941,1.0032625424518886,0.3188152118281584,7.443282924693623,-7.1244677128654645,-0.052806757816749705,0.3457532421832501
2025-12-13,4.468815211828159,4.363201696194659,4.454282924693623,-0.10561351563349941,1.0032625424518886,0.3188152118281584,7.443282924693623,-7.1244677128654645,-0.052806757816749705,0.3457532421832501
2025-12-14,4.468815211828159,4.363201696194659,4.454282924693623,-0.10561351563349941,1.0032625424518886,0.3188152118281584,7.443282924693623,-7.1244677128654645,-0.052806757816749705,0.3457532421832501
2025-12-15,4.475777318349461,4.369870431602213,4.473399745135829,-0.10590688674724813,1.0005314913374816,0.21077731834946167,7.34439974513583,-7.133622426786368,-0.052953443373624065,0.29929655662637566
2025-12-16,4.450604974771612,4.331928332468651,4.473551292967616,-0.11867664230296082,0.9948706705940591,0.13160497477161215,7.344551292967616,-7.212946318196004,-0.05933832115148041,0.334961678848519
2025-12-17,4.40827543661346,4.277234669588157,4.39308290375727,-0.13104076702530243,1.0034582850333182,0.04327543661345956,7.46608290375727,-7.4228074671438105,-0.06552038351265121,0.2833796164873492
2025-12-18,4.389809149707431,4.266163851792335,4.461135860288208,-0.12364529791509593,0.9840115358925273,0.02980914970743065,7.538635860288208,-7.508826710580777,-0.061822648957547965,0.3180173510424522
2025-12-19,4.380903741036821,4.257445017343291,4.459743166402994,-0.12345872369353028,0.9823219807902613,0.08090374103682141,7.383743166402994,-7.302839425366173,-0.06172936184676514,0.32489063815323505
2025-12-20,4.380903741036821,4.257445017343291,4.459743166402994,-0.12345872369353028,0.9823219807902613,0.08090374103682141,7.383743166402994,-7.302839425366173,-0.06172936184676514,0.32489063815323505
2025-12-21,4.380903741036821,4.257445017343291,4.459743166402994,-0.12345872369353028,0.9823219807902613,0.08090374103682141,7.383743166402994,-7.302839425366173,-0.06172936184676514,0.32489063815323505
2025-12-22,4.3959944572244805,4.2650680364181595,4.553295723933105,-0.130926420806321,0.9654533164007304,-0.018505542775519856,7.566295723933104,-7.584801266708624,-0.0654632104031605,0.39830678959683885
2025-12-23,4.387662632981348,4.250353923281912,4.438445603807172,-0.1373087096994361,0.9885583883731134,-0.2023373670186519,7.637945603807172,-7.8402829708258235,-0.06865435484971805,0.8361456451502822
2025-12-24,4.37693758911595,4.259644636415666,4.676196062692293,-0.11729295270028395,0.9360038652006291,-0.10556241088405027,7.878696062692294,-7.984258473576344,-0.058646476350141974,0.8848735236498575
2025-12-25,4.37693758911595,4.259644636415666,4.676196062692293,-0.11729295270028395,0.9360038652006291,-0.10556241088405027,7.878696062692294,-7.984258473576344,-0.058646476350141974,0.8848735236498575
2025-12-26,4.422780596204227,4.284252868141322,4.403523838405005,-0.13852772806290492,1.0043730336216816,-0.14571940379577342,8.035023838405005,-8.180743242200778,-0.06926386403145246,0.6587861359685476
2025-12-27,4.422780596204227,4.284252868141322,4.403523838405005,-0.13852772806290492,1.0043730336216816,-0.14571940379577342,8.035023838405005,-8.180743242200778,-0.06926386403145246,0.6587861359685476
2025-12-28,4.422780596204227,4.284252868141322,4.403523838405005,-0.13852772806290492,1.0043730336216816,-0.14571940379577342,8.035023838405005,-8.180743242200778,-0.06926386403145246,0.6587861359685476
2025-12-29,4.509264360890913,4.3614196277470105,4.640233035369463,-0.14784473314390212,0.9717754100968072,0.08426436089091283,8.477233035369464,-8.392968674478551,-0.07392236657195106,0.7240276334280482
2025-12-30,4.5349213286205865,4.413144802950133,4.6126084275411525,-0.1217765256704535,0.983157664444979,0.6764213286205867,9.206608427541152,-8.530187098920566,-0.06088826283522675,-0.04118826283522692
2025-12-31,4.610250701903539,4.472689742835396,4.906678604424722,-0.1375609590681428,0.9395868516324114,0.7207507019035386,9.656678604424723,-8.935927902521184,-0.0687804795340714,-0.010430479534071502
2026-01-01,4.610250701903539,4.472689742835396,4.906678604424722,-0.1375609590681428,0.9395868516324114,0.7557507019035388,9.656678604424723,-8.900927902521184,-0.0687804795340714,-0.04793047953407159
2026-01-02,4.552031267616117,4.423230707716888,4.67876216407757,-0.12880055989922923,0.9729135844017756,0.6975312676161174,9.428762164077568,-8.731230896461451,-0.06440027994961461,-0.009100279949614709
2026-01-03,4.552031267616117,4.423230707716888,4.67876216407757,-0.12880055989922923,0.9729135844017756,0.6975312676161174,9.428762164077568,-8.731230896461451,-0.06440027994961461,-0.009100279949614709
2026-01-04,4.552031267616117,4.423230707716888,4.67876216407757,-0.12880055989922923,0.9729135844017756,0.6975312676161174,9.428762164077568,-8.731230896461451,-0.06440027994961461,-0.009100279949614709
2026-01-05,4.46849947741863,4.328620118840043,4.565365369304255,-0.1398793585785878,0.9787824447662146,0.5354994774186306,8.412365369304254,-7.876865891885624,-0.0699396792892939,-0.013939679289293405
2026-01-06,4.4784576011074,4.338185990700101,4.587954919094781,-0.14027161040729919,0.9761337415213781,0.5284576011073998,6.337954919094781,-5.809497317987381,-0.07013580520364959,-0.035835805203649596
2026-01-07,4.484831220623867,4.337787574046036,4.5471510286535075,-0.1470436465778313,0.9862947573905206,0.49983122062386753,5.7971510286535075,-5.2973198080296395,-0.07352182328891566,-0.02082182328891591
2026-01-08,4.541356091789171,4.379228872039847,4.41382054651788,-0.16212721974932442,1.0288945923213633,0.5668560917891714,5.85932054651788,-5.292464454728709,-0.08106360987466221,-0.0011036098746615153
2026-01-09,4.582134420573538,4.392564110128794,4.440678449382589,-0.18957031044474348,1.0318545854655645,0.5926344205735377,5.128678449382589,-4.5360440288090516,-0.09478515522237174,-0.04231515522237217
2026-01-10,4.582134420573538,4.392564110128794,4.440678449382589,-0.18957031044474348,1.0318545854655645,0.5926344205735377,5.128678449382589,-4.5360440288090516,-0.09478515522237174,-0.04231515522237217
2026-01-11,4.582134420573538,4.392564110128794,4.440678449382589,-0.18957031044474348,1.0318545854655645,0.5926344205735377,5.128678449382589,-4.5360440288090516,-0.09478515522237174,-0.04231515522237217
2026-01-12,4.56169360036993,4.367369137897543,4.494320545159922,-0.19432446247238655,1.0149907098376783,0.5616936003699298,5.288020545159922,-4.726326944789992,-0.09716223123619327,-0.03956223123619296
2026-01-13,4.563899569149258,4.369350952841415,4.497763080595564,-0.19454861630784226,1.0147043068673454,0.5478995691492576,5.353763080595564,-4.805863511446306,-0.09727430815392113,-0.018364308153921538
2026-01-14,4.527866451339584,4.347584692852383,4.4947649872588995,-0.18028175848720096,1.0073644482357844,0.5103664513395838,5.334764987258899,-4.824398535919316,-0.09014087924360048,-0.002840879243600547
2026-01-15,4.486831479521683,4.339722250684908,4.371253328722621,-0.14710922883677569,1.0264405062135433,0.4693314795216832,5.211253328722621,-4.741921849200938,-0.07355461441838784,-0.004634614418387972
2026-01-16,4.514462878501199,4.3728689487777395,4.486037790628157,-0.1415939297234594,1.006336346058525,0.4944628785011993,5.326037790628157,-4.831574912126958,-0.0707969648617297,-0.011596964861730008
2026-01-17,4.514462878501199,4.3728689487777395,4.486037790628157,-0.1415939297234594,1.006336346058525,0.4944628785011993,5.326037790628157,-4.831574912126958,-0.0707969648617297,-0.011596964861730008
2026-01-18,4.514462878501199,4.3728689487777395,4.486037790628157,-0.1415939297234594,1.006336346058525,0.4944628785011993,5.326037790628157,-4.831574912126958,-0.0707969648617297,-0.011596964861730008
2026-01-19,4.514462878501199,4.3728689487777395,4.486037790628157,-0.1415939297234594,1.006336346058525,0.5044628785011991,5.326037790628157,-4.821574912126958,-0.0707969648617297,-0.028096964861729745
2026-01-20,4.4810802390763,4.3279679189635765,4.365302359549879,-0.15311232011272313,1.0265223047547063,0.4910802390762994,5.205302359549879,-4.71422212047358,-0.07655616005636157,-0.052806160056361406
2026-01-21,4.490342924714275,4.343118566526867,4.408534847015196,-0.1472243581874082,1.018556749699839,0.5603429247142748,5.248534847015196,-4.688191922300922,-0.0736121790937041,-0.053662179093703966
2026-01-22,4.470652032180416,4.342090249014584,4.390772641261008,-0.1285617831658321,1.0181925591338445,0.5756520321804159,5.230772641261009,-4.655120609080592,-0.06428089158291606,0.016419108417083716
2026-01-23,4.570420313251484,4.462050350653171,4.571844202032785,-0.10836996259831277,0.999688552645633,0.625420313251484,4.055844202032785,-3.430423888781301,-0.05418498129915639,-0.02143498129915633
2026-01-24,4.570420313251484,4.462050350653171,4.571844202032785,-0.10836996259831277,0.999688552645633,0.625420313251484,4.055844202032785,-3.430423888781301,-0.05418498129915639,-0.02143498129915633
2026-01-25,4.570420313251484,4.462050350653171,4.571844202032785,-0.10836996259831277,0.999688552645633,0.625420313251484,4.055844202032785,-3.430423888781301,-0.05418498129915639,-0.02143498129915633
2026-01-26,4.77811033206335,4.609839291042047,4.516769272343703,-0.16827104102130264,1.0578601748200522,0.8256103320633499,2.903769272343703,-2.0781589402803533,-0.08413552051065132,-0.0771355205106512
2026-01-27,4.561925132405875,4.429771002707363,4.7176576579086,-0.13215412969851226,0.9669894390828344,0.6269251324058751,2.1016576579085995,-1.4747325255027244,-0.06607706484925613,-0.04922706484925632
2026-01-28,4.2107631400992105,4.289693731075304,4.491180081246644,0.07893059097609356,0.9375627483034267,0.2882631400992106,2.347680081246644,-2.0594169411474335,0.03946529548804678,0.056015295488046846
2026-01-29,4.176099859267027,4.2944013730248285,4.590146742865398,0.1183015137578014,0.9097965910911374,0.27859985926702713,3.062646742865398,-2.784046883598371,0.0591507568789007,0.06300075687890017
2026-01-30,4.03854306107335,4.181564184610646,4.576661905051134,0.143021123537296,0.8824211062250682,0.1310430610733495,2.886661905051134,-2.7556188439777847,0.071510561768648,-0.006209438231352227
2026-01-31,4.03854306107335,4.181564184610646,4.576661905051134,0.143021123537296,0.8824211062250682,0.1310430610733495,2.886661905051134,-2.7556188439777847,0.071510561768648,-0.006209438231352227
2026-02-01,4.03854306107335,4.181564184610646,4.576661905051134,0.143021123537296,0.8824211062250682,0.1310430610733495,2.886661905051134,-2.7556188439777847,0.071510561768648,-0.006209438231352227
2026-02-02,4.432731980733111,4.29373880847866,4.28393615479049,-0.13899317225445085,1.0347334368595178,0.5077319807331113,2.31913615479049,-1.8114041740573787,-0.06949658612722542,-0.07989658612722561
2026-02-03,4.500540930400243,4.347002840201294,4.5342182930911665,-0.15353809019894893,0.9925726199062277,0.668040930400243,2.2792182930911666,-1.6111773626909236,-0.07676904509947446,-0.16737904509947432
2026-02-04,4.535476546848126,4.380812109187189,4.601259169302571,-0.15466443766093718,0.9857033433601577,0.7029765468481259,4.417259169302571,-3.7142826224544447,-0.07733221883046859,-0.16883221883046806
2026-02-05,4.430108794181929,4.266754286116609,4.361954152041041,-0.1633545080653196,1.0156247956226219,0.6901087941819286,6.63395415204104,-5.943845357859112,-0.0816772540326598,-0.09237725403265973
2026-02-06,4.5580756425450115,4.41455611819291,4.620309363737467,-0.1435195243521017,0.9865303995267294,0.8430756425450117,3.9898093637374665,-3.146733721192455,-0.07175976217605085,-0.08327976217605082
2026-02-07,4.5580756425450115,4.41455611819291,4.620309363737467,-0.1435195243521017,0.9865303995267294,0.8430756425450117,3.9898093637374665,-3.146733721192455,-0.07175976217605085,-0.08327976217605082
2026-02-08,4.5580756425450115,4.41455611819291,4.620309363737467,-0.1435195243521017,0.9865303995267294,0.8430756425450117,3.9898093637374665,-3.146733721192455,-0.07175976217605085,-0.08327976217605082
2026-02-09,4.612849642590977,4.455799284412749,4.542814048833926,-0.15705035817822743,1.0154167863804655,0.8603496425909767,3.775514048833926,-2.9151644062429494,-0.07852517908911372,-0.09817517908911366
2026-02-10,4.608714108122858,4.45174345288716,4.544579461209145,-0.15697065523569798,1.0141123392078724,0.7737141081228582,3.581579461209145,-2.807865353086287,-0.07848532761784899,-0.09535532761784893
2026-02-11,4.631471868595428,4.468045085584468,4.521870946568947,-0.16342678301096036,1.0242379588717903,0.7414718685954278,3.4298709465689465,-2.6883990779735187,-0.08171339150548018,-0.029713391505480136
2026-02-12,4.64865205531261,4.496237233826897,4.47601937528943,-0.15241482148571261,1.038568349586739,0.7386520553126097,3.4030193752894298,-2.66436731997682,-0.07620741074285631,-0.03450741074285624
2026-02-13,4.546375142452014,4.385618679227079,4.32229755473521,-0.16075646322493498,1.0518422401232697,0.586375142452014,3.1917975547352095,-2.6054224122831955,-0.08037823161246749,-0.02539823161246746
2026-02-14,4.546375142452014,4.385618679227079,4.32229755473521,-0.16075646322493498,1.0518422401232697,0.586375142452014,3.1917975547352095,-2.6054224122831955,-0.08037823161246749,-0.02539823161246746
2026-02-15,4.546375142452014,4.385618679227079,4.32229755473521,-0.16075646322493498,1.0518422401232697,0.586375142452014,3.1917975547352095,-2.6054224122831955,-0.08037823161246749,-0.02539823161246746
2026-02-16,4.546375142452014,4.385618679227079,4.32229755473521,-0.16075646322493498,1.0518422401232697,0.631375142452014,2.9942975547352098,-2.3629224122831958,-0.08037823161246749,-0.04277823161246763
2026-02-17,4.5521114147925426,4.378802505781775,4.197113648421482,-0.17330890901076756,1.0845814042954434,0.5971114147925425,2.4176136484214816,-1.8205022336289391,-0.08665445450538378,-0.03135445450538388
2026-02-18,4.555412512835737,4.370712040565538,4.5480300109137435,-0.18470047227019926,1.0016232306964286,0.637912512835737,2.5910300109137436,-1.9531174980780066,-0.09235023613509963,-0.01673023613509983
2026-02-19,4.603071563314708,4.404913505842732,4.5383191495022235,-0.1981580574719759,1.0142679286492196,0.6505715633147076,2.2728191495022236,-1.622247586187516,-0.09907902873598795,-0.049249028735988354
2026-02-20,4.647515070565125,4.460291499924673,4.522466300996453,-0.1872235706404517,1.0276505696772398,0.7025150705651249,2.1479663009964534,-1.4454512304313285,-0.09361178532022585,-0.031191785320225485
2026-02-21,4.647515070565125,4.460291499924673,4.522466300996453,-0.1872235706404517,1.0276505696772398,0.7025150705651249,2.1479663009964534,-1.4454512304313285,-0.09361178532022585,-0.031191785320225485
2026-02-22,4.647515070565125,4.460291499924673,4.522466300996453,-0.1872235706404517,1.0276505696772398,0.7025150705651249,2.1479663009964534,-1.4454512304313285,-0.09361178532022585,-0.031191785320225485
2026-02-23,4.658941119079949,4.455367271340065,4.390116708101776,-0.20357384773988407,1.0612340010191685,0.6939411190799492,2.016116708101776,-1.322175589021827,-0.10178692386994204,-0.04079692386994216
2026-02-24,4.656162686717199,4.463597170331499,4.208423366191625,-0.19256551638569963,1.106391225778872,0.7011626867171987,2.0394233661916252,-1.3382606794744265,-0.09628275819284982,-0.056762758192849816
2026-02-25,4.658406243898959,4.471794382778814,4.16412324594053,-0.18661186112014505,1.1187003767096206,0.7334062438989593,2.28912324594053,-1.555717002041571,-0.09330593056007253,-0.029355930560072352
2026-02-26,4.64011684479886,4.465257907464274,3.9752185748381526,-0.17485893733458635,1.167260807787853,0.7326168447988599,2.1082185748381526,-1.3756017300392926,-0.08742946866729318,-0.0003294686672932201
2026-02-27,4.615889939510998,4.45330356967147,3.8778817468933626,-0.162586369839528,1.1903121963966194,0.700889939510998,2.1653817468933627,-1.4644918073823647,-0.081293184919764,-0.06399318491976391
