date,z_gc_comex_carry_2m,z_gc_comex_carry_4m,z_si_comex_carry_2m,z_gc_cal_curvature,z_gc_si_cal_ratio,z_gc_comex_lbma_basis,z_si_comex_lbma_basis,z_gc_si_comex_basis_spread,z_gc_comex_curve_slope,z_xau_lbma_slope_1m_3m,z_xau_swap_slope_1m_3m,z_comex_lbma_slope_basis,z_comex_vs_swap_slope,rate_regime
2018-01-01,,,,,,,,,,,,,,mid
2018-01-02,,,,,,,,,,,,,,mid
2018-01-03,,,,,,,,,,,,,,mid
2018-01-04,,,,,,,,,,,,,,mid
2018-01-05,,,,,,,,,,,,,,mid
2018-01-06,,,,,,,,,,,,,,mid
2018-01-07,,,,,,,,,,,,,,mid
2018-01-08,,,,,,,,,,,,,,mid
2018-01-09,,,,,,,,,,,,,,mid
2018-01-10,,,,,,,,,,,,,,mid
2018-01-11,,,,,,,,,,,,,,mid
2018-01-12,,,,,,,,,,,,,,mid
2018-01-13,,,,,,,,,,,,,,mid
2018-01-14,,,,,,,,,,,,,,mid
2018-01-15,,,,,,,,,,,,,,mid
2018-01-16,,,,,,,,,,,,,,mid
2018-01-17,,,,,,,,,,,,,,mid
2018-01-18,,,,,,,,,,,,,,mid
2018-01-19,,,,,,,,,,,,,,mid
2018-01-20,,,,,,,,,,,,,,mid
2018-01-21,,,,,,,,,,,,,,mid
2018-01-22,,,,,,,,,,,,,,mid
2018-01-23,,,,,,,,,,,,,,mid
2018-01-24,,,,,,,,,,,,,,mid
2018-01-25,,,,,,,,,,,,,,mid
2018-01-26,,,,,,,,,,,,,,mid
2018-01-27,,,,,,,,,,,,,,mid
2018-01-28,,,,,,,,,,,,,,mid
2018-01-29,,,,,,,,,,,,,,mid
2018-01-30,,,,,,,,,,,,,,mid
2018-01-31,,,,,,,,,,,,,,mid
2018-02-01,,,,,,,,,,,,,,mid
2018-02-02,,,,,,,,,,,,,,mid
2018-02-03,,,,,,,,,,,,,,mid
2018-02-04,,,,,,,,,,,,,,mid
2018-02-05,,,,,,,,,,,,,,mid
2018-02-06,,,,,,,,,,,,,,mid
2018-02-07,,,,,,,,,,,,,,mid
2018-02-08,,,,,,,,,,,,,,mid
2018-02-09,,,,,,,,,,,,,,mid
2018-02-10,,,,,,,,,,,,,,mid
2018-02-11,,,,,,,,,,,,,,mid
2018-02-12,,,,,,,,,,,,,,mid
2018-02-13,,,,,,,,,,,,,,mid
2018-02-14,,,,,,,,,,,,,,mid
2018-02-15,,,,,,,,,,,,,,mid
2018-02-16,,,,,,,,,,,,,,mid
2018-02-17,,,,,,,,,,,,,,mid
2018-02-18,,,,,,,,,,,,,,mid
2018-02-19,,,,,,,,,,,,,,mid
2018-02-20,,,,,,,,,,,,,,mid
2018-02-21,,,,,,,,,,,,,,mid
2018-02-22,,,,,,,,,,,,,,mid
2018-02-23,,,,,,,,,,,,,,mid
2018-02-24,,,,,,,,,,,,,,mid
2018-02-25,,,,,,,,,,,,,,mid
2018-02-26,,,,,,,,,,,,,,mid
2018-02-27,,,,,,,,,,,,,,mid
2018-02-28,,,,,,,,,,,,,,mid
2018-03-01,,,,,,,,,,,,,,mid
2018-03-02,,,,,,,,,,,,,,mid
2018-03-03,,,,,,,,,,,,,,mid
2018-03-04,,,,,,,,,,,,,,mid
2018-03-05,,,,,,,,,,,,,,mid
2018-03-06,,,,,,,,,,,,,,mid
2018-03-07,,,,,,,,,,,,,,mid
2018-03-08,,,,,,,,,,,,,,mid
2018-03-09,,,,,,,,,,,,,,mid
2018-03-10,,,,,,,,,,,,,,mid
2018-03-11,,,,,,,,,,,,,,mid
2018-03-12,,,,,,,,,,,,,,mid
2018-03-13,,,,,,,,,,,,,,mid
2018-03-14,,,,,,,,,,,,,,mid
2018-03-15,,,,,,,,,,,,,,mid
2018-03-16,,,,,,,,,,,,,,mid
2018-03-17,,,,,,,,,,,,,,mid
2018-03-18,,,,,,,,,,,,,,mid
2018-03-19,,,,,,,,,,,,,,mid
2018-03-20,,,,,,,,,,,,,,mid
2018-03-21,,,,,,,,,,,,,,mid
2018-03-22,,,,,,,,,,,,,,mid
2018-03-23,,,,,,,,,,,,,,mid
2018-03-24,,,,,,,,,,,,,,mid
2018-03-25,,,,,,,,,,,,,,mid
2018-03-26,,,,,,,,,,,,,,mid
2018-03-27,,,,,,,,,,,,,,mid
2018-03-28,,,,,,,,,,,,,,mid
2018-03-29,,,,,,,,,,,,,,mid
2018-03-30,,,,,,,,,,,,,,mid
2018-03-31,,,,,,,,,,,,,,mid
2018-04-01,,,,,,,,,,,,,,mid
2018-04-02,,,,,,,,,,,,,,mid
2018-04-03,,,,,,,,,,,,,,mid
2018-04-04,,,,,,,,,,,,,,mid
2018-04-05,,,,,,,,,,,,,,mid
2018-04-06,,,,,,,,,,,,,,mid
2018-04-07,,,,,,,,,,,,,,mid
2018-04-08,,,,,,,,,,,,,,mid
2018-04-09,,,,,,,,,,,,,,mid
2018-04-10,,,,,,,,,,,,,,mid
2018-04-11,,,,,,,,,,,,,,mid
2018-04-12,,,,,,,,,,,,,,mid
2018-04-13,,,,,,,,,,,,,,mid
2018-04-14,,,,,,,,,,,,,,mid
2018-04-15,,,,,,,,,,,,,,mid
2018-04-16,,,,,,,,,,,,,,mid
2018-04-17,,,,,,,,,,,,,,mid
2018-04-18,,,,,,,,,,,,,,mid
2018-04-19,,,,,,,,,,,,,,mid
2018-04-20,,,,,,,,,,,,,,mid
2018-04-21,,,,,,,,,,,,,,mid
2018-04-22,,,,,,,,,,,,,,mid
2018-04-23,,,,,,,,,,,,,,mid
2018-04-24,,,,,,,,,,,,,,mid
2018-04-25,,,,,,,,,,,,,,mid
2018-04-26,,,,,,,,,,,,,,mid
2018-04-27,,,,,,,,,,,,,,mid
2018-04-28,,,,,,,,,,,,,,mid
2018-04-29,,,,,,,,,,,,,,mid
2018-04-30,,,,,,,,,,,,,,mid
2018-05-01,,,,,,,,,,,,,,mid
2018-05-02,,,,,,,,,,,,,,mid
2018-05-03,,,,,,,,,,,,,,mid
2018-05-04,,,,,,,,,,,,,,mid
2018-05-05,,,,,,,,,,,,,,mid
2018-05-06,,,,,,,,,,,,,,mid
2018-05-07,,,,,,1.3280815062420672,0.1426887924229755,0.4330290938621613,,,,,,mid
2018-05-08,,,,,,1.262082648125818,0.3463525770303108,0.24122427682823508,,,,,,mid
2018-05-09,,,,,,1.0310224783700566,0.3241512798750733,0.16483332935740483,,,,,,mid
2018-05-10,,,,,,0.9053423123769216,0.30379893373765965,0.13009105385237088,,,,,,mid
2018-05-11,,,,,,0.9191615124648076,0.3358266030221958,0.11066775561913052,,,,,,mid
2018-05-12,,,,,,0.9127124444924791,0.33440723264114863,0.11024261904677218,,,,,,mid
2018-05-13,,,,,,0.9063975772415831,0.33300572389931316,0.10982234491190128,,,,,,mid
2018-05-14,,,,,,0.3992764929600244,0.5081564746558699,-0.24996851613018714,,,,,,mid
2018-05-15,,,,,,-0.14483665909064392,0.17680491921251068,-0.2073615967884483,,,,,,mid
2018-05-16,,,,,,0.2482081590144227,0.19592223565269504,-0.05637911897245777,,,,,,mid
2018-05-17,,,,,,-0.0027379049895829705,0.1623381694470417,-0.13515616362854843,,,,,,mid
2018-05-18,,,,,,-0.46312415603323015,0.008111381021051177,-0.20334040826989594,,,,,,mid
2018-05-19,,,,,,-0.4610945947571286,0.008082151892502849,-0.20257715685371905,,,,,,mid
2018-05-20,,,,,,-0.45909152041922746,0.008053236460482319,-0.2018224387709096,,,,,,mid
2018-05-21,,,,,,-0.49517246718207186,0.04062702391749029,-0.24417094931530453,,,,,,mid
2018-05-22,,,,,,-0.7850592666999692,-0.3872884220135447,-0.0150980135986232,,,,,,mid
2018-05-23,,,,,,-1.308348057223025,-0.04033718381743759,-0.5274698886718162,,,,,,mid
2018-05-24,,,,,,-1.379506907774902,-0.23017265434109818,-0.40520895973626364,,,,,,mid
2018-05-25,,,,,,-1.6278321898824923,-0.2119780315512389,-0.5333737603343138,,,,,,mid
2018-05-26,,,,,,-1.6075245457680114,-0.21121794814296074,-0.5310198654836679,,,,,,mid
2018-05-27,,,,,,-1.5879597766503883,-0.21046598538260317,-0.5286969107707701,,,,,,mid
2018-05-28,,,,,,-1.5690936572372356,-0.20972199964827534,-0.5264042235103694,,,,,,mid
2018-05-29,,,,,,-2.2462492856315586,0.03559952363123196,-1.043277055239554,,,,,,mid
2018-05-30,,,,,,-2.7439585246563247,-0.15954168192981083,-1.136248641671179,,,,,,mid
2018-05-31,,,,,,-3.597898652388149,-0.31607195842101327,-1.4695843876237655,,,,,,mid
2018-06-01,,,,,,0.18157378088047685,-0.2547125907599717,0.2931446140049848,,,,,,mid
2018-06-02,,,,,,0.18095972682691985,-0.2538243796087974,0.29210202949463265,,,,,,mid
2018-06-03,,,,,,0.1803518621871612,-0.25294540018767736,0.291070497029594,,,,,,mid
2018-06-04,,,,,,-0.012046135003308901,-0.5519011128475771,0.44087419685017465,,,,,,mid
2018-06-05,,,,,,-0.12447270068082145,-0.6336236767032398,0.4535265203303305,,,,,,mid
2018-06-06,,,,,,-0.4770998123889375,-1.2301273647342115,0.7710481781471593,,,,,,mid
2018-06-07,,,,,,-0.9637791246669124,-1.5676099483966413,0.8195231983886518,,,,,,mid
2018-06-08,,,,,,-0.39300170939226164,-1.6993627831550109,1.2075404856925467,,,,,,mid
2018-06-09,,,,,,-0.3915804000157298,-1.678771422783197,1.198244593691959,,,,,,mid
2018-06-10,,,,,,-0.3901744149839764,-1.6589120395695958,1.1891605552682951,,,,,,mid
2018-06-11,,,,,,-0.28520615350208867,-1.6989307217550047,1.2782014411847282,,,,,,mid
2018-06-12,,,,,,-0.4032091253479486,-1.7394849346168084,1.2638310797409142,,,,,,mid
2018-06-13,,,,,,-0.4248071175359122,-1.8128321799626654,1.3232936794137578,,,,,,mid
2018-06-14,,,,,,-0.23162267185121704,-1.859688709341851,1.4598367380173527,,,,,,mid
2018-06-15,,,,,,-0.545786383130231,-1.798338674338143,1.2713810494812918,,,,,,mid
2018-06-16,,,,,,-0.5436594140920683,-1.775629261152328,1.26140528631175,,,,,,mid
2018-06-17,,,,,,-0.541557154084751,-1.753760190535471,1.2516611510966051,,,,,,mid
2018-06-18,,,,,,0.09751866474534672,-1.9907347690414983,1.7509021466609038,,,,,,mid
2018-06-19,,,,,,-0.03949786534875573,-2.214752477109934,1.8888680675448328,,,,,,mid
2018-06-20,,,,,,0.06676935457911033,-1.7468692831270485,1.5366664648901927,,,,,,mid
2018-06-21,,,,,,0.11580714769000132,-1.6470410526856314,1.474351121246356,,,,,,mid
2018-06-22,,,,,,0.011217920378247488,-1.0920950611912172,0.9493869919881114,,,,,,mid
2018-06-23,,,,,,0.011185636613293162,-1.0851964696310514,0.9441843552363176,,,,,,mid
2018-06-24,,,,,,0.011153629967221771,-1.078427223683127,0.9390664836815285,,,,,,mid
2018-06-25,,,,,,0.07932590115543364,-0.937646015366639,0.847345286737669,,,,,,mid
2018-06-26,,,,,,-0.19808698124062302,-1.257507297264277,1.005093787939259,,,,,,mid
2018-06-27,,,,,,-0.10051895667173426,-0.15617932979536636,0.09167874693282561,,,,,,mid
2018-06-28,,,,,,-0.08465357979666083,0.44367285635857295,-0.4221344955020115,,,,,,mid
2018-06-29,,,,,,-0.12911482592887782,0.8319014781434355,-0.7786702110315059,,,,,,mid
2018-06-30,,,,,,-0.12875168789571884,0.8280012296228345,-0.7752044860178586,,,,,,mid
2018-07-01,,,,,,-0.12839159697078248,0.8241554252099511,-0.7717847078385864,,,,,,mid
2018-07-02,,,,,,-0.5276887691674658,3.1200879133993307,-2.9430263723403245,,,,,,mid
2018-07-03,,,,,,-0.3299300694474356,3.0431849412337018,-2.8000490875707222,,,,,,mid
2018-07-04,,,,,,-0.38725212631830663,2.9609503603761054,-2.7572418796562097,,,,,,mid
2018-07-05,,,,,,-0.7346975059787537,2.823857573011663,-2.7741247431007032,,,,,,mid
2018-07-06,,,,,,-0.1267813883717235,2.8255545948587226,-2.5432299686590465,,,,,,mid
2018-07-07,,,,,,-0.12643831050553236,2.759428702221522,-2.4934723201320783,,,,,,mid
2018-07-08,,,,,,-0.1260980030228691,2.69774122165204,-2.4465276125373467,,,,,,mid
2018-07-09,,,,,,0.11182954643996205,2.7225307892643427,-2.3905869765947485,,,,,,mid
2018-07-10,,,,,,0.1662223449264936,2.7191509237016143,-2.3798414593036097,,,,,,mid
2018-07-11,,,,,,-0.15800689844764923,2.7202025190834176,-2.5063181698513177,,,,,,mid
2018-07-12,,,,,,-0.7679052176400878,2.6926818725748642,-2.6965728024713544,,,,,,mid
2018-07-13,,,,,,-1.1599595016275737,2.607445776382685,-2.7472463453284988,,,,,,mid
2018-07-14,,,,,,-1.1529694731299454,2.5561183152367475,-2.68813565490827,,,,,,mid
2018-07-15,,,,,,-1.1461045157978096,2.507709530459538,-2.6326858659222285,,,,,,mid
2018-07-16,,,,,,-1.3514828561986711,2.4266113918146006,-2.6179253223101298,,,,,,mid
2018-07-17,,,,,,-1.4840451873607712,2.3217289575646807,-2.5566256904057822,,,,,,mid
2018-07-18,,,,,,-1.4209976123553587,2.1285216747787126,-2.354515188047434,,,,,,mid
2018-07-19,,,,,,-1.9962190556503634,1.874589489192287,-2.3070113335817326,,,,,,mid
2018-07-20,,,,,,-2.65758270226535,1.5958646531752183,-2.2709798115974946,,,,,,mid
2018-07-21,,,,,,-2.6053916353145583,1.5818696989535272,-2.236696164917142,,,,,,mid
2018-07-22,,,,,,-2.556161482969573,1.5682370684080518,-2.203921076654054,,,,,,mid
2018-07-23,,,,,,-3.190969883612463,1.3380156671814496,-2.2192751612874657,,,,,,mid
2018-07-24,,,,,,-1.9652220977217725,1.1195809076579153,-1.619738306079156,,,,,,mid
2018-07-25,,,,,,-1.7406627888668196,1.1584449476700451,-1.5756137389152223,,,,,,mid
2018-07-26,,,,,,-1.2942394872577856,1.1786732581429582,-1.4406160445483294,,,,,,mid
2018-07-27,,,,,,-1.523533624685071,1.1138487699574382,-1.4605004284460295,,,,,,mid
2018-07-28,,,,,,-1.511433946938115,1.10786586250659,-1.4495527868132074,,,,,,mid
2018-07-29,,,,,,-1.4996184238286747,1.101978489818316,-1.4388480291625527,,,,,,mid
2018-07-30,,,,,,-0.7303065455145078,1.0739692734763173,-1.1553840511911604,,,,,,mid
2018-07-31,,,,,,-1.6510991886798698,1.634158579518658,-1.9343632116001745,,,,,,mid
2018-08-01,,,,,,-0.5170713428562317,1.910674715863745,-1.7887598832178593,,,,,,mid
2018-08-02,,,,,,-0.4834672225465457,1.1970295985378292,-1.1734118101054896,,,,,,mid
2018-08-03,,,,,,-0.7322893437784023,1.230160056437121,-1.283024080381085,,,,,,mid
2018-08-04,,,,,,-0.7296786637123305,1.2229926326361,-1.2751556545798015,,,,,,mid
2018-08-05,,,,,,-0.7270957466811077,1.2159492296531913,-1.2674304462863943,,,,,,mid
2018-08-06,,,,,,-0.5556926429356488,1.1086399410784573,-1.1198213420680563,,,,,,mid
2018-08-07,,,,,,-0.937877894139964,1.1696796443784574,-1.295665910947887,,,,,,mid
2018-08-08,,,,,,-1.180802329011291,1.0543198275489445,-1.2765630128355194,,,,,,mid
2018-08-09,,,,,,-1.1096220277068876,1.154436802427474,-1.3362386681864167,,,,,,mid
2018-08-10,,,,,,-1.2008294184481052,1.1951224358544168,-1.398692918420219,,,,,,mid
2018-08-11,,,,,,-1.1942441855107466,1.188605032931464,-1.3894171476821113,,,,,,mid
2018-08-12,,,,,,-1.1877662701664347,1.182193256786154,-1.3803237481432553,,,,,,mid
2018-08-13,,,,,,-1.238030350326434,1.2264761148026015,-1.4321575592962466,,,,,,mid
2018-08-14,,,,,,-1.7300458947956179,1.1826595138234675,-1.5541196636676418,,,,,,mid
2018-08-15,,,,,,-1.900423236881176,1.3218473201369154,-1.7240312413040717,,,,,,mid
2018-08-16,,,,,,-2.1638480521685097,1.256019690411339,-1.7541721134922017,,,,,,mid
2018-08-17,,,,,,-2.1391506309411716,1.066768156041147,-1.5891409716353346,,,,,,mid
2018-08-18,,,,,,-2.113392450593435,1.0618000753326837,-1.5769731509626015,,,,,,mid
2018-08-19,,,,,,-2.088543661000083,1.0569008641446298,-1.5650809404115291,,,,,,mid
2018-08-20,,,,,,-2.262602465227695,0.8663255068908734,-1.4685515197173764,,,,,,mid
2018-08-21,,,,,,-2.0309890812080726,1.0598576151291574,-1.55029699213288,,,,,,mid
2018-08-22,,,,,,-1.7884513092381318,1.5737807977894733,-1.8865278565196952,,,,,,mid
2018-08-23,,,,,,-1.4281040738452921,1.6172712435941579,-1.7981999988030537,,,,,,mid
2018-08-24,,,,,,-1.6579968751412033,2.0465910323898413,-2.2202937845202957,,,,,,mid
2018-08-25,,,,,,-1.6449024519555526,2.0243080938592053,-2.1927248865011375,,,,,,mid
2018-08-26,,,,,,-1.6321137895162923,2.002738111776148,-2.1661588581011952,,,,,,mid
2018-08-27,,,,,,-1.3986885246759178,2.487142788422319,-2.478843330196815,,,,,,mid
2018-08-28,,,,,,-1.126719699695952,3.399984580977968,-3.135653137417201,,,,,,mid
2018-08-29,,,,,,-0.7447029165047192,2.4751575057781925,-2.260593781319065,,,,,,mid
2018-08-30,,,,,,-0.7733438352556917,2.8835770943346937,-2.608145541772616,,,,,,mid
2018-08-31,,,,,,-0.5369993622626147,2.980981608109554,-2.622179534480211,,,,,,mid
2018-09-01,,,,,,-0.5355788519733247,2.921707067236634,-2.580399216428971,,,,,,mid
2018-09-02,,,,,,-0.5341695658432639,2.865835034958517,-2.5405555620936173,,,,,,mid
2018-09-03,,,,,,-0.5327713567329391,2.8302056760614343,-2.516898017727252,,,,,,mid
2018-09-04,,,,,,-0.3997819142792268,1.8416944563751148,-1.6550646869471326,,,,,,mid
2018-09-05,,,,,,-0.16750582919701676,1.6602621864342773,-1.436692814395639,,,,,,mid
2018-09-06,,,,,,-0.09488136217058246,1.6131339029023657,-1.3777450507453814,,,,,,mid
2018-09-07,,,,,,0.04944192311494329,1.5898760460400228,-1.3181035263132441,,,,,,mid
2018-09-08,,,,,,0.04934309590102665,1.5787129125254806,-1.3109097281224438,,,,,,mid
2018-09-09,,,,,,0.04924485894652704,1.5677819147708714,-1.3038325859081332,,1.1773815879106275,-0.8322598624140469,,,mid
2018-09-10,0.5859405342582628,0.7583420473664332,1.8232080253509206,0.2554294692158479,-1.0910251427029112,0.05599029609439871,1.819115596480171,-1.516387857336155,0.25542946921584814,1.2565960772880218,-0.9679812304031022,-1.093462473274026,0.8607034103655603,mid
2018-09-11,0.7772614388703868,0.8506116971995622,1.9541924475519385,-0.04730324533833013,-1.0998918338226085,0.23489520857093968,1.971853044713128,-1.5975078104739833,-0.04730324533833012,1.3837846999242442,-1.2406561371118587,-1.4554250434288598,0.9290075723899437,mid
2018-09-12,0.6910718751712244,0.8707461912833517,1.9971987836986986,0.24460281134619488,-1.1475784902366348,0.13374222476091008,2.0134183507867767,-1.6658255422653423,0.24460281134619496,1.386017396948234,-1.2344957843906652,-1.2361984535983048,1.0603975322585926,mid
2018-09-13,0.7149659482023368,0.8977232004615242,2.1318933525908865,0.2467788122640152,-1.2050258019908227,0.16407897474155167,2.151994634366169,-1.7797399464081758,0.2467788122640152,1.142108843727362,-1.2284264079060272,-0.9855688511565904,1.05722567298307,mid
2018-09-14,-0.30286648169351854,0.24565181969443933,2.0308199427989146,1.4539991177451586,-1.4466770581796056,-1.0413560591737498,1.990865312590692,-1.984786180001967,1.4539991177451583,0.8495403323335764,-1.0847754363913098,0.2364025291975892,1.5038660638774564,mid
2018-09-15,-0.30222483769698694,0.24514641066926068,2.0107481628277952,1.4452233075090393,-1.4380046064618635,-1.0341498125165745,1.9665940075658306,-1.9606750279704364,1.445223307509039,0.8467106869401647,-1.0802090988210793,0.2359182038575837,1.4943623515776727,mid
2018-09-16,-0.3015872561603034,0.24464410919188606,1.9912604674546517,1.4366046814358355,-1.4294864482007144,-1.0270035264783226,1.9429589688129119,-1.9371926179245493,1.4366046814358358,0.8439091644812214,-1.0757000184712497,0.23543684385086658,1.4850367624168432,mid
2018-09-17,-0.9924993547618636,-0.17213879261716977,2.059647339791847,2.2957594087104676,-1.6448701589666734,-1.8244553213415873,1.996066258745343,-2.2013788163171575,2.295759408710468,0.9344095982475982,-1.2088197737650481,0.8194859131649244,1.9816630488715714,mid
2018-09-18,-1.3965765382422748,-0.38642190795948655,1.994579174580807,2.846460041103986,-1.727402673526481,-2.2727971636401327,1.9409151159629083,-2.2753049137957158,2.846460041103986,0.7698505703642999,-1.2031345031071288,1.4456970666534774,2.2344165238159843,mid
2018-09-19,-1.4309379849097708,-0.44061510282317085,1.6156248876690418,2.781462720162295,-1.5858373847523286,-2.2886723880381914,1.5070926682075665,-1.9117079643706776,2.7814627201622955,0.7845101539769412,-1.197528798490718,1.4065947659130407,2.201304830402965,mid
2018-09-20,-0.8046913824214426,-0.10420878271243106,1.5930181770872804,1.8940335288932613,-1.3923788113103848,-1.7495452450118485,1.4974551149386746,-1.7502670311308575,1.894033528893261,0.13445929461006992,-0.7795709828745453,1.372412380181015,1.473962108059899,mid
2018-09-21,-0.7181216768899173,-0.12088523869891467,1.5576475716413694,1.6183094787060814,-1.3495188605898534,-1.8274707241338273,1.4105294390809384,-1.697363044036587,1.6183094787060817,0.7915892815296137,-1.3270709889479464,0.48688899971701866,1.748307050473059,mid
2018-09-22,-0.7160637822183807,-0.12065359237702766,1.547583709160034,1.6072704624369767,-1.3423305855192096,-1.8080234698179065,1.3987472459710821,-1.6804325170047136,1.6072704624369765,0.7891639603587761,-1.3201780860772194,0.4857506245751235,1.7349525327983963,mid
2018-09-23,-0.7140234982373204,-0.12042327271922851,1.5377126242661074,1.5964545321019508,-1.3352560963385347,-1.7890041987658172,1.3871315107902729,-1.663833181046693,1.5964545321019514,0.7867608222158553,-1.3133916085039972,0.48462020317367677,1.7218997194983312,mid
2018-09-24,-0.5213675752558189,0.09337631383554604,1.4741936631334898,1.5795265022187646,-1.2490100458801738,-1.5610724152911581,1.3350865389917081,-1.554783077813344,1.5795265022187648,0.6562342679142161,-1.3067088447339006,0.6095946373209797,1.7061757143171175,mid
2018-09-25,0.778942106152644,0.8280961089425313,1.5815801856499865,-0.12549146250636675,-0.9285919977115297,-0.3037520589717842,1.3201496073241803,-1.1891206730336892,-0.1254914625063668,0.046012955784882945,-0.8901767150059547,-0.15044648202730493,0.6006461162582453,mid
2018-09-26,-0.695690703503918,-0.10057342349431263,1.6129518053140093,1.5836013287156523,-1.359882309959375,-1.8268700875580368,1.1646613349202781,-1.485861583306435,1.583601328715652,1.2198377523424477,-1.7050356603996977,0.038810744028751024,1.9972690067535297,mid
2018-09-27,0.29217782871361014,0.4047391859846962,1.5297465144875098,0.16921254139307745,-1.0415893949595816,-0.7361735498174855,1.2522158951806885,-1.2517062050869587,0.1692125413930775,-1.5824975167941584,0.629202360397387,1.757862933348227,-0.38088841325856326,mid
2018-09-28,-0.6711155475873426,0.05318937850207963,1.5142982185103646,1.862819234253277,-1.3068756716580552,-1.7762499164411543,1.1890721001242566,-1.4903075097930547,1.8628192342532772,-1.782993285522736,0.7645181015280254,3.289440027188093,0.3155425891256932,mid
2018-09-29,-0.6693227422536082,0.053091238406770866,1.5051340002123885,1.8475570259007574,-1.3003647851185072,-1.7579613795952203,1.179862796014796,-1.476888021920699,1.8475570259007574,-1.7693767793950972,0.762295018246853,3.21950880001976,0.3149039708449537,mid
2018-09-30,-0.6675442433126717,0.052993639549079964,1.4961343422651678,1.8326642179224037,-1.293950360524165,-1.740055506633279,1.1707520713477255,-1.46368061223114,1.8326642179224037,-1.7560678166562433,0.7600912377039478,3.153857623863882,0.3142692158956734,mid
2018-10-01,1.5227148420055692,1.1714602521142865,1.5177021290448647,-1.2686175684579446,-0.6866669881757597,0.5737570400753135,1.1783695365708018,-0.8181022082032893,-1.2686175684579442,-1.8676791166170874,0.8950133181811911,0.8540478839098227,-1.2600450616924332,mid
2018-10-02,1.3569508564371489,1.1112650312164611,1.4865259138266576,-0.9829455294747691,-0.7174776698479697,0.31125076562856724,1.1310115140517552,-0.854042630352804,-0.9829455294747691,-2.1408287132754342,1.1658307357242468,1.3590276428628074,-1.3223860376533945,mid
2018-10-03,1.391509658130468,1.1542692606801166,1.5471797193836405,-0.9794379067422275,-0.7411658111767329,0.35748288805595646,1.1799635612761656,-0.8832885124676471,-0.9794379067422272,-2.1601558167313217,1.2973074969407603,1.3931349476563413,-1.4160735146197903,mid
2018-10-04,1.6113324259537898,1.2871191157625552,1.6916718529523225,-1.2533908016437694,-0.756989512500003,0.10005669809211677,1.3170430211209057,-1.0715058372232666,-1.2533908016437694,-3.034746592715771,2.102351712154268,2.085636885658662,-2.1347728081609567,mid
2018-10-05,1.7719807613669767,1.5993708399157116,2.0639209507736056,-0.9704299142559394,-0.901145134033789,0.1969657753628443,1.6480920715688585,-1.3236535263019702,-0.9704299142559392,-3.2516002884069977,2.3478830941176936,2.5555451284223962,-2.181142611484426,mid
2018-10-06,1.7588616306841869,1.589181118762639,2.0445578792911263,-0.9670467854461493,-0.8982131014848782,0.19765122990317302,1.631831165453634,-1.3127242997141575,-0.9670467854461493,-3.1857726477294626,2.320789602888138,2.5214105204697312,-2.1587709400303576,mid
2018-10-07,1.746029888559552,1.5791838914377814,2.0257301426430914,-0.963698836465845,-0.8953095370814277,0.19833702470608058,1.615876106211422,-1.3019359906839327,-0.963698836465845,-3.1237890666169523,2.2946134718784745,2.488608898499844,-2.1370742888047793,mid
2018-10-08,1.9098976314658997,1.772230295628455,2.0999772901509197,-0.9603854615086164,-0.8903672660958073,0.577094275179425,1.5027500631717592,-1.104490546735205,-0.9603854615086164,-3.0357151205762247,2.269304074879808,2.426061386740616,-2.1160193807046146,mid
2018-10-09,1.8639364515721744,1.7244102255189822,2.0463021840716897,-0.95710606927657,-0.8792324692482159,0.8598564483719858,1.6778179194547986,-1.1777143569176818,-0.9571060692765702,-2.9672385000208594,2.2448146126289252,2.381313682752138,-2.095575190870441,mid
2018-10-10,1.8295600690760419,1.6896553053380512,2.1204557916215245,-0.9538600825328125,-0.926691729901765,0.8770587015291942,1.7888719363568584,-1.2734084663024123,-0.9538600825328125,-2.9096093149786015,2.2211017487292732,2.345838933606214,-2.075712754415105,mid
2018-10-11,1.6754244865590262,1.633622012000915,2.0827426187487577,-0.6782745435792051,-0.9525897355722501,0.6258322725992086,1.7373917498068294,-1.3036092297230475,-0.6782745435792051,-2.826327870224776,2.1981252870298964,2.475354945163275,-1.9350824002279203,mid
2018-10-12,1.5162622936314443,1.3358051474360937,1.9938438347452359,-0.9491759847837706,-0.9554873073360208,0.45949975415850014,1.6613696792559933,-1.2885168335895332,-0.9491759847837705,-2.683519522793795,2.175847884996291,2.1467491294201997,-2.0398083035497514,mid
2018-10-13,1.507519579080712,1.3292983254116453,1.9765690915387837,-0.9460158177949277,-0.9522860374217188,0.46107298065772573,1.6453531150824814,-1.278209459901636,-0.9460158177949277,-2.645624205030255,2.1542347984220984,2.1258140448003924,-2.0214846817349446,mid
2018-10-14,1.4989265180699116,1.3228857727342103,1.9597360401027548,-0.9428870425842819,-0.9491167670996296,0.46264955279655895,1.629635935874977,-1.2680281373130196,-0.9428870425842819,-2.609291020407164,2.1332536535105606,2.1054801343307505,-2.0036465046590726,mid
2018-10-15,1.6110353133855213,1.3396695021051674,1.9571851830334408,-1.211282962803793,-0.920212087001372,0.6477295462634257,1.5566588982528378,-1.1591008675357515,-1.211282962803793,-2.56064939359287,2.1128742429241436,1.8807332628758964,-2.1046701889232327,mid
2018-10-16,1.3934983854199858,1.2090740467789864,1.8427131386184084,-0.9348147147774447,-0.9248745435606922,0.36565598039289215,1.4829192783006835,-1.1747511287009798,-0.9348147147774448,-2.253690296122161,1.8456482266914012,1.7590275851288497,-1.7826267019315831,mid
2018-10-17,1.4211481113121767,1.2441611282552858,1.900359025879053,-0.9317890020915199,-0.9481540335234651,0.26933829812991356,1.531485538160889,-1.2450171471337648,-0.9317890020915197,-1.680889881911651,1.4598468961240263,1.151306984170129,-1.4926654961457075,mid
2018-10-18,1.5879346072878435,1.3246821575711654,1.856780862154589,-1.2002802816077975,-0.8830663423078832,0.5191172582672497,1.4737694695758579,-1.1314685297724334,-1.2002802816077978,-1.910322139196613,1.6997526234262614,1.2169437872012077,-1.786704396433473,mid
2018-10-19,1.3921263552302043,1.4500602764781958,1.658806234824728,-0.3788156300313229,-0.8365073341372904,0.3065923202625272,1.310663828858227,-1.0496271934475854,-0.37881563003132296,-1.9702248787534178,1.8115831047646076,1.8635989212985185,-1.512976435893252,mid
2018-10-20,1.38514391437173,1.442381932722794,1.6481988774568623,-0.3780754396536189,-0.834076432576963,0.30973769023309694,1.300508308663128,-1.0419716189403416,-0.37807543965361895,-1.953926565518154,1.79842138092122,1.8494125764921572,-1.5044865582698206,mid
2018-10-21,1.37826560093878,1.4348244054153332,1.6377926178466877,-0.37733957341530183,-0.8316666244324848,0.3128967568775605,1.2904777067676647,-1.0343817991485604,-0.37733957341530183,-1.9380264389830317,1.7855426506401773,1.8355455998615804,-1.496138150110004,mid
2018-10-22,1.610393855399384,1.4736601497249346,1.6544826284298417,-0.9241934903647971,-0.7758770649370559,0.4992049510246068,1.3224358661425377,-1.014954021645904,-0.924193490364797,-1.7609078493835986,1.6511594939555256,1.2705784126583857,-1.6306453781175587,mid
2018-10-23,1.679723939224747,1.557554193093797,1.8775846182476936,-0.9212937443766306,-0.8749737796874686,0.637670814696283,1.5144384183110866,-1.147910902053815,-0.9212937443766305,-1.9500281253288767,1.762258436335889,1.4851850905961466,-1.7115208506206727,mid
2018-10-24,1.7242425365539722,1.4985304246074265,1.8075305216918347,-1.1908875861086798,-0.8280426982179864,0.6534789463232897,1.4559496798414333,-1.0954636015479289,-1.1908875861086798,-1.6938484819730635,1.507817232547347,1.025387966468954,-1.6348207522024822,mid
2018-10-25,1.8956776770809374,1.5897497085309906,1.868014902662748,-1.4568739105318875,-0.8133005793157386,1.0523536777386713,1.4784842964840774,-1.0132660932852005,-1.4568739105318878,-2.134949294409796,1.9822160198105114,1.3338536013546194,-2.0999160281444604,mid
2018-10-26,1.6536891782280994,1.5422467624261198,1.8236135340151092,-0.9071289027852748,-0.8585541813257423,0.7785673845611298,1.4059223580052858,-1.024375809056964,-0.9071289027852748,-2.121852496628613,1.9659909803135145,1.7079081478440388,-1.8527270773405498,mid
2018-10-27,1.643407313032187,1.5335661813503578,1.8104973943695946,-0.9043680009601267,-0.8560639827189332,0.7748231175072146,1.3941120658771697,-1.0174110679619555,-0.9043680009601266,-2.102554106711301,1.9501582274181017,1.6967750754696496,-1.8390749459851672,mid
2018-10-28,1.6333150408503934,1.5250306794710866,1.797660471505131,-0.9016321830604889,-0.8535953506231794,0.7710949854507252,1.3824684895749961,-1.0105023645490612,-0.9016321830604888,-2.0837732141159973,1.9347022034496768,1.6858570972166205,-1.8257204572488321,mid
2018-10-29,1.702029470949415,1.4950388075781547,1.8973590699301652,-1.1717804381973063,-0.8875890825029287,0.8602600753545194,1.5298143815423617,-1.1195061594096385,-1.1717804381973063,-2.282548904182658,2.155069502370226,1.7325117687170615,-2.1025486913340417,mid
2018-10-30,1.519110674003319,1.512760776216555,1.8212018098451044,-0.6205914274644171,-0.9010062895006391,-0.8265033073038209,0.9580099379768278,-1.0583334270425226,-0.6205914274644171,-2.075888559799054,2.018241089444652,1.8841925998889082,-1.770403309324966,mid
2018-10-31,1.2175452740460024,1.2779993777737997,1.7805358529828272,-0.3398755429786634,-0.9662618490230885,-1.1213853993249152,0.9348848996696619,-1.114794483307697,-0.3398755429786633,-1.9554569986497334,2.001521171183904,1.9423384563397361,-1.6435165182688933,mid
2018-11-01,1.1882008542679452,1.3518424609446285,1.7655461261577567,-0.07748465599132841,-0.968583074543998,-1.1419362030739795,0.9256193936822884,-1.112192489454242,-0.07748465599132831,-1.9400956790846668,1.985210308220943,2.1001957284147372,-1.5262389001124625,mid
2018-11-02,1.4253338058109264,1.4037566698061383,1.8139725929529318,-0.6215180087296531,-0.9287847150045361,-0.8494486185855007,1.0108316655175504,-1.1094251811188334,-0.621518008729653,-2.203899970349884,2.314408383038756,2.0344086246070496,-2.0017868365536837,mid
2018-11-03,1.4182947963392252,1.3969630986936312,1.8013250474753375,-0.620112392225629,-0.925962281487992,-0.8431032688082566,1.002918051268447,-1.100756851979307,-0.6201123922256288,-2.1830614096986887,2.290685954585857,2.017450306772665,-1.9855233307120148,mid
2018-11-04,1.4113591523416622,1.3902673104405472,1.7889386138299312,-0.6187162778057107,-0.9231654509252897,-0.8367949636895168,0.995068480886979,-1.0921730362205095,-0.6187162778057105,-2.162803343615909,2.2676787470097315,2.000909401483967,-1.969650157444883,mid
2018-11-05,1.6056024859728975,1.6180376180409626,1.9253173697180406,-0.6171069187572037,-0.9407943538234085,-0.638201944970379,1.1767013160020017,-1.1984692744813283,-0.6171069187572035,-2.103335603085399,2.2453515286793246,1.9404720653524126,-1.9540630433222874,mid
2018-11-06,1.6533226953747626,1.5637521540108816,1.974705026248301,-0.8903337638206749,-0.9546003636034738,-0.6106373726208655,1.210216624940916,-1.22019949611403,-0.8903337638206746,-2.075183287634131,2.223671450691838,1.7374902813382846,-2.047988168038042,mid
2018-11-07,1.6206176804271457,1.528493036691448,1.9800633508551924,-0.887763240752443,-0.968355431360885,-0.6779684265802,1.2095481870815803,-1.2373042132377963,-0.8877632407524428,-2.4620070801727163,2.6446127813316975,2.1810827943819056,-2.3692563890209986,mid
2018-11-08,1.645341464158798,1.6715543346734134,1.9774289622425765,-0.6087916126792529,-0.9624995522937448,-0.6771691622045123,1.2012172651641952,-1.2292611243762168,-0.6087916126792527,-2.1307497108292357,2.3927266388912485,1.995006811837834,-2.0686195989463863,mid
2018-11-09,1.6011531739503786,1.735249994069392,1.9325137805733896,-0.322722696947502,-0.9541042205308828,-0.9428729104387807,1.1328390950629046,-1.2380907652035642,-0.3227226969475019,-2.6962050392202337,2.9073890190923253,2.8122085180405536,-2.358516150061665,mid
2018-11-10,1.5920738974552486,1.724184604006166,1.917989097121936,-0.3221546421446531,-0.9511971199998257,-0.9355232041490035,1.124995279368842,-1.2284265556856813,-0.32215464214465295,-2.6611955601889394,2.8643503431328075,2.7728043013906767,-2.334042705155848,mid
2018-11-11,1.5831474708997995,1.713328400697671,1.903787293368159,-0.3215895775396617,-0.9483164597499486,-0.9282251144162739,1.1172255562387914,-1.2188726559081893,-0.3215895775396618,-2.627515951583392,2.823168832875354,2.735012030148615,-2.3103160435782355,mid
2018-11-12,1.430359685137486,1.4241603969455139,2.0505106770589263,-0.6020083829761268,-1.064704126072326,-1.094412064373146,1.31389054312832,-1.4328609133065668,-0.6020083829761268,-2.7867229731009466,2.9909701973795237,2.7445215485896384,-2.55541302142893,mid
2018-11-13,1.4433600832104538,1.5528739496870887,1.9459660443310145,-0.3160545393825287,-1.0125686161323149,-1.061885880924139,1.1787356777533964,-1.3054604970482737,-0.3160545393825285,-3.4751885950260473,3.55203641816767,3.6837172853796756,-2.900429547623838,mid
2018-11-14,1.354575001815546,1.3366608474968347,1.9879077482583893,-0.6021240779904086,-1.0595917729573823,-1.2430274468032336,1.1512981588172204,-1.327492561992953,-0.6021240779904083,-3.947133309974899,3.9665278943850257,4.041917464505601,-3.3522147048947284,mid
2018-11-15,1.6832990495790079,1.6093232165152171,1.8923567607585368,-0.883192014744474,-0.9239258021625478,-0.9663835691581488,1.0532212323927008,-1.1696479630275023,-0.8831920147444736,-4.043590219558279,4.054996362569075,4.000092301730525,-3.5405687525107257,mid
2018-11-16,1.4094040738054403,1.1830266494676545,2.0261009304932864,-1.159560087874391,-1.0674079374034147,-1.4135777238648894,1.2099105504166208,-1.4207651363919709,-1.1595600878743908,-4.081806195014471,4.040333230070697,3.910011035505266,-3.637553490214185,mid
2018-11-17,1.4028460305924955,1.1785998900512926,2.0100505535171793,-1.155320254908695,-1.0638458705891831,-1.4011514124503799,1.2006415291447103,-1.4082291524226078,-1.1553202549086947,-3.9733366410137307,3.934934852359514,3.8136005264646893,-3.5588241956838047,mid
2018-11-18,1.3963787720360317,1.1742225046068493,1.9943759184574341,-1.151126638910404,-1.060319265032168,-1.3889063462568563,1.1914739247580928,-1.3958770829816036,-1.1511266389104038,-3.8730807097254103,3.837378430270144,3.7239887429640444,-3.4849963796754873,mid
2018-11-19,0.9930616799008183,1.035649300156332,1.8236485987173867,-0.31103003841342847,-1.0884047076885761,-1.8934904062831575,1.0615171260088345,-1.4123000132593362,-0.31103003841342836,-3.195351390814537,3.2213101086757074,3.4079732849353825,-2.7110036298094164,mid
2018-11-20,1.0266694578006803,0.9656640705581555,1.6714465142237585,-0.5889344969120524,-1.0028277701205401,-1.8733174204645013,0.843148045797501,-1.2178001613917768,-0.5889344969120522,-2.7175464069570823,2.727165665069408,2.7308866409790977,-2.4094031357504058,mid
2018-11-21,0.9627537089094638,0.8913590461625714,1.7119832881149746,-0.5892650780762257,-1.0429533251362086,-2.0545582360379906,0.9203991654331508,-1.3331397154290618,-0.5892650780762255,-3.0525606417162288,2.9537758552076414,3.107741378084442,-2.5989062713683246,mid
2018-11-22,0.9599039144407503,0.8889016705566503,1.7016761985468078,-0.5880455952021163,-1.0396088334011053,-2.072559301310171,0.9133872423295021,-1.3332718817974607,-0.5880455952021162,-2.9955477169767906,2.910448130689372,3.047060436230532,-2.5682849957849316,mid
2018-11-23,1.1882945570108936,1.0469235905982957,1.8477063648503975,-0.8660212320109331,-1.0518540693950584,-1.9553978842941149,1.0028744615418486,-1.3806764368237736,-0.8660212320109326,-3.4344352650259893,3.2915962983943174,3.4054995304068374,-2.976139572085065,mid
2018-11-24,1.1839204997633601,1.0435736313524757,1.8353025242982457,-0.8637071376345734,-1.0484717488418647,-1.9329673294723848,0.9951247659709318,-1.3686470007766331,-0.8637071376345731,-3.3689875656453383,3.2334585228103436,3.341388376338909,-2.9320343410471374,mid
2018-11-25,1.1795944388593622,1.0402556576979936,1.823145354996155,-0.8614115134542628,-1.0451218809676508,-1.9110906233656864,0.987436653991765,-1.356785966108577,-0.8614115134542625,-3.307145310672234,3.1782972714933124,3.280767872279659,-2.889834291489969,mid
2018-11-26,1.9310752624808099,1.4846289859986088,2.50053851967461,-1.9742033301593933,-1.1706927330511696,-0.9433472617553328,1.7784451747078553,-1.7794078619858504,-1.9742033301593926,-2.996484224421513,2.8826468534792133,2.4186678576871246,-2.9933472050146057,mid
2018-11-27,2.3752749383936655,1.6861604036991105,2.481754706600405,-2.7926792940348144,-1.0559258593235663,-0.10141127925634709,1.7298478525193397,-1.516901428937128,-2.7926792940348135,-2.859333784960013,2.6813350711705155,1.887161676059307,-3.076203412314747,mid
2018-11-28,1.7011711737086448,1.3462012947494033,2.017226373359386,-1.6570585438673204,-1.0106659841084866,-0.7763379901817216,1.2097471648401672,-1.2460794075155586,-1.6570585438673202,-2.38264292294394,2.2459507880902074,1.9044623298949361,-2.3575016501360317,mid
2018-11-29,1.8702346102236624,1.4439714023750563,1.9770780085095443,-1.919608810480916,-0.9467769070913276,-0.4762360880130231,1.1452069285929793,-1.1114910100000366,-1.9196088104809153,2.475571722495255,-2.2654638819145223,-3.687393763355149,1.2641731159917926,mid
2018-11-30,0.9723383858492954,0.8238600829300553,1.754213037373865,-0.8156820379434048,-1.0798937038990157,-1.5024478668405938,0.8437480935365097,-1.121417276151014,-0.8156820379434043,2.4230594917057564,-2.244846888120643,-3.0850544422651343,1.6024549354772575,mid
2018-12-01,0.9695107387009491,0.821792443646573,1.7435552291508363,-0.8136512709059236,-1.0763975976572355,-1.4896208684322443,0.8373748895610281,-1.1126749744087328,-0.813651270905923,2.398462098218718,-2.224783015619788,-3.037346332563652,1.5939275899771659,mid
2018-12-02,0.9667076424047348,0.8197403088824438,1.7330894865299602,-0.8116356108333576,-1.0729352617428574,-1.4769918537314652,0.8310382605014021,-1.1040178018185993,-0.8116356108333572,2.374599261280685,-2.205247966400405,-2.9917859383353176,1.5855350519248725,mid
2018-12-03,0.9781433648846075,1.050490543305664,0.1238188955566182,-0.2663338373144165,0.05900122024179662,-1.5744572994721313,-1.0185019543408542,0.456444210829415,-0.2663338373144165,2.3497106150279787,-2.26475969805214,-2.7074368467357273,1.8109621733176748,mid
2018-12-04,0.9148021020982102,1.1889529103947591,0.0823502361316784,0.27273825236924415,0.07567324350170293,-1.5874566058416095,-1.0368628409552394,0.46782718851915267,0.27273825236924404,2.650856107569671,-2.555484964006146,-2.7938750246073645,2.225629263819206,mid
2018-12-05,1.1289082163052577,1.226746132578093,0.05274247411923174,-0.26840672721948033,0.18921349005178578,-1.5795115103490778,-1.0688490293094621,0.4964917793613828,-0.2684067272194802,2.778163638614453,-2.6809802024699905,-3.1621427502093735,2.172652066052578,mid
2018-12-06,1.1163530567816276,1.3188296523693657,-0.06615870141167038,0.003839504875433575,0.30898944579683035,-1.885543368319677,-1.1883214904926478,0.5187722542110694,0.0038395048754335287,2.6116661235445475,-2.6491094909638666,-2.854539234808157,2.235944800930764,mid
2018-12-07,1.214666629308609,1.4312968521173628,-0.2107644769069743,-0.0020441008047227265,0.511477327419725,-2.1856079172135168,-1.3997635228550696,0.6222214139953355,-0.0020441008047226692,3.1192567344655684,-3.1424807062190125,-3.4020963442840677,2.6610288607558785,mid
2018-12-08,1.210266402705152,1.4249164344428646,-0.2104423744392271,-0.0020411102046751567,0.5105326434258473,-2.180601193842267,-1.3937545356910603,0.6199756014623599,-0.002041110204675164,3.071198962377666,-3.0934238778638483,-3.340731845851719,2.6298906181173693,mid
2018-12-09,1.2059136971415623,1.418620662986306,-0.21012174445868476,-0.0020381326922828255,0.5095931779027129,-2.175622649328902,-1.3877938849334455,0.6177353133982132,-0.002038132692282658,3.0252968176092585,-3.0465957445227905,-3.2825733324935027,2.599820947287455,mid
2018-12-10,1.4097636613644622,1.4462034402472952,-0.18496003360173438,-0.5449758855263345,0.5672006885009916,-2.120184325873943,-1.533437791463306,0.7594737794085173,-0.5449758855263342,3.9664880899071897,-3.9230771035392005,-4.490372060261936,3.215249337595279,mid
2018-12-11,1.423300738844142,1.463014938294444,-0.23764142539008637,-0.5434692697520641,0.6369345927505784,-2.072562651605078,-1.6483221767393994,0.8753597341027947,-0.5434692697520638,3.7940941194005964,-3.7639805660618793,-4.273823015074213,3.103191819399131,mid
2018-12-12,1.3921228647077273,1.5321620225687256,-0.342878448246218,-0.2702014281797246,0.7544933784866898,-1.6716368663680297,-1.729904364806752,1.062124521641012,-0.27020142817972453,2.866869158947039,-2.931737119209397,-3.1650834398834244,2.4713262736728185,mid
2018-12-13,1.409365266944859,1.5523718923708678,-0.38940139590517814,-0.26864376560526004,0.8230275012212759,-0.8563463654653112,-1.6450807359908304,1.2175679407570814,-0.26864376560525993,1.5276573515868597,-1.7836769052506183,-1.7328684347376702,1.4772256318856698,mid
2018-12-14,1.2768879306275458,1.5031622065545995,-0.23820189243980405,0.010097147304629996,0.5798164760651865,-0.8268933577845982,-1.371454155477343,0.9882507466553972,0.010097147304629968,1.5484882819483203,-1.842757279935293,-1.64787999120545,1.609320287392843,mid
2018-12-15,1.272072242209139,1.4961439495983155,-0.23784094504578654,0.010082669859401447,0.5787049409048354,-0.8202257128090558,-1.3666769377340788,0.9899839687281514,0.010082669859401303,1.5409748091748146,-1.831210149691092,-1.639116328956906,1.6010492194351682,mid
2018-12-16,1.2673106805409962,1.4892231668564948,-0.2374816338291714,0.01006825450941305,0.5775997784853792,-0.8135939558346571,-1.3619308146345044,0.9917218746284457,0.010068254509413016,2.3529603567925412,-1.819877547266805,-2.5015272389236007,1.5929044778062362,mid
2018-12-17,1.349764696430203,1.4774766800599795,-0.27013590529984677,-0.2714201855165967,0.6536379644771407,-0.6248742179049535,-1.3194276064170765,1.008379657770522,-0.27142018551659663,0.8728128196137818,-1.2542414543466363,-1.0313605375201853,1.021443431671021,mid
2018-12-18,1.328506301444855,1.347938573340815,-0.20723322896864893,-0.5461631966058365,0.5710862947035489,-0.47031990556346454,-1.2665859373259314,1.0056906775458871,-0.5461631966058362,0.8552697575280201,-1.2496663903799463,-1.1147290161904835,0.9418456540410175,mid
2018-12-19,1.29876164369269,1.3135876150104884,-0.2387800335006726,-0.5457692026037617,0.596991163104383,-0.7016727192264522,-1.3302746918251713,1.00268913527986,-0.5457692026037615,1.1371696012118007,-1.52249820765429,-1.4125185338470374,1.182436869644622,mid
2018-12-20,1.3696831178147788,1.293717412358487,-0.205727713422908,-0.8187275056167523,0.5899727180496782,-0.7756751332388846,-1.2342462629284559,0.8986974905145437,-0.8187275056167519,1.1403890068672242,-1.515385023240963,-1.5154150978546612,1.1023288878981936,mid
2018-12-21,1.0967424786733775,1.1826160751104438,-0.20650096351047015,-0.26900448004903127,0.47501818057474,-1.0762777143701416,-1.2144230786332906,0.8009801407887195,-0.26900448004903116,0.9419736430459643,-1.3702924684725686,-1.0995720332218482,1.1293912810030458,mid
2018-12-22,1.0933450925062116,1.1786279747950346,-0.20619831574347242,-0.2685989532713346,0.474199455399241,-1.06821482253031,-1.2190244783447295,0.8097727449361675,-0.26859895327133443,0.9394800670166272,-1.3647673755783998,-1.0961562927734188,1.125777586695603,mid
2018-12-23,1.0899791133439598,1.1746799874676677,-0.20589699495256825,-0.26819525540435324,0.4733849514182099,-1.060231684775083,-1.2236586801182034,0.8187076769881554,-0.26819525540435296,0.6504072188298583,-1.3593086365411269,-0.78946216919078,1.1221983916036935,mid
2018-12-24,1.1453610184432532,1.1349261093936538,-0.2847809156857471,-0.5459131358617997,0.591005093985898,-0.6898684575974898,-1.3426271370052025,1.0325879045974193,-0.5459131358617992,0.5667412953256096,-1.078063466401697,-0.8035194082274835,0.798806278036627,mid
2018-12-25,1.1416690078620004,1.1313052996760098,-0.28435171781718793,-0.5449248887632825,0.5898929001733504,-0.6836208317191722,-1.351301699007991,1.0454878468900042,-0.5449248887632822,0.5656999029789348,-1.07482187291775,-0.8016749347533393,0.7969810380732104,mid
2018-12-26,1.1278015574651103,1.1156668426124756,-0.1797997500380968,-0.5441989511711371,0.4628224559154064,-0.6892942530535576,-1.2426731663236694,0.9473405095184819,-0.5441989511711369,0.614805825172119,-1.0716093724826778,-0.8529237225000441,0.7950972212985393,mid
2018-12-27,1.229184625018048,1.2344106726321658,-0.2751768937946673,-0.5449442701118934,0.6196381496956342,0.20728287571818851,-1.340719444691818,1.291109184841852,-0.5449442701118932,-0.1685236617123939,-0.3765414150708492,-0.024747289023862046,0.1826359749275493,mid
2018-12-28,1.2087668513884753,1.2110453978682885,-0.4431070206636301,-0.5443683035390654,0.8221449524416916,-0.23412877342329433,-1.3935484826481486,1.2198836148272238,-0.5443683035390651,0.2706844353802623,-0.7226692479951794,-0.48905149853153274,0.4879601494891734,mid
2018-12-29,1.2046653126732736,1.2069269479327345,-0.4423759826315674,-0.54339499295448,0.8202442143507458,-0.22816903606634095,-1.4042671156012863,1.2355561638058443,-0.5433949929544798,0.2702850139139998,-0.7211558871364684,-0.48821571773140304,0.4871269527125657,mid
2018-12-30,1.2006052807468912,1.202850268374026,-0.44164855270202324,-0.5424268878525906,0.8183566102609847,-0.22216987333306193,-1.415160777673432,1.2516403561212355,-0.5424268878525904,-4.567499515354269,-0.7196520019319551,4.628565630664836,0.4862980118966056,mid
2018-12-31,1.3836332732540848,1.4178884785187924,-0.42167874408039235,-0.5411036565774081,0.877625782701581,-0.07804848830043211,-1.2375256681395008,1.1313369380892921,-0.5411036565774079,-0.12498347935731251,-0.37073201206715356,-0.06369772597879754,0.17889843416922177,mid
2019-01-01,1.3781224395394152,1.4120560547344,-0.42099947814917954,-0.5401467507355102,0.8755002380300502,-0.07150678506103389,-1.2335737755725882,1.1321210203160532,-0.54014675073551,-0.1285882736419264,-0.37015690462938694,-0.05961945051133629,0.17864602032425392,mid
2019-01-02,1.3486629237103134,1.2774586838244466,-0.44736411327869613,-0.8114483442081137,0.8979089969951656,0.30345120833376404,-1.290591567226754,1.2941472312207094,-0.8114483442081134,-0.0640983436075549,-0.4392762581001788,-0.22564963274902627,0.1643391649418117,mid
2019-01-03,1.2527223254721058,1.2662510524740074,-0.3938768653936461,-0.5400733568388383,0.7850020211855876,-0.1985135877237807,-1.337166660711281,1.202310773064856,-0.540073356838838,0.17086203600249,-0.7174397974315383,-0.37607843635928373,0.48530452667651,mid
2019-01-04,1.3245587898390427,1.3516655214353848,-0.30142725099781126,-0.5372370081961245,0.7027783532115324,-0.051380336532112846,-1.1767078374746327,1.0949478789530176,-0.5372370081961242,0.30601725219889825,-0.7856705155021855,-0.5177230932217203,0.5466244101024621,mid
2019-01-05,1.3196256917109412,1.3464993866061041,-0.3009824933544555,-0.5363002604038237,0.7013575281733597,-0.04321583890777155,-1.1715704275050278,1.094825983832874,-0.5363002604038234,0.3055657860088706,-0.7839555143392687,-0.5168348158542265,0.5456637565830503,mid
2019-01-06,1.314747349100719,1.3413920864725106,-0.30053969917353346,-0.5353683986792982,0.6999452928165631,-0.03490924452266224,-1.1664686744006045,1.094704110902248,-0.5353683986792978,0.029451173852541597,-0.7822517046004017,-0.2250812103588235,0.5447081533718716,mid
2019-01-07,1.4452863434353993,1.3949342017726025,-0.29243486137958924,-0.8069410455904451,0.7502959735196141,0.46746274683581707,-1.2056172502742974,1.2686711942232094,-0.8069410455904446,0.09681145771962116,-0.5710331302242243,-0.3942531883894333,0.28266365605481236,mid
2019-01-08,1.4736073638163447,1.3299022406580765,-0.14597481524097342,-1.0772789281617703,0.5892983709003987,0.5225623347924969,-1.0303403784693357,1.1182083974744006,-1.0772789281617696,0.200005488849083,-0.6399520771257724,-0.6010024218484398,0.2683814999296404,mid
2019-01-09,1.415200443183957,1.2642592668521402,-0.0166392523972906,-1.07288034301445,0.42115051688278576,0.41890718823709866,-0.901359186786938,0.9689375465749458,-1.0728803430144493,0.33713577414908125,-0.7786473962380998,-0.7441718768265684,0.39231753237102734,mid
2019-01-10,1.6181197437753998,1.5043306400754366,0.00882408928186303,-1.0707658318383253,0.4816609035240174,0.656096280114473,-0.8991845754772907,1.0302187035257342,-1.0707658318383249,0.3595602897126689,-0.7769817538918954,-0.7671028305848556,0.3914432203315104,mid
2019-01-11,1.592192307766952,1.5755650433334734,-0.04015454237536108,-0.7960373838792917,0.5270459038628019,0.5484486343554327,-0.9775073044489615,1.0770474951738922,-0.7960373838792913,0.33339234535233825,-0.7753267640319672,-0.6401124861588489,0.4667740799151,mid
2019-01-12,1.5847317046869025,1.568291754647472,-0.04010116619739205,-0.7943101107095495,0.52615161378428,0.5598945509598885,-0.9761334223622876,1.0793325045130029,-0.7943101107095492,0.33290186261817856,-0.7736823135437083,-0.6389140168722042,0.4660192521014718,mid
2019-01-13,1.5773750778082534,1.5611183438749427,-0.04004800230816561,-0.7925940420578061,0.5252618633130719,0.5716197245486758,-0.974762277192362,1.081625636095332,-0.7925940420578057,0.050504799091153484,-0.7720482909873708,-0.34117099528290656,0.4652680762979073,mid
2019-01-14,1.7219341759522153,1.63407714794104,-0.048267582673658126,-1.0621573159183253,0.5997917607953964,0.9391981988880943,-1.0079032614751662,1.207635865181812,-1.062157315918325,-0.1331704896139517,-0.34929690637593847,-0.2459987916360514,0.01457789767406651,mid
2019-01-15,1.4034505084482285,1.262384772365431,-0.21271263073183053,-1.0597892521768102,0.6515176820321706,0.5212159875760434,-1.194434340432031,1.2800499297754766,-1.05978925217681,0.09008694247114779,-0.559691341214807,-0.48056445980279944,0.20166506521900118,mid
2019-01-16,1.352538381182231,1.1069784770048876,-0.2172123230213611,-1.3257559604387656,0.6353357543775023,0.6166292072262551,-1.2595323745611775,1.366897471169272,-1.325755960438765,0.3056054262540071,-0.7696335007275108,-0.8043891632223369,0.31315739188564284,mid
2019-01-17,1.1931168826685448,1.020063389650994,-0.14352438512009785,-1.0514807707675438,0.4796146842255416,0.5081453998468729,-1.1118202051626318,1.197898051913831,-1.051480770767543,0.25158769435259254,-0.6977170312355614,-0.6480770990450803,0.3261684085056323,mid
2019-01-18,1.1018515950746657,1.0127132624048771,-0.1986381253981138,-0.7778934550417863,0.502393057918217,0.3934270729670278,-1.1667361813367685,1.2229580450486406,-0.777893455041786,0.11188674258519472,-0.5555599446490769,-0.4018176746799312,0.27671652296989663,mid
2019-01-19,1.0986714446220172,1.010038814463825,-0.1983690722825971,-0.7762653327597925,0.5015728069931276,0.40314484467530576,-1.162394442479575,1.2218952915933032,-0.7762653327597919,0.11173951648762177,-0.5546145497954676,-0.4012093607913386,0.27632829120063546,mid
2019-01-20,1.0955186951810139,1.0073854621059344,-0.1981011096318867,-0.7746473990770785,0.500756562857434,0.4130653096572362,-1.1580786193558914,1.2208341787023342,-0.7746473990770779,0.11159287006635345,-0.5536739678893177,-0.4006038024842897,0.27594168928382296,mid
2019-01-21,1.0923929553932192,1.0047529293574282,-0.19783423009895346,-0.7730395481228742,0.4999442929825003,0.41998823617408865,-1.2044283412532024,1.2676376700041039,-0.7730395481228736,-0.043580101838593746,-0.4114600040642463,-0.23722240542489414,0.14980698103432435,mid
2019-01-22,0.7458841974849024,0.8953268596838352,-0.17724769060123716,0.05011076248796808,0.32039989309135486,0.0780832674038692,-1.025479245887397,1.0126142882168894,0.05011076248796802,0.33208675486536926,-0.7642508086954382,-0.3314869425676334,0.6956855072010878,mid
2019-01-23,0.9081063889626458,1.0854214566177303,-0.1452758358987872,0.0496613042187463,0.35889147870214183,0.3237722465438852,-1.0407976648948019,1.0872546441663753,0.04966130421874626,0.18090388596700158,-0.6213196053344424,-0.17285508351426346,0.5684231610509755,mid
2019-01-24,0.7711629314090136,0.9250743410847181,-0.07556499031514277,0.05230110510593866,0.22334741684387302,-0.18162011879348006,-0.9400797403286064,0.8696478522134433,0.05230110510593864,0.3984377538659922,-0.832401697088411,-0.40038090478028876,0.7570844255211271,mid
2019-01-25,0.6239610354641995,0.7476888610373901,-0.18593791322377837,0.04056571098117113,0.2761693093399559,-0.39134116427044063,-1.0027785776705587,0.8816110970105042,0.040565710981171205,0.2654950922761911,-0.6891079061760844,-0.26502223139377545,0.6263141784034498,mid
2019-01-26,0.6228510193415856,0.7461961409623691,-0.18569174020082804,0.04051371845331869,0.27578889502953313,-0.3866989666608253,-1.0008993741744523,0.8820863498941115,0.04051371845331869,0.2651322800291717,-0.6878097733040056,-0.26465922364169703,0.625197614191642,mid
2019-01-27,0.6217469103644961,0.7447123327063072,-0.18544654246039974,0.04046192532812227,0.2754100487680256,-0.3820550928007614,-0.9990252359016288,0.8825619446150332,0.040461925328122296,0.26477095143216256,-0.6865189545309897,-0.264297703779396,0.6240870045368642,mid
2019-01-28,0.7481960188406038,0.9895055220873781,-0.15698092711620165,0.309238069227561,0.30204656179974454,-0.13761236300579457,-0.9805799206575175,0.9236929007888911,0.3092380692275607,0.3198918514847204,-0.7561415145919704,-0.22421186280722288,0.7614903463270745,mid
2019-01-29,0.8668744847827629,0.9315886550549243,-0.1309332720672818,-0.23820022458774165,0.32763673613110883,0.04225786777116987,-0.9533437240155667,0.9404223063656743,-0.23820022458774157,0.4007923130245288,-0.8255519499323078,-0.508724234157136,0.6698639637136583,mid
2019-01-30,-0.3062995413800664,0.14024237329306732,-0.1546156291792947,1.3857111652596332,-0.17595334782930377,-1.6687615321798928,-0.9638865204193926,0.5426894037854444,1.3857111652596323,0.321902070404444,-0.7528497771370984,0.16729351677109858,1.0606281749155797,mid
2019-01-31,-0.5402060698342157,-0.043970428032060804,-0.19319273523703143,1.6312226403643262,-0.24424900732474253,-1.9878563732204446,-0.9648098169130875,0.46433766809244914,1.6312226403643248,0.47430128926545245,-0.8933049804205373,0.09881100270828407,1.2544038216311577,mid
2019-02-01,1.093361267556874,0.6132668611280722,-0.10942452753038591,-1.8491878694018964,0.40718872061006123,0.382076601433797,-0.9288002621427949,1.0007341844407258,-1.849187869401895,0.46180411437360036,-0.8912844630919048,-1.1652345143722354,0.2723069202538253,mid
2019-02-02,1.0903423269249686,0.6122053004735473,-0.1092853226153473,-1.8389406443282343,0.40659175147857224,0.3799352130480596,-0.9281291336519343,0.9991161655566276,-1.8389406443282326,0.4611012239355112,-0.8892776055839702,-1.1617797352754753,0.27193915604802704,mid
2019-02-03,1.0873482768861737,0.6111492371070305,-0.10914664763916128,-1.8288620051217637,0.40599740133468015,0.37779651792635505,-0.9274586674852466,0.997501927867963,-1.8288620051217628,0.4604015348055666,-0.8872842546148602,-1.1583555290046512,0.27157287819173087,mid
2019-02-04,1.1070359685478273,0.7332261280242393,0.041585101666779464,-1.558054609363727,0.2547974386696981,0.35690103153050384,-0.7598092216709552,0.8283335047814062,-1.558054609363726,0.5541049807434315,-0.9563064488514482,-1.156357048682258,0.4097526450605437,mid
2019-02-05,1.2691961394067057,0.9270916097477805,0.10208768203105476,-1.5514582795577616,0.26398350147786315,0.4895340976721778,-0.7230779947915134,0.8236442131246516,-1.5514582795577603,0.46265767072529085,-0.8830147809850203,-1.0587467322457709,0.34561143338579253,mid
2019-02-06,1.1397884609453164,0.8732094839683096,0.1414011467724001,-1.283746892567735,0.17006037373076563,0.30098493166967544,-0.6832771120550615,0.738443646199419,-1.2837468925677347,0.6424087493516301,-1.023091672554675,-1.146556902069122,0.547606523997165,mid
2019-02-07,1.1381652535463818,0.7756074444478759,0.09092825603391955,-1.5434660545418206,0.22098701816756863,0.1389162444899252,-0.7740953645432579,0.7867125980906071,-1.5434660545418195,0.3699703147275506,-0.8074086067269012,-0.9595188708359719,0.2795355544738342,mid
2019-02-08,1.0999710090151396,0.6362125851043049,0.06295462382254471,-1.7962106878174422,0.2338564039983969,0.30307252386941086,-0.7648887756098822,0.817275963439006,-1.7962106878174413,0.5234486179999936,-0.947918020214079,-1.2138876640171674,0.33129489165309023,mid
2019-02-09,1.0969666973172596,0.6351077939620433,0.06287654580677,-1.7868533417104406,0.23355167096791304,0.30854741334580205,-0.765477784912137,0.8197784882683747,-1.78685334171044,0.5226263899946049,-0.9456988271272163,-1.2101776966514382,0.3308405887439371,mid
2019-02-10,1.0939868885334034,0.6340087422143911,0.06279875757704123,-1.7776408148930478,0.2332481262981351,0.3140735826134463,-0.7660673107676345,0.8222910326713079,-1.777640814893047,-13.72800469914585,-0.9434951603015699,13.74095027295469,0.33038815021027446,zirp
2019-02-11,1.144741940726453,0.6948001575008578,0.09743566472400227,-1.7737875384674693,0.22108180339041283,0.39898038297310723,-0.6810886851011476,0.7598174614416034,-1.7737875384674686,0.36342558955589405,-0.870211442048765,-0.8628701983749891,0.2644489781358064,mid
2019-02-12,0.9595081708566886,0.5757243585311572,0.09731504868101007,-1.5031688759769537,0.1415142192660047,0.12965047026708304,-0.7087167691253946,0.724233649391536,-1.503168875976953,0.25079763671717936,-0.7260082533868597,-0.672915250474362,0.21323132823743526,mid
2019-02-13,1.1131644376532261,0.5645242315841804,0.013840189238620166,-2.01437594466531,0.2950541569651013,0.419862083570336,-0.8357878203363743,0.917427259449714,-2.014375944665309,0.25859496198673465,-0.7246544117435025,-0.8234228417831501,0.05966734849301067,mid
2019-02-14,1.1198924094587304,0.5748203942829632,-0.045331533733890095,-2.003161232665316,0.36182116307648177,0.4872512075085082,-0.9005198203682123,0.996861328627236,-2.003161232665315,0.2965939030866232,-0.7945736880469135,-0.8616203986749409,0.12344283724277105,mid
2019-02-15,0.8865576789129891,0.4976529223646022,0.03477717810262387,-1.471560963773841,0.17467834115709643,0.14302673953087286,-0.8234554665726728,0.8410793626394868,-1.47156096377384,0.30986604815896,-0.7929984985373271,-0.7288584854926009,0.27870999376847505,mid
2019-02-16,0.8846335825449907,0.49689856213937444,0.03473489641818189,-1.4659078670610255,0.1744597349778891,0.14607516971856674,-0.8285523536281496,0.8477295918275323,-1.4659078670610248,0.30945453958148167,-0.7914326473100037,-0.7275022611092908,0.2783451852450319,mid
2019-02-17,0.8827219695695758,0.4961476237564093,0.034692768575806915,-1.4603194689989207,0.17424194756295155,0.1491338804012302,-0.8336935318454792,0.8544573236325849,-1.4603194689989203,-11.47783674743628,-0.7898760424227077,11.497503501761209,0.2779818057961646,zirp
2019-02-18,0.880822705532049,0.4954000814140299,0.034650793644837835,-1.4547945446686474,0.1740249738136126,0.15266396200818474,-0.8391085117503262,0.8617479841841423,-1.4547945446686468,0.27807274799463993,-0.7883285931958348,-0.6215395408497354,0.2776198461141254,mid
2019-02-19,0.8629830179220521,0.3840900739636967,0.11025152835919054,-1.6869655381629123,0.09121056044408789,0.13158466653162068,-0.7408357543166413,0.7609898611461656,-1.6869655381629116,0.22667089359289516,-0.7153568782736557,-0.6229867163380906,0.14102822054580927,mid
2019-02-20,0.8370365779436135,0.35557169615621026,0.23400078105031316,-1.6768784884996957,-0.03772649855170714,0.044290824398139424,-0.6322085139435294,0.6339292245659843,-1.676878488499695,0.3676204138259493,-0.9283980330962305,-0.7666961948540887,0.33544982729702694,mid
2019-02-21,0.9938060039032074,0.441150759127608,0.3952825361227363,-1.9361472428111508,-0.11766459700068274,0.34227077709244114,-0.471239716175921,0.5478679297887301,-1.9361472428111501,0.2913676608740615,-0.7834380409010326,-0.7496696666086262,0.12431819125988322,mid
2019-02-22,1.1143399838530983,0.589786294861591,0.030421635211375808,-1.9204733929637097,0.2848276895884716,0.691922877363073,-0.8975442003033344,1.0542581536937865,-1.9204733929637092,0.3129697450020528,-0.8534223622216015,-0.7697408589111302,0.1903954473874238,mid
2019-02-23,1.1113559514637006,0.5888365358782729,0.03038527755719935,-1.9097533123979635,0.2844599311427993,0.692132169847454,-0.9039952907829795,1.0618074760599214,-1.9097533123979633,0.31256032495681724,-0.8516641316196487,-0.7682761575774301,0.19015984676572675,mid
2019-02-24,1.1083957824457331,0.5878913532597646,0.030349049947416034,-1.8992108633412694,0.284093593840837,0.6923415247156667,-0.9105180652709753,1.0694521153779404,-1.899210863341269,-10.039560977567154,-0.8499167317720195,9.952799814467506,0.18992511868934928,zirp
2019-02-25,1.1320823541782574,0.6177810668099057,0.0548487078083325,-1.8919125030726291,0.27021391042117476,0.7911688157301809,-0.8659040320520534,1.051800383925592,-1.8919125030726285,0.31265196978351256,-0.8481800518948925,-0.7118109651922656,0.18873839282412497,mid
2019-02-26,1.2999580557358574,0.7243063844031229,-0.13573406163492027,-2.1297043854076314,0.5544585962574793,1.000337849591205,-1.0491083737903117,1.2872265245535348,-2.129704385407631,0.39909795714625007,-0.9895470886577892,-0.8514802521637588,0.24127178708140393,mid
2019-02-27,1.356000539806585,0.7924313786934088,-0.08995082716387166,-2.123962494323874,0.5300119508695231,0.9869481548605333,-0.9807013751894487,1.2183296772844985,-2.1239624943238735,0.3943216774443951,-0.9872347679026247,-0.8471040283715507,0.23841058623664174,mid
2019-02-28,1.2298881662759666,0.8398785857382779,0.04612392192640456,-1.6203032210368973,0.3264596486846575,0.7500732177947916,-0.82973641622199,1.0118990329824409,-1.6203032210368968,0.4403609553684472,-1.0564397050559229,-0.7904366143548717,0.4575039780729538,mid
2019-03-01,1.3669408357904806,1.003163982041716,0.03332657138042352,-1.6263072733584625,0.4029626333673411,0.9697696740374439,-0.8617033574623014,1.099845511079123,-1.626307273358462,0.45033791237575665,-1.0538130031299313,-0.8025022278347039,0.4527916641281451,mid
2019-03-02,1.362336959595526,1.0007989107260526,0.03328738954120236,-1.6193544890442164,0.40241235111276896,0.9723815889972981,-0.8664828855792042,1.1068040162796964,-1.619354489044216,0.44970299746428644,-1.051205812319978,-0.8009517290752944,0.4521506086849812,mid
2019-03-03,1.3577793227204549,0.998450501678259,0.03324834557480114,-1.6124901773875129,0.4018643179375364,0.9750043421962092,-0.8713008624513463,1.1138418744298013,-1.6124901773875124,-8.965761265549506,-1.048617892200121,8.910560037935523,0.45151226953476825,zirp
2019-03-04,1.2855351958847556,1.0115769037622717,0.07984230984663912,-1.362243791262854,0.32168527197622265,0.9280060188886813,-0.8121225886339442,1.0445051144432833,-1.362243791262854,0.3856851109912599,-0.9745765859015431,-0.6549460522716052,0.4625581040420394,mid
2019-03-05,1.3052015991711845,1.0372035965409319,0.12992787559120458,-1.3593600023404524,0.28033084270236913,1.0203374615405927,-0.7643859156641729,1.021858338496056,-1.359360002340452,0.41965882425557705,-1.0438427519935203,-0.6895728034835861,0.5268709637135242,mid
2019-03-06,1.4432675734885931,1.0056858419113046,0.08579788962584814,-1.8565526609107896,0.3893209590560407,1.2417588627696425,-0.8134056412713067,1.1273412979591806,-1.8565526609107892,0.4190856902542118,-1.041309539271141,-0.784269429170918,0.36634867262430965,mid
2019-03-07,1.6172329623882922,1.2208031327001125,0.049348028855593654,-1.8484520810026706,0.5090260427987617,1.518243260172915,-0.8106869688977312,1.1945373583173362,-1.8484520810026699,0.4127557646357697,-1.0387946945303517,-0.7771748667403798,0.36539827251710066,mid
2019-03-08,1.4974911385448244,1.184852924580747,-0.04539582217220364,-1.5785683222531117,0.5600984008936246,1.339335325851892,-0.9102135079872132,1.2480625531061684,-1.5785683222531113,0.4064325849444669,-1.0362979968022195,-0.7196624949824769,0.4485932878022884,mid
2019-03-09,1.4918848520339911,1.1815611896912996,-0.04534326391549856,-1.5722060385886238,0.5592477763306981,1.3373607500886662,-0.9080116610872696,1.244584558773647,-1.5722060385886232,0.40588648552168094,-1.0338192288219339,-0.7183994969516616,0.4479704197357862,mid
2019-03-10,1.4863411047952875,1.1782967586893147,-0.04529088778923954,-1.5659201156966067,0.5584010177317213,1.3353916813830102,-0.9058165468473786,1.241123495012014,-1.5659201156966065,-8.263728402329816,-1.0313581769493543,8.20522173732055,0.44735014012925406,zirp
2019-03-11,1.2206657881552052,1.0563290926540607,-0.02252963479704418,-1.0678564261453762,0.4108086564407068,1.467141484786208,-0.9024551202471731,1.2692965710476396,-1.0678564261453758,0.22158810149319802,-0.6713454201198793,-0.4169432826514981,0.2759120442813126,mid
2019-03-12,0.9949227489891445,0.7837215207160007,-0.06446490862358206,-1.0625410483492246,0.3511580675846604,1.2272513745696871,-0.9400813107702969,1.244079292965734,-1.0625410483492241,0.329364278776815,-0.8850017068988499,-0.5267347906629897,0.4743137992467325,mid
2019-03-13,1.0656620504148975,0.773602103842199,-0.027734997514842957,-1.3015421880480547,0.34576566066536046,1.121247457393919,-0.8944230543804933,1.1701294479623507,-1.301542188048054,0.3590839932867705,-0.9547484068386373,-0.5998207798181446,0.46167271059122006,mid
2019-03-14,0.8495402829341505,0.7095102231560919,-0.041167722242629254,-0.8084942389269779,0.25945468136593014,0.7343068725670026,-0.8746897052240027,1.052115328809261,-0.8084942389269777,0.2521409342515222,-0.7378989098048535,-0.4026941091722501,0.4208118867438717,mid
2019-03-15,0.29275689454939835,0.4324635865095827,0.01253124358219254,0.186478844539255,-0.05399118614250589,-0.22928867325587596,-0.8118124159212656,0.7477033125536025,0.18647884453925498,0.280263739033848,-0.8082594253813764,-0.2549354616266424,0.8061597296183937,mid
2019-03-16,0.29239542418754877,0.4318796798595113,0.01251699333716548,0.18625942464440481,-0.05392961880064756,-0.22442284422038014,-0.8057535456243989,0.7428430042106917,0.18625942464440468,0.27992076132832083,-0.8067424773962583,-0.2546267098365382,0.8046463884802989,mid
2019-03-17,0.2920352897506863,0.43129813293080904,0.012502791596680498,0.1860407775424401,-0.05386826159978102,-0.21954057007950153,-0.7997270803542478,0.7380051187302054,0.18604077754244006,-7.797804672264588,-0.8052340446735029,7.9944507646044665,0.8031415442325722,zirp
2019-03-18,0.6323779442845402,0.5446373629387488,0.013104742168754504,-0.5608657907244036,0.10355238166120474,0.31557391788319666,-0.8338861455030714,0.903720771117933,-0.5608657907244035,0.2791471952778724,-0.8037340478138244,-0.3776568807543141,0.5619086856625873,mid
2019-03-19,0.5922132119967843,0.4960570008116874,-0.002282086469985948,-0.5600327038780966,0.10069768071013568,0.2601895460377485,-0.8435325727305332,0.8984513701121443,-0.5600327038780963,0.247339908361461,-0.7304667630034399,-0.34503770934056044,0.4948312785858706,mid
2019-03-20,0.4637341166878033,0.44049309513192325,-0.03600115284392517,-0.30978300605234443,0.07497624801835669,-0.04512965195359412,-0.8857457345650658,0.8646171046058121,-0.30978300605234427,0.33988652533589636,-0.9445632238650478,-0.398460107046052,0.7730814733549884,mid
2019-03-21,0.7490977486771596,0.4871935063701237,-0.07209545816939096,-1.0554853051844386,0.2468741022325893,0.1287376065669908,-0.9028452146954796,0.9236419649957746,-1.0554853051844384,0.4340351857300659,-1.1576475073890842,-0.6170139517382999,0.7307881156718382,mid
2019-03-22,0.8721875366230494,0.5391583137609309,-0.06294700651624781,-1.2977233148694458,0.2958306958889442,0.3786335667146626,-0.8728498068584952,0.9546674915994194,-1.2977233148694454,0.3990834826602601,-1.0829801147908014,-0.6213189292528293,0.5842490733566584,mid
2019-03-23,0.8704676966743999,0.5383790793294088,-0.06287627735275045,-1.2938250081793945,0.2954705540987978,0.37791412672157604,-0.8660815207158752,0.9473403505343938,-1.2938250081793938,0.39856667409219115,-1.0803511946113329,-0.6203545379173762,0.5833714894224871,mid
2019-03-24,0.8687579980683149,0.5376032155412561,-0.06280578607621717,-1.2899616470606545,0.29511172469853425,0.37719513608701183,-0.8593541769063305,0.9400663125038798,-1.2899616470606543,0.39805186882097354,-1.0777413410117598,-0.6193946260531604,0.5824978504500299,mid
2019-03-25,0.7853107789707834,0.43911689227754247,-0.11085119558632905,-1.2803887188828371,0.3072648973446184,0.19301428623667632,-0.929585729179274,0.9642007584629372,-1.2803887188828367,0.36389645476874327,-1.0751503245699048,-0.5831906107813382,0.5834916350671839,mid
2019-03-26,0.844123424781138,0.41028302726165494,-0.06923996111121401,-1.5257675372044888,0.2912408019784526,0.1755944035835036,-0.85250080794316,0.8838365427058129,-1.5257675372044883,0.44495505193723783,-1.2157181199140719,-0.7067634186274246,0.6346833212854905,mid
2019-03-27,1.0435575028347046,0.6548112392455989,0.021767146094771345,-1.5235692364740212,0.2898267486980073,0.488242007088967,-0.8202748297741052,0.9279540958290824,-1.5235692364740208,0.4874041452834182,-1.3552857351231136,-0.7499957539148375,0.7656968888280437,mid
2019-03-28,-0.4601709863740851,-0.1675927279855315,0.021586770577156904,0.9674684301639446,-0.40974683170171566,-1.7351374083160334,-0.7874669463043813,0.35217068758662917,0.9674684301639441,0.22152735666775242,-0.7790249103986816,-0.06569315104848894,1.0388682832374687,mid
2019-03-29,-0.48234016505673444,-0.29914713671217574,0.08127659820251985,0.7122668726108605,-0.4725084121897251,-1.7096712260007534,-0.7345496341982377,0.3059455546756762,0.7122668726108603,0.22963277485168035,-0.7776446074508515,-0.11626954776838204,0.9543544182784905,mid
2019-03-30,-0.4816847154928413,-0.29878792474413424,0.08118644479963764,0.7110830636722358,-0.47187122074828913,-1.7038254829379222,-0.7297577969021677,0.30242181928666306,0.7110830636722357,0.22936694545748537,-0.7762716206383974,-0.11613969149610845,0.9523437768398793,mid
2019-03-31,-0.4810319319396823,-0.29843000396735764,0.08109659073571733,0.7099051416076558,-0.47123660130729245,-1.6980232489814673,-0.7249873691571079,0.2988980458804202,0.7099051416076556,-7.423395658669148,-0.7749058855340906,7.644124843237097,0.9503457994455571,zirp
2019-04-01,0.5150558345233174,0.3061445739010309,0.13631272565667263,-0.7926215718703095,-0.06569160560280586,0.0431666585893288,-0.6371617215304042,0.6430939198769936,-0.7926215718703093,0.3366200546524608,-0.9887098382861025,-0.46518629514957793,0.6619091821335713,mid
2019-04-02,0.33762738697909284,0.08921439339300873,-0.007272531567838235,-0.7909764731615193,-0.008993812049892334,-0.17835385663324216,-0.8071057533962401,0.7577280003866395,-0.7909764731615191,0.40229424391502705,-1.129857360549566,-0.531570641970498,0.794221294378061,mid
2019-04-03,0.3379921371716944,0.19271707938980617,-0.020254957974091353,-0.5397757817867688,0.004198612047721628,-0.23386245452462898,-0.7483316645145587,0.686056467352685,-0.5397757817867687,0.28098432150032526,-0.8404302744522616,-0.3694562471262476,0.6071201632596444,mid
2019-04-04,0.34535250338638673,0.09918145137252907,-0.06651945969222146,-0.7892196553312985,0.05413078983024422,-0.2215770965912754,-0.7641398463323744,0.7049579095097314,-0.7892196553312981,0.18714504751259436,-0.6235233050571836,-0.31304592852423346,0.32465511815350584,mid
2019-04-05,0.5025442210053426,0.2924750319815553,-0.06707465945086986,-0.7875748030392001,0.12953791253382577,0.020645353377389083,-0.7875163742904656,0.787398556979898,-0.7875748030391998,0.15693971347312993,-0.5507068808982731,-0.2822062390010972,0.25746881474945077,mid
2019-04-06,0.5018608230221864,0.29213042440083503,-0.0670015431910785,-0.786189109516758,0.12939497574908615,0.018944146627115247,-0.7831596422790149,0.7826864850338138,-0.7861891095167579,0.15676557803159358,-0.5499293053290464,-0.28187554227532763,0.2571708453376811,mid
2019-04-07,0.5011802067757068,0.2917870323041834,-0.06692866551890873,-0.7848107094701413,0.12925251110665864,0.017241851875250153,-0.7788236650583275,0.7779976788867806,-0.7848107094701411,-7.083644482114358,-0.5491550158860822,7.070921828001958,0.25687390822891804,zirp
2019-04-08,0.2835366126231326,0.128388773931672,-0.05568449804778381,-0.5330600312836802,0.014835762962346528,-0.3152931469100978,-0.7633388363052558,0.6819722759628759,-0.5330600312836801,0.23058279520373923,-0.6924461992428877,-0.31280556135664456,0.4722062561812346,mid
2019-04-09,0.23402887227201583,0.06791521352094126,-0.0022226281947373906,-0.5323216309490191,-0.061004531612017854,-0.3921030074337497,-0.6776370452661227,0.5785308154971363,-0.5323216309490191,0.2811946101246645,-0.8353947895577613,-0.3640383230384216,0.605772107151055,mid
2019-04-10,0.191079215370503,0.015474795053160403,-0.06444570499155504,-0.5315862921658092,-0.01989526069688872,-0.45391335030231067,-0.7213395766417786,0.607017885315984,-0.5315862921658091,0.3093243092478955,-0.9058803683545067,-0.3924562140422658,0.6719960324552228,mid
2019-04-11,0.3498545571972474,0.1068504763871541,-0.049746787315420815,-0.7822692275348964,0.04089364433557269,-0.2607308373399003,-0.6890654238315471,0.6219978493417904,-0.7822692275348964,0.34943471429890827,-0.9761065107200969,-0.47001948034284635,0.6563726449499512,mid
2019-04-12,0.3345460216773581,0.2958829482264545,-0.08041563307652612,-0.2780239951990531,0.06478538973178131,-0.28111557739830517,-0.6888384518294381,0.6169769687721987,-0.278023995199053,0.3535165768086608,-0.9740678278375755,-0.3999536752956427,0.8187394227976864,mid
2019-04-13,0.33414828824598014,0.29553890778271547,-0.08032911642296849,-0.2777037738238013,0.06471584675532067,-0.2785601244607572,-0.6846927753352814,0.6136154092859541,-0.2777037738238011,0.3530922532060366,-0.9720418747602834,-0.39945759483154214,0.8172766297282926,mid
2019-04-14,0.3337519703756078,0.2951960649102458,-0.08024287841495432,-0.2773846565803704,0.06464652725026847,-0.27600591732573526,-0.6805632818453007,0.6102642398632037,-0.27738465658037037,-6.606144135119415,-0.970028519520849,6.654888017154115,0.8158216545400448,zirp
2019-04-15,0.5338986993058035,0.3328317022130571,-0.2429444151088881,-0.7818550806302151,0.3346346378221587,0.034399959697311654,-0.8781085978717873,0.8817730078296243,-0.7818550806302147,0.3545449260680576,-0.968027632059515,-0.4691983986644361,0.6506935094967411,mid
2019-04-16,0.47579206337216884,0.3663211757148997,-0.4370693036913521,-0.5277421732629513,0.5297825428319823,-0.05298678493099385,-1.0645502591587022,1.046224625779486,-0.527742173262951,0.29101677663887315,-0.8219656795064415,-0.3692462996633736,0.5971323794559442,mid
2019-04-17,0.478406149919011,0.36984952914572683,-0.6562915974732507,-0.5270267031171016,0.8087614202790115,0.006860896041525447,-1.220573472968226,1.215880722275475,-0.5270267031171014,0.26053236118335577,-0.7484033410576247,-0.3382585627508922,0.5288957273693512,mid
2019-04-18,0.48426101297792434,0.377357090736594,-0.44722241183807937,-0.5263141364235653,0.5468141057834018,0.01660993517998625,-1.020772485074836,1.0194610179684414,-0.5263141364235653,0.2041853658134225,-0.6028197298535815,-0.2810783101576388,0.3932759281988253,mid
2019-04-19,0.4836297949430755,0.37690197811662596,-0.44665578879972834,-0.5256044535908756,0.5460640627675087,0.016017931083391557,-1.013798566951128,1.0124110298202222,-0.5256044535908755,0.20108375424432257,-0.6019536660611694,-0.2778432670538312,0.39279651365201507,mid
2019-04-20,0.483001039865351,0.37644850870310353,-0.44609131485650555,-0.52489763521219,0.5453170992486174,0.015425891340140815,-1.0068805666940328,1.005417735987203,-0.5248976352121898,0.20086385541727808,-0.6010913264011247,-0.277528002554563,0.39231884866658034,mid
2019-04-21,0.4823747317639301,0.3759966726290941,-0.44552897645327416,-0.5241936620630593,0.5445731942039029,0.014833815318656915,-1.0000174067394776,0.9984800303880713,-0.5241936620630593,-0.39363606284059455,-0.6002326842498091,0.3248156172760068,0.3918429226241371,mid
2019-04-22,0.6413515271320875,0.5715790410506537,-0.4508818543115155,-0.5234925150998119,0.6334712345724104,0.25729958312685935,-0.9726195949671527,1.028703547844754,-0.5234925150998119,0.17538839561016317,-0.5993777132493544,-0.2515572774373605,0.3913687249961368,mid
2019-04-23,0.5035238085020056,0.40264505668903366,-0.8807280562653212,-0.5227941754544722,1.140535280705607,0.10007415001789097,-1.3948773003988808,1.4114538129807759,-0.5227941754544722,0.16638790983005639,-0.5985263873042606,-0.24235166981837603,0.39089624534383366,mid
2019-04-24,0.45242445538267456,0.3401910082275129,-0.5916523683685653,-0.5220986244384593,0.7117857039019735,0.019215063652417,-1.1195372654854692,1.1188231507607176,-0.5220986244384593,0.15218319070292002,-0.597678680578047,-0.22787609151453894,0.39042547331542465,mid
2019-04-25,0.4494257314419752,0.33680924212296187,-0.5264739415347346,-0.5214058435346481,0.6276380607084564,0.01057866344630844,-1.0494701199274352,1.0476214519433136,-0.521405843534648,0.16360136623337,-0.596834567489956,-0.23935553469384077,0.38995639864699083,mid
2019-04-26,0.3756081934845998,0.35188888712769595,-0.45574449116656635,-0.2652722577416373,0.5026125938029359,-0.2733282873877756,-0.9751512263115075,0.9078719016928997,-0.2652722577416372,0.3039654309868072,-0.9586553335009235,-0.345591833054658,0.8119335292350166,mid
2019-04-27,0.3751632293649987,0.3514783380270136,-0.4551730160144676,-0.26497751596121877,0.5019588739815101,-0.27803077944328447,-0.9686625696429305,0.9012328091434054,-0.2649775159612187,0.3036214467105006,-0.9567488597622513,-0.34519020960788727,0.8105344356822791,mid
2019-04-28,0.3747198433554119,0.35106922292939874,-0.45460368610682006,-0.26468375462037436,0.5013076994395386,-0.2827682686245571,-0.9622217320943828,0.8946378503980645,-0.26468375462037436,-6.3806005745097245,-0.9548537229481295,6.422348090072173,0.8091425546552878,zirp
2019-04-29,0.4331206819854239,0.21081703663695406,-0.08172947161224628,-0.7780159093963692,0.11528105714699306,-0.19796115573364798,-0.5756393291076906,0.5290234168776985,-0.778015909396369,0.277272503660258,-0.8804684475987763,-0.38551835610459256,0.5733447666410459,mid
2019-04-30,0.39862590228145267,0.27533421090123883,-0.36917958605014173,-0.5191843203644868,0.4130095823890703,-0.255403032399558,-0.8974074154295295,0.8378483308488242,-0.5191843203644867,0.27139907164673843,-0.8788586001365157,-0.3448384688047396,0.656110042985132,mid
2019-05-01,0.4102656891737367,0.2899197666408268,-0.20703558100809447,-0.518505544409219,0.23708360375031193,-0.2401983421243733,-0.7372596561204773,0.6820305155794992,-0.518505544409219,0.3061984997638623,-0.8772575567619841,-0.3799580746774724,0.6551434047681047,mid
2019-05-02,0.15962590259988876,0.30464491019612516,-0.3909458651115182,0.26262097132095513,0.31708870645743137,-0.8540473055531377,-0.9061681714355933,0.7107456931472108,0.262620971320955,0.25399321383051104,-0.7304701690901597,-0.2222800037656886,0.7707514571056999,mid
2019-05-03,0.25958963551999303,0.31818202286954544,-0.3918366833020977,-0.0018839997258265381,0.36932886113415414,-0.7000459237433664,-0.8873687717973445,0.7284107728738793,-0.0018839997258265177,0.2592987298150989,-0.7293234533773724,-0.26315194739667375,0.6839960600740165,mid
2019-05-04,0.2593061331375984,0.31782348589559917,-0.39137414117511005,-0.0018820723692597144,0.3688993750775342,-0.7013430984594994,-0.8803241975821198,0.7221307937819116,-0.0018820723692597396,0.25901616349424533,-0.7281821245418378,-0.2628640520552193,0.6829683463126425,mid
2019-05-05,0.25902355773028785,0.3174661584977909,-0.39091323371795544,-0.0018801509157165336,0.3684713842957379,-0.7026428117166048,-0.8733227514255697,0.7158727108724595,-0.0018801509157164828,0.26404772110413965,-0.7270461405239419,-0.2679541771369973,0.6819452538655376,mid
2019-05-06,0.41269513671967034,0.29208400130142964,-0.42905379304022523,-0.5204627041573535,0.49228168014317464,-0.35198187050056917,-0.9028311663962669,0.8271655268966379,-0.5204627041573534,0.3344329041665967,-0.944095964983994,-0.4087669107953836,0.7179766959819275,mid
2019-05-07,0.3975778962109384,0.27378557065495707,-0.42823618492041327,-0.519789858350687,0.4837821275946834,-0.3745399341070625,-0.8966026345129114,0.8160071199191803,-0.5197898583506869,0.25463359454691187,-0.7604596783866102,-0.3279209275137606,0.5461811743513748,mid
2019-05-08,0.43133049780961,0.31554850258256684,-0.46275195462712365,-0.519119616525431,0.5430476815025044,-0.31987919742102716,-0.9098525734718708,0.842048106749797,-0.5191196165254309,0.21874279681201342,-0.6500250974977553,-0.2915156080283896,0.4429252780467615,mid
2019-05-09,0.3998160148106406,0.27709453149568913,-0.5447941727326657,-0.5184519619230473,0.6283665790034316,-0.3660670644511868,-0.9821304256725967,0.9040174014676742,-0.5184519619230473,0.24293352713413535,-0.7219515104208282,-0.31590520389364524,0.5108058322425574,mid
2019-05-10,0.20736911287060195,0.14781023163459722,-0.5491170473001578,-0.25900256525557974,0.5324812249125885,-0.6582805951489118,-0.9804844001873292,0.8331845368804855,-0.2590025652555798,0.2433764705328868,-0.7208431973129764,-0.2815067151125723,0.5938478451246949,mid
2019-05-11,0.20715095174095224,0.14765789025920237,-0.548395886039749,-0.25872377830014126,0.5317915907665135,-0.6539563881339735,-0.9740800463273998,0.8269479601316256,-0.2587237783001412,0.24311695829016342,-0.7197399759808589,-0.28120024348364914,0.5930372701019926,mid
2019-05-12,0.2069334777799858,0.14750601897331506,-0.5476775600136791,-0.2584458897974407,0.5311046304341631,-0.6496479273565672,-0.9677603716157176,0.8207598107877186,-0.2584458897974407,0.2361018037660841,-0.7186418075422442,-0.2740588657586384,0.592230006946544,mid
2019-05-13,0.09273829940619137,-0.1000822581226148,-0.5431028650174815,-0.5176907124511235,0.46556450370805535,-0.706864127349613,-0.9578223453240933,0.7961382080402996,-0.5176907124511235,0.2610716304452344,-0.8634889826853718,-0.33413324161601593,0.6447312992397869,mid
2019-05-14,-0.03770435372873668,-0.2601803862059706,-0.5527794912207757,-0.5170323435749564,0.4088680112986728,-0.7879671057108079,-0.9202689417065836,0.7385775251075362,-0.5170323435749564,0.31240454029636977,-0.9349293013697966,-0.3859720418236172,0.7124127167708355,mid
2019-05-15,0.1242849672486253,-0.27421932726094256,-0.7164938874316744,-1.0313005714449637,0.7046093041125,-0.42251493870791734,-1.0059051168309046,0.9124230945676552,-1.0313005714449637,0.21523340024350637,-0.787232004217046,-0.3568505813514824,0.40746884322003385,mid
2019-05-16,0.04128499596615695,-0.26995729633359167,-0.6919973982630963,-0.774201855420533,0.6273867164311829,-0.5443310597894311,-1.0420365471048738,0.9194806772001946,-0.7742018554205329,0.2328119600853311,-0.785960586206848,-0.34010304686958387,0.48961658186846013,mid
2019-05-17,-0.05193024539118313,-0.16760226059756128,-0.533408661560571,-0.2505517809482362,0.3790681543717869,-0.6246011641926288,-0.8540285208335797,0.7105872724252108,-0.25055178094823627,0.2624081112303514,-0.8577399703964788,-0.2995978328596686,0.7267573998747501,mid
2019-05-18,-0.051878459974008334,-0.16743088260801023,-0.532726924082964,-0.2502869213167623,0.3786368675305487,-0.6188934562081833,-0.8471245780871016,0.7047613072207064,-0.25028692131676233,0.2621296812576306,-0.8562613924017879,-0.2992730684024634,0.7256522152909184,mid
2019-05-19,-0.051826829171758515,-0.16726002929645553,-0.532047795067859,-0.2500228999870581,0.37820704986764625,-0.6131981143484472,-0.8402587603316797,0.6989572463845335,-0.2500228999870581,0.26213550328511853,-0.8547904394020702,-0.29923597384066,0.7245520604117189,mid
2019-05-20,-0.2417081906985898,-0.29169483270650426,-0.5488001406858091,0.012808144333421834,0.29860204871124835,-0.8970140500050708,-0.8772548069338368,0.667789607322167,0.0128081443334218,0.2956377930373184,-0.8536455579725295,-0.2976000545246876,0.808150919715598,mid
2019-05-21,-0.21383171283183172,-0.257902850917833,-0.5971488105610834,0.013459587487411067,0.37103354967125424,-0.6711806340356079,-0.874678241536056,0.7184281257950178,0.013459587487411048,0.24346641528911128,-0.7062573049320106,-0.24469985821193874,0.6694924180068417,mid
2019-05-22,-0.7617040030150097,-0.49492709038450544,-0.5546507054130763,1.0654026249750863,0.03161535959741929,-1.4891068938919707,-0.8106610541144303,0.4566113228856378,1.0654026249750863,0.2527956129374851,-0.7050856893392333,-0.11264569692942192,1.0072833812305602,mid
2019-05-23,-0.3161455437389795,-0.28064581974839486,-0.5505580128199957,0.2645673910668096,0.26039313246599444,-0.7977752459791014,-0.797954705663006,0.6085904615216645,0.26456739106680954,0.25267700541825255,-0.776116811761311,-0.22029565815861876,0.815786566861779,mid
2019-05-24,-0.306650540301058,-0.26951278295078573,-0.42220035759375385,0.2641612306031258,0.11860375375740051,-0.7732100203144219,-0.7045089849950508,0.52022316078598,0.26416123060312585,0.25980814385942197,-0.7743575985111656,-0.22758963176903685,0.8138735733548608,mid
2019-05-25,-0.3111966638459043,-0.2763388985038747,-0.42425166538522974,0.26265357322563676,0.11860857501864927,-0.7699082710022848,-0.6982528955867287,0.5141722480349357,0.26265357322563676,0.2595571949064587,-0.7726020199277408,-0.22755631327986753,0.8116114389073749,mid
2019-05-26,-0.3157865709899941,-0.2832872051287895,-0.4263097137887343,0.2611459513403689,0.11861339628812388,-0.7666195015232026,-0.692015288026203,0.5081127260420807,0.26114595134036883,0.2553402676767488,-0.7708500561470782,-0.22350624967402255,0.8093550268635765,mid
2019-05-27,-0.320381490346085,-0.28991474785945637,-0.4282806256481479,0.260091786746113,0.11854963122652751,-0.7687585815369149,-0.6858295917923758,0.5019395969554787,0.26009178674611305,0.25907433699119287,-0.7691016874365477,-0.2274377494932169,0.8072637901805221,mid
2019-05-28,-0.6380159066666222,-0.45960777627327853,-0.35496445224512163,0.7889684334709994,-0.11665208577638857,-1.464928459540623,-0.6187454695584063,0.262724394263409,0.7889684334709993,0.1679329483200945,-0.5498554943972274,-0.06400239548631413,0.7706207040594216,mid
2019-05-29,-0.855537056846933,-0.6219243626355384,-0.6150103278956647,1.0444626575873757,0.05665842481952909,-1.9469892890542815,-0.8697220340820331,0.39678636598791,1.0444626575873757,0.1472397576304894,-0.5496696717117854,-0.00852704224729224,0.8524572827232805,mid
2019-05-30,-0.9067973682675052,-0.6914688407171722,-0.5838565618260577,1.0337962728551615,-0.0037355958992488026,-1.9998158026926078,-0.7885644403714127,0.2980122869279527,1.0337962728551613,0.2997941073630013,-0.9852112070847794,-0.16434834866285675,1.257802907071228,mid
2019-05-31,-1.050108375256247,-0.9989873186941441,-0.551689431712832,0.7527186580385641,-0.11096433575159956,-2.184167721069348,-0.7485650589067859,0.20639305636678718,0.7527186580385643,0.2615515935815489,-1.0552783506481942,-0.16344539928292653,1.2327543656731952,mid
2019-06-01,-1.0548221689817934,-1.0065412563920402,-0.553062299711281,0.7512792481516104,-0.11083940319147269,-2.1655861737359916,-0.7421347899075799,0.20021700495540698,0.7512792481516106,0.26149340831891127,-1.0524149723219602,-0.16353474184414699,1.229004928811123,mid
2019-06-02,-1.059573636926247,-1.014198830937331,-0.5544380775535086,0.749842345051618,-0.11071447481415486,-2.1473797786733004,-0.7357281530049509,0.19399275226777934,0.7498423450516181,0.49339110931694485,-1.0495620752236332,-0.398634635014014,1.2252736188909945,mid
2019-06-03,-0.33168746354271117,-0.8940572249937792,-0.6084576606330684,-1.0357770825983001,0.3189348829207366,-1.1563942151597657,-0.7540243245719851,0.4721179055756033,-1.0357770825983001,0.15457250948068582,-0.9745499713751337,-0.2965105762718218,0.5832592549938704,mid
2019-06-04,-0.34258667658860126,-0.9097771086314136,-0.7861751098660504,-1.0319351275709812,0.5329630049829668,-1.0465653292836905,-0.9249012818605086,0.6762334995945843,-1.0319351275709814,0.18498870083315444,-1.0445343257128685,-0.3269216378032991,0.65067610136359,mid
2019-06-05,-0.5658674992958472,-1.0826436305573082,-1.0723908284807688,-0.7767166864219217,0.8027787508513222,-0.6940487839323292,-1.2180200332873383,1.0742886667037155,-0.776716686421922,0.09755306477512252,-0.8968087931734731,-0.20389714626944333,0.594033096225897,mid
2019-06-06,-0.6410531688138887,-1.1814821497081727,-0.9911972103985436,-0.7730622485768003,0.6479580847746058,-0.9522160143761926,-1.1137759077153369,0.8988183194748134,-0.7730622485768004,0.24288219842754766,-1.2550957738410564,-0.3506410097325911,0.9329807420904123,mid
2019-06-07,-0.6719816600502193,-1.2226035494566079,-0.8601300270079415,-0.7700328429823713,0.45741996333865825,-0.7703248675339126,-0.9736119536231487,0.8043559571356016,-0.7700328429823714,0.0667749679410473,-0.9627511601335209,-0.17192496757890047,0.6593049697448795,mid
2019-06-08,-0.6771219699724877,-1.2309348869706007,-0.8604988913265962,-0.7676381141852086,0.45615461902324106,-0.7733030661755134,-0.9659853863078942,0.7978779150527903,-0.7676381141852088,0.067090635020496,-0.9600035524858216,-0.17197431452882853,0.657907284023701,mid
2019-06-09,-0.6823140022031086,-1.2393817469254362,-0.8608679624166029,-0.7652491744731377,0.45489040147818766,-0.7762956481089142,-0.9584162119902255,0.7914345766336596,-0.7652491744731378,0.051539293882879804,-0.9572651153038955,-0.15595608975866213,0.6565117185001342,mid
2019-06-10,-0.5562523273748746,-0.9622038130036162,-0.8618654887939033,-0.5161784083566479,0.5230637716035664,-0.6997801908896201,-0.951937619932941,0.804718557408237,-0.5161784083566479,0.010494938984121457,-0.8110698800131066,-0.08064259726879341,0.598901635197904,mid
2019-06-11,-0.3919596681311712,-0.8707434094584732,-0.8343296335716973,-0.7648928251526953,0.5731574679089785,-0.5706895537511724,-0.916749018501631,0.8018743845777283,-0.7648928251526953,0.057813210942739716,-0.8811314472164732,-0.1623625147830485,0.5854361417403904,mid
2019-06-12,-0.6245122247489523,-1.05527922004033,-0.89423131496996,-0.5138046097460556,0.531590664245018,-0.9366709662846706,-0.9699233126783058,0.7597797728298189,-0.5138046097460556,0.05546785771999471,-0.9508232704235677,-0.12592892032420935,0.7321000508102734,mid
2019-06-13,-0.4998079845525942,-1.1324674224930733,-1.0439382893820963,-1.0066436627020439,0.804783367546496,-0.7508189822202319,-1.085790249667324,0.928689137730536,-1.0066436627020436,-0.00629227668773305,-0.9478459590856415,-0.13043124356083227,0.5714748793495416,mid
2019-06-14,-0.3266690293071854,-1.1481625107260627,-0.8521579889610885,-1.4955391453239728,0.6313453042486057,-0.49964342241492127,-0.9124685103264271,0.8138520977068834,-1.495539145323973,0.016691369538644606,-0.9448789385114049,-0.22060057311658265,0.4113751361311097,mid
2019-06-15,-0.33079431559629224,-1.1558732633853745,-0.852554468993236,-1.4893012471440792,0.6298028735259518,-0.49411924421394227,-0.906094254354403,0.8073075608259122,-1.4893012471440792,0.017097916081254685,-0.941922120936809,-0.2206118809909111,0.4102367932529456,mid
2019-06-16,-0.3349540015496736,-1.1636854625376734,-0.8529511881145965,-1.483110805182162,0.6282628097786699,-0.48859416631774616,-0.899785431508047,0.8007984170716199,-1.4831108051821624,0.21166996281059217,-0.938975419520878,-0.4171749973325516,0.40909927702551024,mid
2019-06-17,-0.3277050951749964,-1.278191036307801,-0.9719316816310153,-1.7216076664882378,0.7952909015490682,-0.46449479245408426,-1.0447995070036211,0.9553951718114773,-1.721607666488238,0.03149667908928833,-0.9359198943579476,-0.26793943364717776,0.3285242483901431,mid
2019-06-18,-0.3987418841755344,-1.2498130252425113,-0.9609414139431648,-1.4635536029253409,0.7444849546846745,-0.5462898833866283,-0.9839940762394036,0.8687979585687143,-1.463553602925341,0.10743686543706894,-1.1470514259423257,-0.30963509367287756,0.6125672035665862,mid
2019-06-19,-0.3951339919375931,-1.3717718469454858,-0.9507167561898597,-1.7065174762511532,0.7360237775797207,-0.5760783694186056,-0.9685400870713073,0.8425276533250653,-1.7065174762511537,0.06466828202862064,-1.56941735221273,-0.29892441042938245,0.9387581452879432,mid
2019-06-20,-0.6011583819372157,-1.7356967160543388,-0.9842112055682712,-1.8901556743275119,0.6783829464083825,-0.7327122348525963,-1.0137701383389979,0.8454452574541835,-1.890155674327512,0.2195829714122791,-1.9858872653438846,-0.48164538569143456,1.2777178159031548,mid
2019-06-21,-0.9958456229706333,-2.12367794359098,-0.7138335267863828,-1.6437590071125914,0.13848986263282584,-1.3212992476445322,-0.7816285368161293,0.4508879304832042,-1.6437590071125918,0.1136447923219058,-1.7628021635928934,-0.34120458891760314,1.1473847682967353,mid
2019-06-22,-0.9988590150894496,-2.1237068901053116,-0.7140489392712148,-1.6360758857493929,0.13802536657649275,-1.3120647094818736,-0.7760757989921973,0.44476489819957893,-1.6360758857493936,0.11379585643608367,-1.7534183063172026,-0.34087258402792125,1.1430718128241855,mid
2019-06-23,-1.0018874858301594,-2.123735837588923,-0.7142644191257628,-1.6284628389525246,0.13756090938595744,-1.3029807105404914,-0.770585596695594,0.43862105400985246,-1.628462838952525,0.747721197668881,-1.7441350972850946,-0.9812424353078787,1.1387805927966117,mid
2019-06-24,-0.959499165196101,-2.0567222446122053,-0.5237751600528978,-1.6057968547573749,-0.056811683048477106,-1.2329144430499819,-0.5124385513484443,0.19281425187088727,-1.605796854757375,0.002477467536810189,-1.665113582081841,-0.22500285082228652,1.0723132029655287,mid
2019-06-25,-0.9661338282298456,-1.9450340765185525,-0.5557204171562921,-1.3701368690300681,-0.024493448513195123,-1.2293090993477112,-0.6019203442587912,0.2819405680055703,-1.3701368690300686,0.07538422688681239,-1.7263473301241141,-0.2664148711425764,1.2098035589336407,mid
2019-06-26,-1.1256858716666236,-1.91488296145394,-0.6627556390247819,-0.9101702165399117,0.021166089563996668,-1.1456613665770181,-0.7288848423716023,0.42968333262093705,-0.9101702165399118,0.18601837466225235,-1.9947153980273642,-0.31451526073755737,1.6201132482251297,mid
2019-06-27,-0.9192559249783562,-1.884330304140473,-0.20170938939680647,-1.3671984469458973,-0.36343011197088665,-0.7915067752214471,-0.21048450322421314,0.0002619189084775044,-1.3671984469458973,0.032841446696181185,-1.5674794612288645,-0.22346239373516158,1.0627213407930571,mid
2019-06-28,-0.9347308953295927,-1.9030975628010525,-0.27274782117052937,-1.3620180872657395,-0.30143384224267344,-0.8030425682572615,-0.24992665966991684,0.03581845119961824,-1.3620180872657397,0.05266200297113324,-1.5599617604522844,-0.24309198173315252,1.0589426449653125,mid
2019-06-29,-0.9371806786988126,-1.9056802563900528,-0.2740571991342513,-1.3579653960481486,-0.3007116678629206,-0.7965119402890473,-0.24294061946930592,0.02952425390042489,-1.357965396048149,0.052892622635606484,-1.5525101100900984,-0.24306886693809085,1.0548224189082307,mid
2019-06-30,-0.9396404046768796,-1.9082712943739675,-0.2753687136707497,-1.353934088834979,-0.29998976786015347,-0.7900145394928783,-0.2358776018913726,0.023167375260442335,-1.3539340888349793,-0.020553150278451334,-1.5451233912572926,-0.1685664972524673,1.0507204364744471,mid
2019-07-01,-0.5652671509129107,-1.5590428075707627,0.835308512434035,-1.596478138714113,-1.041960198562327,-0.3742707641812055,1.0280572038667741,-1.1213840217267312,-1.5964781387141134,0.13689923335989354,-1.4690099596972144,-0.36216313149489543,0.8990887723465736,mid
2019-07-02,-0.3487419233991854,-1.397209286774427,1.086553723199692,-1.8017626282485124,-1.126656073186435,-0.05643406907320477,1.3672447182796255,-1.3669712973989014,-1.8017626282485122,0.06484287195716001,-1.5309720903179553,-0.3188426620553869,0.8926920544117795,mid
2019-07-03,-0.4585972954929078,-1.2995401755102036,1.0970145936351747,-1.3331025814586286,-1.1662516012238142,-0.56098829365166,1.3975973894754194,-1.5228386432508163,-1.3331025814586284,0.16931905071545258,-1.5922541765357285,-0.35883389151835754,1.107694562519394,mid
2019-07-04,-0.4614570763833733,-1.3047426968873796,1.0926383256493026,-1.3292103862734512,-1.1619631151737035,-0.5556556709871332,1.3628498254240324,-1.4767296774641725,-1.3292103862734512,0.17821895013266154,-1.6531704153119446,-0.367589547501172,1.1702528252925963,mid
2019-07-05,-0.29335407118454154,-1.0947709992085897,1.3909585972601888,-1.337467442532378,-1.2801894324243985,-0.5525944817926073,1.7794539497961495,-1.8710133486570217,-1.3374674425323783,0.12824596829788693,-1.235448186684088,-0.3185659978476933,0.7619622185075816,mid
2019-07-06,-0.2963128542261856,-1.0988927945037994,1.384886755968052,-1.3323602383943391,-1.2753026506799856,-0.5467850766178561,1.7898282582557543,-1.8675584931012204,-1.3323602383943391,0.12853727707979423,-1.230417067516805,-0.31845527218825015,0.7591870886646389,mid
2019-07-07,-0.2992869571377921,-1.1030426586999142,1.3788584033737428,-1.3272851607136107,-1.270444936136435,-0.5409867096358971,1.8003453073681894,-1.8641183673605155,-1.3272851607136107,-0.7192193713573733,-1.2254152101516034,0.5388183590404739,0.7564186187772275,mid
2019-07-08,-0.30143678803828067,-0.8610405642615493,1.3519591253801593,-0.8696663599226765,-1.2536203829738495,-0.5982760508157411,1.807015212262768,-1.8708967448533438,-0.8696663599226763,0.18173791573617756,-1.2204422397331072,-0.3070410574042852,0.9032557164509416,mid
2019-07-09,-0.11818287377318124,-0.7473165062807628,1.3055349930016165,-1.0937496198867507,-1.167998078532147,-0.3214361527663402,1.759670077932039,-1.7551110793453402,-1.0937496198867505,0.06126029968633713,-0.8749579164359075,-0.2172485875984906,0.4923942401727325,mid
2019-07-10,-0.2225517995450673,-0.7567611744867228,1.323292491264248,-0.8599403887600827,-1.2087295245560397,-0.4705358982741615,1.7866274784809226,-1.8171066465501253,-0.8599403887600826,-0.004742360336951604,-1.0078666266885736,-0.11741731094461157,0.6995758606116147,mid
2019-07-11,-0.17601533165876548,-0.45121117251736487,1.3559104735504692,-0.408477163467148,-1.2169403320609746,-0.46166134712784396,1.8281463544989212,-1.8536964980005697,-0.408477163467148,0.17273097920327346,-1.2080428835467603,-0.23261402060768988,1.0445831381878932,mid
2019-07-12,-0.22464896487982783,-0.5142877877660944,1.3134727131539214,-0.40746372960751004,-1.2057079369573709,-0.4631608155395676,1.7857516992723095,-1.8117128849006514,-0.40746372960751004,0.1668088903573635,-1.1351501129934607,-0.22648750197268355,0.9740135688714434,mid
2019-07-13,-0.22664582853317272,-0.5168775125641484,1.309472168005111,-0.40645099743909985,-1.2020140054294404,-0.4605240455309807,1.7892498345728505,-1.8123265817067802,-0.4064509974391,0.16656550214849658,-1.1305950458532228,-0.2260999035105996,0.9701608636728871,mid
2019-07-14,-0.22864830762984364,-0.5194788497975422,1.3055139170418288,-0.405438963634299,-1.198354556222717,-0.4578921010818723,1.7927638263078176,-1.8129407579870263,-0.40543896363429904,0.16632213599005002,-1.1260628277747156,-0.2257123760620605,0.9663225654500764,mid
2019-07-15,-0.05160014296962828,-0.5351831131387675,1.1920978024385123,-0.8520403488067574,-1.0736295703701664,-0.2578811180022534,1.688820192377855,-1.661833784305551,-0.8520403488067574,0.1855872257735029,-1.121699837497544,-0.3087310524450157,0.8144301215817668,mid
2019-07-16,-0.03333898956577602,-0.7574073382261247,1.060311342320479,-1.2974024649278528,-0.9853413053290155,-0.22621644032977017,1.4632524883225382,-1.4380506119851193,-1.2974024649278526,0.18231744565307742,-1.1174220781393795,-0.36903847627605624,0.6622883996147916,mid
2019-07-17,-0.1374792701233639,-0.642837434171626,0.8370129327096144,-0.8430487500250842,-0.8732476770464139,-0.31062712535201426,1.297505166819146,-1.300773270744994,-0.8430487500250844,0.1036877673316908,-0.9770189999464662,-0.22492092438739103,0.6758556260064272,mid
2019-07-18,-0.17830986026581683,-0.5726036038851305,0.8528341044997817,-0.6191596270504058,-0.8965434233039548,-0.2388654440205065,1.386179449573528,-1.3639421299586196,-0.619159627050406,0.16134858632721616,-1.1092937624719845,-0.2512742058673227,0.8803710724091713,mid
2019-07-19,0.02098727054007475,-0.5573110773326337,1.0055958271138163,-1.059889225266434,-0.929763219924788,0.053572754140045455,1.502987434654613,-1.3985540986876999,-1.0598892252664345,0.2839691710527582,-1.1048559611146604,-0.4380949064535614,0.7296073257118373,mid
2019-07-20,0.020066725879248286,-0.5572444221737877,1.0018847453521533,-1.056451764539115,-0.9269120076345629,0.05329712997764411,1.5153999205148105,-1.4093484603351307,-1.0564517645391152,0.2832334009590966,-1.100439474164236,-0.4369694877701348,0.7265799183280063,mid
2019-07-21,0.019145835870772166,-0.557177772623649,0.9981886074986736,-1.0530285837533653,-0.9240702064668205,0.05302151270844165,1.5280396018438975,-1.4203200775486806,-1.0530285837533655,0.2824978860383722,-1.0960440430694849,-0.43584497108824766,0.7235584540035301,mid
2019-07-22,0.016571811626875512,-0.4375398466584627,0.9131775874626994,-0.8298165107525132,-0.8688627864906217,0.049285596268195606,1.4798100059877652,-1.3753853459115428,-0.8298165107525134,0.19129130811821518,-0.9558216618178408,-0.31187677523478674,0.660833819498924,mid
2019-07-23,0.060190706003186795,-0.3813073043238887,0.9361309772193892,-0.8295342763167584,-0.8685470827409384,0.2417110828858464,1.546691957656404,-1.3875233367101405,-0.8295342763167585,0.24058976258683853,-1.0880879195217952,-0.36167038154939857,0.7912902580057399,mid
2019-07-24,0.2313950401927489,-0.2809502974987197,1.027566736721593,-1.0480660024444803,-0.8715055630152322,0.6179974036663585,1.6824935363147444,-1.4170281358258061,-1.0480660024444803,0.24305684603935118,-1.084292214052132,-0.3955469616611627,0.7150828806565371,mid
2019-07-25,0.118962824175916,-0.3053155126865376,1.1554698952060234,-0.8282966370749262,-0.9864772296495725,0.4523944145964262,1.8625511107926407,-1.6304457168052104,-0.8282966370749262,0.25725874922375,-0.9448876117546587,-0.3784448018049306,0.6520244005709187,mid
2019-07-26,0.26747066709861045,-0.23411435948250836,1.3081145068486189,-1.0463208446861338,-1.0312203164858573,0.66510990297359,2.1147407139182546,-1.8154012978338177,-1.046320844686134,0.26545909367248294,-0.9416980891959263,-0.41806263074745903,0.5762505138948055,mid
2019-07-27,0.2664331683489063,-0.23478274573461924,1.3025771843730436,-1.0440183470312727,-1.0274984746557334,0.6596107943721319,2.1268391677921996,-1.832991892656469,-1.044018347031273,0.2651456021015491,-0.938519846057852,-0.4175118464242997,0.5742081040313095,mid
2019-07-28,0.2653959676810198,-0.23545155300333317,1.2970755001188428,-1.0417229099067284,-1.023792200356292,0.654129579204206,2.1391115955168223,-1.8509954258111923,-1.0417229099067287,0.26483217064779563,-0.935352778325449,-0.4169613304500361,0.5721685561680365,mid
2019-07-29,0.6327184879783992,-0.24862061488472165,1.324991079863242,-1.9162080637512697,-0.927809042756144,1.184968467731228,2.117890461473255,-1.6966839922052528,-1.9162080637512697,0.3069371039747392,-0.9997623531726733,-0.585824386550186,0.34114713660169155,mid
2019-07-30,-0.766941154101833,-1.3273001299586247,1.323017866096265,-0.5927003390171959,-1.3503022629675752,-1.000317128265138,2.160724355452856,-2.339904730491906,-0.592700339017196,0.3551325731752359,-0.9960568704972719,-0.4437694147557057,0.7834251471923426,mid
2019-07-31,-1.4872253993877065,-1.773003354664637,1.2772247696789731,0.28319767659045203,-1.5429379695735643,-2.0613780479368824,2.1483980827964206,-2.6196517022704247,0.2831976765904521,0.219337562387431,-0.8570858489376048,-0.18054391923389734,0.9409973181665167,mid
2019-08-01,-1.1120032526445944,-1.4072821188371525,1.4121039260534303,0.06383396634200071,-1.4943917861188039,-1.5186534953168391,2.3347409144115887,-2.6504358414870954,0.06383396634200071,0.10160836522794135,-0.8541560229722149,-0.09334195004386679,0.8642272097065198,mid
2019-08-02,-1.3004820379850284,-1.7731183723292703,1.4201273045410916,-0.15868924511427004,-1.5513123694176334,-1.8647593352935568,2.3201183816619757,-2.7320744842578977,-0.15868924511427007,0.06570571960068061,-0.8508213119780946,-0.08917109814368371,0.7861300284131559,mid
2019-08-03,-1.297216189932145,-1.7661660908256234,1.4138271613575624,-0.15816870551183787,-1.543946439277058,-1.8632778438712159,2.323636499527452,-2.7357055650978497,-0.15816870551183798,0.0652629659069804,-0.8474963010377805,-0.08865024985310205,0.783059276237224,mid
2019-08-04,-1.2939645629266066,-1.759272019875349,1.4075737601092857,-0.15764822341120902,-1.5366440435960134,-1.8617990840475114,2.327168200965746,-2.7393494705354535,-0.15764822341120902,0.32527044697053004,-0.8441808795194549,-0.3509586134656039,0.7799960907749431,mid
2019-08-05,-1.4309171210928326,-2.280888153204544,1.3522676512599434,-0.7957695659551777,-1.5469180904731556,-1.6667046911895103,2.339409943314482,-2.6944916274374844,-0.7957695659551779,0.030774586116394487,-1.1105972858113167,-0.1457651124562576,0.828677285390288,mid
2019-08-06,-1.481952667501945,-2.2220111058121677,1.3259092741141436,-0.5805501711617965,-1.5461166545503742,-1.7306189289347724,2.3153726854704746,-2.6732422157847266,-0.5805501711617964,0.05997824595125573,-1.1061518075048258,-0.14424239277363543,0.8969840902225744,mid
2019-08-07,-0.8462213606115662,-1.9586459652956103,1.228113549444417,-1.6004333558705242,-1.301311719930885,-0.7950596051743097,2.264007056171263,-2.3556401163020877,-1.6004333558705242,-0.05474093009996667,-1.0344941673876884,-0.17610797651742666,0.48246894201858465,mid
2019-08-08,-0.7697523709341602,-1.7453514142671434,1.369045764358062,-1.3953426987727449,-1.3497883900451066,-0.5523456061414375,2.5563831245022164,-2.554238313015905,-1.3953426987727449,0.07426194818002296,-1.2321809107716701,-0.2769949964971468,0.7472434611841037,mid
2019-08-09,-0.5846475688858618,-1.5045749108686135,1.509433809526434,-1.390142227639202,-1.3642810159336778,-0.28466547992046126,2.7524303661662826,-2.6687946802512976,-1.3901422276392021,0.059618153264855964,-1.2271159048307114,-0.2618195073089094,0.7442401364857889,mid
2019-08-10,-0.5848707692807918,-1.5002098952908356,1.502412362825238,-1.3842260830833013,-1.3585619547098402,-0.28899636809620644,2.74241943740471,-2.667645046273441,-1.3842260830833013,0.059300794360591574,-1.2220802735849394,-0.260990756296691,0.7414991918338237,mid
2019-08-11,-0.5850940371830329,-1.495869495400732,1.495448756577359,-1.3783516842472259,-1.3528819280671878,-0.2933561002808358,2.7325039646484495,-2.6664967139333804,-1.3783516842472259,-0.3370846831139537,-1.2170736369615038,0.13947656037535147,0.7387645098416674,mid
2019-08-12,-1.0032772358210686,-1.7943286311076585,1.386806802602625,-0.9592706329127214,-1.4179162602825564,-0.21056320206349055,2.6005629254196254,-2.519149065513087,-0.9592706329127215,-0.0877238776631194,-1.0788203590329013,-0.05124719191085092,0.744480789040539,mid
2019-08-13,-1.1546418858577343,-1.7589062014011707,1.5566334884130943,-0.5484676957763372,-1.5403228949265784,-0.3158198550697733,2.806021793712459,-2.7425720105550613,-0.5484676957763374,-0.007517500157781491,-1.0097219201378786,-0.07234949761187044,0.815886766042858,mid
2019-08-14,-1.2496115432601573,-1.9818777859805443,1.5290374619758151,-0.7472948941857696,-1.5516046492353093,-0.5978284820765459,2.7252987143597993,-2.7389296722165715,-0.7472948941857697,-0.11889913161695116,-1.006244457618422,0.011013238515231094,0.7453850300327417,mid
2019-08-15,-1.4617521649939325,-2.122306841780279,1.4066860568706692,-0.5416391266045383,-1.5498550146020105,-0.9050099337474801,2.490874477501715,-2.5907722105708166,-0.5416391266045383,-0.1455506385023434,-1.002530843595081,0.06867617977202509,0.8138181936818585,mid
2019-08-16,-1.4220006551103037,-2.2744286155297764,1.5295880671696411,-0.9546623563737329,-1.5893112949488601,-0.5104049194343548,2.6513625602774,-2.63237620799402,-0.954662356373733,-0.07473930144791381,-1.1989362941514057,-0.061158319121505315,0.8742417642277301,mid
2019-08-17,-1.4360375986954095,-2.2725222959852482,1.5224452398808899,-0.9555238451562665,-1.584045931896401,-0.5240671434716432,2.605276568861428,-2.586059325586192,-0.9555238451562666,-0.07457002648843607,-1.1941834531646194,-0.06014984237037723,0.8733628383580556,mid
2019-08-18,-1.4503875623976272,-2.2706199729548366,1.5153625470782408,-0.9565631538816647,-1.5788155211730976,-0.5381566449898829,2.561148209504833,-2.541714765530144,-0.9565631538816647,-0.07440075549580467,-1.1894567626815917,-0.05914102421913122,0.8724849916049172,mid
2019-08-19,-1.3582932312565834,-2.1529589768616795,1.3425108246451916,-0.9590088926937838,-1.4698139400222328,-0.6918820769147208,2.2626927406310933,-2.2898419565502115,-0.9590088926937839,0.05306048878739633,-1.1847559017586633,-0.18832095455645975,0.8676730548991753,mid
2019-08-20,-1.5626085076264151,-2.2833841229845846,1.3523445838569046,-0.7434504878349993,-1.5295832542580001,-1.0327387505600356,2.2692885206897144,-2.365046596916161,-0.7434504878349992,0.053984621723399406,-1.1800805544884083,-0.15901256541610323,0.9340695910271872,mid
2019-08-21,-1.3763854891564382,-2.1589499981992106,1.3924434085254516,-0.9539642184033943,-1.493862284896783,-0.7601216063538041,2.3303881644672315,-2.3503249315071333,-0.9539642184033944,0.14283150673982678,-1.3078235207663276,-0.278410953419633,0.9937423750287304,mid
2019-08-22,-1.1381478477383877,-1.9745091900197915,1.3819750861346134,-1.1679983643537775,-1.4204372030536403,-0.4632439842001813,2.293255295917577,-2.2454758600907945,-1.1679983643537775,0.29856358649682607,-1.4345478694095497,-0.46587232538888357,1.0518646353044407,mid
2019-08-23,-1.3452330521093512,-2.1025378927336393,1.3752793711784883,-0.9407087607606117,-1.4732852776938508,-0.7257251448848347,2.259794276230749,-2.271267588726004,-0.9407087607606117,0.2728322303783129,-1.4941014593043027,-0.4079541721303881,1.1870414108538867,mid
2019-08-24,-1.339741537395137,-2.088977536598436,1.3695871275594285,-0.9387322422040512,-1.4670813645129197,-0.7242237149442805,2.228593791825337,-2.2390873367269895,-0.9387322422040515,0.2723476407494795,-1.4872306450846653,-0.4072451776441811,1.1822715718482464,mid
2019-08-25,-1.334286285259296,-2.0756136585679377,1.3639356944229812,-0.9367608211706464,-1.4609277782061112,-0.7227252356797875,2.198393808435046,-2.2079584956668588,-0.9367608211706464,0.27186318156052264,-1.4804153427543305,-0.40653658690630035,1.1775276233226823,mid
2019-08-26,-1.150683215150389,-1.8502816410101495,1.4110937039323979,-0.9349979562982941,-1.4299756136705468,-0.7842716752760969,2.231112249072514,-2.2497394424979507,-0.9349979562982943,0.33773655743442144,-1.4736124775983566,-0.47281472918539774,1.1726763356090264,mid
2019-08-27,-1.4247104869481284,-1.8591788934222993,1.2661609321092302,-0.30892867370698884,-1.4389993274358024,-1.2159799098447042,2.0509985150185956,-2.173721447325527,-0.30892867370698884,0.3283399839879006,-1.4669362610115624,-0.3749668136482439,1.3707894576613477,mid
2019-08-28,-1.2265286443437007,-1.7232623311248265,0.8968074642492373,-0.5153274533192995,-1.1923552531720836,-0.9072006928843434,1.4839797049390573,-1.5769407684923349,-0.5153274533192995,0.3362295017058415,-1.4602552944166944,-0.41203842294011056,1.297837191055443,mid
2019-08-29,-0.9602468028424166,-1.6118253683987163,1.7437412485579746,-0.9320776213289481,-1.5313840029442627,-0.6299477050098851,2.4430982966567556,-2.4054200772735315,-0.9320776213289482,0.36531024227662373,-1.518849861590371,-0.5002250341940381,1.2224651393948898,mid
2019-08-30,-0.9022011600644577,-1.3325579276974493,1.7756920662912317,-0.5158733427961412,-1.5325170468768632,-0.5451500697653804,2.4475418551904218,-2.3895609360258234,-0.5158733427961412,0.4579543579876412,-1.7068483716191771,-0.5349058679199487,1.5482341568178994,mid
2019-08-31,-0.8993860768778635,-1.3274992315680532,1.770064724481749,-0.5153698084884468,-1.5323308218084144,-0.5472997167241208,2.4091965842691434,-2.3528073080143836,-0.5153698084884468,0.45705058651025393,-1.697991787910914,-0.5338831821281742,1.54088402744416,mid
2019-09-01,-0.8965799234212377,-1.3224720897675621,1.7645299407353605,-0.5148665503791112,-1.5323053179179622,-0.5494562568040352,2.372277266349908,-2.3173769633579124,-0.5148665503791113,0.4561475053465471,-1.6892253894190368,-0.5328615084467074,1.5335971421283316,mid
2019-09-02,-0.8938261306095258,-1.3175335143344302,1.7602190818641485,-0.5143635679685064,-1.5360919098872712,-0.4793515411792324,2.337227719826759,-2.269651778411173,-0.5143635679685062,0.3276836228658072,-1.486835129873454,-0.4031712106969516,1.331085259120686,mid
2019-09-03,-1.2544326394389942,-1.639415094157414,0.22804088675599885,-0.3051173099296504,-0.8055784133032734,-1.1218854522046673,0.6312201140016972,-0.8186788692351427,-0.3051173099296504,0.2578888898761335,-1.2862496579180371,-0.3032154391213934,1.1973739688450704,mid
2019-09-04,-1.109601466820662,-1.7686726502032173,0.3464674354485282,-0.9184256127675221,-0.8389862509387411,-0.8265351338998668,0.7149263318647838,-0.8345533795902209,-0.9184256127675221,0.3436062126688287,-1.4099889360894746,-0.47627640122840753,1.1247857140446178,mid
2019-09-05,-0.679141272924995,-1.4700183041809816,0.5672484091590598,-1.347472026554939,-0.8398676794507285,-0.143525458522895,0.9562037688595433,-0.9168221156078287,-1.3474720265549391,0.2595915260920504,-1.1456277189670594,-0.45237359647564573,0.7195197370975649,mid
2019-09-06,-0.6016798281482101,-1.1712309583122027,0.7449422598605961,-0.9310975371366135,-0.9358977868251191,0.11620338991276986,1.1459490007779518,-1.0394750310848484,-0.9310975371366136,0.43192527892947374,-1.4633625377361517,-0.5672982395956901,1.1766602974298734,mid
2019-09-07,-0.5997875033882563,-1.1670261939117286,0.7429120758970508,-0.9291277411935807,-0.9424872009172812,0.11727577541328693,1.1367498050895861,-1.0312476664817214,-0.9291277411935808,0.4310789059759626,-1.456715435631041,-0.5661705714625727,1.171882142929145,mid
2019-09-08,-0.5978980887994839,-1.162842795642888,0.7409190169839209,-0.9271629840315962,-0.9497719953835246,0.11834885483654028,1.1276437379725859,-1.0230896634327766,-0.9271629840315964,0.4302331109907997,-1.4501202527671746,-0.5650441723713135,1.1671295325604085,mid
2019-09-09,-0.38506954742050226,-0.9119364207259586,0.6286914211308893,-0.9277389910891999,-0.7997787865413868,0.5241249374542556,1.0473379019055549,-0.8653008394089701,-0.9277389910892002,0.4344129060206734,-1.4437631750319844,-0.5693120004184486,1.1619752069845186,mid
2019-09-10,-0.4694834592058394,-0.8030120430895403,0.6192837786113493,-0.5070064265132407,-0.8231546615639225,0.38828726948730913,1.0322367945860893,-0.8802291864403002,-0.5070064265132407,0.45255953330755905,-1.3733494254328917,-0.527969750275004,1.2279061949537189,mid
2019-09-11,-0.32036909916893763,-0.8353016896550722,0.6681820272184087,-0.9274187543816935,-0.8027382224436078,0.6267696617581529,1.0949087566281208,-0.8908943963292061,-0.9274187543816932,0.4096059370150961,-1.303548447212297,-0.544248402739656,1.0211407038973674,mid
2019-09-12,-0.3513169698113893,-0.7659554949829214,0.7093321203902183,-0.714147083872578,-0.8420535115870242,0.5042165915339478,1.1027074037125766,-0.9242968048911694,-0.714147083872578,0.3893818720944813,-1.2341404855401341,-0.49359891784447524,1.0210370771833919,mid
2019-09-13,-0.28763116645497344,-0.6915960851729687,0.9225508797501462,-0.7152341625279605,-0.9576544693483656,0.39528504841535966,1.2930826651672318,-1.125807926801128,-0.7152341625279603,0.5700366417137667,-1.4856891941117691,-0.6757186338234592,1.2773577518021175,mid
2019-09-14,-0.28592157525126866,-0.688977326099881,0.9189240595984902,-0.7140905212637224,-0.9538552888879818,0.3962636632921066,1.2821866734193321,-1.116795918279665,-0.7140905212637222,0.5685340168301545,-1.4793968646785143,-0.6739615701847991,1.2724811892694476,mid
2019-09-15,-0.2842119090578297,-0.6863636776954695,0.9153094727093826,-0.7129484805702547,-0.9500697997809414,0.3972434119396781,1.2714270165239216,-1.1078721618726481,-0.7129484805702546,0.5670333821835271,-1.4731562301164527,-0.6722076418266922,1.2676373460277433,mid
2019-09-16,-0.19936111142271673,-0.7913579921141447,0.7479005329925187,-1.1257947066560678,-0.810276088031029,0.4664758206232606,1.1029868092649378,-0.9378477487449705,-1.1257947066560676,0.35670017073549676,-1.2750034435929447,-0.5189546247834006,0.9312265717326994,mid
2019-09-17,-0.5674255275987672,-1.0140011761822474,0.7050890376860286,-0.70502259466778,-0.9128730760881713,-0.6785514997814405,1.0525828293263106,-1.125571260478562,-0.7050225946677798,0.3586162931258154,-1.398014750615383,-0.46116344262137376,1.1954885079946365,mid
2019-09-18,-0.2293372023250443,-0.7200862420057658,0.7319336309688603,-0.911682676360643,-0.8088647813490251,-0.20350629508611223,1.0610979992494998,-1.0368844512996758,-0.9116826763606432,0.3661379727865339,-1.648048888148585,-0.4980755421222764,1.3845416306831255,mid
2019-09-19,-0.15187028615172546,-0.7348094394297133,0.7411051818909565,-1.1245986757750577,-0.7868053738477004,0.06560078560042808,1.096275128835241,-1.016304675922631,-1.1245986757750577,0.4201548349139999,-1.5769340171836999,-0.5826696620297188,1.244325904410619,mid
2019-09-20,0.4891675057355124,-0.29153829122537744,0.7026836167939037,-1.738989201338428,-0.5294199427471842,1.174557860702552,1.0358290590410788,-0.7371687491563208,-1.7389892013384278,0.5160179361413453,-1.570183575376411,-0.7668254674255165,1.0361616108313445,mid
2019-09-21,0.4897417331565076,-0.28969573986274816,0.6995835971362594,-1.7310401158096393,-0.5264336485974119,1.1774466552829574,1.0279291659027159,-0.7311581211915643,-1.7310401158096393,0.5147231208016321,-1.5634950048416019,-0.7647993193053857,1.0323630603721397,mid
2019-09-22,0.4903163992273294,-0.2878528738459856,0.6964883426361282,-1.7231660009849958,-0.5234462026210178,1.1803482824116227,1.020096042100657,-0.7251720087693124,-1.7231660009849958,0.5134297040009648,-1.5568674258054935,-0.762777691318219,1.0285832325296373,mid
2019-09-23,1.0578169041759269,0.07940876233999292,0.5396086628224133,-2.3068811707698567,-0.1960759937309635,2.1007723733791743,0.9574993988670103,-0.48171854123550145,-2.3068811707698567,0.5829880397426611,-1.7410417769021393,-0.917361774528,1.023318486000193,mid
2019-09-24,1.1564324970727577,0.10210255482824501,0.6101476562065571,-2.4787125214626595,-0.2138468090341006,2.3827721325069384,1.0260684498003843,-0.487396913234791,-2.4787125214626595,0.4750880737439025,-1.6693064307012824,-0.835265136739771,0.8897518196124007,mid
2019-09-25,0.6895350894426692,-0.1530446880284456,0.7515039426011276,-1.893436870264423,-0.48916816077501984,1.3503497612932585,1.1224576926260836,-0.7918599558933095,-1.8934368702644229,0.6349666911035052,-1.9162204559076024,-0.9118714393834871,1.3437880327019067,mid
2019-09-26,0.84201739186945,0.13294027762684008,0.8056721733359024,-1.6794989593699716,-0.4725986943110459,1.4544479708115425,1.0230292946685582,-0.6773596767704703,-1.6794989593699716,0.7273949573919928,-2.033664971960494,-0.9738183780637467,1.5412132668569245,mid
2019-09-27,0.9168643852587207,0.3225905036651168,0.8971676431223853,-1.4781533878536715,-0.51005077041991,2.2579796567844452,1.2476338781122422,-0.7261201445726969,-1.4781533878536717,0.2720359742277408,-0.7536299130098889,-0.4877783490093891,0.27870042101325987,mid
2019-09-28,0.915960850038281,0.3230345587357819,0.8935749856329244,-1.4733278385099686,-0.5071852473918692,2.236310624611516,1.2373053994533745,-0.7199039434127581,-1.4733278385099686,0.2712317266107139,-0.7504613895062685,-0.4865867797631567,0.275403574781763,mid
2019-09-29,0.9150584685103811,0.32347881868774275,0.8899935556414033,-1.468532046640578,-0.5043191097470927,2.2151389447809176,1.2270983830635687,-0.7137098323495356,-1.4685320466405782,0.26874078979593363,-0.747299685118552,-0.48370416101957675,0.2720926623393938,mid
2019-09-30,1.0263363672675072,0.5497154185552569,0.9870592238533008,-1.2830302774673952,-0.5314555605647854,2.3015214178110854,1.4539114968544529,-0.9137712471350771,-1.2830302774673947,0.16823534461222706,-0.3588999608183563,-0.35608240754614906,-0.07051285075986896,mid
2019-10-01,-0.07083065916147785,-1.7773233032385785,0.8665146355496294,-3.2722294579056364,-0.8372548617917706,0.7876704277838009,1.366057276005408,-1.1522779785656871,-3.272229457905636,-0.6170961176296932,0.09423038490213514,0.13680555493831703,-1.2434451841265617,mid
2019-10-02,-0.39615138036785824,-1.8200032166899525,0.7707275778892594,-2.6106217211799536,-0.8905244523259577,0.4841103467726618,1.2306073959930623,-1.0875155919017914,-2.610621721179953,-0.22057498940788814,0.09697350623079941,-0.16605451759587583,-1.0207291858604932,mid
2019-10-03,-0.265446818070697,-1.8576829287428005,0.7215579821885647,-2.9659096941090146,-0.8094788450361761,0.8891847316951195,1.188576555460727,-0.96225708985562,-2.9659096941090146,-0.19113553074440892,-0.02935256402267454,-0.25185025936819644,-1.0234569952834358,mid
2019-10-04,-0.08353483326659074,-1.7389938861976237,0.7369386508399792,-3.128876779016196,-0.7523104869841848,1.2344066491339205,1.123980001707823,-0.8270778006956778,-3.128876779016195,-0.16056393143536177,0.0373545961419994,-0.31087907445285623,-1.1588924383246142,mid
2019-10-05,-0.08438919651597712,-1.730311050411856,0.7337532980386376,-3.0946389169010367,-0.7492111642359813,1.2257139256788234,1.115016269284326,-0.8206739192236929,-3.0946389169010358,-0.16012676726166372,0.03932327677915048,-0.3100034255189525,-1.156748112936656,mid
2019-10-06,-0.085244044249043,-1.7217160632734716,0.730573641181609,-3.0613808735339227,-0.7461183852436956,1.217114407834661,1.1061401353722982,-0.8143048828137591,-3.0613808735339223,-0.159689652649918,0.04129615501673969,-0.30912814599383676,-1.154610124297986,mid
2019-10-07,-0.019043966901736768,-1.6444054208316115,0.8566860760933089,-3.0477185896794348,-0.8042742164300948,1.2466478251200863,1.2863494773942996,-0.9842660737727434,-3.047718589679434,-0.12908639951938441,-0.021478357379864362,-0.34088689137889727,-1.0914413224054587,mid
2019-10-08,-0.016864005556012522,-1.633179617421095,0.8424472633707324,-3.0195100399895076,-0.7925313840047574,1.1800357693159806,1.0888618115283162,-0.8072885029146463,-3.0195100399895076,-0.20738932335639806,0.11076110319795207,-0.26102006162774816,-1.2229316854201397,mid
2019-10-09,-0.0903507455431974,-1.6980724581478506,0.895192353923787,-2.9810787619370633,-0.8508916659597419,1.0637823554922494,1.2682729862962572,-1.0085924260733106,-2.9810787619370624,-0.22263037237818334,0.1781858126053014,-0.2415131326644122,-1.279975053566143,mid
2019-10-10,0.002713952714751872,-1.5945779534256093,0.9700362653282188,-2.9771786970027114,-0.8637659682631558,1.4732685911301535,1.3358878250683255,-0.9901104520867475,-2.977178697002711,-0.3105248112178292,0.5046653694042484,-0.1552648433395319,-1.6145103685453754,mid
2019-10-11,0.09941702583957668,-1.6914898795622757,0.9884728593570278,-3.3443807616717365,-0.8400056009731893,2.0816925898627967,1.2592702074822293,-0.7862933123439334,-3.3443807616717365,-0.3043031516141742,0.7009009751263585,-0.2232916892466145,-1.9527038771438772,mid
2019-10-12,0.09689812799194822,-1.6845349722124978,0.9846557262458717,-3.308431150416345,-0.836812443513205,2.062473731399681,1.248800705266868,-0.7799201685941083,-3.3084311504163444,-0.3037128687681126,0.701507330152794,-0.2222488906017233,-1.9420790088221074,mid
2019-10-13,0.09437236939961346,-1.6776387012293166,0.980853972973317,-3.273556617328778,-0.8336284156483784,2.04366383347821,1.2384563071371661,-0.7735768310816287,-3.2735566173287776,-0.3031227924735613,0.702114236543122,-0.22120624451879528,-1.9315809972002094,mid
2019-10-14,0.018997680195656116,-1.6419927136207169,0.9137526668873655,-3.041585452197057,-0.815837513465542,2.2403478844328597,1.3826285169811372,-0.8722939101216137,-3.0415854521970562,-0.4527990844201271,0.832878847566906,-0.03650860503545579,-1.9758958649897627,mid
2019-10-15,0.13187497561985279,-1.623589381237699,0.9859029472512123,-3.2241428479005867,-0.8206785743811251,3.0754193669962993,1.3011173287426585,-0.6018398954116059,-3.2241428479005863,-0.3113313935330368,0.7021320773835483,-0.21143497289344346,-1.9137714415421194,mid
2019-10-16,0.04137374917976766,-1.7024306895010353,1.015050852042496,-3.1774953452626975,-0.8679881286173773,2.893201853106813,1.6659095492992142,-0.9996953832177887,-3.177495345262697,-0.23879454184544016,0.44104229263666356,-0.2789009335291812,-1.6360004564940878,mid
2019-10-17,0.18218841358702473,-1.535075523551835,1.0871818247801674,-3.154501789679338,-0.8632291930473107,2.734333833480649,1.6658070420100317,-1.033287735077466,-3.1545017896793373,-0.28160579450750906,0.6363376549312058,-0.23241462880600874,-1.8179971722944852,mid
2019-10-18,0.2179097399634461,-1.792098416127032,1.1455939072813806,-3.652998002183506,-0.8857969124360705,2.7962822985055764,1.8078115207881276,-1.159735019430314,-3.6529980021835047,-0.29765332335319733,0.6358160215352229,-0.30570498752600456,-2.015191257151046,mid
2019-10-19,0.21835361289638616,-1.7823455588178456,1.1411668574941543,-3.5981884603468015,-0.882324251330365,2.7481768236032877,1.7880036585993022,-1.1504042166152884,-3.598188460346801,-0.296819008199243,0.6352947304104668,-0.3051755638366245,-2.0039069964410565,mid
2019-10-20,0.2187976464813958,-1.7727006878383524,1.1367633828625188,-3.545554823770022,-0.8788629222619149,2.7021371364839637,1.7686356425938958,-1.141169870501413,-3.5455548237700207,-0.29598501591878595,0.6347737809598208,-0.30464631478250037,-1.9927639180509586,mid
2019-10-21,0.26994750133116013,-1.6174198590540234,1.2214653427660906,-3.3389624503182684,-0.9115550276021657,3.122198241337071,1.861204662414368,-1.1310109107038786,-3.3389624503182675,-0.2164690080259032,0.6339330741240883,-0.3558138026225173,-1.9199651106042803,mid
2019-10-22,0.45820329374902374,-1.505893448210301,1.307487575787621,-3.465080689383091,-0.8998522571908079,3.5058680331302794,1.8973600156787371,-1.0649644530253486,-3.465080689383091,-0.43186425244310334,1.087585256889808,-0.16819155343077394,-2.4176518854687257,mid
2019-10-23,0.38744437808380494,-1.563848817317093,1.369246714699617,-3.399296239254847,-0.9576894013744099,3.3850624101109985,1.9641350010758452,-1.1562583503838306,-3.3992962392548463,-0.5326173066903425,1.2785695800045944,-0.06221926072319199,-2.5786334722461537,mid
2019-10-24,0.3104329760544296,-1.529487768334885,1.420508796143385,-3.1721247293987456,-1.0107160010328218,3.214184291266826,1.9783147226041513,-1.2100345241429138,-3.172124729398745,-0.3733367352191893,1.1464415562949233,-0.18783334759517073,-2.3613734955922974,mid
2019-10-25,0.3055721879914676,-1.429871192976661,1.4633947964553697,-2.971615345817085,-1.0364067588180386,3.1341603330669527,1.9977058902496418,-1.246938232841042,-2.971615345817085,-0.4564642499938907,1.2723186165217777,-0.07320131580100803,-2.402298167427272,mid
2019-10-26,0.3057658883451249,-1.4234632828126628,1.4586367440795882,-2.9397559074420356,-1.0341371235206864,3.06469473309716,1.9733474074028512,-1.2366055619835066,-2.939755907442035,-0.4552482044228308,1.2682922490225832,-0.07314395504343651,-2.3840824081311527,mid
2019-10-27,0.30595962299073776,-1.4171034882616727,1.4539316945233427,-2.9087650136706604,-1.0319126859380832,2.999132966481793,1.949629916449142,-1.226394253197108,-2.9087650136706604,-0.454033225720656,1.2642866946869218,-0.07308659491148266,-2.3661967776725725,mid
2019-10-28,0.568291656791574,-1.3358437397040916,1.567360666030307,-3.213798981442349,-1.010986143347425,3.078597254335742,1.8605968294080037,-1.1061415712695886,-3.213798981442348,-0.360191327607084,1.1313403572066425,-0.22891996807205778,-2.361794514377184,mid
2019-10-29,0.4296913389793382,-1.484610026831656,1.5809120839746051,-3.185687766652555,-1.06337087413175,2.958675264413227,2.026189211466148,-1.3117029538923919,-3.185687766652555,-0.4944335302973003,1.3837212696201497,-0.09446884423309163,-2.5890599539563897,mid
2019-10-30,0.5601164615171601,-1.3306491594857035,1.5603812514358308,-3.135267986797013,-1.0108974143985905,1.091088559400962,1.5582041432559017,-1.3430196442641318,-3.135267986797013,-0.4651091809701776,1.4420293725454212,-0.12012942215701977,-2.6211971486026426,mid
2019-10-31,0.22594888825681148,-1.5617988432776324,1.4724615309817943,-2.909976499164326,-1.0711687196031867,0.8637499881550519,1.3403446698059411,-1.1779678274646883,-2.909976499164326,-0.5592113510358144,1.4999269988769244,0.012499960177958609,-2.5807809431654927,mid
2019-11-01,0.4336683267625678,-1.336900303190854,1.5224653690629935,-2.8880614169047547,-1.0309018639400847,1.2433794856602325,1.4419038202228052,-1.1824828091993624,-2.8880614169047547,-0.5193546493682585,1.493330314758265,-0.027247063253861333,-2.561188125252143,mid
2019-11-02,0.43271674160051027,-1.3311533370044983,1.5175771774357754,-2.860229618174277,-1.0282614809526023,1.2391518308679308,1.4289441205091054,-1.17293013262435,-2.860229618174277,-0.5176897742608141,1.4867858549469772,-0.027297634277080884,-2.5393889975217347,mid
2019-11-03,0.4317658541659024,-1.3254448003727783,1.512748596095241,-2.8330877618071555,-1.0256569660521346,1.2349488892766807,1.416179950887347,-1.1634799013290682,-2.8330877618071555,-0.5160268315251865,1.4802928212267055,-0.02734820557512983,-2.518042109218606,mid
2019-11-04,0.6135293396106277,-1.1263704779049568,1.5023344041812823,-2.8059486917850083,-0.9602622797033253,1.3834840936200858,1.4114656518641486,-1.1197692059477335,-2.805948691785008,-0.5171203304388999,1.536979601145026,-0.02487999041259342,-2.5552093738822914,mid
2019-11-05,0.6679648022197682,-1.096003036105437,1.5106510808401707,-2.8312395776999217,-0.9470894035319882,1.539088920479518,1.4739031730881365,-1.1465431185082513,-2.8312395776999213,-0.6625716928982114,1.9075859066033578,0.11302157494199531,-2.8988988880430426,mid
2019-11-06,0.7663503704997632,-0.973810593329944,1.5439804659808005,-2.785741775138762,-0.9336697359170187,1.9814568904561978,1.6714154981526064,-1.2376056717950417,-2.7857417751387614,-0.7845663576649822,2.0842380035712433,0.24135740888589508,-3.031962321762372,mid
2019-11-07,0.4478174444382298,-1.0454545456039332,1.5930818539363771,-2.358471489926074,-1.0666463761554201,1.7173644412739582,1.7132305927021814,-1.3617665048976972,-2.358471489926074,-0.771713769865539,2.0708996184405404,0.3106629942484769,-2.8378838004633984,mid
2019-11-08,0.4770928323259894,-1.012876154111527,1.6197247689707772,-2.3469456831493756,-1.071112756445915,1.8365385014272597,1.7732499289835755,-1.3979114393397136,-2.3469456831493756,-0.6230103446943783,1.8098141350400792,0.1610316167875982,-2.587917031714075,mid
2019-11-09,0.47575030982478356,-1.009130757377512,1.6138776162486803,-2.329870703584557,-1.0678264721092137,1.824266222677978,1.754264214346744,-1.3858767572940671,-2.3298707035845574,-0.6211353764121029,1.8002542330827755,0.1606602250015076,-2.5654278174534264,mid
2019-11-10,0.4744090886251733,-1.0054006390467687,1.608097820270974,-2.3130929108773333,-1.0645676019289754,1.8121743363552465,1.735685788889652,-1.3740148727042092,-2.3130929108773333,-0.6192634630634861,1.790799037188603,0.16028887365392677,-2.543415919484259,mid
2019-11-11,0.710379688975056,-0.8551150601824948,1.6120576877650186,-2.4548322300632104,-0.9882911154647792,2.0510035336300585,1.6632398978164469,-1.2296160864095658,-2.4548322300632104,-0.6053056765576663,1.7812627443176947,0.11521726034319772,-2.585131629489423,mid
2019-11-12,0.5526494367903813,-0.9224540779948905,1.497504315429578,-2.293010593802512,-0.9756934815320265,1.9162143318878373,1.6560212579349594,-1.2644373936675943,-2.2930105938025123,-0.7170369699158072,2.0171883461661744,0.25908924114040793,-2.7243793607581845,mid
2019-11-13,0.4674634869126048,-0.9980668668414877,1.4445541366658101,-2.2607290940194473,-0.973771916592627,1.9556452112850529,1.6009311629694793,-1.1964563400449928,-2.2607290940194473,-0.8420088517909955,2.187306976312086,0.3901994970086392,-2.8550987878568144,mid
2019-11-14,0.19505975728475095,-1.0763136253232393,1.387365801942652,-1.936795880766024,-1.0334216461227284,1.5682683405272893,1.5435922865325808,-1.2513886627796098,-1.9367958807660237,-0.6887195580266202,1.8082427141489301,0.30029849798823943,-2.3820954686823232,mid
2019-11-15,0.42087950926180395,-0.9348863164211445,1.4166581306902342,-2.0784124387961116,-0.9723032117096883,1.6151409472033256,1.5211268383568155,-1.2176602887301466,-2.0784124387961116,-0.7601798344989444,2.0404921033258345,0.34234876479720905,-2.638549813279276,mid
2019-11-16,0.41997059706368917,-0.9314162366454698,1.4104305925575478,-2.065229698766238,-0.9684964775647685,1.6101510521744948,1.5069356993816179,-1.2080328391106125,-2.0652296987662377,-0.7575935136068757,2.0276480770167375,0.3412197771613674,-2.615109103909941,mid
2019-11-17,0.41906230974560826,-0.9279584083155392,1.4042490937973902,-2.052234442294949,-0.964704032130091,1.6051936955725814,1.4929790201015798,-1.1985168856914397,-2.0522344422949486,-0.7550134086096201,2.0149822503062413,0.34009136549752367,-2.5921811349767987,mid
2019-11-18,0.38783076677452316,-0.8555115971071243,1.3247060139514386,-1.8903765824885335,-0.9298122397509182,1.5710101786213715,1.4184186066642555,-1.1298042578595267,-1.8903765824885337,-0.8582800967892528,2.1818838126527065,0.47754462814829557,-2.669020167503492,mid
2019-11-19,0.3655592688208071,-0.8728409306287047,1.4748445661800489,-1.8762063394928445,-1.0247655749000162,1.5440839922697134,1.470931687052697,-1.2008818176554146,-1.8762063394928443,-0.8416230964902487,2.167364648346606,0.46287046707864804,-2.6435032097814153,mid
2019-11-20,0.1811032701817626,-0.9666490547343326,1.4193026579573573,-1.722116357290092,-1.0564089416552815,1.2547922089691639,1.3685757191005108,-1.1744557134275109,-1.722116357290091,-0.8693425237498916,2.27083203494249,0.5225094114799307,-2.6681024366429034,mid
2019-11-21,0.4551326644569624,-0.6825022371208511,1.4359962449304613,-1.726700213402638,-0.9739541678133707,1.444518362917763,1.2657784003940324,-1.0044652951300737,-1.7267002134026377,-0.840158624679938,2.078551779927508,0.491584112377709,-2.494635631000826,mid
2019-11-22,0.4536906457402389,-0.5829610734469078,1.5106708682360843,-1.573589783818085,-1.0177061614748677,1.3403665249441863,1.320375183699304,-1.097909255478403,-1.5735897838180843,-0.9123296133327318,2.1827852683902673,0.5964921483716187,-2.5215602363750436,mid
2019-11-23,0.4522499217351503,-0.5814354657250639,1.50472601327712,-1.5660244328224286,-1.015614207642499,1.3298334476154852,1.3091276750144332,-1.0891761870849306,-1.5660244328224282,-0.9093528677458554,2.168338740113172,0.5948458797400138,-2.5005966286602432,mid
2019-11-24,0.4508104832197489,-0.579911956787506,1.498824873732454,-1.5585259706497885,-1.0135281112975139,1.3194348552123825,1.2980260765767293,-1.0805248287070681,-1.5585259706497878,-0.9063859254662275,2.1541119272741334,0.5932020228362962,-2.480055414807024,mid
2019-11-25,0.508397052341502,-0.5216782952044354,1.3896108848522593,-1.5591068571627593,-0.9320741494848075,0.914307695516232,1.1786859746850131,-1.0669987579511944,-1.5591068571627587,-0.8702273905270732,2.0823726283890194,0.5560731979530749,-2.4127006033631173,mid
2019-11-26,0.8478057814834243,-0.744477121211051,1.264994122059551,-2.403007281971897,-0.7418072782584592,1.2612344578762609,1.0713039825871766,-0.8420468241484383,-2.4030072819718957,-0.7746949590183064,2.0695693000751634,0.27916858695278624,-2.7153162764234438,mid
2019-11-27,1.4638651761261876,-0.48863125275602876,1.3184805871573881,-2.960425230335683,-0.5644399834911906,1.9744481032837582,1.1094825804861,-0.6693239814392654,-2.960425230335682,-0.9313819836449254,2.1138476569214113,0.3157330979597751,-2.957652980821799,mid
2019-11-28,1.4572041406188843,-0.48837470508153535,1.314400318732968,-2.9288680877581297,-0.564661613550987,1.8630715808475489,1.0407183072015724,-0.6221614416021378,-2.928868087758129,1.4304024367265455,-2.7767645560465173,-2.0785578996235037,1.3031802641457237,mid
2019-11-29,0.786533550111658,-0.6889888391073182,0.9801128547966371,-2.1840940643769273,-0.5818418999634213,1.1727633987884984,0.8460831364564952,-0.6099003361536018,-2.1840940643769264,1.3818166084389116,-2.638216373985124,-1.8678263996338953,1.4764675608989288,mid
2019-11-30,0.7832980390996871,-0.6886162047373255,0.9780177348202186,-2.169191521648747,-0.5824724355883895,1.1663904614445388,0.8393344148407738,-0.6041094745947235,-2.1691915216487465,1.377240066948612,-2.6150182383942826,-1.8581013682057694,1.471027179211718,mid
2019-12-01,0.7800699950458837,-0.6882437565967956,0.9759283958874369,-2.15452148338151,-0.5831035401728278,1.1600705201181865,0.8326230432323262,-0.5983282909782158,-2.1545214833815094,1.3726903212813482,-2.592322914379807,-1.8484845387977074,1.46562390593353,mid
2019-12-02,-2.368669717597336,-2.929473532710867,-1.521113477451222,-0.6212464536144181,0.26593203275717014,-1.7622283826147325,-1.3088484521547896,0.9592458348769088,-0.621246453614418,1.3722153626929476,-2.5700088795567204,-1.5177714258434638,2.042703421518102,mid
2019-12-03,-2.278595306997413,-2.8134995269935295,-1.5870221436733227,-0.6098788736364752,0.40177920059918654,-1.0476588646118703,-1.2215499327733732,1.0819775378691296,-0.6098788736364752,0.8977519793970588,-1.6123271402537844,-1.036033529768814,1.1992627869214063,mid
2019-12-04,-2.419247911215137,-2.761153006623318,-1.5446523156474983,-0.334340020967247,0.2673488356945085,-1.149528937682053,-1.1538737534239438,0.9735981112127571,-0.33434002096724696,1.0909022142790146,-2.10001229297996,-1.1715882126321537,1.7407607416966573,mid
2019-12-05,-2.2541661312186045,-2.6675569170175306,-1.5748388582501711,-0.4680978203713379,0.4049021703717649,-0.5009570004392877,-1.1459489957013353,1.1666023204184492,-0.4680978203713377,0.8204194008119063,-1.4828120002526883,-0.926925994506731,1.1422428502758666,mid
2019-12-06,-1.9576817557654158,-2.352590835030559,-1.4986472305295624,-0.47394620718303865,0.4843938873220881,-0.19605236023281497,-0.9662925165209209,1.0530568979958412,-0.4739462071830386,0.849969413616614,-1.5310048340328355,-0.9576020918420944,1.184400495697373,mid
2019-12-07,-1.964953145949354,-2.3483596445682413,-1.4929707608420133,-0.4713316128580627,0.48174500491220135,-0.20156848217960588,-0.9651964116057545,1.0491475483457717,-0.4713316128580627,0.8480210664730817,-1.5238776243912326,-0.9547193874643388,1.1804907808272642,mid
2019-12-08,-1.9722906666728013,-2.3441475822658,-1.4873344609403278,-0.4687170763137383,0.47909626192281723,-0.2071347265159399,-0.9641020600483098,1.0452590372365012,-0.4687170763137382,0.8460773787443956,-1.5168102525109486,-0.9518465427783707,1.1766001972224802,mid
2019-12-09,-1.9867610623923004,-2.345053981319063,-1.4433410265458784,-0.4660411018821774,0.42624530120194754,-0.20472096237421733,-0.9303157808788491,1.0072769952080618,-0.4660411018821773,0.8066533363505992,-1.5098473242096406,-0.9111660134360936,1.1729416560687231,mid
2019-12-10,-2.0135243053740424,-2.3647010666905155,-1.4041719594518454,-0.46277218456905167,0.3666962512502899,-0.13732177805614348,-0.8415434925133044,0.9258103896661029,-0.4627721845690516,0.6177926200722071,-1.230350766058376,-0.7200512072852475,0.9252729485647756,mid
2019-12-11,-2.0638025857539994,-2.3155845210007167,-1.3886363994389215,-0.31931624767611144,0.3236317320222958,-0.23155541901819568,-0.8083017981678909,0.8588524065404464,-0.31931624767611144,0.6289192400103655,-1.2254106035086494,-0.7008764777406888,0.975364626082945,mid
2019-12-12,-2.0419285236190583,-2.2895564294005664,-1.4106609885264734,-0.3192160885582848,0.36609003835536263,-0.7965310530692447,-0.866403759047251,0.7532378831109036,-0.3192160885582847,0.605946045724518,-0.9480668449681451,-0.6776249408091086,0.7277448540525768,mid
2019-12-13,-1.9188615276153758,-2.0654524494562208,-1.4722074139269015,-0.17625968188856866,0.518821646452927,-0.6701363261772315,-0.9096876913517601,0.8422307203374051,-0.1762596818885686,0.7887429839119766,-1.4342171567255166,-0.8314747933729102,1.2167126847620473,mid
2019-12-14,-1.9170142035491375,-2.0599147136130895,-1.4674769942324766,-0.17512605831962802,0.5168567287982352,-0.6667737560300023,-0.9095392378021715,0.8435863046356394,-0.175126058319628,0.7870540999214102,-1.4278405696847487,-0.8294337101970959,1.2120671430991115,mid
2019-12-15,-1.9151710369802346,-2.0544122018797513,-1.4627752436805959,-0.17399236662269907,0.5148939744220378,-0.6634227670998123,-0.9093908170906129,0.8449447349826872,-0.17399236662269907,0.7853686520307506,-1.4215119392433413,-0.8273975797228128,1.2074473516671638,mid
2019-12-16,-2.08418120442998,-2.0402980702366635,-1.4836725724430826,0.1032828499454672,0.44760999333708623,-0.7511406451823767,-0.9544667077337027,0.8702521906806028,0.10328284994546719,0.740094724513496,-1.307196285562571,-0.7234815853611815,1.2088803642474584,mid
2019-12-17,-1.720140154174812,-1.8517123142287109,-1.4682363771926605,-0.17216105107124993,0.6377815793366869,-0.6044579879711806,-0.9685158660638653,0.9318742833745425,-0.1721610510712499,0.7942616914713417,-1.3557531651308259,-0.8358233294792689,1.1500712482588886,mid
2019-12-18,-1.8815217908757549,-1.9195923027861215,-1.5056824961592823,-0.03135017499113053,0.5997440055501836,-0.7291003372112936,-1.01581134127979,0.9483613776180048,-0.03135017499113055,1.0838969214274305,-2.0479901127589826,-1.0977408828834057,1.8238234668375088,mid
2019-12-19,-2.091917803978123,-2.0380749394069735,-1.4778475049292614,0.11032869994808507,0.4407066434098231,-0.7714780086124841,-1.0191169426829767,0.9395353137821179,0.11032869994808506,0.9134111566502529,-1.661256535784366,-0.896437055520014,1.5300230764275626,mid
2019-12-20,-1.8803250610181723,-2.0022351310282245,-1.489909724149567,-0.16519379974131027,0.5806281082166806,-0.5158864748443647,-1.008481515324994,1.0063576215755392,-0.16519379974131024,0.9845125557343175,-1.5461804817961116,-1.025340724530253,1.3260880949365244,mid
2019-12-21,-1.8737338175471188,-1.9904544955710308,-1.4845806226808154,-0.16234305399768534,0.5788136273175217,-0.5144484593548959,-1.0070682522606382,1.0054297083761867,-0.1623430539976853,0.982281345510601,-1.538975941917821,-1.0222327919309682,1.3216719212147718,mid
2019-12-22,-1.867194235703566,-1.9788266998122013,-1.4792872971375444,-0.1594829495265515,0.5770017524426903,-0.5130125646370455,-1.0056578919322954,1.0045030616785078,-0.1594829495265514,0.9800566268098514,-1.5318326772760915,-1.019136669881695,1.317280620619337,mid
2019-12-23,-1.913455380746419,-1.9304458529292683,-1.493307183634819,-0.01525411124918032,0.5711274241663793,-0.4762523673216964,-0.9981051106518842,1.0077479686821733,-0.015254111249180321,1.0847497841309717,-1.8956579401437572,-1.0944327029400531,1.6980025519463835,mid
2019-12-24,-1.840570528011128,-2.0260740537872315,-1.5708600975476217,-0.2854710220100927,0.729068321858971,-0.40495672218952183,-1.1176026056113106,1.168725317112039,-0.2854710220100927,1.0723636045379221,-1.8847324536211318,-1.1373347650765513,1.591933796866269,mid
2019-12-25,-1.8385498611005446,-2.015575452013034,-1.5650919716078533,-0.2823913872118101,0.7264723221285943,-0.4031284894753129,-1.0720613219809396,1.1175387956246303,-0.2823913872118101,1.0938378068381232,-1.8738895586634206,-1.1578352999719497,1.5852084764750354,mid
2019-12-26,-1.727401801793977,-1.9805870631107643,-1.6811087087629812,-0.41347393856038694,0.9783819729201527,-0.2881887747800819,-1.177201595725706,1.2756453600792828,-0.41347393856038694,1.1029675581692941,-1.8631692918296863,-1.1932874958590487,1.5304345011900868,mid
2019-12-27,-1.5783210231631122,-1.7371996777125025,-1.6183642687412478,-0.27103613688941247,0.9767956293970433,-1.2440949844307945,-1.1765254925409636,0.978986949667894,-0.2710361368894125,1.6353155249188507,-2.8378559458087316,-1.6986090595119265,2.4651605414489985,mid
2019-12-28,-1.5783043162503696,-1.7300856929899184,-1.6119658867194198,-0.2679202911150601,0.9731799244879553,-1.2352211585424735,-1.1762887633678287,0.9821492632757806,-0.2679202911150601,1.6283968326770772,-2.8095589768856346,-1.6902779751731838,2.4459748304133986,mid
2019-12-29,-1.5782876097163554,-1.7230327172614774,-1.6056178078188594,-0.26479350967966475,0.9695780506920448,-1.2264442439796372,-1.1760521170207494,0.9853276036979937,-0.2647935096796648,1.6138299827429847,-2.781971008451329,-1.6742903722357425,2.4271500236881796,mid
2019-12-30,-1.5820127284237455,-1.6342889998793395,-1.6119376317551464,-0.12261824638172111,0.9842111168932716,-0.6494543117812875,-0.9849711506532781,0.9452360030536456,-0.12261824638172115,0.2715031454429176,-0.14837134992197534,-0.29725281805831677,0.091660316480465,mid
2019-12-31,-1.2691732737105867,-1.403360128041448,-1.5878582710020082,-0.2565584470057976,1.1426776470250672,-0.3682380675086892,-0.974466244185602,1.0232068005222357,-0.25655844700579766,0.30504981839126066,-0.1988888246654326,-0.35750805188082524,0.09112294577195401,mid
2020-01-01,-1.2733339594212842,-1.3996524979852503,-1.5813121706620274,-0.2529824269157248,1.1380771483264502,-0.3664246582251267,-0.9771101961332054,1.027867993185027,-0.25298242691572487,0.3092689476600867,-0.1979730588433833,-0.360746397550326,0.09192950186273462,mid
2020-01-02,-1.3143877644376638,-1.429582776587679,-1.6024124499357757,-0.24738702224716386,1.1572850486214703,0.5255431705321106,-1.0390486600595632,1.3837199241882785,-0.2473870222471638,0.38152528124994683,-0.2999188759906036,-0.43185350597006794,0.18667677611959865,mid
2020-01-03,-1.3177332950203007,-1.5013247013036568,-1.5745095850935744,-0.37318834675769563,1.1185002374478124,0.4809702996196035,-1.0212645646953993,1.3477951952589644,-0.3731883467576957,0.34409387284666487,-0.19554295367526706,-0.41866385513754184,0.049523406407250455,mid
2020-01-04,-1.32354439734629,-1.497231674013491,-1.568404211853479,-0.369780311539552,1.114022263082128,0.47822088674709023,-1.0225800674711902,1.3475393519944432,-0.369780311539552,0.3441391709663934,-0.1944354561016872,-0.41758269036162915,0.05034572117723156,mid
2020-01-05,-1.3294082592912677,-1.4931604243217147,-1.5623449462903192,-0.36635711735669135,1.1095661317120897,0.47547688738502514,-1.0238982390400817,1.3472836026104154,-0.36635711735669135,0.34418447101705824,-0.1933279838735712,-0.4165023217031016,0.05116841267558751,mid
2020-01-06,-1.4497744353480224,-1.5937346679953601,-1.6065245852392867,-0.355573081034708,1.1201819227837277,0.35912748706760744,-1.0664866052538138,1.3584567440962945,-0.355573081034708,0.4297902929007904,-0.2954028353087044,-0.4998121891868044,0.14800406119636572,mid
2020-01-07,-1.6627604708052313,-1.7043327915092035,-1.6880785354401087,-0.2104101553266836,1.1391754859254317,0.6326287681758143,-1.0375104599814953,1.4102534041143522,-0.21041015532668358,0.2707542236469978,-0.08788956429001256,-0.3120010718790562,0.009116677200116672,mid
2020-01-08,-1.397064571440347,-1.5289259841810026,-1.5463684081414943,-0.35303629516904056,1.0696059201378723,1.027035508792663,-0.8459815989732941,1.3113703269946244,-0.35303629516904056,0.2216512510688648,0.016042173604920894,-0.28986232904091136,-0.1324791620040796,mid
2020-01-09,-1.3572358964566513,-1.4862243712455305,-1.4897224566877754,-0.3525123444132497,1.0079100078774574,1.2343454916971868,-0.6834863961782598,1.1875949079279604,-0.35251234441324986,0.16951745075237354,0.11926447139058179,-0.23721387610586978,-0.22555150990667908,mid
2020-01-10,-1.4006548874613214,-1.599954652230278,-1.5631185286555211,-0.4886797312256734,1.112514948336399,1.1844536118965945,-0.758525939489085,1.2578582156264566,-0.4886797312256735,0.12410796380129102,0.22280699508690566,-0.21736926933771591,-0.36426420430187245,mid
2020-01-11,-1.4032725669900488,-1.594669115317073,-1.5557770669619115,-0.48558679359781926,1.108145465994585,1.175097048511048,-0.761170565513812,1.2569350178014373,-0.4855867935978195,0.12476627476147845,0.223024596676961,-0.21712071109645734,-0.36290705345365337,mid
2020-01-12,-1.4059003070513596,-1.5894187578901444,-1.5484991723159325,-0.48248957941293125,1.103797474734684,1.1658406165594914,-0.763826410410678,1.2560130540743764,-0.4824895794129314,0.12542487946779327,0.22324223293335088,-0.21687218447359294,-0.3615506484525426,mid
2020-01-13,-1.165617756342694,-1.4428229801170247,-1.5180664912319295,-0.6288530987296449,1.2025556427370314,1.4348422652944468,-0.8664978081863394,1.4600369125005852,-0.6288530987296452,0.21411019824389937,0.01717429897196696,-0.3329577375790748,-0.22241757309335788,mid
2020-01-14,-1.29861877662643,-1.5625713412929665,-1.5891307045233523,-0.6297196379336387,1.2551549804804503,1.5092557676997582,-0.9153870411953882,1.539012338998592,-0.629719637933639,0.059256311085733836,0.3271218182006808,-0.17773645019586307,-0.5030813556432773,mid
2020-01-15,-1.712155653604349,-1.856342623901879,-1.6759447372410363,-0.4759975013683119,1.1663726081461545,1.2672567607141532,-0.9678240686076853,1.5194869130236273,-0.47599750136831215,0.03872188934944228,0.37856641937473795,-0.12808402790140055,-0.49888477464284625,mid
2020-01-16,-1.8574351614897455,-1.7454616466142174,-1.61430460310201,-0.03965788372984975,0.9757816105701913,1.1978997651942498,-0.9215297074623793,1.442860247420426,-0.039657883729849755,0.17059475908010643,0.12052321317687008,-0.17817520233377943,-0.12217588435047273,mid
2020-01-17,-1.5715165794108703,-1.5564061542472267,-1.6341115890167706,-0.17877800132287083,1.191864580560347,1.3302528420544815,-0.8283413661790683,1.3781053288354075,-0.17877800132287094,0.18804824592938865,0.0694732136554745,-0.22162276304679795,-0.12126550741085207,mid
2020-01-18,-1.567314378274659,-1.5496649974507835,-1.6264172418648604,-0.17607329157903132,1.1873635562632823,1.3190277759193643,-0.8318538639474148,1.3773948346748375,-0.1760732915790314,0.1883378698536673,0.0700981910129943,-0.2213259492020372,-0.12083881476075932,mid
2020-01-19,-1.5631349219292958,-1.542978827333287,-1.618795357633573,-0.17336115355048395,1.1828893265699612,1.3079497396142836,-0.8353866269028084,1.376685056973192,-0.17336115355048412,0.1886275504896049,0.07072336987655828,-0.22102917951733764,-0.12041214899985558,mid
2020-01-20,-1.5589779852990828,-1.536346796922688,-1.6112447186934067,-0.17064145853491794,1.1784416301597942,1.2969620000202142,-0.8511214771578803,1.389538435874595,-0.17064145853491805,0.19943194812459666,0.07124356027049666,-0.23124809347281217,-0.11989392031997277,mid
2020-01-21,-1.538177800445183,-1.514999028972491,-1.5926633265595942,-0.16880178995425235,1.164444961015597,1.2597402023213713,-0.7954449725898899,1.3129149430246498,-0.16880178995425255,0.15494913308746577,0.12284134262396207,-0.18632155213827523,-0.16594963041912716,mid
2020-01-22,-1.5249019699098214,-1.5010065633090879,-1.632403208912969,-0.166807488988426,1.251585563553397,1.1736832624228515,-0.8686651111651671,1.3666886796810584,-0.16680748898842618,0.17213983798701052,0.12273753817989647,-0.2030780685703264,-0.16514967928503918,mid
2020-01-23,-1.5781019988973874,-1.6253921422311823,-1.6677885556644763,-0.3065701801453021,1.2905353809664482,1.0241153619331087,-0.8892989450025428,1.3396451793425033,-0.30657018014530224,0.21383349782913172,0.020057378608827555,-0.2705869874066487,-0.11721382304360554,mid
2020-01-24,-1.4465186158157606,-1.5779902410497366,-1.7570812572093473,-0.44600913355043215,1.5573796757010518,1.137007410604083,-0.9845719054003026,1.4816137267824587,-0.4460091335504323,0.08953122667379462,0.22688947720420258,-0.1719870936895856,-0.3493971790366105,mid
2020-01-25,-1.441399172884689,-1.5704758134013257,-1.7478195560021834,-0.44330153273036055,1.5499373165653787,1.1281189512268426,-0.9868540250770035,1.478628065509132,-0.44330153273036077,0.0900174007891429,0.22688947720420258,-0.1718607639121646,-0.34831838313613905,mid
2020-01-26,-1.436312851684295,-1.5630277290069508,-1.738656228310714,-0.4405926574957558,1.5425596724609607,1.1193191525506032,-0.9891443534459415,1.4756545549689615,-0.4405926574957559,0.09050369412024185,0.22688947720420258,-0.17173444120187428,-0.3472401639425822,mid
2020-01-27,-1.468118613759698,-1.5108522674550913,-1.6766459898874027,-0.28979231706197567,1.4057705836381376,0.9082261730743878,-0.9658680863701352,1.377107369785341,-0.2897923170619757,0.10950499581175412,0.17518145255535966,-0.1628296328477139,-0.25175908380689754,mid
2020-01-28,-1.9135408633006352,-1.6135379047108687,-1.5935196194214034,0.29272487089706273,0.9700405968772396,0.6309329853458117,-0.8846275111066819,1.1934634306049061,0.2927248708970629,0.09421760653206902,0.22657126821977927,-0.040296560841978364,-0.11118847620740097,mid
2020-01-29,-2.569426972198663,-1.8402999273655491,-1.5915844839092483,1.0243524771614463,0.5489893364314582,-0.030669830925822324,-0.8807874707409155,0.9691583077149192,1.0243524771614465,0.10281351878496617,0.17465602247794643,0.08568791692342946,0.17062651158972084,mid
2020-01-30,-2.4614146349841914,-1.9035839387352989,-1.724123491253964,0.7310963490693633,0.8537250513880364,-0.031270467313216255,-0.9948131039169464,1.0947311165396492,0.7310963490693636,0.12766733318004234,0.12284787107764383,0.006795295092315684,0.12321124324487343,mid
2020-01-31,-3.5669418014872845,-2.4186164639346655,-1.7606679397397498,1.7495473144482672,0.15733081034670127,-1.204164088043135,-1.077837662933832,0.800463236654818,1.7495473144482678,-0.07813960112294273,0.3808047589253557,0.39928289328164773,0.21573295884760202,mid
2020-02-01,-3.5224512184041394,-2.399995800873179,-1.7513035594996271,1.751502299190254,0.15467978031936866,-1.2000309812667371,-1.0787664131204402,0.8023891261353283,1.7515022991902551,-0.07742126844707622,0.380242788086819,0.3985826300113845,0.21639331847189627,mid
2020-02-02,-3.4794404917505193,-2.3817183456135025,-1.7420395457231832,1.7534622880364237,0.15202150717391666,-1.1959215213729397,-1.0796964768182924,0.8043208448445901,1.753462288036425,-0.09144767857083183,0.3796810686945909,0.4126016233501656,0.21705407016385356,mid
2020-02-03,-2.0378991319834148,-1.9908544907994126,-1.6270898930595403,-0.13468775891002582,0.9549291869332385,0.34260143169631413,-1.0141788509612792,1.2402990944944152,-0.13468775891002593,0.10451389592057131,0.12115834891190637,-0.12887363229200158,-0.15277931051318736,mid
2020-02-04,-1.878137088200774,-1.75875997229957,-1.5980736822435333,0.010247591548596528,1.0224645379392834,0.5440461644306162,-0.9820975309492962,1.2680306072011334,0.010247591548596582,0.12497435286036504,0.12105461775934559,-0.1229340963800146,-0.10667550917313556,mid
2020-02-05,-1.925923611508895,-1.7921405186569168,-1.5558338257860944,0.018424779973914868,0.9233866035040723,0.6186920975846897,-0.9389381034142922,1.2404641466698507,0.018424779973914906,0.11885664406428505,0.12095088992343976,-0.11537837791907786,-0.10413247303549972,mid
2020-02-06,-2.1258061695541515,-1.8975557290351583,-1.5899387579638355,0.1764003303469457,0.8590924204263346,0.4459005998433421,-0.9830047603621991,1.2283189784875925,0.1764003303469457,0.2769025113154954,-0.03358487265052492,-0.24512604874728225,0.08544324336476664,mid
2020-02-07,-2.139982831589884,-1.9800558054523543,-1.5581996078821554,0.030710428818654566,0.7969226905754094,0.4189126267902775,-0.9365786471765527,1.164288718823743,0.030710428818654656,0.1752993189058218,-0.03348229696021386,-0.16959470028696552,0.039962009645229,mid
2020-02-08,-2.1340437714222396,-1.9692666752580452,-1.550781508428735,0.03535969996363857,0.7936025591252918,0.41259488076235984,-0.9393541650448041,1.161211087041626,0.0353596999636386,0.17552115109990762,-0.03337972178378252,-0.16901538697581917,0.041272084093217566,mid
2020-02-09,-2.128144383768393,-1.958607820684088,-1.5434278505620198,0.040059715817719,0.7902900461675959,0.4062450303498871,-0.9421420073130563,1.158146824036645,0.040059715817719097,0.17574301344802723,-0.033277147117986294,-0.16843614589179465,0.04258348022736135,mid
2020-02-10,-1.9993100461313489,-2.052255155941444,-1.4708396279674165,-0.4130741170025703,0.7495918887536888,0.5305012911502434,-0.9172027291504228,1.1678575661887147,-0.4130741170025706,0.19683981966789305,-0.08475616205693227,-0.2684180143069848,-0.04901515750685816,mid
2020-02-11,-2.08959364278567,-2.0635018869640307,-1.5529874613855876,-0.26171904995873924,0.8421172172959864,0.4592002842879185,-1.0114652325627795,1.2452727103264556,-0.26171904995873935,0.17264557648046086,-0.08424535580912122,-0.21784913117402233,-0.0031496521310319598,mid
2020-02-12,-2.248981401896984,-2.203956376036061,-1.4844766217632028,-0.257209685691232,0.6095840547904727,0.49374284340562946,-0.9565031861019416,1.1949960022520576,-0.2572096856912322,0.24515759367423026,-0.13593088146681712,-0.2891654160796916,0.045748028330960755,mid
2020-02-13,-2.2754546749168925,-2.2962481556954333,-1.459542265308866,-0.40545954230954756,0.546024626173979,0.5315570481876895,-0.9444585585643925,1.1917386834721129,-0.4054595423095479,0.1162984266261225,0.07218367648274118,-0.1860961831510563,-0.18869026105149578,mid
2020-02-14,-2.615099733908852,-2.3877563620337416,-1.5163476538709453,0.06677517992654072,0.41132296721021644,0.1897502326587546,-1.014870687724021,1.1577903831562706,0.06677517992654071,0.1222637804056943,0.022022993738420735,-0.11061379814550898,6.84355576055981e-05,mid
2020-02-15,-2.600484260616023,-2.3699477011227437,-1.5092755611054198,0.07228434475866939,0.40850804277108166,0.18582742794478055,-1.0199795723734646,1.1604073145935145,0.0722843447586694,0.12177963855557222,0.023578017804859314,-0.10930242919376963,0.00017937391507420866,mid
2020-02-16,-2.5860760233732343,-2.352456157845839,-1.502262139310156,0.07787443964746721,0.40568993919766155,0.1818969579560236,-1.0251312746328418,1.1630347825067007,0.07787443964746715,-0.1721094196039695,0.02513508697667466,0.18513378458184665,0.0002903129686864594,mid
2020-02-17,-2.5637552101830674,-2.3348025893829814,-1.4952975083784483,0.07840376300765488,0.40397160595733045,0.3528043180597042,-0.9404640503483056,1.12446336937422,0.0784037630076549,0.21548302993829835,0.026799379980906965,-0.20200425209582076,-0.0010506765907094086,mid
2020-02-18,-2.3338441446224203,-2.2597620314653346,-1.4843954128301884,-0.2262610570998988,0.5466252110583534,0.49470483042938235,-0.9417137642156045,1.1693703650168754,-0.22626105709989897,0.1795467970508646,-0.07491118819323636,-0.21769299062411504,0.0007809060198543712,mid
2020-02-19,-2.3591292162509894,-2.2815887040907694,-1.4671171127076523,-0.22082188728221797,0.49386285421513226,0.35370859679819494,-1.0401817116552106,1.227887762335379,-0.2208218872822182,0.1519824548468406,0.0308713865798389,-0.18922992612942574,-0.09370610320217565,mid
2020-02-20,-2.386059361727616,-2.237596076928666,-1.4223272299160161,-0.06179900073703398,0.39008208614526874,0.25463138981740197,-1.0068755703107815,1.158897587369559,-0.06179900073703397,0.16119574901095748,-0.018431618456011125,-0.17152300229174905,-0.0016727291646415822,mid
2020-02-21,-2.3674657243355184,-2.283300633534516,-1.532497223269516,-0.201206530055982,0.6041293868481494,0.25177341726097247,-1.1487887817973166,1.3080991609360713,-0.20120653005598224,0.22528937437506324,-0.17170660886433736,-0.25917400605305435,0.09574299509564481,mid
2020-02-22,-2.3498555907172776,-2.2675684642334173,-1.5255311546817008,-0.19975741647962372,0.6015010675279701,0.24816907866463278,-1.1535728453955356,1.310229312132586,-0.19975741647962397,0.22407682497808076,-0.16884574998007917,-0.257728949860537,0.0934032760833351,mid
2020-02-23,-2.3325583803463603,-2.2520952504573715,-1.5186240093326338,-0.19830798808285593,0.598875987598279,0.24456209888081418,-1.158393066370616,1.312366172507958,-0.19830798808285613,0.220181583414845,-0.16597552538250454,-0.25360296911781177,0.09105818192129879,mid
2020-02-24,-2.4506988715865665,-2.3572243606860597,-1.5328842726456604,-0.18431566435822083,0.5330459829383919,0.1724113591878538,-1.121893768673828,1.2489603102503062,-0.18431566435822105,0.11568007189165336,-0.1107276244554294,-0.14680620030761277,0.04507609734042631,mid
2020-02-25,-2.303759903948959,-2.291394079245324,-1.6823187270786206,-0.34608537422350233,0.9515123150982786,0.36272146871910094,-1.3490075314712389,1.5482461188317027,-0.3460853742235027,0.10931837952378597,-0.10783317947397927,-0.16783137851780539,-0.00610206925317378,mid
2020-02-26,-2.2537120354537823,-2.310919706219918,-1.4925427743635504,-0.4999776399260025,0.6025426042506358,0.35406272300785124,-1.1439070268192382,1.3253744623849715,-0.4999776399260029,0.10511563221991013,-0.1575203839676636,-0.1896907435707554,-0.007548035149957282,mid
2020-02-27,-2.373957262404804,-2.357016256514864,-1.5760237104993893,-0.34609285832730696,0.6706481225537829,0.14474340603469832,-1.2482698119296436,1.3667403118176658,-0.3460928583273072,0.02952201443114881,-0.26001431001605657,-0.08807582761722325,0.1308654662341267,mid
2020-02-28,-2.8419572385905654,-2.8107123369255973,-1.6326307324227174,-0.38846748062495695,0.399423999313699,0.31101067270721827,-1.162491760435965,1.3250327874140246,-0.38846748062495706,0.0032268526890587147,-0.36271397734257815,-0.06896229279134035,0.2104650152304323,mid
2020-02-29,-2.8139905686273248,-2.7840401100197982,-1.624975502922136,-0.3866338685351636,0.39705249340304577,0.3053214567887467,-1.1668299857957258,1.323896487074582,-0.38663386853516385,0.002485761522533275,-0.3597886354915659,-0.06791377749454908,0.2079975776827108,mid
2020-03-01,-2.786718371142367,-2.7580085017180327,-1.6173923065932096,-0.3848010227922568,0.3946805556264353,0.29960701645972054,-1.171197697877789,1.322762031038373,-0.38480102279225703,0.0017444686916859246,-0.3568574849078878,-0.06686489532370407,0.20552549866197115,mid
2020-03-02,-3.435749620124859,-3.291953807272237,-1.8870884226887294,-0.20985060207288145,0.36755874335404587,0.302777942594264,-1.4116209287726942,1.5712989888274955,-0.20985060207288156,0.23145924504011747,-0.7787372936445178,-0.266959534761033,0.6376283440129686,mid
2020-03-03,-3.8410351293032226,-3.78581404951563,-2.0727234644173307,-0.48853081954961447,0.362903388658076,0.12401108686400432,-1.1231561900375433,1.2108254844765765,-0.4885308195496149,0.05767315898946019,-0.4032708031461426,-0.14035457869032889,0.21536425183733135,mid
2020-03-04,-4.156846555207608,-4.021181361292962,-2.1917853512509176,-0.33534563167079123,0.2694033709754536,0.20896711291006967,-1.3409733785580653,1.4605106657123619,-0.3353456316707915,0.02732704183227792,-0.5070892276128212,-0.08407637593819847,0.35463730010724437,mid
2020-03-05,-4.404429034146468,-4.193276318471228,-2.399899036603137,-0.1704729208634986,0.4683474689968351,-0.006604057186016173,-1.3876244420970674,1.4403161613187445,-0.17047292086349874,0.19573475166645357,-0.557528145673726,-0.22459336394804624,0.4494233396843031,mid
2020-03-06,-4.684430947147111,-4.46446107305364,-2.4464307634389226,-0.16636122605759124,0.1630432451937983,0.15558437281055634,-1.4576833952054356,1.559930444213431,-0.16636122605759146,0.16176999492685923,-0.6079737028610734,-0.18992617119792657,0.49548791679450227,mid
2020-03-07,-4.577392774276863,-4.372621256214997,-2.4275813185170625,-0.16422128495472482,0.16119720873075297,0.15083933487723922,-1.4543101588293659,1.5519501886164633,-0.16422128495472485,0.1609131845244359,-0.6049439528730213,-0.1887030488399367,0.49291072413452774,mid
2020-03-08,-4.4769776197709055,-4.285900824514195,-2.4090847086245906,-0.1620782698983198,0.15934946810929437,0.14607489510317676,-1.4509524553649487,1.544052071803301,-0.16207826989831992,0.1600564104480587,-0.6019156519635838,-0.18747983774345356,0.4903343080117254,mid
2020-03-09,-5.277166191671272,-5.052327392565501,-2.8480011762393462,-0.159164028460967,0.1846794582820805,-0.19574045208507143,-1.6940606382664796,1.6925357369650544,-0.15916402846096717,-0.057031169954709714,-0.3840952784088438,0.030193837377251873,0.2957848691232565,zirp
2020-03-10,-4.992784261766052,-4.795036869718449,-2.6919419156513005,-0.16466797435639005,-0.020644344355707146,-0.2132939287583651,-1.5041298238508651,1.4916485413174534,-0.16466797435639013,0.16822673250814058,-0.2735458577596656,-0.19609864144408098,0.19491243644064044,zirp
2020-03-11,-4.724318523210778,-4.6525070218610685,-2.6907831011066548,-0.4772102283085987,0.3102920104320381,-0.266114355770878,-1.4768056194199148,1.4489323564805847,-0.4772102283085991,0.20262659757446716,-0.6481273966477351,-0.2832610098982935,0.43511585102336775,zirp
2020-03-12,-4.728074064789247,-4.615176260689591,-2.8386781028962225,-0.35313102997740364,0.7630516792331282,-0.7237440788225387,-1.890842586113619,1.7456622230314072,-0.35313102997740387,0.5317218380424701,-0.8069360746662706,-0.5915517331917358,0.6142327924683684,zirp
2020-03-13,-4.5810959908309785,-4.439534683875213,-2.748615242669305,-0.23190864936112443,0.5723999470332072,-0.7541191851629027,-1.694340666523825,1.5372756958209133,-0.2319086493611248,0.2546410544135246,-0.3709647687838896,-0.2938953850388131,0.26091138960003507,zirp
2020-03-14,-4.48152866218159,-4.349287901845809,-2.7243551541840274,-0.23033434450736848,0.5697588721519267,-0.7557807267783222,-1.676975778877281,1.5228437767315397,-0.23033434450736878,0.2534863136977246,-0.36795873041058985,-0.29248089372650504,0.2583233270862455,zirp
2020-03-15,-4.387824300654953,-4.264012323882295,-2.7006421388210264,-0.22875973007624895,0.5671202402937202,-0.7574465461124213,-1.6599556063547034,1.5086545238933622,-0.228759730076249,-1.5214228932938005,-0.36494602564667455,1.4840860785386498,0.2557305572155949,zirp
2020-03-16,-4.992509871177886,-4.544705378538897,-2.731709997279886,0.7683062992315721,-0.744468652355723,-0.5039911898493494,-1.2985202197545123,1.208199910001512,0.7683062992315729,0.38406143904614604,-0.3618401537889871,-0.2550452018143704,0.5563153890255955,zirp
2020-03-17,-4.718333262218595,-4.356176851500631,-2.513313375547223,0.5997945191790678,-1.0317085669993715,-1.6152599622963142,-1.280180722612145,0.8682517031985019,0.5997945191790685,0.5053424063932863,-0.6320641015056554,-0.40493223452036237,0.7448994199863983,zirp
2020-03-18,-4.117656958517043,-3.8938607821275375,-2.3361725827808844,0.26129418627765955,-0.5255164121872686,-2.0804448346125843,-1.5312918306425753,0.9972424420357803,0.26129418627765993,0.8832134908993792,-1.448671909187511,-0.8404495090086286,1.366111199067843,zirp
2020-03-19,-3.734672957285831,-3.5318681888693506,-1.998724820277591,0.2638687411067755,-0.8205395642838998,-3.9060574759149014,-1.7161131281276525,0.6319389538279129,0.2638687411067758,1.358759378896826,-2.2580195874294344,-1.3167001008478814,2.083709295047917,zirp
2020-03-20,-3.174711173190247,-3.0950382323312096,-2.0311092970085665,-0.07271728941443178,0.10184688139140678,-3.9845497315246683,-1.8715098745442493,0.7473244461721429,-0.07271728941443187,1.515434547721401,-2.783572965605397,-1.5301280765869065,2.448880949679239,zirp
2020-03-21,-3.137494139417065,-3.0609222948132926,-2.0196037642043914,-0.0710096591249164,0.09968863232318971,-3.857957469748677,-1.850232626382225,0.7413234395983435,-0.07100965912491641,1.5084553597126888,-2.762605694814771,-1.522940008322522,2.431545430536781,zirp
2020-03-22,-3.1014070390649056,-3.027780308301491,-2.0082521307485552,-0.06930004739214511,0.09752638258547254,-3.7418797960312555,-1.8294568016023887,0.7353481395399109,-0.06930004739214508,1.5015336755086592,-2.7420926930040523,-1.5158125072133835,2.4145236017672222,zirp
2020-03-23,-1.7139232517977387,-1.8135639494677447,-1.5981170062875318,-0.5140804964691328,1.0308624771400297,-5.2555626749888456,-2.1565568085183253,0.506681312585646,-0.5140804964691332,1.3327423541571228,-2.190959153768307,-1.420323120302636,1.7925918996516133,zirp
2020-03-24,-4.3094905389434155,-5.1467390908171575,-3.781373872316531,-3.444532001105612,16.077557364247316,-5.1912947876352105,-4.007454207112437,2.5493255136544875,-3.4445320011056157,0.6858592168184475,-0.8396500402176389,-1.2636888501711556,-0.29694173852959516,zirp
2020-03-25,-5.560699435380522,-6.202342760801835,-4.724808430033632,-3.1683456264603733,-6.367753297043561,-4.549785608000652,-4.523257136390082,3.4201513273266873,-3.168345626460377,0.2865458103414623,-0.024408140149866246,-0.8226765122863261,-0.9482076698542602,zirp
2020-03-26,1.6872788390965718,-1.9611477271378202,-3.5238510733880024,-11.044477408967946,20.023493534505924,5.4340905319007895,-3.3689815259159284,5.651448484259184,-11.044477408967953,0.15416117278765407,0.2515746111150548,-2.2891457412450475,-4.0465032028387915,zirp
2020-03-27,14.818083940166556,6.50285610693991,-1.7873618765876644,-19.205004231832227,9.931910950376075,13.854553368564913,-1.2574462027929512,9.559252250091214,-19.20500423183223,0.5427331306017005,-0.5633662120063355,-7.32296512560775,-10.888621444807068,zirp
2020-03-28,12.34673206108531,6.242387742499611,-1.7790712221930107,-14.566453601316521,9.065200422101094,10.397034854770087,-1.2476239071923132,8.157457543558495,-14.566453601316525,0.5405820931973114,-0.5604627664045785,-6.9499461552919675,-9.795917556062316,zirp
2020-03-29,10.79992065283019,6.010063822518679,-1.7708729732152617,-12.196376921938388,8.389439871982479,8.663145171677925,-1.2379163088528002,7.227270025283488,-12.19637692193839,0.5384335483170534,-0.5575624447790386,-6.627478144129024,-8.974720059119335,zirp
2020-03-30,6.604012982187942,2.9153129353160643,-1.7914806190518933,-8.225144052394603,5.639698263711571,5.693914098445555,-1.4218768487577875,5.161298399446601,-8.225144052394603,0.41609850656701297,-0.2771292520184428,-4.720257841665433,-6.328025029150113,zirp
2020-03-31,2.947540971446559,-0.10130267517955685,-2.309567398761638,-5.083887838538811,4.5369122129315524,3.3852518711858446,-1.5222593761016798,3.4723956784293812,-5.0838878385388115,0.40994958870385745,-0.2731522860426999,-3.089526074108742,-3.9056383131384704,zirp
2020-04-01,-3.199969395705684,-4.611003517541611,-2.0573387100307508,0.5434618100259494,-1.245235984164241,-0.7962992505337742,-0.6062146856518754,-0.22312168252716758,0.5434618100259494,1.5931830322161453,-2.7904558461846696,-1.0280943172265744,2.0482557513179973,zirp
2020-04-02,-3.2984660492010054,-4.59169282985406,-2.4605736808136855,0.690946319442282,-1.3560643701618587,-1.2092648449494774,-1.2549100427890327,-0.1332451901107081,0.690946319442282,0.5368050108067333,-0.5408798865859525,-0.07136374365696556,0.8631971113028978,zirp
2020-04-03,-3.3439541262561847,-4.559608578315348,-2.555602464574675,0.7652160951551008,-1.4570276178028356,-1.2675800468784852,-1.469312879041632,-0.04432712479121176,0.7652160951551007,0.5410401010135141,-0.5390138302016755,-0.03415519380576481,0.9205522317466288,zirp
2020-04-04,-3.3006254535146815,-4.460472233751486,-2.537791405154825,0.763696808784907,-1.4520529451424466,-1.2591133316110352,-1.4559301462859118,-0.04613920004316122,0.763696808784907,0.5383696821780952,-0.5372045618503976,-0.03225673698220721,0.9172850980326388,zirp
2020-04-05,-3.2587610893575625,-4.367167347530773,-2.52032027150778,0.762180313751265,-1.4471097291762431,-1.2507369963770465,-1.4427559168403494,-0.04795320612986418,0.7621803137512649,0.5357007956611407,-0.5354563470414269,-0.030355094024287158,0.9140338563692854,zirp
2020-04-06,-3.828550452287509,-4.809518049596006,-2.158912086775378,1.2353845007416777,-2.007758848899693,-1.9762215639681615,-1.0691749586870738,-0.8433116849518155,1.2353845007416773,0.6758099414664519,-0.8285104614822275,0.11181407105415705,1.456690412275016,zirp
2020-04-07,-3.447113267105884,-4.514617248989414,-1.670162865254032,0.8601815425266306,-1.6018829954482696,-1.5770851217574708,-0.7220572371691063,-0.7606257978969475,0.8601815425266304,0.39891441078589696,-0.23209352625086632,0.13788805076870736,0.8236585607445748,zirp
2020-04-08,-3.239343331067594,-4.41765764347735,-1.1872716657592592,0.556058896200749,-1.446131551376434,-1.2660752698110296,-0.32527760037895304,-0.7727299081377882,0.556058896200749,-0.010554624807724556,0.6740679017297568,0.31248180493906935,0.08284601094570132,zirp
2020-04-09,-3.2682404226263366,-4.239782196607356,3.4338989379951097,0.7977470672820023,-1.3767956859102808,-1.3133074037013053,4.417844946328003,-3.7830167429337966,0.7977470672820022,0.24628777783688832,0.07848421964806208,0.23156695214721065,0.6058928518268152,zirp
2020-04-10,-3.227438821381755,-4.158416800889599,3.398970461221857,0.7962107368126937,-1.372395359505747,-1.3058843095239714,4.19928201142297,-3.6422323482450842,0.7962107368126936,0.2832445687904958,0.08613053119588017,0.20063510046455146,0.6028360430575316,zirp
2020-04-11,-3.1879599858321575,-4.081255344443427,3.3649908942701225,0.7946773413587861,-1.3680199585454336,-1.2985332499547493,4.049420597648317,-3.542490232394431,0.794677341358786,0.28098992309407395,0.09397847235894063,0.20229266782255864,0.5997802838375533,zirp
2020-04-12,-3.1497320676314566,-4.0079426209543305,3.3319171699354224,0.7931468670383162,-1.3636692119662754,-1.2912528761461102,3.913530832673261,-3.4498407774409956,0.7931468670383158,0.37372645577582414,0.10204079451222581,0.12499508714845668,0.5967254553089428,zirp
2020-04-13,-3.0382616712069126,-3.7803483366380095,3.9310684138653835,0.8605432359968007,-1.3393366057164668,-1.223445210452364,4.3398217487380135,-3.690074269625013,0.8605432359968005,0.237122312188573,0.10980372472908471,0.2761866547636295,0.6507971369274977,zirp
2020-04-14,-2.6406059516930163,-3.487471539996884,4.001220361560501,0.46088041979217753,-1.261248353202769,-0.9205266403983658,4.232926683159772,-3.4348607352669753,0.4608804197921774,0.19030299774069695,0.2461356598054872,0.09552302318761625,0.2531306164056744,zirp
2020-04-15,-2.429590693581228,-3.0364568997490995,2.001421917244588,0.6459141934143879,-1.1929768096106024,-0.5486025704777358,2.614275948446012,-2.1135794905195726,0.6459141934143877,0.1129831681715759,0.44873730555166796,0.26186161684957404,0.3039745414417177,zirp
2020-04-16,-2.2236999390430032,-2.8670259321618796,1.775326634352074,0.4632720865060372,-1.1319256876618689,-0.26482894038632343,2.464289041522778,-1.8319436434940473,0.463272086506037,0.2439097546137772,0.12210973889944324,0.05269772357827053,0.3207933673635591,zirp
2020-04-17,-2.2724729615506174,-2.927059617026681,2.107937325680176,0.46701989165394925,-1.1560459336034306,-0.2745951890866197,2.836031367223097,-2.1007026808954286,0.4670198916539492,0.1610877123297708,0.31575967644602976,0.12365786434770376,0.2245051677645843,zirp
2020-04-18,-2.256046720648035,-2.896610248002268,2.102063801434149,0.4665004505912725,-1.1530975235746557,-0.27432556356225596,2.785250107886292,-2.0777591130674398,0.4665004505912724,0.16217364676585086,0.3141376665669386,0.12258833896955962,0.2250380008712433,zirp
2020-04-19,-2.2398963251284845,-2.866964370815819,2.0962294108201855,0.4659812782203393,-1.1501606050943682,-0.27405598984093055,2.7367419485363196,-2.0553867632549228,0.46598127822033913,0.16727873286760103,0.3125159595919617,0.11818446046537778,0.22557108016851135,zirp
2020-04-20,-2.1907675569763287,-2.7922610498592597,1.4644853809523812,0.4640707581632898,-1.1196426411051663,-0.3751141624030018,2.2373528903505036,-1.7823301641091382,0.4640707581632897,0.2538412139899066,0.11575540895225529,0.04541643986640856,0.32524107184868567,zirp
2020-04-21,-1.9457871571098466,-2.6745852625591984,0.9043666063492476,0.12887791951651512,-1.0162403792269088,-0.18165141700238024,1.67697426532852,-1.2741312736084276,0.12887791951651506,-0.024911763875608523,0.7641321380953446,0.09174703461508088,-0.28593107102806403,zirp
2020-04-22,-1.5592256006185357,-2.4249129639148266,2.7135975492192657,-0.305419304506444,-0.997161671961271,0.08954852353792005,3.0840835470044494,-2.094052120244381,-0.30541930450644394,0.032315806843595724,0.6309545255913335,-0.19528697588878352,-0.5776261739396872,zirp
2020-04-23,-1.4486979914718896,-2.284843102972618,2.7158067337992025,-0.33816567754100296,-0.9701795867436203,0.08844725984497263,3.1151016291149447,-2.140032237214341,-0.3381656775410029,0.2411109246659783,0.10728041131561039,-0.3862967187569876,-0.3357996424760306,zirp
2020-04-24,-1.18268381904484,-2.084065540843941,3.19172283123795,-0.595785014517593,-0.9317100062031891,0.39108419322398,3.456223855973206,-2.227023163973833,-0.5957850145175927,0.22583798811469002,0.1043931488911677,-0.5157144148460344,-0.5486044472926551,zirp
2020-04-25,-1.178102256379711,-2.0708227617845334,3.153432712553591,-0.5936971639085863,-0.9288092583898173,0.3885103326113422,3.3679717246951344,-2.200198516935097,-0.5936971639085862,0.22751690571067984,0.10149508811399062,-0.5158859556173094,-0.5458431976509905,zirp
2020-04-26,-1.1735451776642813,-2.057769076244123,3.1163300271375802,-0.5916124466498304,-0.9259181915772463,0.38593987261999685,3.285528168252616,-2.1741268287576165,-0.5916124466498301,0.22919948980881547,0.0985860445020941,-0.5160575336510962,-0.5430832592850215,zirp
2020-04-27,-0.8685310698922137,-1.7313441794170592,1.3095434917628948,-0.7424033115726869,-0.7020580585871672,0.8070300372922083,1.8879904305512414,-0.8975386351928453,-0.7424033115726868,0.10689965758186697,0.42374087978856356,-0.49859081847328834,-0.8353549255076063,zirp
2020-04-28,-0.6092686561963923,-1.4927552316561263,2.2363855661975265,-0.9245721552867445,-0.7264997270573058,1.117958234966441,2.602386598155129,-1.2546671071665074,-0.9245721552867444,-0.23980864812515948,1.2796031195941888,-0.31403298590310996,-1.421874754929512,zirp
2020-04-29,-0.5234581703804905,-1.4755240343866753,2.15440990430422,-1.0748358031118026,-0.6960346299317987,1.0769677441721381,2.510716435291032,-1.230214409772219,-1.0748358031118024,-0.07132165986645275,0.87863543328891,-0.5368787182396183,-1.3429984380911582,zirp
2020-04-30,-0.12743228620826172,-1.1626208686493051,-0.6370331413293683,-1.420494203834772,0.08701945214882201,1.3525479225707633,0.4482519962326609,0.49582127176479823,-1.4204942038347719,0.10294033783902858,0.4121938920207805,-0.872865607714284,-1.3952430424594016,zirp
2020-05-01,-0.32057492122365633,-1.1414909608291692,0.14709387922265452,-1.000996394782594,-0.2929882025019672,1.2662270615321496,1.102863005012022,-0.049909874209417206,-1.0009963947825935,0.04595815190698336,0.542745720315379,-0.5934813119277764,-1.1106065613759375,zirp
2020-05-02,-0.31909564406576635,-1.1368928188691108,0.14636553791924184,-0.9973677526884942,-0.29205317285795684,1.2562844387986576,1.097938128425649,-0.051730497509226585,-0.9973677526884938,0.04696507699033599,0.5405339841460692,-0.5925588366440718,-1.1062323468542978,zirp
2020-05-03,-0.3176168242496051,-1.1323179442066025,0.14563723456225677,-0.9937535589426251,-0.2911184952772595,1.2464593725069246,1.093045704261203,-0.05355312717481896,-0.993753558942625,0.04857041727103904,0.5383247296113142,-0.5922074572787863,-1.101879237791805,zirp
2020-05-04,-0.07663496435057432,-0.8902618863668624,-0.14822945899403972,-1.1277376224903837,-0.0948847141044691,1.4316469907541167,0.7623388384652761,0.31602673607545967,-1.1277376224903837,-0.11039105560887331,0.9338986637827311,-0.5366574009067575,-1.4122562897585411,zirp
2020-05-05,0.4052565547633332,-0.11606822424307305,-0.10810158121511654,-0.979085049450488,0.10454503553470677,1.8482827084072995,0.8942969925796944,0.4831336578109868,-0.9790850494504879,-0.12634445161135774,0.931122759195573,-0.4412595654549055,-1.28585169100939,zirp
2020-05-06,0.333768573523275,-0.40700122049266774,-0.1951446114636535,-1.2516825680264678,0.10930050408420286,1.6059848886241983,0.9413152148448083,0.29858027766788287,-1.251682568026468,0.09060420366168644,0.39942649500773847,-0.7716626506575879,-1.245253679270613,zirp
2020-05-07,0.9599021623704646,-0.039999931625289774,-0.7928460855886977,-1.9721109521360896,0.779429257771437,2.1281956539857325,0.1399579965164908,1.2492494492583288,-1.9721109521360896,-0.07182043029117635,0.7283922191819888,-1.0428980632302913,-2.0104363555593245,zirp
2020-05-08,2.000390555651853,0.803615167924866,-1.397446596635297,-2.836246266646021,2.1788737257066426,2.911125103729605,-0.18286471398681434,2.0104001287548523,-2.83624626664602,-0.05662484712073287,0.7261989492113378,-1.547043489257346,-2.7292681558071137,zirp
2020-05-09,1.9896326239775353,0.8036929772534032,-1.3924223183892175,-2.8079576727789077,2.164690453915696,2.8513724907423947,-0.17991000882149433,1.9856837569750947,-2.8079576727789073,-0.055816621981568,0.7240104324989675,-1.5404767484017483,-2.7035973324481173,zirp
2020-05-10,1.9790040435072143,0.8037707955152529,-1.3874298249227417,-2.780377783745178,2.150719694143954,2.794666311484787,-0.1769533081446095,1.9616252193581623,-2.7803777837451777,-0.08095114201340099,0.7218266346237521,-1.5129494112314503,-2.6785263121850442,zirp
2020-05-11,2.227210461577971,0.9469936676079075,-0.7942683280699342,-3.0621205684323525,1.4970637980035315,2.933747335004892,0.2441451640006873,1.7640431610367542,-3.062120568432352,-0.0461989597034589,0.7201444418599339,-1.7124444442561406,-2.912567066020789,zirp
2020-05-12,1.185150555497529,0.6673758778262291,-1.0005549874297588,-1.4040115787280802,1.1001022865401289,2.1852577201637633,0.08270384300953229,1.3953439502646066,-1.4040115787280805,-0.03238078232143248,0.7184654008866707,-0.7771103585600198,-1.5236554534768447,zirp
2020-05-13,1.1609983322933812,0.41488368657791186,-1.33092820253316,-1.7031264150045295,1.4762845775152544,2.176976216038759,-0.18875814973943938,1.5949036499104163,-1.7031264150045295,-0.009608196225605308,0.716789494701247,-0.9685192410144838,-1.7716454129033314,zirp
2020-05-14,1.3517731676286429,0.5624203510829195,-1.5487996753396251,-1.8722206294555814,1.9722287493237214,2.252587084799014,-0.3461830762553836,1.7650333604836514,-1.8722206294555805,0.11963918533554699,0.38733384961877215,-1.1721782247390045,-1.7529139230700146,zirp
2020-05-15,1.487135383281159,0.7273040662746897,-1.6971384169782038,-1.9103908131995229,2.394477152557075,2.3219709562022994,-0.4086934237950856,1.861246889667855,-1.9103908131995224,0.12479653219862588,0.3873338496187722,-1.2004346801313484,-1.784802480032077,zirp
2020-05-16,1.4819979372099776,0.7276832560057626,-1.6898826695846163,-1.899274182535591,2.376772437027051,2.287666078168161,-0.4066280504755255,1.8404955109576984,-1.89927418253559,0.1247937961061686,0.3873338496187722,-1.196149564295156,-1.7754627917060746,zirp
2020-05-17,1.4768939280933595,0.7280626587008264,-1.6826903376000981,-1.888294865901187,2.3593811835823515,2.2545346845117753,-0.40456555249478976,1.8202243799540871,-1.8882948659011867,0.12518570278032104,0.3873338496187722,-1.1946404564373676,-1.7662233732976433,zirp
2020-05-18,1.7326566129803038,1.362221170726054,-1.381997497805076,-1.5313049375655787,1.9748758861690734,2.4073380280647028,-0.17324583876043664,1.7670534919173826,-1.5313049375655783,0.07461574405291412,0.5200023928679084,-0.9482983273700746,-1.530183752719627,zirp
2020-05-19,1.6978604349931699,1.478895303422204,-1.62631074507049,-1.309811186004102,2.4302787109490787,2.3506636971057517,-0.29793888319911643,1.822556586015187,-1.3098111860041015,0.10457982636667679,0.45457669725419014,-0.8445546570813476,-1.3129388654189809,zirp
2020-05-20,2.0867655860354417,1.9776859720518436,-1.7465155339663216,-1.399312250757816,3.0825817397158572,2.5362938859073023,-0.36140848860869784,2.0012748819917694,-1.3993122507578155,-0.11982066637139323,0.9822786935067355,-0.7173430259208253,-1.6376061711614431,zirp
2020-05-21,2.673290645524658,2.3138645198633223,-1.4134422555722321,-2.1033083783518296,2.735879286014707,3.025963011457702,-0.06893927093754834,2.1533244500357775,-2.103308378351829,-0.03355044874385716,0.8487280863758504,-1.1995226995589978,-2.160379460506724,zirp
2020-05-22,3.6185841424871215,2.7720942222392218,-1.1484602588778747,-3.3635666684893635,2.86444033292481,3.613338255461683,0.06745711791737541,2.5039789019232126,-3.363566668489363,-0.1533335263229988,0.9786583896106141,-1.8541407733646182,-3.2721866849324055,zirp
2020-05-23,3.5667717923847726,2.749553056300192,-1.1452194365265054,-3.3195745759374176,2.8361013871925844,3.508743172438529,0.0679196433950067,2.4628344877032466,-3.3195745759374167,-0.15276777923186757,0.9765194039860928,-1.843978935457933,-3.231316590104273,zirp
2020-05-24,3.516925851983674,2.7274772313077063,-1.1419922095588968,-3.2770848320258144,2.8084709708889504,3.4119421217795662,0.06838223699140383,2.423299054904516,-3.2770848320258126,-0.15239543977366649,0.9743864164358178,-1.833825044155467,-3.1917727007991075,zirp
2020-05-25,3.4690896817252472,2.7059785648637034,-1.1387643394159923,-3.2359958679116847,2.781556657830813,3.3219906944711326,0.06855483223973077,2.385302699596502,-3.2359958679116834,-0.1468130653822596,0.972808873595072,-1.8279070275540097,-3.1536418159811146,zirp
2020-05-26,4.980927097844453,3.963063711660027,-0.8592976903234505,-4.611671231643672,3.241843383220501,4.216821295275034,0.3211580074348599,2.9367026005745767,-4.611671231643671,0.1240352068643294,0.38053728733897546,-2.904433782788642,-4.051578377902372,zirp
2020-05-27,2.8109163979634406,2.4851490182189604,-0.8199300601610785,-2.286656516502337,1.8958276633508597,2.6879078027991876,0.363302008229886,1.7868000973970257,-2.2866565165023367,0.13249857280115024,0.3803893738435328,-1.4996717924879435,-2.095698283603215,zirp
2020-05-28,2.429431710420355,2.4601307881144963,-0.7877699225330089,-1.5693324591810085,1.6365733785688514,2.3813852175212586,0.40664516965433745,1.541397856869397,-1.5693324591810078,0.24801201307695037,0.05179016329377637,-1.1529768505904072,-1.3454866742720442,zirp
2020-05-29,2.2852113481191134,2.3205562561331305,-0.7985811127415131,-1.4734396201033897,1.568823342498687,2.2921609959277123,0.3606300026377859,1.5148408554894837,-1.4734396201033888,0.10814176481906898,0.38080036591955524,-0.9858884128405733,-1.4111869795750178,zirp
2020-05-30,2.2701701416835216,2.3072565901475666,-0.7965627004536125,-1.4668434519051445,1.5620287173019238,2.2588718160672396,0.3594762831529158,1.5011228800686822,-1.466843451905144,0.1082115774051922,0.3806524266415687,-0.9827878603639828,-1.4053355553474993,zirp
2020-05-31,2.25536324468393,2.294141045149777,-0.7945489734928178,-1.4602989109191662,1.5552899636489077,2.2266960873664967,0.358323551044298,1.4876268836107363,-1.4602989109191655,0.10808086930831086,0.3805045081216697,-0.9795663868333367,-1.399525600583359,zirp
2020-06-01,0.360159311391809,-0.16593981198322444,0.23614521140557548,-0.9448163265777184,-0.063300029103056,1.0175210314559082,1.1663169967647344,0.042700216623615374,-0.9448163265777181,0.10374527297433624,0.38129359847728983,-0.6603534295339998,-0.9650809176581197,zirp
2020-06-02,0.5418460564034113,0.40486218468336804,0.4541778853428517,-0.5469278474586358,-0.06040540889403361,1.1206524222854548,1.3092095949610076,0.030553175636987354,-0.5469278474586354,0.1571759610388187,0.250173885188666,-0.45795193506107673,-0.5715856798718992,zirp
2020-06-03,1.224776198853576,1.1836466332226394,0.6287229414114791,-0.8790415317591841,0.1422215243240211,1.5065531064429973,1.4909958635906526,0.21390000696882508,-0.8790415317591836,0.23537045536872006,0.053123800734714996,-0.7226006281269401,-0.7642812986340598,zirp
2020-06-04,0.9874018177724206,1.1939020356335495,0.9764576210339938,-0.3887736614660897,-0.050772535580612545,1.3507058661497682,1.728135438373847,-0.062494464785647005,-0.3887736614660896,0.11829709056272236,0.316731672860368,-0.33062572978155885,-0.4676403353647699,zirp
2020-06-05,1.2010878654864656,1.285216354192168,2.3973492712975433,-0.6973517525524661,-0.28983861832425317,1.475825149852559,2.794754648447833,-0.6771740581752405,-0.6973517525524658,0.1483456112998351,0.2514361826046839,-0.5433258115872843,-0.6986151844810425,zirp
2020-06-06,1.1976685353079795,1.2826270981969734,2.3788180785482824,-0.6949953106204908,-0.28913688990916003,1.4628506304592421,2.7423342395428527,-0.6752484230233123,-0.6949953106204905,0.14817552837997602,0.25200968865013074,-0.5417555678611089,-0.6967310799449046,zirp
2020-06-07,1.1942644310827026,1.2800469860693915,2.360627631634583,-0.6926436827307876,-0.28843540940939116,1.4500759636924658,2.6923430837678075,-0.6733272878301954,-0.6926436827307874,0.1528955634712578,0.25258350469884977,-0.5439916112782852,-0.6948506019519528,zirp
2020-06-08,0.9878001248226096,1.171501169578229,2.6634142907997997,-0.4221867405411138,-0.3873933858460606,1.3215041130473484,2.8993803125469855,-0.9428924603957243,-0.42218674054111377,0.0836018856832216,0.3850276398333588,-0.3241047818934922,-0.52533368404121,zirp
2020-06-09,0.8593650534581487,1.0560779784029728,2.3095740245364325,-0.31812372234959535,-0.3691432796206376,1.2539068164851956,2.6016729066795716,-0.8131888903657244,-0.3181237223495953,0.06306841133499022,0.4506468171275602,-0.24423953108906765,-0.46656676669435443,zirp
2020-06-10,0.67278035974388,1.0344142433213177,1.875175797291035,0.029886221784199654,-0.3499654861999975,1.1451090439979064,2.2243724736003556,-0.6505151706105285,0.029886221784199654,0.1268276824174787,0.2533154390986952,-0.08038808028271718,-0.0865664138022103,zirp
2020-06-11,0.42249271232614904,0.8702066128695919,1.7009740971941334,0.31543270403310053,-0.3917979947487308,0.981306899796824,2.088190939033024,-0.6961128601221994,0.31543270403310036,0.11345514348687055,0.31910138521266507,0.10512691204632503,0.12470910745283928,zirp
2020-06-12,0.3950268078107497,0.8985430819982756,1.4638438076196467,0.4094826630778843,-0.35884398140739976,0.9028815363009255,1.94605517347305,-0.6670555522123184,0.4094826630778842,0.19224963774996165,0.12186203821942725,0.10144993598386211,0.290829507585831,zirp
2020-06-13,0.3945243525286647,0.8976316966245205,1.4575426231940776,0.40970507840284354,-0.3580860974679082,0.8966368455901085,1.9242592428021257,-0.6653614519553188,0.40970507840284337,0.19209778421205834,0.12240163423413697,0.1016832974441534,0.29075052529756507,zirp
2020-06-14,0.3940221121767459,0.896721478061182,1.4512892431845923,0.40992754929407144,-0.3573285944145531,0.8904330570914232,1.9029895092647173,-0.6636708698588037,0.40992754929407144,0.19194594191168043,0.12294140995360817,0.1019166815497316,0.2906715478389405,zirp
2020-06-15,0.2853969861888176,0.8736975434387879,1.2686174232945422,0.5989502083133894,-0.3567048111061156,0.8171245354119945,1.7571501939759555,-0.6237080859079027,0.5989502083133893,0.2450740829255772,-0.008310355855694061,0.176473913073677,0.507514492288916,zirp
2020-06-16,0.3638302683173088,0.8973317875283475,1.0066430571822453,0.4724374597054764,-0.2774770803491162,0.8602450626496961,1.5278811799248544,-0.42753261819614924,0.4724374597054763,0.2253505788772072,0.05804519948391053,0.11425183067523331,0.3718241304885968,zirp
2020-06-17,0.3334379078969264,0.8748385515210647,1.3346849088548374,0.5043649924164524,-0.35447788069905095,0.8360024370084427,1.749499270142912,-0.6150767652304264,0.5043649924164523,0.22082368354390203,0.058574564150288444,0.13728467392777943,0.39836376257490086,zirp
2020-06-18,0.37048195415230695,0.6516796284352605,1.4800937441168778,0.12881599290088377,-0.370231793459495,0.8538069044360569,1.8095194501251868,-0.6523963331766643,0.12881599290088375,0.26340323912831387,-0.0728441366178254,-0.12618637290413667,0.14041653652049482,zirp
2020-06-19,0.09137543257980849,0.3270847307291214,1.7433037362575035,0.25609750604410314,-0.4934600774855007,0.6864882340436108,1.991289795103701,-0.9297020959138593,0.25609750604410303,0.21299559344738764,0.05936370342500968,-0.00892716294136382,0.18915636947924497,zirp
2020-06-20,0.09175825772329832,0.3276657887142598,1.734375702392926,0.2560123168530815,-0.4922869055563772,0.6819841852110358,1.9684394746939675,-0.9259870001043247,0.25601231685308146,0.2129404168071404,0.059627468437579705,-0.008935178957850292,0.18896848235443645,zirp
2020-06-21,0.0921411502386662,0.32824721614101426,1.7255399054526814,0.25592713264261474,-0.4911148719665144,0.6774978881657795,1.946161685567044,-0.9222899798225909,0.2559271326426146,0.21288524195632982,0.059891254992928085,-0.008943194976322523,0.18878061153540193,zirp
2020-06-22,0.013187236450556498,0.2332496941213125,1.6214315012459772,0.28762096405637666,-0.4985971341656138,0.6512482650370952,1.9040339634126788,-0.9203004384800437,0.28762096405637655,0.13983345084706145,0.19171347774643827,0.06737866499365842,0.15733363365097383,zirp
2020-06-23,-0.006934085811712026,0.15839601386314553,1.6794483021979836,0.22739442475277322,-0.5127831707836549,0.6344302494995091,1.9284063584334985,-0.9610201690102799,0.22739442475277308,0.15677150149440372,0.19171347774643827,0.01727589095957877,0.10669401167912393,zirp
2020-06-24,0.3354211296170998,0.7179808917199602,0.8207529648104988,0.2881552669824832,-0.24733548050493606,0.8410251233473789,1.3086296333819878,-0.3285840715946755,0.28815526698248306,0.1672847165754896,0.19144535535962773,0.046330441607005966,0.15789844440801704,zirp
2020-06-25,0.4027885475548642,0.7960865946922709,1.1747893787881294,0.25717319312808756,-0.3040593054614648,0.8662233106744338,1.5440054779402288,-0.4924405765171589,0.25717319312808745,0.22185919910761645,0.05989177332343416,-0.015160103562214306,0.189829043120614,zirp
2020-06-26,0.5080367360553031,0.8638614606842338,0.5227746244706554,0.13569275276866694,-0.10557781579420658,0.9253483122260205,1.0898213056294321,-0.09828858290421509,0.13569275276866685,0.22617951182642593,0.06002341611011428,-0.09297833998255285,0.08763132242422164,zirp
2020-06-27,0.5075153860466295,0.8629905475976071,0.5215045426742625,0.1358542082947209,-0.10536629842239748,0.9191836788280754,1.084412684874927,-0.09975665958360476,0.1358542082947208,0.22614494340143126,0.060155063148816496,-0.09285534187386436,0.08770690558474763,zirp
2020-06-28,0.5069943270564455,0.8621206906993245,0.5202358456799299,0.13601567626976238,-0.10515479040310448,0.913060735534217,1.0790424098066598,-0.10122613568270919,0.13601567626976233,0.22227865266417285,0.06028671444657576,-0.08473203177961593,0.08778249045250795,zirp
2020-06-29,0.47496098446884355,1.0171551159165582,-0.7863165981573297,0.4107848128886131,0.49430660378789265,0.887826519393274,0.22733873630905066,0.5367153949075336,0.41078481288861296,0.21254996876448806,0.06055055395245235,0.09574483797549464,0.31868496947897,zirp
2020-06-30,0.47390037592694506,1.1927390770008592,-0.5403667038107595,0.6513079026274345,0.330068699621162,0.8818879604533529,0.36722090549267405,0.4251245563516391,0.6513079026274342,0.2137862415040512,0.06108041336718085,0.24637299161523665,0.5207316032661774,zirp
2020-07-01,0.927393099492469,1.7128144449520624,1.9355655775112817,0.43984328753969226,-0.29861963056284346,1.1529308431211087,2.078441416749942,-0.6878909657641682,0.43984328753969215,0.21417708411764202,0.06161039757299163,0.1129213801177335,0.3427159586049524,zirp
2020-07-02,0.9368212147392809,1.6783921440630296,1.9224758886436266,0.37825416930135125,-0.29455007077348017,1.1515236527599346,2.026634898559022,-0.658662625473202,0.3782541693013511,0.23671768489409772,0.06200716239644876,0.05686797093569153,0.2907665361540657,zirp
2020-07-03,0.9346705898078982,1.671952504540108,1.9115333608816591,0.37797989294976414,-0.2939677046757771,1.1431913868453012,2.004727642832322,-0.6578647184431385,0.377979892949764,0.2223700670881682,0.06240398735655346,0.06770611961878313,0.2903660794100226,zirp
2020-07-04,0.9325258795591747,1.6655636702847667,1.900724634952148,0.37770568415861877,-0.2933855319792812,1.134941618013348,1.9833489955722219,-0.6570676441735048,0.37770568415861866,0.2222267903954974,0.06280087265556626,0.06765704486128991,0.2899657252817685,zirp
2020-07-05,0.930387047115567,1.6592249112412991,1.8900467662670273,0.37743154285200253,-0.2928035520546313,1.1267725528620804,1.9624765840131022,-0.6562714004579572,0.3774315428520024,0.21857490914456465,0.06319781849590972,0.08049348423766894,0.289565473557624,zirp
2020-07-06,1.0406558444323126,1.7751911379409617,1.8875230101436895,0.31664480633295705,-0.2635556482771501,1.1760760538200377,1.957761078358319,-0.6214216291710767,0.31664480633295694,0.29693263575494433,-0.13406467649933568,-0.017921766605551028,0.3252512176149073,zirp
2020-07-07,1.1248722184655982,2.112242880468016,2.021713405857901,0.6166873193664675,-0.26683491446478447,1.230327405532899,2.0228493405601307,-0.6395402673028027,0.6166873193664673,0.21535676064684045,0.0645174968729593,0.23830973263725327,0.4902065694975193,zirp
2020-07-08,1.5672491146941634,3.256203331990888,1.5739911229987302,1.3274973592964403,-0.051687676113312445,1.5043015449993085,1.7234299677812452,-0.1758686403422231,1.3274973592964399,0.11806770032761892,0.2623139605881172,0.773990838990286,1.0018482285821986,zirp
2020-07-09,1.7140616440395158,3.212951523391894,1.6638601112408489,1.0027600078253371,-0.031952443502406204,1.5824071635240324,1.7603203742285791,-0.1450031068032915,1.002760007825337,0.12259636969282209,0.2623139605881172,0.5599908849247422,0.7290052580954269,zirp
2020-07-10,1.681450053117623,3.120206380966862,1.3899127242389497,0.9708505014262154,0.030362530303689704,1.5523069294751513,1.5797063034453842,-0.021838046990620294,0.9708505014262152,0.1185181134757851,0.26217507905272563,0.5427219237943871,0.7025995398864524,zirp
2020-07-11,1.6740991139920485,3.0861789343065,1.384319883537614,0.9683751894979309,0.03033410235360771,1.5376841313550222,1.5665693685114566,-0.023819189216896852,0.9683751894979307,0.11861221685993437,0.26203621061606186,0.5414555443850333,0.7009712833863365,zirp
2020-07-12,1.6668131267167468,3.053112265501543,1.3787652097753924,0.9659076135313535,0.030305674465573473,1.5233105723601674,1.553641712543649,-0.02580256306281179,0.9659076135313531,0.11402601493400594,0.26189735526897806,0.5651378520815276,0.6993459346421768,zirp
2020-07-13,1.6329385590758063,3.0211944846120273,1.142353945733554,1.0187553646311533,0.08941804405436087,1.5034858947250844,1.3805849456689072,0.10335765584937219,1.0187553646311531,0.05642123210092836,0.39348802998341786,0.6433602681448036,0.6866927730002101,zirp
2020-07-14,1.1676265307786597,2.691816101264256,1.0975107233505836,1.5191642792016222,-0.04607509179542214,1.2164220366831207,1.3546088719719551,-0.11750771898178383,1.5191642792016213,0.053957473676524696,0.3927744079585683,0.982928068921858,1.1106182815415284,zirp
2020-07-15,1.2212585084980994,2.6080630626669636,1.069760609920445,1.3063214016015696,-0.020712831936459345,1.2508806500879495,1.3352672428365349,-0.07302666865130786,1.3063214016015692,0.14780719566845318,0.19451464766870655,0.7719030869983077,1.018572388837807,zirp
2020-07-16,0.9836574577566053,2.308157134365844,1.1520613092885363,1.368366099323232,-0.11913582637858586,1.1067710315960615,1.3973476246237893,-0.250093776103966,1.3683660993232314,0.0859328771597844,0.32581523000653023,0.8601083422593875,1.0146212387499252,zirp
2020-07-17,0.8197868757259746,1.766666753589848,1.6442225214950061,0.9156567049973597,-0.27828496530449087,1.0125549908172629,1.7024458819970103,-0.5962551179222705,0.9156567049973596,-0.004363531083503798,0.5225892882478145,0.6211038252748313,0.5461844376308415,zirp
2020-07-18,0.8183492914540762,1.7594660566984106,1.6363686270460298,0.9134828629624634,-0.2776183091469456,1.0052246443518609,1.6876360187829007,-0.5963865710769878,0.913482862962463,-0.0038055145096205366,0.5214009205953426,0.6194864431299612,0.5452717533986132,zirp
2020-07-19,0.8169143575110731,1.7523276183403425,1.628587510436854,0.911314961110875,-0.27695186966500546,0.9979534476080812,1.6730875793793496,-0.5965180473360903,0.9113149611108744,-0.01963486111725628,0.5202138054095223,0.6492856405384011,0.5443599216087073,zirp
2020-07-20,0.5446244894294187,1.5282342744869497,1.5019871482096536,1.1416222800688318,-0.33132560953612467,0.830354510208337,1.5926217706904813,-0.6756876569704968,1.1416222800688314,0.010155239580728975,0.45340325972852485,0.7891320143765693,0.7693625037098383,zirp
2020-07-21,0.4745640583261309,2.042007487758274,1.2788565787650337,2.046747136368563,-0.30884402420469137,0.778383586901116,1.4466679729900633,-0.597672198631059,2.0467471363685625,0.024317382009826822,0.3866399013824095,1.4135463409142353,1.569016809423912,zirp
2020-07-22,0.9172293736668009,2.317958984363112,1.3989555372903213,1.5635541345246036,-0.20097948858163767,1.0249879171297431,1.5155707850475468,-0.4516683964484292,1.563554134524603,-0.015434853800591241,0.4515439919638508,1.1053059258311497,1.1322432828487394,zirp
2020-07-23,1.0379787781009209,2.2159512438355495,1.4225454967029956,1.1780411695992015,-0.17064542030952828,1.0796985215039434,1.5321493945424793,-0.42393771414417514,1.178041169599201,0.030707240053870696,0.38480493040937064,0.8033735819128335,0.8344253004620212,zirp
2020-07-24,1.1318190992004538,2.2383136655185107,1.6408199920533868,1.0320372321359497,-0.19192647015384476,1.1183139233130972,1.6617759488358843,-0.511100058093935,1.0320372321359492,-0.17276293391828712,0.7780953487900828,0.8454573829202394,0.5395634915904075,zirp
2020-07-25,1.128993627900059,2.2248321603965033,1.6329003823440558,1.0292687523311792,-0.19136023124021842,1.1097896404654122,1.6472254589112514,-0.5114960740780982,1.0292687523311788,-0.1718983085584655,0.7760616877216158,0.8430482868915374,0.5386468435549999,zirp
2020-07-26,1.1261787154164689,2.2115424730037616,1.6250545217110246,1.0265100299215741,-0.19079408462085948,1.1013476413561958,1.6329279073199994,-0.511892289136023,1.026510029921574,-0.19993449406834524,0.7740326452559992,0.880900692395928,0.5377310440026837,zirp
2020-07-27,0.47344270138388855,1.5146605082176847,1.6059742330108757,1.3116172468667557,-0.3719867373167205,0.7051801195566477,1.5973462874546358,-0.828436791779309,1.3116172468667546,-0.13004522155048978,0.6416405690364166,1.040184154376435,0.8396603328439001,zirp
2020-07-28,-0.13359177482130427,0.560307635440589,1.7275701490026543,1.1114935387494214,-0.5598992585564395,0.3273970197663412,1.6647721819021148,-1.2208012751346096,1.1114935387494205,-0.1297342241123215,0.6403437866133843,0.8950588304664164,0.6701788771393582,zirp
2020-07-29,0.8396296234093069,1.2619456157753444,2.025865984996303,0.1893603431011372,-0.34560505570704886,0.8976657104508262,1.8461094284202388,-0.9030512470447223,0.18936034310113706,-0.08423095569622661,0.5733909698695713,0.19492233785976623,-0.08818169175347221,zirp
2020-07-30,1.1220345209550457,1.4979309902619895,2.1376601241785362,-0.028175426771966296,-0.2934511665075624,1.0585261045450496,1.890328414621307,-0.8147690441127533,-0.028175426771966227,-0.026584038287288905,0.44153704956527234,-0.0022795435774300827,-0.21650127705110367,zirp
2020-07-31,0.6088192165944945,1.1983935565068542,1.7475476280349618,0.5668089841074897,-0.3613441027601288,0.7654357329882565,1.6647029773774595,-0.8685394731102218,0.5668089841074894,-0.0795226265179239,0.5719725208413411,0.4654877213740604,0.2346731713267898,zirp
2020-08-01,0.607517408764837,1.1952455898891967,1.7385303881388585,0.5665012409413169,-0.3606850359750079,0.7598846966161841,1.6496188269072718,-0.8665650002929538,0.5665012409413166,-0.07904584430943364,0.571023164988373,0.46490859426631487,0.23481857406077133,zirp
2020-08-02,0.6062173358815386,1.192110715091892,1.7296070279466984,0.5661936131345762,-0.36002627780815344,0.7543603833909118,1.6348045249698573,-0.8645959094075679,0.566193613134576,-0.10356180286274476,0.5700747636106533,0.49499990486674333,0.23496399224433578,zirp
2020-08-03,0.7183122122334664,0.8651318675728757,1.3595703200915186,-0.15574240757148802,-0.2576199704723053,0.8303259865147135,1.3697554020969616,-0.5578395085572532,-0.155742407571488,-0.23905863852364828,0.7653847521490178,0.03952486335208009,-0.4670585834446714,zirp
2020-08-04,0.8970423970000199,0.9560808030885132,1.1768740516450615,-0.38267076178484855,-0.1620245590734652,0.945172051313248,1.2593944165550253,-0.35900381515452434,-0.3826707617848483,-0.18108481631695877,0.6985753267901029,-0.16968170194190016,-0.6316174858807274,zirp
2020-08-05,0.7737681108028793,0.9000553289469551,1.2223410319329502,-0.21616069695562498,-0.21082704739919678,0.8523397441448823,1.2858369361195499,-0.4670267046024412,-0.21616069695562495,-0.17681177326388353,0.6969381831130358,-0.04690387630900421,-0.4887996434324594,zirp
2020-08-06,0.43944379674313727,0.7578650692078581,1.4319686986520659,0.25090928312691363,-0.3540608760243577,0.6507246261358275,1.3944829068234745,-0.747301574704992,0.2509092831269135,-0.16580653403222093,0.6949298389528545,0.2980462727208064,-0.08939674525872907,zirp
2020-08-07,0.2383436666664292,0.6235844983435599,1.210936118282966,0.4579885647923914,-0.3723078760411981,0.522910626982565,1.228989648657103,-0.7053890378513339,0.4579885647923912,-0.1664234084920005,0.693044052404611,0.4545516189093992,0.08811949690250138,zirp
2020-08-08,0.238258931435386,0.6230064051173163,1.2063786895993145,0.45741398677729733,-0.3714469168037057,0.5186703126675619,1.220212346712308,-0.7037980247014121,0.45741398677729694,-0.1655001479982779,0.6911618728567994,0.4534705468928948,0.08837857119426991,zirp
2020-08-09,0.2381742008076286,0.6224287229592715,1.2018461691780542,0.4568397256888394,-0.37058644253377837,0.5144387906783385,1.211529472085325,-0.7022102524477654,0.45683972568883924,-0.16457691212050218,0.6892832777132063,0.4523903751849939,0.08863767168783294,zirp
2020-08-10,0.06998252664803149,0.4806508458217788,0.43600966286305176,0.5850099853562667,-0.25316908170242747,0.3954517700772852,0.7358134820044184,-0.3549303878351812,0.5850099853562665,-0.20869487295627434,0.6874082445238107,0.5778997230065855,0.19894555278926063,zirp
2020-08-11,-0.3496316135162507,0.048630127451932056,0.4911026215389143,0.7859147556578001,-0.4226555970197808,0.15325914189290815,0.7734754796145525,-0.5985522264796473,0.7859147556577996,-0.0649715388133477,0.4245080967957765,0.6352138410055559,0.4859602644042769,zirp
2020-08-12,-0.0574378821468875,0.136552228295383,0.48190790268422506,0.3235382106267332,-0.3123104010809101,0.31653110577380833,0.7625120912419218,-0.44790392601419476,0.32353821062673305,-0.08940871572781081,0.5533522260058328,0.3025569879737081,0.034328948381770884,zirp
2020-08-13,-0.08222550651531278,0.1743804554794187,0.44284710945495115,0.4313010473221029,-0.3116810965345897,0.2779280852809508,0.7105812392999418,-0.4318372352445624,0.43130104732210256,-0.05364554854741007,0.4872338141738376,0.3603380881293766,0.1553297975195191,zirp
2020-08-14,-0.32551800356562866,0.026501334158603364,-0.054042612696312255,0.7032083923009917,-0.2716862846608879,0.1401409712409665,0.3913507635785209,-0.24866566428168094,0.7032083923009914,0.053580405053273716,0.35610191886341236,0.49513095488672043,0.44530638645880877,zirp
2020-08-15,-0.32508604829393106,0.026813598868530037,-0.054266989555746666,0.7027079005110693,-0.2714155223576475,0.13678485574415872,0.3870300301842462,-0.24722193613046653,0.7027079005110689,0.05370941444755083,0.3556772017750378,0.49471330381510287,0.44515449007019453,zirp
2020-08-16,-0.32465422637470953,0.027125886729480707,-0.05449138023320673,0.7022077422975567,-0.2711448074502853,0.13342337627398898,0.3827098964416505,-0.24577899161148262,0.7022077422975563,0.03870477135658288,0.35525262746270087,0.5288197519353276,0.44500261839006844,zirp
2020-08-17,-0.03425615156237072,0.04489765823493811,-0.24765606471477117,0.1376306147390028,-0.06986331603023993,0.29204398304691404,0.26855646848111236,-0.0030641184155995324,0.13763061473900268,0.23372524684106796,0.028453929480974315,-0.037220421429679976,0.10525347396649345,zirp
2020-08-18,-0.1797311067013778,0.006078546725324548,-0.2703490435146752,0.3752402299828196,-0.12977940140787342,0.18644828918185083,0.24612257281455663,-0.071982012198364,0.37524022998281953,0.07818242794142066,0.2236728086687987,0.24676166642953978,0.22299729353874753,zirp
2020-08-19,-0.5284379947222475,-0.2508578963025702,-0.5513935149594826,0.6972000984443456,-0.19330925478214847,-0.02518662986968917,0.06397371321233583,-0.08135804308037022,0.6972000984443452,0.23668894793504777,0.027805386203948526,0.40169592408841653,0.5842721798981051,zirp
2020-08-20,-0.13130208107478222,0.08982559110166703,-0.40545075655825985,0.40303911700237965,-0.04996794871282273,0.2077708192011373,0.13691011004898954,0.04846148117635279,0.4030391170023795,0.2814741314671976,-0.03688242625671067,0.14215335178781086,0.3609350670004436,zirp
2020-08-21,0.002293142159555979,0.10828311602054659,-0.5136122870357238,0.158866283093902,0.07033780856945185,0.2834259423047047,0.05687920875341039,0.18740055082071116,0.1588662830939019,0.23618201268391614,0.029107691050257685,-0.021975166744048247,0.12315239567000698,zirp
2020-08-22,0.0025186308575506932,0.10875924549254537,-0.5129814369969243,0.1591175115215563,0.07020018352108351,0.27935698271038023,0.05353317482338242,0.18683796719118814,0.1591175115215562,0.23572423998290426,0.02975969644173335,-0.021507959770777147,0.12307521280445304,zirp
2020-08-23,0.0027441257292315914,0.10923549988281823,-0.5123510041197193,0.15936877671940394,0.07006256114807377,0.27528392181473055,0.0501791807235438,0.18627551421288174,0.1593687767194038,0.24159070647056183,0.030411878482522886,-0.008773296672015535,0.12299803188710895,zirp
2020-08-24,-0.2561210034741194,-0.02388628606488394,-0.23821539821143345,0.4855053301828827,-0.17816862571127692,0.11592131818737443,0.22632722887753637,-0.11264027440211392,0.4855053301828823,0.2711704703193635,0.03080248789965235,0.24286788122441014,0.401776755761542,zirp
2020-08-25,-0.2922801774952352,-0.09018104952535728,-0.3374666136847482,0.4590601987847322,-0.15804702590683925,0.0902005040394456,0.16045639455904454,-0.0729820126147887,0.45906019878473175,0.2529509703913865,0.030932438043211573,0.23166860892504246,0.37910944066536306,zirp
2020-08-26,-0.08237500040038222,-0.005435303472197728,-0.414327759531064,0.15955465224856646,-0.0212651786488229,0.2123773900645346,0.12232698568983541,0.0655093013332154,0.15955465224856633,0.16561929193383343,0.1614023353593332,0.03545008259188673,0.0658374356075107,zirp
2020-08-27,-0.27432717786751154,-0.19302654269166378,-0.08465341385732135,0.2673559666070535,-0.23951162930140502,0.07732728928926043,0.3106309755934021,-0.22277868053649064,0.2673559666070533,0.16444483605479457,0.16100929331537686,0.12498014749929104,0.1582159535734574,zirp
2020-08-28,-0.18575479092488623,-0.24960850025655826,-0.03353846729236598,0.001587428505470734,-0.2170390169794505,0.12676716425158868,0.3385464173809241,-0.2067631438606986,0.001587428505470802,0.15380085325172682,0.16061629508366995,-0.0878775121648534,-0.06894302761938839,zirp
2020-08-29,-0.18522234302005872,-0.2484361429269683,-0.03397839849722288,0.0023057269834608424,-0.21662416357493888,0.12307190850444025,0.33415266495580315,-0.20552434366251043,0.00230572698346086,0.154088693197313,0.16022334047968,-0.08744795888079246,-0.06816554649944842,zirp
2020-08-30,-0.18468997630548323,-0.24726399583897096,-0.034418392067594054,0.003024216150389314,-0.21620938476386486,0.11936824886686032,0.3297555782438717,-0.20428600998804775,0.0030242161503893305,0.15360749006439664,0.15983042931896138,-0.07829012746627104,-0.06738794979632765,zirp
2020-08-31,-0.18805457072786863,-0.0743875188905966,-0.47079034751658794,0.2709064816151456,-0.049782354131935436,0.11325391721545823,0.056062057534347925,0.043110007904282745,0.2709064816151453,0.16382266300506926,0.15943756141715465,0.14798848763773412,0.16189668323864245,zirp
2020-09-01,-0.1877711061991377,-0.07394450893577835,-0.44254284230573027,0.27102922742812735,-0.06232442032795431,0.11451427524012023,0.08860311226557299,0.01418919715852225,0.271029227428127,0.225301248892948,0.09408048052716202,0.11571009572283876,0.19061348365461905,zirp
2020-09-02,-0.22994810957926076,-0.07752384383440185,-0.17229207401800692,0.35160301899095464,-0.18959887546787968,0.07455623656392127,0.2227529552975694,-0.14235014808438043,0.3516030189909543,0.05572884641658175,0.28987544625696,0.27469034124078817,0.17379987283573498,zirp
2020-09-03,-0.2754757745487271,-0.19314202115195447,-0.2341928937465026,0.2699631684727898,-0.18865779190402973,0.0428656811624917,0.19836133802848666,-0.14611538485533668,0.26996316847278945,0.054595161599238294,0.28987544625696,0.20468926108222926,0.10396658099297855,zirp
2020-09-04,-0.1365860199152435,-0.09599526994289138,-0.25121018672789164,0.13353485893057868,-0.11677076841430241,0.12312027160430061,0.1648410635961095,-0.04842525274960383,0.13353485893057848,0.042487454582701804,0.28987544625696,0.0930893758042769,-0.012729260674759177,zirp
2020-09-05,-0.13607581320562415,-0.09506787421818846,-0.2516617557829053,0.13392632469639182,-0.11633332430607522,0.11900108270669782,0.16057024440592463,-0.047848240087080954,0.13392632469639162,0.042465620380630315,0.28987544625696,0.0934349383065504,-0.012404745795167179,zirp
2020-09-06,-0.13556564589624753,-0.0941403165019742,-0.2521135072350538,0.13431787927171437,-0.1158959048388283,0.11486912042741194,0.15628697796075028,-0.04727122677206413,0.1343178792717142,0.057262579033364444,0.28987544625696,0.08606876876109049,-0.012080217564260799,zirp
2020-09-07,-0.13498270641152962,-0.09311610173193396,-0.2525726346094931,0.13470952286402274,-0.1154175807428045,0.1109623984102654,0.17108376330766506,-0.06388948355706868,0.13470952286402255,0.05381391313019136,0.22465935945821844,0.08821982059963397,0.01680683844744938,zirp
2020-09-08,-0.1444373868453634,-0.051039936075183395,-0.2807987545924272,0.21749406499845722,-0.1087622061881794,0.10103949600787679,0.10721256348308549,-0.013942722122955751,0.21749406499845694,0.09370317250763022,0.22479655131975465,0.1388430729825964,0.08752678551398911,zirp
2020-09-09,-0.1568941519790265,-0.10312094213972012,-0.3709329558330997,0.164357749985556,-0.07798196955850333,0.08407111499536893,0.046131978906072436,0.027493964047937032,0.1643577499855558,0.1005242808353405,0.22493375640068006,0.08927274702441093,0.042026627242603,zirp
2020-09-10,-0.11370844759897368,-0.061858189471763886,-0.4224712505756692,0.13856991813036523,-0.033978786816877896,0.10693623946172691,0.03314541382338023,0.05807893990448386,0.13856991813036504,0.04424966733557965,0.2902935795346911,0.09659216550308113,-0.00865233780571042,zirp
2020-09-11,-0.06807342362453217,0.017052831977006584,-0.3013457685886818,0.16455732105894533,-0.06374511786397058,0.13131901720936887,0.09741376166648733,0.020007126537270693,0.16455732105894522,-0.015227537756256362,0.35483127525496005,0.15038806771324856,-0.014732112763868484,zirp
2020-09-12,-0.06774105860038203,0.01777346444478712,-0.3017232233191302,0.16497977564012586,-0.06342371789236179,0.1277531591776279,0.09337184813022344,0.020749549831138355,0.16497977564012573,-0.0147535370487619,0.35400957193780835,0.15049076260519667,-0.014046968204988707,zirp
2020-09-13,-0.06740869752321181,0.01849431264058521,-0.3021008166980411,0.16540235068850556,-0.06310232084232348,0.12418013009754002,0.08931687488364862,0.021492110691642377,0.16540235068850537,-0.04967642719536431,0.3531882909464727,0.17347401783099817,-0.013361680498311778,zirp
2020-09-14,0.07390271111560352,0.13924686801140473,-0.28521693184317287,0.05926102303994395,-0.0024670905356444003,0.18683434476511665,0.1055467756134932,0.05829147082672388,0.05926102303994386,0.35490660883671366,-0.03869576854919682,-0.10666479039836577,0.06761998346372934,zirp
2020-09-15,-0.14077621700705614,-0.025761777259495338,-0.3754807645843414,0.2483521175563061,-0.06808931891009327,0.03439337253055516,0.0003672245975791033,0.027831868247440626,0.24835211755630576,0.4123974294619569,-0.1037710297649086,0.03984829585148867,0.25778455573139075,zirp
2020-09-16,-0.06581771666359716,-0.048619319793304056,-0.4401458313939089,0.060967002061972135,-0.0017254988692693382,0.06697349917967499,-0.030762488357403688,0.08233359680267469,0.06096700206197203,0.273343599085826,0.026898799095838224,-0.06819680248876703,0.0403282584711178,zirp
2020-09-17,-0.015188202233729653,-0.017449630552926976,-0.406141437748142,0.0046774333094413405,0.008119206156882473,0.09513612163068492,-0.03126597340381951,0.10569791266590114,0.004677433309441321,0.34372460215688977,-0.038048103072415636,-0.15148905226632758,0.02067449415258578,zirp
2020-09-18,0.05029220939672181,0.0551437038329991,-0.40887328144006996,-0.019479406787142963,0.04225989175525179,0.13248049088118422,-0.036452514130595096,0.14068496050032608,-0.01947940678714287,0.2618260860872563,0.02754826826097035,-0.1364355763038002,-0.028723598306884163,zirp
2020-09-19,0.05034166134659566,0.05578820682057423,-0.4089430440144943,-0.01862269832404147,0.042313675499462404,0.1291131620053125,-0.03992497017022585,0.1408689884004704,-0.018622698324041478,0.2615668905906406,0.027808218071116723,-0.13555025845649818,-0.028104570672504825,zirp
2020-09-20,0.05039111372615306,0.05643291149350356,-0.4090128118202034,-0.01776571165441923,0.0423674596890292,0.12574013752586174,-0.043409206267566953,0.14105303186966117,-0.017765711654419238,0.26133412498305336,0.028068182352559392,-0.13467594685685663,-0.02748545506431695,zirp
2020-09-21,0.005183055309512226,0.026167846854636297,-0.2734641118863389,0.02888630528401216,-0.040262207553542845,0.09422008399083878,0.04128500743149374,0.039975001696211154,0.02888630528401211,0.27492403282586675,0.027938554107253558,-0.0982759773540348,0.012434830762924839,zirp
2020-09-22,-0.045530869657325106,-0.005619241765778951,-0.3954127940430348,0.08450687633070414,-0.011995348436488903,0.075130831993814,-0.017771968361927706,0.0768473220167901,0.08450687633070397,0.428073349743685,-0.10229066244504158,-0.11700746105977443,0.11705356824998152,zirp
2020-09-23,-0.10909892193651863,-0.03850904395960459,-0.3938050057841248,0.16473869199800714,-0.04444307313048336,0.09011355363302086,0.027934218700432053,0.04845162329742459,0.16473869199800695,-0.07016728591274714,0.3548142945539518,0.18208256748821566,-0.014823594008858049,zirp
2020-09-24,-0.09091075839188227,-0.08790830967166459,-0.6112877007301254,0.05310975481850857,0.06965401983484179,0.09793348461580742,-0.10858918154952683,0.17544065527892955,0.05310975481850845,-0.061075164809116435,0.3543899493723328,0.07613680951106633,-0.11003808776981473,zirp
2020-09-25,0.06141412819744312,0.061301409308724984,-0.5630318557110142,-0.033003654036724256,0.12620066605943342,0.18987096875510565,-0.06600149672139072,0.21212178346172256,-0.033003654036724166,-0.0614215509282703,0.35396574619699867,-0.0022468454870116688,-0.18343929664993366,zirp
2020-09-26,0.06142192753886527,0.061858677382901246,-0.56293774806842,-0.032193879968532776,0.12616582495744333,0.18632196666674988,-0.06964925735352587,0.21219447413723044,-0.0321938799685327,-0.06109342289750788,0.3535416847628539,-0.0016532952926848503,-0.18257872684270032,zirp
2020-09-27,0.061429726891713485,0.0624160883254701,-0.5628436516128561,-0.031383899215033234,0.1261309842881922,0.18276814929807575,-0.07331143334048044,0.2122671681287755,-0.03138389921503318,-0.050026246253369905,0.3531177648051621,-0.0059305228153987265,-0.18171824114219384,zirp
2020-09-28,0.31787388441336967,0.24442042620088297,-0.7057067287379566,-0.2809691433237949,0.35495304692662566,0.3403294701593422,-0.19584779110592784,0.44672894881918174,-0.2809691433237946,0.014995219913114305,0.35242648358891604,-0.263023296180838,-0.39455492575245027,zirp
2020-09-29,0.1242030593023258,0.0797175018467631,-0.8338974623345735,-0.1336153242933513,0.3308520900392269,0.21485806568815136,-0.25986946137816996,0.4008824825052979,-0.13361532429335116,-0.041719012348584966,0.35160631294929284,-0.10291690379778794,-0.268374296759841,zirp
2020-09-30,-0.11314308582982645,-0.09440891022682407,-0.4153929395041078,0.0888629005310636,-0.03702174941325103,0.06177024918477643,0.013778887973233797,0.03772825572492496,0.0888629005310635,-0.01664265664035437,0.35104786457815634,0.08857686787603325,-0.078179884099217,zirp
2020-10-01,-0.38788240990519773,-0.6461226104250387,-0.5834812204004649,-0.1820189723479677,-0.10527017794707601,-0.11506546082937286,-0.10149289983359175,-0.004058096430098292,-0.18201897234796752,-0.012402439338326507,0.35048964306447383,-0.16034202442029896,-0.30922657679730575,zirp
2020-10-02,-0.3783325780892296,-0.6704633287620062,-0.47078972907043365,-0.23857022533414438,-0.14843755700854566,-0.11241820977913762,-0.030554365936016386,-0.06377026215491031,-0.23857022533414418,-0.019474810273374735,0.3497995910569083,-0.20868626735667095,-0.3571967083719908,zirp
2020-10-03,-0.37751413283212093,-0.6683576430877524,-0.47091179347046985,-0.23735587837624383,-0.1479916315323991,-0.11529646043556789,-0.03464892907074904,-0.06247636587797531,-0.23735587837624353,-0.019126583776279845,0.34910985821164847,-0.20772476450443164,-0.3558482994086178,zirp
2020-10-04,-0.37669614810030244,-0.6662559247911357,-0.47103387562578014,-0.23614167380820783,-0.14754574962055816,-0.11818305017392708,-0.03876221908097631,-0.061182233235809166,-0.23614167380820755,-0.00867738297768908,0.3484204434586204,-0.21134451356998704,-0.3545005965967322,zirp
2020-10-05,-0.4421111825649796,-0.7148929799907461,-0.4700947671333477,-0.17614871848002037,-0.18165978268955757,-0.1631583415287256,-0.027245804814653773,-0.10712789178226063,-0.1761487184800202,-0.039163141010834394,0.34773134572975345,-0.1428089420093252,-0.30300117661167414,zirp
2020-10-06,-0.40325955623033016,-0.6451437954199889,-0.40563010831562923,-0.15043204793978165,-0.18691939246060194,-0.14210891452339947,0.012145501960633805,-0.124163439655952,-0.15043204793978157,-0.023371940611678816,0.3473092214623644,-0.1265193865705882,-0.2808668980837218,zirp
2020-10-07,-0.41195745938419664,-0.5852125963447281,-0.31181460416300494,-0.04211689253725095,-0.22559790158997065,-0.15152044428479186,0.07131007026785965,-0.18242701321494945,-0.042116892537250906,-0.006219604098478229,0.34688723488191175,-0.035563601296048485,-0.18829350435717002,zirp
2020-10-08,-0.2251900370849591,-0.4231720859251204,-0.2551680192106348,-0.1794538154656069,-0.15672716112405155,-0.03639710458905746,0.10539499907091399,-0.11961886675525679,-0.17945381546560668,-0.008626751599010149,0.3463306586931365,-0.15962731768796812,-0.3052097920423866,zirp
2020-10-09,-0.31164698351022996,-0.4612480943182237,-0.2282551436502065,-0.060035890621162206,-0.20706034054651895,-0.09634203802254196,0.11926961034814117,-0.17886740271225368,-0.06003589062116214,-0.019074626291395242,0.34577430446947593,-0.0460513897199828,-0.20313122513680962,zirp
2020-10-10,-0.3110840423124229,-0.4597581525122688,-0.2287513423584407,-0.05898649034276115,-0.20660311608640167,-0.10069846013216026,0.11463481162924008,-0.17789824905838703,-0.05898649034276112,-0.018726998631900464,0.34521817163491963,-0.045246991700499964,-0.20201671711076508,zirp
2020-10-11,-0.31052129888744995,-0.4582695826873823,-0.229247753007107,-0.05793669296384537,-0.2061459720856278,-0.1050795652351964,0.10998021942105021,-0.17692936673750506,-0.057936692963845335,-0.01839804740973597,0.3446622596143928,-0.04443404762387562,-0.20090225921219787,zirp
2020-10-12,-0.3127274992404543,-0.4240476803650895,-0.09102246884994164,-0.001543090459365058,-0.2527081874368637,-0.11038131721219059,0.1996586864588832,-0.25706180235952986,-0.0015430904593649935,-0.016030066678000825,0.34410656783375415,0.005871076866360641,-0.15260866859814207,zirp
2020-10-13,-0.22218921504448608,-0.3602216358979641,0.11377837713779643,-0.09053590196604312,-0.2748442694052868,-0.05564626474230022,0.31966787757264,-0.31528093872991053,-0.0905359019660429,-0.022178140240510253,0.343963319175314,-0.0724051017432612,-0.22841491686991655,zirp
2020-10-14,-0.18181534308778388,-0.32098258775031313,0.18735286259360767,-0.11392817175094716,-0.2787490067105615,-0.033152399996707715,0.3860527771071444,-0.35313765911017647,-0.11392817175094697,-0.02504625423205038,0.3438200884059115,-0.09240856942922253,-0.2482849916029691,zirp
2020-10-15,-0.21052425137946496,-0.35858275554804947,0.06305087222209307,-0.1121463403932252,-0.2549974965386715,-0.055434929440881534,0.3020384598735401,-0.2987864835992313,-0.112146340393225,-0.0308943729759353,0.3428787863952729,-0.08810990842320841,-0.24639827011629029,zirp
2020-10-16,-0.2347819835322881,-0.3543485915675981,0.03988659114264084,-0.05597244288421533,-0.2583061163021817,-0.07484623297017248,0.26680306711554347,-0.2835937393801473,-0.05597244288421519,-0.028153583905389922,0.34181514986356026,-0.038182563168139144,-0.19811953622816983,zirp
2020-10-17,-0.23470426844815248,-0.35339873863587673,0.038767411799874064,-0.05475964979004357,-0.25783605816419636,-0.07848503985139839,0.26193855844980674,-0.28168876468311205,-0.05475964979004349,-0.02777469568279943,0.3407520611532241,-0.03724200454523228,-0.19667001960216585,zirp
2020-10-18,-0.2346265571989718,-0.35244939815196075,0.03764766117615661,-0.053546181569617574,-0.25736611549016997,-0.08213840546858735,0.2570603479219221,-0.2797851138548242,-0.0535461815696175,-0.02631185269963559,0.33968951659243407,-0.036793776064349124,-0.19522016718988688,zirp
2020-10-19,-0.2399139124605735,-0.43118015641047064,-0.016262215182073766,-0.1624681596733109,-0.2432925202508921,-0.08944687027891082,0.23122916957434378,-0.2632106825730183,-0.16246815967331069,-0.017674891470089066,0.3387502239967661,-0.1398743532584914,-0.28760942451496785,zirp
2020-10-20,-0.27033121449045816,-0.470980487336591,-0.1556482236924989,-0.1605734696526383,-0.2122607757283379,-0.1132335831784595,0.12575817272029083,-0.19303172792058762,-0.1605734696526381,-0.022390021820781484,0.3376887228145378,-0.13600677319214338,-0.2855387183535773,zirp
2020-10-21,-0.3113512423537901,-0.5051518938624345,-0.20297664439081264,-0.12835134583093163,-0.21510597949174334,-0.14393206565861139,0.14588026929188191,-0.23317749459772685,-0.12835134583093147,-0.003923559194210442,0.3368758888925192,-0.11506851730223651,-0.2577445853694008,zirp
2020-10-22,-0.28509929383910804,-0.43673699291653617,-0.181306399298978,-0.07832584763514214,-0.21018887681987589,-0.13052177515009614,0.10536492264755933,-0.18862633520835045,-0.07832584763514207,-0.00839454085599356,0.3354645227339696,-0.06749064958180359,-0.21453192171518334,zirp
2020-10-23,-0.25833853454147726,-0.41815679963584135,-0.16082801407560146,-0.10517694360379203,-0.20472987542279478,-0.11694341984830285,0.16732186544002126,-0.22898206245504232,-0.10517694360379193,-0.02177776175758728,0.3345271630815914,-0.08586152891506155,-0.23701060870681953,zirp
2020-10-24,-0.2580194310279406,-0.41710938821505383,-0.16197393271895372,-0.10432602617185144,-0.20410815865185258,-0.12076112382795819,0.16238648981706594,-0.22727678189663802,-0.10432602617185133,-0.022331126315608654,0.33359026196328034,-0.08484251564662193,-0.23589151580560094,zirp
2020-10-25,-0.2577003876384685,-0.41606273791918774,-0.1631211359711887,-0.10347502178493073,-0.20348655711841077,-0.12459660843121327,0.15742934116564114,-0.22557223698957146,-0.10347502178493069,-0.022960197657962495,0.3326538168357265,-0.0837903960243463,-0.23477260114435156,zirp
2020-10-26,-0.25785686258580065,-0.4155336508001091,-0.1894728391683146,-0.10242454575955665,-0.19461278677235525,-0.12870112936372596,0.08793669222294863,-0.1711206128808545,-0.10242454575955655,-0.04266642855789647,0.33197120730741697,-0.07389091518028208,-0.23359199511618045,zirp
2020-10-27,-0.29088803963231696,-0.4766995073396663,-0.15351617726084274,-0.12774533527015255,-0.22147833237535822,-0.05592078631888048,0.14054316869858782,-0.15798865221189728,-0.1277453352701524,-0.6835179512017744,0.9478369870354358,0.19446652163614078,-0.5269468724571303,zirp
2020-10-28,-0.2558117791497288,-0.45279468124299765,-0.10493646804101299,-0.16363528347387057,-0.22123326527266582,-0.0432755508032595,0.17579834194879815,-0.1766755283961624,-0.16363528347387044,-0.6825809654473418,0.944880290539528,0.16151239537337408,-0.5564548360815508,zirp
2020-10-29,-0.2983437555698936,-0.5116501499238525,-0.08764141156715034,-0.16594822834070297,-0.24529655665444886,-0.07589224629324556,0.11552696846280498,-0.15203341540326853,-0.16594822834070275,-0.644329681222986,0.9419337432784364,0.14209498962884215,-0.5573553445769426,zirp
2020-10-30,-0.2829589614922506,-0.5249923079064635,-0.0860875494165544,-0.21813948003930703,-0.23883125577516318,-0.07000549454758166,0.1281906863201823,-0.15740376750770102,-0.21813948003930675,-0.6686440916130689,0.9389972591801317,0.10570894478178391,-0.6006479882523091,zirp
2020-10-31,-0.2824200630723087,-0.5235925300064229,-0.0873615144125725,-0.21727627430015248,-0.23804684349126784,-0.0740397536820037,0.12296594578908449,-0.1557975309888848,-0.21727627430015226,-0.6679848068081143,0.9360707530723981,0.10629067400171151,-0.5987956826430456,zirp
2020-11-01,-0.2818813268347175,-0.5221943512593483,-0.0886368848456991,-0.216413230405176,-0.23726262698758052,-0.07809323606441822,0.1177115060911475,-0.15419145396828557,-0.21641323040517568,-0.6427566661212746,0.9331541406700044,0.09570721682479326,-0.5969462088081648,zirp
2020-11-02,-0.321807413732878,-0.5728413869983396,-0.13608007563726393,-0.21168615780144703,-0.24013236766638674,-0.10939583596938095,0.09034262897835055,-0.1554640288143708,-0.21168615780144698,-0.6938486906097007,0.9302473385620997,0.12341356891599413,-0.5918108665386225,zirp
2020-11-03,-0.3933545494612745,-0.6468597491475558,-0.15405892713001995,-0.17759466439769392,-0.2666226874284415,-0.16196254177727745,0.137169273422739,-0.23224808147634024,-0.17759466439769375,-0.6737742304419646,0.9270500560423924,0.14547077849304985,-0.5616089269532631,zirp
2020-11-04,-0.40557233141757876,-0.574038720839719,-0.3443158573643219,-0.041347142767956875,-0.21047250057816874,-0.1746439729119552,-0.030612288248723363,-0.10730965257409224,-0.041347142767956785,-0.6818820355810857,0.9234724327532347,0.27347580930712356,-0.44439065064168043,zirp
2020-11-05,-0.4270454095770564,-0.5599261130079649,-0.4974099097566291,0.024352057613836013,-0.16513202735730026,-0.19370485257294767,-0.1401466727629779,-0.03436993210232313,0.024352057613836017,-0.7072903126800689,0.9197923290786896,0.3450753170109213,-0.38686199970042384,zirp
2020-11-06,-0.32573425249867094,-0.45798008950470204,-0.3877620461721596,-0.028723466420139135,-0.15585286582601154,-0.129329836971274,-0.0713597683184851,-0.04059718752057885,-0.02872346642013911,-0.6760835313380513,0.9161472484761974,0.2825858680607034,-0.4304118265948721,zirp
2020-11-07,-0.32534804075617396,-0.45712010447744456,-0.3883684034899041,-0.02829108731617749,-0.15544453889294807,-0.1333960183542118,-0.07672301377059051,-0.03939985870388186,-0.028291087316177504,-0.6748389737271075,0.9125143004742042,0.28253768597799855,-0.4284837610447887,zirp
2020-11-08,-0.32496193849120475,-0.4562607563001601,-0.38897520327113855,-0.027858683182764396,-0.1550362552657512,-0.13748358450927672,-0.08212899719232555,-0.0382022634823978,-0.027858683182764403,-0.6717472468338757,0.9088933409336966,0.28115785711087093,-0.4265568437741807,zirp
2020-11-09,-0.554771634572564,-0.5742656064886092,-0.3821215028997764,0.2654988365563922,-0.2703862581132431,-0.29887639165483737,-0.07179258977555336,-0.1668152606272367,0.265498836556392,-0.5881983332392579,0.9053070755453986,0.5103619901453615,-0.17561160788416594,zirp
2020-11-10,-0.46445480012026846,-0.5808124833260232,-0.42653430200429054,0.06911813155158499,-0.21055242381642855,-0.30791890659652443,-0.1424600734366577,-0.11808840713299644,0.06911813155158499,-0.8189760723204446,1.0627946969171014,0.4369118760210522,-0.4126646478222698,zirp
2020-11-11,-0.4769971984831987,-0.6546615571353332,-0.4248770835337094,-0.018270808254092788,-0.21743108755564314,-0.2977834406296118,-0.09705486945173414,-0.1458238095198205,-0.01827080825409276,-1.1584055695955717,1.38040337650483,0.5128855415428181,-0.6283192918788744,zirp
2020-11-12,-0.37777635379941066,-0.5743113236631896,-0.4105996517217632,-0.10015339979582312,-0.1732264228399232,-0.21674359591260114,-0.1203336318396371,-0.06752755678823669,-0.10015339979582305,-1.017742272050837,1.2137718302562381,0.37442252940471193,-0.6243915798003591,zirp
2020-11-13,-0.41737417798512294,-0.5882864475625571,-0.6018088560760266,-0.040019020462114877,-0.11842747656387963,-0.2486128674423331,-0.2073193328046246,-0.024118684771602533,-0.04001902046211483,-0.9893643001937066,1.2087845287804169,0.4165898918108279,-0.5714376437000241,zirp
2020-11-14,-0.4167284114076907,-0.5869514804600607,-0.6013022822876086,-0.039481322417680535,-0.11828973331696775,-0.25274910599819644,-0.2136495895960196,-0.022623473923061677,-0.03948132241768049,-0.9871836846819482,1.203825395037545,0.41645701299132054,-0.5691816860785429,zirp
2020-11-15,-0.41608299866656007,-0.5856182504544407,-0.600796021068382,-0.03894357985185536,-0.11815199544952787,-0.2569105041735386,-0.220051501492172,-0.02112756491557846,-0.038943579851855224,-0.985493550182265,1.198894066406432,0.4165090107522273,-0.5669286378967634,zirp
2020-11-16,-0.552712242463277,-0.7505483032701773,-0.9045331627984032,-0.010052648301123337,-0.055106088826299596,-0.35695140179099794,-0.47479800969768715,0.09858591519684763,-0.010052648301123358,-0.9755150600145847,1.1939953234009308,0.4385994735563679,-0.5406003966215179,zirp
2020-11-17,-0.5762029762676393,-0.8369634003260592,-0.8889196542492405,-0.09463446252529277,-0.07709715276829465,-0.41661983469744385,-0.5005443090042963,0.07328669144752775,-0.0946344625252927,-1.1637176867657104,1.3810914158596697,0.4485952106747489,-0.6964862343423018,zirp
2020-11-18,-0.8108719577184913,-1.0799696778911352,-0.9590000344066825,0.016303511102339106,-0.18959798873256808,-0.5859816859085056,-0.5917871341515545,0.017067047728756807,0.016303511102339126,-1.151299468597984,1.3750813262520218,0.5444483448890646,-0.6001465164281848,zirp
2020-11-19,-0.7716512641793442,-1.0096152950795554,-0.8127194924289282,0.04276571607889639,-0.22968727852389564,-0.5818282987233945,-0.4904433483015003,-0.05746060306650562,0.042765716078896364,-1.2875008081683996,1.4967186519863516,0.6319432369774378,-0.632833630039835,zirp
2020-11-20,-0.6689960686622627,-0.94323321299779,-0.6201170439841255,-0.06811327695489598,-0.2471028203045996,-0.5123318328421647,-0.3517345690510849,-0.11117690120646044,-0.06811327695489586,-1.005528932196691,1.2031050496703852,0.4016222772806035,-0.5963224478134482,zirp
2020-11-21,-0.6673452224300499,-0.9402217881671924,-0.6178056357531122,-0.06751716296848438,-0.24717067666880677,-0.5168786454458947,-0.359619251028552,-0.1092293684112966,-0.06751716296848427,-1.0028117128409353,1.1982453356733234,0.4013361076868557,-0.5941376572251758,zirp
2020-11-22,-0.665697192664849,-0.9372207391119719,-0.6154978931660051,-0.0669210136200102,-0.24723853638819826,-0.5214604003564993,-0.3676280764025055,-0.10728118978453638,-0.06692101362001016,-1.0085527683011688,1.1934126277942443,0.403413840487916,-0.591956100793267,zirp
2020-11-23,-0.4951755178284904,-0.8250895949272992,-0.6162813907686511,-0.2477977324808678,-0.1537139853277875,-0.40577709190581757,-0.38888773172030683,-0.008464298650872053,-0.24779773248086756,-1.0002535988257435,1.1886065869414937,0.23536588188509225,-0.7438367864557667,zirp
2020-11-24,-0.46172880232730873,-0.7867795074044959,-0.8457332773735847,-0.25844041214867913,-0.02746493281555747,-0.4062816534137693,-0.5912329141609377,0.1382967655236026,-0.2584404121486789,-1.3882762235646824,1.5328867070477983,0.4056802549818412,-0.90829336427634,zirp
2020-11-25,-0.6313433003652527,-0.9369765731662323,-1.3373642172844256,-0.1395314619032721,0.17549620313691336,-0.5376978072949858,-0.9696429415078341,0.3175939490666149,-0.13953146190327192,-1.254170383373479,1.4625356320938643,0.45285194883026686,-0.7767213320974835,zirp
2020-11-26,-0.6297525194475058,-0.9337750413308267,-1.331683752162867,-0.13849887893963567,0.17461862047963417,-0.5456520034858243,-0.9786738940833353,0.3167544773067699,-0.13849887893963553,-1.3299952272052407,1.4874331752639747,0.48990369200487466,-0.7880707661457362,zirp
2020-11-27,-0.4635655241051662,-0.791423956505607,-1.2307977363739158,-0.26351472696164613,0.22430331907091455,-0.4344853197711516,-0.9119050772879596,0.34546332137515673,-0.2635147269616459,-1.3593685124258537,1.4805963960303063,0.39088304054337353,-0.8918440741001216,zirp
2020-11-28,-0.4624705147675768,-0.7888312172847572,-1.2258312417991013,-0.262235253669464,0.22332633549976402,-0.44279733529501863,-0.9223585918678441,0.3446519323424779,-0.26223525366946365,-1.354272399454114,1.4738144979176013,0.39084892915847075,-0.8885222934469396,zirp
2020-11-29,-0.46137644851487225,-0.7862451524041986,-1.2208933904431032,-0.2609560079019276,0.22234952141922595,-0.4512479843813929,-0.9330105324642018,0.34384105290465494,-0.2609560079019273,-1.3492085534841365,1.467086611799059,0.39081481894600023,-0.8852112432156659,zirp
2020-11-30,-0.7413161294163276,-0.988248614306047,-1.7361367492637072,0.006760978516748938,0.5238147095166606,-0.6705743901773386,-1.3764388180645146,0.5014039326338463,0.006760978516748899,-1.330327995246804,1.4604118871499099,0.6265530908734427,-0.6566183641541944,zirp
2020-12-01,-1.13853739747794,-1.493819784144911,-1.6924080545351505,0.04562676654450313,0.04692836785576205,-0.9940268112806868,-1.3978481241317566,0.280801679687902,0.04562676654450304,0.3723144581629985,-0.14767175979181182,-0.13215588080562019,0.10559509155750216,zirp
2020-12-02,-1.1969024168466171,-1.5872114208811539,-1.7371765943345268,0.019350077516093068,0.03251634110747675,-1.0529224458846083,-1.4936658223470567,0.2880474908781661,0.01935007751609307,0.3613353486585541,-0.14825891298284846,-0.15097316523706925,0.08362069393102899,zirp
2020-12-03,-1.226318125927847,-1.604660336799689,-1.766422265087285,0.05108182950406037,0.03413380903813513,-1.0730952618725886,-1.5653076309057696,0.3065394528199546,0.05108182950406037,0.3670627059879237,-0.1491151185468313,-0.12482213726665779,0.11088382161787746,zirp
2020-12-04,-1.1112396200282904,-1.4680851355774873,-1.7090084034141166,0.02250311092959776,0.10746820263718432,-0.9996236492935984,-1.5170621859766527,0.3585375416424918,0.022503110929597767,0.5539745536006686,-0.33884530781831496,-0.23809589256079575,0.1727336743505709,zirp
2020-12-05,-1.1074911538955599,-1.4615704677241643,-1.7001973148045053,0.023028545012447988,0.10682394870383163,-1.016481289316652,-1.5249537402243192,0.39077268716757596,0.02302854501244798,0.5532249111584119,-0.33935037866764817,-0.23732491873530331,0.17341316384432437,zirp
2020-12-06,-1.1037597455979364,-1.4551063090166585,-1.6914757524990176,0.023554071026034375,0.1061796925885249,-1.0370024419799755,-1.5329348985246294,0.42683355754180413,0.023554071026034358,0.5524758780795352,-0.339855727579664,-0.23655413668757908,0.17409302637192414,zirp
2020-12-07,-1.0882875958149718,-1.4297472090199002,-1.7241820533919026,0.02937992131896044,0.16692039468759728,-1.0276271795514618,-1.62612183557186,0.5243813182753142,0.02937992131896039,0.5584949347156345,-0.3400683508546868,-0.2341562513885165,0.1791451789534036,zirp
2020-12-08,-1.0630109041268638,-1.4293722054197082,-1.8328025543000317,-0.024905539624344514,0.35530858619852895,-1.0010641145582253,-1.796258051926408,0.6791772621460835,-0.024905539624344507,0.5421037690365734,-0.3405740903643945,-0.2759177265719474,0.1333881400543975,zirp
2020-12-09,-1.064497825934881,-1.4169366763408466,-1.8462305645556119,-0.003816917519834755,0.38550030330316687,-1.0222598497873499,-1.8623263509330217,0.7201512438173334,-0.003816917519834773,0.6991711744330659,-0.49855647571351525,-0.330256588745117,0.2229522706548503,zirp
2020-12-10,-1.0602803355937325,-1.3918841686938501,-1.9620957862826014,0.02549409543620893,0.6276500489224915,-1.035763060273861,-2.0478513133047547,0.8587101323824761,0.025494095436208893,0.6365789695040979,-0.49840200172830856,-0.27446258162292264,0.2477737993577536,zirp
2020-12-11,-1.0877307330687973,-1.4081516791013795,-1.9850058821783643,0.056087455534079456,0.656296340382196,-1.0786051866529451,-2.0256639459116363,0.8141039105932623,0.056087455534079456,0.7055620992867896,-0.49824755538942506,-0.2790513777041378,0.2736747888333913,zirp
2020-12-12,-1.0840054206272811,-1.4020349138174975,-1.9728827021605073,0.056556033390245994,0.654251336465242,-1.0942632885605943,-2.030819309958365,0.8100757727282033,0.05655603339024594,0.704243090152121,-0.49809313668145666,-0.2781487042481351,0.274044359988442,zirp
2020-12-13,-1.0802966812910653,-1.3959625217240625,-1.9609200809331493,0.057024699429228914,0.6522100302310041,-1.1103581605594226,-2.036006734777131,0.8060666012671472,0.057024699429228845,0.7029261236842839,-0.49793874558900525,-0.27724633874279886,0.2744140556804761,zirp
2020-12-14,-1.0696781992522695,-1.3641971810433215,-1.8959669667526275,0.08401219593939312,0.5414045793602947,-1.2034940121425701,-2.013039476659172,0.737876724029927,0.08401219593939298,1.608351284717387,-1.3775810131928645,-0.6781458683683017,0.6974469133644242,zirp
2020-12-15,-1.0530851713337717,-1.3742095007346784,-1.8873686431417163,0.03130941719788398,0.565044921535293,-1.2214720391894847,-1.9988831358871617,0.7272999137028135,0.03130941719788401,1.03184211080687,-0.8408775157745962,-0.45593088032263734,0.4090216565974005,zirp
2020-12-16,-1.1061786592604537,-1.4421779924351539,-1.8069476658330947,0.033041062834892256,0.34615002060670846,-1.2584956718536433,-1.920050452907207,0.6544060662743508,0.033041062834892165,1.0409406597790987,-0.8394640040707366,-0.4591474439612392,0.4101359613164903,zirp
2020-12-17,-1.0673589391722529,-1.4028587699859076,-1.818144683310955,0.011975362515256943,0.433690449234127,-1.2447382473228288,-1.9401019425205006,0.7042884274831582,0.011975362515256912,1.0939689207590384,-0.9007451553721183,-0.5037905350089416,0.42052300337803644,zirp
2020-12-18,-1.0634272319963471,-1.4135850739938616,-1.850662425368096,-0.015620695667766632,0.5181049209013463,-1.3682506321663406,-2.057238542105528,0.7444371173505733,-0.015620695667766657,1.5205783327725884,-1.3369585954834555,-0.7309397095629535,0.5968538163010766,zirp
2020-12-19,-1.0603705918308721,-1.4077700533470299,-1.8402441668174416,-0.014711579539466368,0.5162374085672877,-1.3900485186228084,-2.0347047605072905,0.7420661512657808,-0.01471157953946641,1.5136756455296931,-1.3328382723862446,-0.72825973322164,0.5967077746702953,zirp
2020-12-20,-1.0573257395804103,-1.4019961208783185,-1.829947863055649,-0.013802118616024052,0.5143720040529883,-1.412615344124941,-2.0127779942569646,0.7400047397587104,-0.01380211861602397,1.508062835495379,-1.3287399326818032,-0.725986387590089,0.5965617605893748,zirp
2020-12-21,-1.0244641259291203,-1.357990427252244,-1.7991661594388613,-0.014476137745341499,0.5146791129503647,-1.6959682810636256,-2.0724147420838928,0.629889958607474,-0.014476137745341539,3.8780332336833125,-3.6531742621799195,-1.8696194820633336,1.677892344871325,zirp
2020-12-22,-1.0142772144235406,-1.3447620129543059,-1.746988294345263,-0.01653938032303055,0.4400487160972717,-1.6132827961817158,-1.8865508062732672,0.5467653023616074,-0.016539380323030498,4.2481886647031715,-4.043516021610426,-2.0775704652388334,1.881289458827411,zirp
2020-12-23,-1.0159097394034164,-1.3445147328699865,-1.7189791081704995,-0.014339455676564722,0.3974815321075985,-1.5903173609492216,-1.9115824707918037,0.6051607255907642,-0.014339455676564727,3.387216968318929,-3.097271997513395,-1.6718414364030503,1.450510266664992,zirp
2020-12-24,-1.0158765060329362,-1.3079262817422888,-1.6939792806503424,0.04379765818500855,0.36353563259338373,-1.6859848607527939,-1.7982640180061755,0.4532491206784205,0.04379765818500852,3.553078092508727,-3.3272431672279352,-1.7182548574334986,1.6209761665661058,zirp
2020-12-25,-1.01277086554979,-1.3028084491838081,-1.6852866439810046,0.04417798552990596,0.3620795723343352,-1.6404096479626051,-1.918622710729088,0.6105592899014746,0.04417798552990594,3.502166532313065,-3.287523138883994,-1.709360387012905,1.615008824184658,zirp
2020-12-26,-1.0096769318253884,-1.297722396171933,-1.6766812491587018,0.04455835949987404,0.3606242606112595,-1.6454663721063665,-1.8971309272739567,0.6049922835733716,0.044558359499874,3.453177180501386,-3.249047613677503,-1.7005570645613253,1.6090856557829467,zirp
2020-12-27,-1.0065946036727864,-1.2926677194841933,-1.668161458373733,0.04493878026994025,0.359169688158052,-1.6505579923782498,-1.8761598103028085,0.5994570009933559,0.044938780269940186,3.408376408531973,-3.211751394328222,-1.691821153381467,1.6032060613230206,zirp
2020-12-28,-0.949544599498793,-1.2343871721797826,-1.665195526851881,0.016619832423583464,0.442113979075716,-1.6012374251493562,-1.8598660616605986,0.6386477425743012,0.016619832423583454,3.3431646991026316,-3.1749340086725266,-1.6980741033414177,1.5735627715754639,zirp
2020-12-29,-0.9484929026557881,-1.2315188510231212,-1.615771066862192,0.01786577774673121,0.3655877513708815,-1.6072192048734555,-1.801704609273928,0.5948044839833129,0.017865777746731176,3.14603366711317,-3.000135233590701,-1.608132390212368,1.4988732233479327,zirp
2020-12-30,-0.9523347195722,-1.2000461666971132,-1.6048564133063314,0.07692851517852067,0.3505816352884604,-1.6520127830171019,-1.490816059312613,0.26718557770367285,0.0769285151785206,1.7752681557768364,-1.6044079969110983,-0.8506771013861133,0.8588312573131611,zirp
2020-12-31,-0.9248954275002729,-1.1800063269404606,-1.5764386189807644,0.0497552879645328,0.34749612260089385,-1.6256155796954013,-1.4601678710552783,0.2595534080836721,0.04975528796453275,1.729728102566595,-1.5983391480770868,-0.8530994140693854,0.8348502746660197,zirp
2021-01-01,-0.9225106933518248,-1.1759611582965304,-1.5688662852131754,0.05027670509908683,0.34595037054784633,-1.6215569894362303,-1.45094842675839,0.251346412186072,0.05027670509908675,1.7263303015468112,-1.5929306956244733,-0.8529003340841125,0.8339865308359001,zirp
2021-01-02,-0.9201329739085847,-1.1719361886724602,-1.5613611059184598,0.05079823360510263,0.3444052326430013,-1.617519998464183,-1.4419431208803093,0.24297523318822084,0.05079823360510264,1.717266228131087,-1.5875589931516396,-0.8497226493474376,0.8331238141644726,zirp
2021-01-03,-0.9177622206588671,-1.167931204949221,-1.5539219389745385,0.051319873950253836,0.3428606977189051,-1.6135044002852774,-1.4331511801411223,0.23442583370214312,0.051319873950253815,1.7082963110458131,-1.5822235824970625,-0.8465543892516691,0.8322621219127478,zirp
2021-01-04,-0.9461932349552852,-1.1983100942963119,-1.4481518676110035,0.061503884810412315,0.15898842194737842,-1.6368761555264995,-1.3097636289079435,0.08800644204910325,0.06150388481041227,1.6864931311704867,-1.5769240134530136,-0.8282116151689667,0.8393680194151358,zirp
2021-01-05,-0.9733516120915757,-1.1991940924804687,-1.4374002913661599,0.11799435258550367,0.117874598975743,-1.2352213935910488,-1.289452021622774,0.3786337396194364,0.11799435258550359,0.0955176032375735,-0.03888161284191522,0.053883006087596816,0.1168934602576997,zirp
2021-01-06,-0.9442407519499677,-1.148091833310694,-1.423112270082073,0.1391007251298076,0.13755103871821006,-1.2024009853922377,-1.2971810278637208,0.412847509157913,0.13910072512980742,0.13140800223332022,-0.04023488151910667,0.05368042407523384,0.13503080051468222,zirp
2021-01-07,-0.9445810661378258,-1.1974968648755764,-1.4394169440040978,0.05661082796428262,0.1626271002538284,-1.1987702971163468,-1.292859205019712,0.41241781622920837,0.05661082796428265,0.12259930066013064,-0.04181917751015715,-0.014327633292386493,0.06768633115887472,zirp
2021-01-08,-0.9207871474393442,-1.174814157060788,-1.4386678625244578,0.04170995237738108,0.1945035374792197,-1.1705063714832011,-1.2822657574511216,0.4258280620669796,0.04170995237738109,0.12252824029292732,-0.043521197840810946,-0.027412227098203918,0.05623030605389212,zirp
2021-01-09,-0.9183599979238645,-1.1707305472207463,-1.4321986637818673,0.042256690091654316,0.19327682965494764,-1.1645735598796194,-1.2726806645868727,0.42250913734082984,0.042256690091654274,0.12245718158413504,-0.045226012015730385,-0.026899307772631224,0.057541359552314666,zirp
2021-01-10,-0.9159400498712579,-1.1666673846775348,-1.4257785518180053,0.04280354712717027,0.19205005102677591,-1.158687253353083,-1.2632076924606779,0.41919498031922725,0.042803547127170306,0.1223861245326407,-0.046933644340254724,-0.02638634134159638,0.05885380737893026,zirp
2021-01-11,-0.9756700580163015,-1.1559141262604613,-1.491143012037902,0.19043264065501198,0.21777942730130062,-1.215931513620246,-1.2785423006860013,0.39122311553435213,0.19043264065501184,0.1436449915968774,-0.04864411931069208,0.09241097205531898,0.18190633504389944,zirp
2021-01-12,-0.9955688327621459,-1.1816649418839738,-1.4743006906308371,0.19009303547586393,0.1726727019215035,-1.0738145409199669,-1.3034328433699633,0.5342731011258421,0.19009303547586381,-0.11635363111782024,0.20237118966100426,0.22817637545420208,0.05639233729435109,zirp
2021-01-13,-1.0250600055676482,-1.21861070758856,-1.51829207232879,0.19183902919300413,0.20652806310372804,-1.1002459248640726,-1.2796701949064309,0.48974724940691233,0.19183902919300413,-0.10316424153500178,0.20034584102121303,0.22278851910984776,0.05894153917967056,zirp
2021-01-14,-0.9937924400338585,-1.194796362078757,-1.488864499363345,0.16287916707492348,0.20755221498284057,-1.0668146742940612,-1.2599546902442844,0.4982677183214047,0.1628791670749233,-0.05401985924753685,0.17010257394541983,0.17157130984300673,0.050135145218215126,zirp
2021-01-15,-1.0315925167296593,-1.2622446295072807,-1.5425788107673006,0.13117079982555588,0.2494675675091198,-1.1049915370412449,-1.295194106876175,0.5137399142654382,0.1311707998255558,-0.11448161160060154,0.22405594229971504,0.17528467422353602,-0.002947612160299397,zirp
2021-01-16,-1.028451149147355,-1.2573569747564939,-1.5354548169318065,0.13169783091965373,0.24808341314476995,-1.0968214154019025,-1.292359228333,0.5259158278424516,0.1316978309196536,-0.11334058027600696,0.22164002461510726,0.17511966627054149,-0.0011856738059876494,zirp
2021-01-17,-1.0253218588836528,-1.252498072143782,-1.5283916525869803,0.1322250386436009,0.2466993319626218,-1.0887382822584293,-1.2895356574282628,0.5384186511958854,0.13222503864360086,-0.1121992278657826,0.2192201000115104,0.17495467012863353,0.0005790244056250293,zirp
2021-01-18,-1.0222045409835963,-1.2476675677334341,-1.5213883371447139,0.13275242352221428,0.2453153157041873,-1.081360371951661,-1.2958603845194294,0.5629254548022521,0.13275242352221414,-0.13205492406251243,0.21705572805053203,0.18578810059074452,0.0021782725451478416,zirp
2021-01-19,-1.0248537533665931,-1.3003221992331098,-1.5292399904253975,0.04803329134761206,0.26220473084241935,-1.086876869310712,-1.2925317739627114,0.5598385179759748,0.04803329134761208,-0.16524100890423046,0.2716985762500246,0.1286571212652025,-0.09542024604025329,zirp
2021-01-20,-1.0617409509531868,-1.3271123627303851,-1.5661124376022235,0.08247110487501243,0.2830703296629854,-1.1116064104825796,-1.3485286104758423,0.6088628758386413,0.08247110487501241,-0.4337887886851338,0.5240781792812563,0.29939417688971576,-0.19247025055168238,zirp
2021-01-21,-1.1355814293732323,-1.3716140649506252,-1.620776726401593,0.16846356204537183,0.28314510681246874,-1.1833750669042926,-1.3616082081405743,0.5699882980935287,0.16846356204537177,-0.44577095440581915,0.5217693597348264,0.3812507345659474,-0.1197978998642685,zirp
2021-01-22,-1.0493188059636005,-1.293669430949026,-1.6046268170371611,0.1099526359897111,0.40162065257407537,-1.1250798176828223,-1.3703670911329449,0.6385033522396543,0.10995263598971104,-0.1473635799142724,0.2360668842816863,0.17370080603322965,-0.026058873130254893,zirp
2021-01-23,-1.0459608810946677,-1.2885134964126992,-1.596765158934706,0.11038026065921293,0.4001377298602829,-1.1163190497813227,-1.3684413221243648,0.6530189554044513,0.11038026065921291,-0.14622722890152945,0.233858920785608,0.17345587128633233,-0.024519696616568776,zirp
2021-01-24,-1.0426165959882712,-1.2833894279939413,-1.5889754518883867,0.1108079827254943,0.3986558030608779,-1.1076465026366815,-1.366520765818134,0.6679922661579784,0.1108079827254943,-0.14509069244574846,0.23164848700336413,0.17321096000946526,-0.022978826836503898,zirp
2021-01-25,-1.0128122420117756,-1.2609602751881734,-1.5343824614694943,0.08230081867367091,0.33867439196657895,-1.0717342313740403,-1.3249778647650596,0.661550149145443,0.08230081867367084,-0.14279472559693918,0.229435535736218,0.1469399977031424,-0.04555015336678469,zirp
2021-01-26,-0.9813773801969952,-1.2199921911456353,-1.5138356334064247,0.08212611040193908,0.35372316164762463,-1.0547865521534376,-1.2981613658172442,0.6558544775509879,0.08212611040193901,-0.04894989062975153,0.11363018429655064,0.09771863130612043,0.01195994821961589,zirp
2021-01-27,-0.9489794838648565,-1.1948796249007023,-1.4723840281323992,0.052551938250320916,0.32817926661149305,-1.0000429817545755,-1.270557851783852,0.6870269843222371,0.05255193825032084,-0.03380010863435531,0.11173797267864793,0.06381658795743271,-0.011724670169363112,zirp
2021-01-28,-1.1244651592348613,-1.337179651836129,-1.5843812845657839,0.1969553979591644,0.2875335028742988,-1.145336898829232,-1.3838125045786716,0.7260953735337852,0.19695539795916425,-0.11510350640525932,0.19532841983380517,0.23309456619749502,0.06724107210607862,zirp
2021-01-29,-1.202557169963626,-1.4032390136177935,-1.6997713679615776,0.2562679342191785,0.446174593970119,-1.2397787499956143,-1.4805613189865856,0.8176981169293042,0.25626793421917826,-0.0935046678294708,0.19304751255945954,0.27384059763901075,0.11803680867881478,zirp
2021-01-30,-1.1981992769672334,-1.3971699795142007,-1.6909868999077489,0.25648647109195416,0.44456160199941935,-1.2466591238089981,-1.4730419250640496,0.8605495342663115,0.256486471091954,-0.09189893311797095,0.19076307475301668,0.2731354253760494,0.11952432919582268,zirp
2021-01-31,-1.1938644838078107,-1.391144670258562,-1.6822912428703298,0.25670504678890627,0.44294996122180685,-1.2548537332050318,-1.4655964112328757,0.9079703424672874,0.25670504678890615,-0.09029174270255687,0.18847504856861247,0.2724304804487947,0.12101413489951418,zirp
2021-02-01,-1.4259433131848456,-1.7049268298481364,-2.8966892740987373,0.2296738352310422,-2.096341836480764,-1.5409778678915025,-2.2721506568845586,1.9251665478694566,0.2296738352310421,-0.0949099792251234,0.18646143489679007,0.2510845265697273,0.09952829855926812,zirp
2021-02-02,-1.3336004294472743,-1.5703141516810406,-1.78386612905497,0.2557346653727009,0.54679527010724,-1.4565967501883252,-1.147736462146394,0.4206231655202581,0.2557346653727006,-0.20174042795762484,0.2986645613640553,0.3296070007349083,0.06579812238803123,zirp
2021-02-03,-1.3030991846722637,-1.513739376602062,-1.7815594357515037,0.2851372346590411,0.6492116619191187,-1.4450421046815773,-1.2668531440523536,0.6765511899496047,0.2851372346590409,-0.17411122593257264,0.2673865253893823,0.3409597078409557,0.10619690556751483,zirp
2021-02-04,-1.2558284717864967,-1.454584829259867,-1.6491277003683078,0.2815785562940346,0.30538623511085805,-1.4014010955222729,-1.1455054273100296,0.5517583863773114,0.28157855629403433,0.08105965233571509,0.03536024020511172,0.2048467944866917,0.2184355371134442,zirp
2021-02-05,-1.2591523286871824,-1.4408840572130366,-1.62863281193208,0.31260736825996427,0.25214751470581764,-1.4168582934608382,-1.070562736769576,0.43810860679873764,0.31260736825996405,0.1596786702623538,0.004226488507559999,0.19116040383713678,0.2600101706297019,zirp
2021-02-06,-1.2542077246103902,-1.4344516273884371,-1.6205390187237256,0.312328809121425,0.25111321213222954,-1.4172610608564544,-1.0662492068887945,0.46476472639208805,0.3123288091214248,0.1607311535361476,0.0018303187084602974,0.19041865915918138,0.26110912999510255,zirp
2021-02-07,-1.2492923165048533,-1.42806797631317,-1.61252125641846,0.31205030784943455,0.25007915822549825,-1.4183198847858027,-1.061960837680971,0.4936039087745396,0.31205030784943427,0.16178467433767785,-0.0005728090262765804,0.18967702330803826,0.26220948188634197,zirp
2021-02-08,-1.2520887657975999,-1.447383482068842,-1.7880932859919954,0.2838214646769294,0.9933894843469951,-1.4160645099696025,-0.9937917793740975,0.36548272908793805,0.2838214646769292,0.12309543392224852,-0.00332867015857672,0.18511114093215672,0.24001220278673724,zirp
2021-02-09,-1.2226890241904649,-1.4094571355603414,-1.6294533151475135,0.2835882568440715,0.38475640020304014,-1.3611311756614881,-0.7305548594126505,-0.07868159307410846,0.28358825684407124,0.13551120062908625,-0.005979255187176634,0.1784980154861388,0.24123999195425283,zirp
2021-02-10,-1.1689489016522323,-1.389186010340839,-1.5480352278136886,0.19681441044608963,0.27603668818371024,-1.2712197999413977,-0.8598904102918121,0.2708208560418898,0.19681441044608952,0.013976296146994876,0.07786392415666021,0.16554023777186522,0.12721310649594178,zirp
2021-02-11,-1.132398210157787,-1.3431163046483983,-1.5130613960298798,0.1947644437025885,0.2674246533238732,-1.2188328080260964,-1.071104103602998,0.7347153231047533,0.19476444370258833,0.02507107094326642,0.07456124790714282,0.1580164204822208,0.1273404220610063,zirp
2021-02-12,-1.1779587792845547,-1.3850225385450363,-1.56534392813583,0.22361949395921252,0.3243682355029771,-1.2776741972349803,-1.2244997142432037,0.9637157940770464,0.22361949395921227,0.04519379003032961,0.07336815740220881,0.17290849630257096,0.1522525274177157,zirp
2021-02-13,-1.1734131862812134,-1.3789538589619166,-1.5578322715278183,0.22360134685757116,0.3231625206330721,-1.2692774797555928,-1.216483606463171,0.9564071840750208,0.2236013468575709,0.04548278825182625,0.07217450578787121,0.17274037914236484,0.1528605912035338,zirp
2021-02-14,-1.1688916994623024,-1.3729282976853643,-1.5503865098054017,0.22358319996410417,0.3219573321638068,-1.2610260415669978,-1.208598542526949,0.9491571130905744,0.22358319996410397,0.04576490598727127,0.07098028710130687,0.17257588165081478,0.15346892365089362,zirp
2021-02-15,-1.164373208380836,-1.3669360633080458,-1.5430165906202016,0.2236310184610769,0.32074172252959304,-1.251953277479092,-1.2020966817771863,0.9440301548155455,0.2236310184610767,0.054248110147297336,0.07046187248823457,0.16821713432347274,0.15377300041212774,zirp
2021-02-16,-1.1245943011260915,-1.3505465799890055,-1.495983740623777,0.16086774433738465,0.28313591315039743,-1.2202727683088617,-1.1267541854224221,0.8319777933422193,0.16086774433738454,0.043576440296530725,0.07075406753851805,0.11876842431893046,0.10077301019922855,zirp
2021-02-17,-1.0833098455298869,-1.3330855430304975,-1.5020486954805239,0.09638793925128353,0.3930537055232485,-1.1598633154431646,-1.131122163680421,0.9051304284897335,0.09638793925128346,0.05225526033042433,0.07104629297587359,0.05765212050394803,0.046321266777329104,zirp
2021-02-18,-1.0805347375469492,-1.3287595637595861,-1.5168104305656676,0.09647501258185696,0.45515762611485283,-1.1310766365819875,-0.9956145178513627,0.6749862069212355,0.0964750125818569,0.06247856922669867,0.07110450132878496,0.05246153747461035,0.04636702340147818,zirp
2021-02-19,-1.1039376934007157,-1.34120859297858,-1.526316284791918,0.12655751485609867,0.44777949315254145,-1.1590948425115295,-0.8257758740665526,0.31442944998622746,0.12655751485609856,0.15636809396307783,-0.01602639153127576,0.030363274139324378,0.1144691654882613,zirp
2021-02-20,-1.1000185182442115,-1.335769389284675,-1.519135301270228,0.12610175811557334,0.4461760187228008,-1.1497373157502928,-0.8190175132543129,0.3084292095867422,0.1261017581155733,0.15473419734848412,-0.015679640126516445,0.03084815405613525,0.11391706628713817,zirp
2021-02-21,-1.09611749630282,-1.3303658291359113,-1.5120146501236282,0.12564603229295274,0.4445739030631882,-1.1404763559872508,-0.812293338887568,0.30239588803492573,0.12564603229295265,0.15309924631172886,-0.015332873303739192,0.031333112854267174,0.11336498641115861,zirp
2021-02-22,-1.1307518345932284,-1.3386415431402037,-1.4310109482245366,0.18935983728796676,0.15863931849027993,-1.1838830672119691,-0.8522030213855906,0.32813053140972304,0.18935983728796663,0.914581522814149,-0.8003937127452765,-0.30635107988777666,0.5523994112051057,zirp
2021-02-23,-1.1512534276818682,-1.364731323342242,-1.3130073834478924,0.18843950918440522,-0.10322083963003024,-1.2077879165296033,-0.8247570611166183,0.24540063103871873,0.18843950918440508,0.555878424519408,-0.44927811657475236,-0.12163071555917161,0.379252423972889,zirp
2021-02-24,-1.09262937695323,-1.306702816627286,-1.1193784661336705,0.15711650772103297,-0.27211989547309273,-1.123740489989479,-0.6915242716489958,0.07670752619127745,0.15711650772103278,0.2873759834146519,-0.15703308910984434,-0.010303218349247032,0.20939881554972092,zirp
2021-02-25,-1.0533224961648382,-1.2085863059887134,-1.37896299599435,0.24337737929446787,0.19720881561464015,-1.0664506902941886,-0.9479285483659771,0.640347638136013,0.24337737929446762,0.1429294376354215,0.004366662873472348,0.14026952139344628,0.20283444979155454,zirp
2021-02-26,-1.0819249212078927,-1.2139098824439636,-1.478819225800948,0.2993889966805168,0.418509210793793,-1.1023228386119228,-1.106761769996451,0.9117098251881075,0.2993889966805165,0.02451515729752289,0.12227500563793076,0.2506899101025144,0.19222981593775612,zirp
2021-02-27,-1.0780537546982605,-1.20930663124503,-1.472051584632732,0.2984068865615088,0.41692629932044295,-1.093764442091692,-1.0989107433996022,0.9077242570801538,0.2984068865615086,0.022457450490919358,0.12358642399492867,0.2509305208872691,0.19085106159325582,zirp
2021-02-28,-1.0742000324450038,-1.204728724848552,-1.4653377628428361,0.29742516080805514,0.4153445237935565,-1.0852868991291462,-1.0911516196048168,0.9039194217829716,0.297425160808055,0.020395544279314406,0.12489950250034422,0.25117117849813725,0.18947204433300077,zirp
2021-03-01,-1.067876849171608,-1.1972090638821735,-1.5966147653327312,0.2961023794242234,1.0303281243801583,-1.0735445403457828,-1.2226863681287048,1.1857382156293466,0.2961023794242232,-0.014208619714010473,0.1410498664308782,0.26788292349598375,0.18055351903106742,zirp
2021-03-02,-1.042151927816268,-1.1980741968794602,-1.5916457459323063,0.23432830300312846,1.1101817937296354,-1.0355683389549144,-1.2777090965200646,1.34923407736686,0.2343283030031283,0.013060846868258931,0.09858118027646678,0.1995386907012177,0.14934747354726716,zirp
2021-03-03,-1.030530558171367,-1.184496464172887,-1.563754944176142,0.23156845473359908,1.0073374696461508,-1.0165472379641427,-1.2163730386995737,1.247530891652156,0.23156845473359877,-0.019885314684600596,0.14322380988352448,0.21402535059933617,0.12518591216492453,zirp
2021-03-04,-0.9930787682466826,-1.1721919063096498,-1.473117256786046,0.16633391614419202,0.6886261236037629,-0.9624440585975735,-1.1223257507056208,1.1215037413823987,0.16633391614419188,-0.055633125440420754,0.17358980377683064,0.17492690544468872,0.055326166061580126,zirp
2021-03-05,-0.9616114778224606,-1.1495904853808103,-1.5049347728549518,0.1336831194606863,0.9299930653421478,-0.916618551836928,-1.1827583725930522,1.300310183323357,0.13368311946068617,-0.089129623265058,0.2039234949023847,0.16330007841655136,0.012957107684681482,zirp
2021-03-06,-0.9582860745919286,-1.1453908309281504,-1.4980154946595587,0.1328346618655996,0.9267080974478815,-0.9093202500931717,-1.173153945773563,1.289979042453082,0.1328346618655995,-0.09112275242725419,0.20500266190085537,0.1635225260656334,0.01175356876544697,zirp
2021-03-07,-0.9549728813640866,-1.1412121361841183,-1.4911528729819616,0.13198618129586429,0.9234345753901095,-0.9020694376975703,-1.1636522935107947,1.2797754286240604,0.13198618129586417,-0.09312063416631247,0.20608304071749786,0.1637450024759759,0.010549195360687241,zirp
2021-03-08,-1.0231150408057565,-1.1950264841683906,-1.581043975892505,0.19135505936923836,1.3080342446327424,-0.9929220662850465,-1.1942887731742522,1.2430884164448426,0.1913550593692381,-0.10616846797051165,0.20716463714475183,0.22261909506017746,0.06021858067950131,zirp
2021-03-09,-1.036677786565429,-1.192769405932373,-1.5451278054880253,0.22651006552081923,1.0493880529603947,-1.0293283732668403,-1.1871804806612367,1.192826007795242,0.22651006552081895,0.09882341337028722,0.004221219043242147,0.14902851979564596,0.18939512687064994,zirp
2021-03-10,-1.061516715811428,-1.2409649339092659,-1.563976441367981,0.19500509098495447,1.1285205147138155,-1.061632578828643,-1.2369399322129728,1.2543983305592654,0.19500509098495428,0.10105016541602307,0.006794427342747375,0.12030773644566913,0.16162588739121114,zirp
2021-03-11,-1.0844154901692802,-1.25323591710656,-1.5841304428046077,0.22518677653885358,1.2393114223619996,-1.0915195251227134,-1.2457440196570255,1.2351894113729245,0.2251867765388534,0.035045619886663895,0.06789278943547111,0.18049161853487253,0.15742495725164082,zirp
2021-03-12,-1.0793246507955365,-1.2637861295511255,-1.5734142759496894,0.19295133560539193,1.211690253551157,-1.0827022936894013,-1.2351998181151478,1.222727930403939,0.1929513356053918,-0.05084261528398782,0.1587400733315727,0.19571242127379762,0.08594854814635128,zirp
2021-03-13,-1.075374954612372,-1.2587759488608758,-1.5661167537182168,0.19211729757630652,1.2068799490258026,-1.0755454696473106,-1.2282631722244024,1.2155782952153533,0.19211729757630636,-0.05366795563862836,0.16129275004634763,0.19639783898933175,0.08418379296413432,zirp
2021-03-14,-1.071443143277693,-1.2537956437953912,-1.5588836928590553,0.19128336814518426,1.2020965728265849,-1.068486274211843,-1.2214884090294624,1.2085792594741342,0.19128336814518415,-0.0565053446362595,0.16385536571922568,0.19708366268831273,0.08241693580746859,zirp
2021-03-15,-1.0712023644107025,-1.2363281615083344,-1.4902309015355673,0.22235627026232654,0.7789087579456366,-1.0672355585174451,-1.1626887459673327,1.0884192010902214,0.22235627026232638,-0.06604491675185588,0.16614341315276387,0.22923833743320432,0.1078351186534467,zirp
2021-03-16,-1.1463861271471874,-1.2818597251604538,-1.4796194253096242,0.3140019138093939,0.5208146214854172,-1.173991689138121,-1.140444206853899,0.9129639985630699,0.3140019138093938,0.07401263037361178,0.03450969822323471,0.23948261288138023,0.2499237994193934,zirp
2021-03-17,-1.1930232394651095,-1.3247636693232279,-1.4739156500918125,0.34346409413885076,0.37150805868426806,-1.2455721398453548,-1.165441407814079,0.8839831780990876,0.34346409413885054,0.1371508197026156,-0.06523181139741951,0.23386512014507901,0.3236523845184585,zirp
2021-03-18,-1.1901383394942806,-1.3214185394566038,-1.484692256548749,0.3424326053242749,0.4438129328229806,-1.2486674393254646,-1.1896681976444479,0.9372030383820927,0.3424326053242746,0.13271841982184096,-0.03236968892178885,0.23545899205274556,0.3070680147988865,zirp
2021-03-19,-1.1625237802413348,-1.303112029126068,-1.4777569889480837,0.31089230237355947,0.5116023514045583,-1.2154241592144555,-1.1673389686902826,0.9414321936718668,0.31089230237355925,0.07274736322880643,0.0005956578702624775,0.2378598881023484,0.26450155423982535,zirp
2021-03-20,-1.1580657163313,-1.297805060573338,-1.4712808928129404,0.30973387354909776,0.5096353044208386,-1.2167821146433169,-1.15980461440092,0.9355956422568439,0.3097338735490976,0.06957088524290152,0.003749465080854227,0.2385874305342634,0.26224103876050286,zirp
2021-03-21,-1.1536307577993716,-1.2925315830446378,-1.4648565655992187,0.3085759086307552,0.5076703396108612,-1.2188181298455072,-1.1523894406460755,0.9297984373792337,0.308575908630755,0.06637894282855201,0.006919275305558465,0.23931548818945983,0.259978209051324,zirp
2021-03-22,-1.122160553268127,-1.2532490094845687,-1.4642842191428957,0.3072277851744545,0.6209709719495987,-1.162040059687226,-1.1506319830089222,1.0029809029074535,0.3072277851744542,0.05411361725829585,0.025264774817146195,0.24437224173806482,0.25026771783218993,zirp
2021-03-23,-1.087381282048747,-1.2265284953432884,-1.3958092139589695,0.2744208712537445,0.4150764026606105,-1.110962609272342,-1.0747890941588563,0.9144580141432972,0.2744208712537443,-0.039311030923611455,0.13505854045414592,0.2618208836575941,0.1698882118537902,zirp
2021-03-24,-1.1120660646827534,-1.2902735770518434,-1.3490250844823597,0.2123136980513924,0.19000369346919144,-1.1668880100937546,-1.044778905714891,0.8029508803658214,0.2123136980513922,0.12951659564974488,-0.05737692358746702,0.12386293438836979,0.20938307923201444,zirp
2021-03-25,-1.1310522044324065,-1.2819305898679845,-1.3264021043905634,0.2725248238148536,0.08056833188911285,-1.203395634533504,-1.0188909093168266,0.7173094069293084,0.27252482381485343,0.06379317802600129,0.007915840608481942,0.20979152812352314,0.23008334175937786,zirp
2021-03-26,-1.0774504166730112,-1.24686389462904,-1.2673673435121604,0.21050255130216775,0.04513033565865496,-1.1329592769647052,-0.954096159132857,0.6643706561683371,0.2105025513021676,0.014929402627518294,0.0578730786454545,0.17902374978052152,0.1533331273274669,zirp
2021-03-27,-1.0734339782455213,-1.2418544874582187,-1.2622941820727227,0.20970783935641588,0.044075826079641445,-1.1281827078310698,-0.9488657250570981,0.6583032102506462,0.2097078393564157,0.011078442269425216,0.062022468001207066,0.18032979673569094,0.15098514622668283,zirp
2021-03-28,-1.0694357794575344,-1.236874521494642,-1.2572527715868926,0.20891327202640259,0.04302086392271365,-1.1236100761968526,-0.9437576549175358,0.6522518344087845,0.2089132720264025,0.007198338795305234,0.06620810074594259,0.18163768718604187,0.14863253271448423,zirp
2021-03-29,-1.0581552294422092,-1.2075005874501525,-1.2311159173924076,0.23704303773116037,0.005499780703655007,-1.0984885017508694,-0.9144533087798811,0.6195262078818098,0.23704303773116023,-0.03186525881232876,0.10143731632997582,0.22559501523769282,0.15660985290825882,zirp
2021-03-30,-1.1231492310981084,-1.240851629311814,-1.1976751447214808,0.328627369256169,-0.1939546470777694,-1.2105695511641292,-0.8751573226850777,0.4227655086702078,0.32862736925616876,-0.03885479521281765,0.1063783963138127,0.3103265968362609,0.23391097872493433,zirp
2021-03-31,-1.2064906511227054,-1.2964979735744744,-1.2021151937337604,0.4220589395814473,-0.3507265206431773,-1.3308145838851333,-0.8802882830587656,0.3072114793697334,0.42205893958144713,-0.2801025010542537,0.3627667629416273,0.5091755675634589,0.1956222886573787,zirp
2021-04-01,-1.1800007745876209,-1.3286074302102697,-1.2757396965558219,0.2972146733453194,-0.15014023427722958,-1.3076408424124486,-0.9658874619228077,0.49968064896299097,0.2972146733453193,-0.15529002818058774,0.24196491360232483,0.3383694453057738,0.14478122437119287,zirp
2021-04-02,-1.1754045496438237,-1.3230282620953595,-1.2705856761899545,0.2962965623174141,-0.15083252697137994,-1.3078833543575283,-0.9618381241143211,0.493602686580082,0.29629656231741386,-0.16121781250910933,0.2477220752972633,0.340266519138709,0.142210392380307,zirp
2021-04-03,-1.1708328453940864,-1.3174857889352796,-1.2654640801075592,0.29537880782699283,-0.15152518331379347,-1.3087281044586279,-0.9579784897190728,0.48751222674419026,0.2953788078269927,-0.1665819597699003,0.25356027065168185,0.3418652900489202,0.1396329019735342,zirp
2021-04-04,-1.1662853687143988,-1.3119795084725137,-1.2603745054050333,0.2944614075206631,-0.15221820458163607,-1.3102259533031866,-0.95431936600639,0.4814079862645468,0.2944614075206629,-0.17201675417873002,0.2594821377461401,0.34346770000333987,0.13704864796539495,zirp
2021-04-05,-1.1618790923546936,-1.2905568795965456,-1.2381240841397116,0.32448598922781063,-0.19194522992237448,-1.3031984296037187,-0.9299817456429351,0.4357601272065422,0.32448598922781036,-0.236720317985705,0.33072928875975416,0.4003943161300607,0.13173759560637402,zirp
2021-04-06,-1.135984193215394,-1.2740087874081916,-1.242078270616348,0.2934805448742835,-0.12395395333865658,-1.2603699777920703,-0.9380196390953647,0.4870965958774411,0.2934805448742833,-0.07043960620871181,0.15892114554827325,0.2950428996381941,0.18419247886295664,zirp
2021-04-07,-1.131260533952474,-1.2524095695942454,-1.2511578654626923,0.3232482845161932,-0.08967908857737386,-1.2733268765953947,-0.9550341497920796,0.4991162883424363,0.323248284516193,0.009569474338802847,0.09999959429545126,0.2848729572006244,0.2378640128130401,zirp
2021-04-08,-1.1066142933459042,-1.2372507537011754,-1.279385162023544,0.2926506215337165,0.05047103359571062,-1.2414860794405367,-0.9980887979779333,0.6123835629270132,0.29265062153371635,-0.11111911663731507,0.22149710944509185,0.31333141039909196,0.15709864616779512,zirp
2021-04-09,-1.1236241620211331,-1.2275042020136415,-1.2561636604623527,0.35234869738573854,-0.05489515854263153,-1.252908834595492,-0.9741783683138524,0.5461685031534086,0.3523486973857385,-0.06605934984476733,0.17856361442527294,0.3464432370154348,0.22985629935311247,zirp
2021-04-10,-1.11932283565499,-1.2225264922086698,-1.2512110809493313,0.35149810669843395,-0.055794772614622797,-1.248563173167048,-0.9738378688650069,0.5422489606882076,0.35149810669843384,-0.07242661105399484,0.18540876288501673,0.34887916930798263,0.2271516587575999,zirp
2021-04-11,-1.1150425982128207,-1.2175774027889366,-1.2462894138999967,0.3506479547478303,-0.056694879905812554,-1.244491415033585,-0.9739914479190594,0.538534996384186,0.3506479547478302,-0.0789160527872923,0.19238661450698247,0.35132486579602334,0.22444056630648054,zirp
2021-04-12,-1.1326118343772393,-1.2242512102766292,-1.2328405543229917,0.3803351477869143,-0.13240544710343088,-1.2777495069359142,-0.8906566113518944,0.3339066387339816,0.38033514778691413,-0.030584660042898948,0.14808670009829647,0.35678816172088734,0.2711964706496562,zirp
2021-04-13,-1.1322997598253386,-1.2244557268024403,-1.2111986712444964,0.37900391681051343,-0.1823925073172032,-1.298694628358381,-0.8669865787612864,0.2678782083015402,0.37900391681051315,-0.09621752057327414,0.2022998780832311,0.38489564500588047,0.24756211442558992,zirp
2021-04-14,-1.1247139253562426,-1.199756138987618,-1.2217761922674928,0.408103367150331,-0.13932947957599737,-1.2929223011786475,-0.8849757585578292,0.3089133127508355,0.40810336715033096,-0.053894060354864624,0.15758324989969996,0.3925001759652676,0.2942223950151358,zirp
2021-04-15,-1.1037476264061983,-1.190030873933734,-1.2382046264027506,0.3757584488560135,-0.04388609172342757,-1.2410008921888451,-0.9131555493419854,0.4120204747348032,0.3757584488560133,-0.21801800505274518,0.34049483498779115,0.43567677237520036,0.18764788686685174,zirp
2021-04-16,-1.1032178331460842,-1.189956913978417,-1.2224364345744418,0.37449914741685214,-0.08295979271759239,-1.2418194337638218,-0.9296682460302204,0.4350538908702235,0.374499147416852,-0.21076167641297425,0.3368676144188725,0.43148786312683024,0.18940063158707646,zirp
2021-04-17,-1.098958535194612,-1.1852062977829967,-1.2175013863035575,0.3732406160467865,-0.08365832165366392,-1.2352766215775726,-0.9273837313563843,0.42913926868050034,0.3732406160467863,-0.20648565240514385,0.33321738566421544,0.42861753693111954,0.19115727281905318,zirp
2021-04-18,-1.0947195192201198,-1.18048154612015,-1.2125948780524254,0.37198284869167175,-0.08435713757074569,-1.2289108203937378,-0.9254102931987739,0.4232417565614227,0.3719828486916715,-0.2021647374014016,0.3295432865755549,0.4257440552598111,0.1929178410202824,zirp
2021-04-19,-1.0638899582252137,-1.1729785263700478,-1.1901419948405785,0.3113350771021087,-0.06554620974100013,-1.1760254540370598,-0.8929668151228478,0.4163120929840978,0.31133507710210856,-0.21115547656956093,0.3352420415176754,0.37405842913783655,0.1378756399155582,zirp
2021-04-20,-1.0872960500476538,-1.1715228855751643,-1.1992769983021756,0.37117260480943365,-0.09618913663210192,-1.2067709960929598,-0.9778112610670304,0.5444385394673575,0.3711726048094334,-0.06764604381086646,0.1871604803629078,0.3673395681735332,0.25365044605575904,zirp
2021-04-21,-1.0635609397581833,-1.1723851869792747,-1.1948516529655675,0.3114461941798963,-0.04721639081232285,-1.1565579800441903,-0.9719953983759227,0.5876320682013395,0.311446194179896,-0.005851069356501715,0.12847128323793877,0.2866421680657577,0.2253613202951482,zirp
2021-04-22,-1.08141098118599,-1.1491227038754233,-1.1445126729366835,0.40047793714399293,-0.20815829513413056,-1.1917851499142236,-0.8970441996631332,0.3894839503803876,0.40047793714399266,0.03986197910341098,0.08889952514602255,0.3485589139644531,0.3218010435122022,zirp
2021-04-23,-1.0522371249638314,-1.158783994763215,-1.1384816093514238,0.3102178786615613,-0.1556084884459277,-1.1275835482864247,-0.8869507444635125,0.4431130009905048,0.31021787866156125,-0.1740057721179621,0.28645338823867866,0.35670649852374736,0.15945585187338743,zirp
2021-04-24,-1.0488098747483385,-1.154565261558381,-1.134531649363053,0.30995687468688615,-0.15576302233464392,-1.1186404617822225,-0.8800027282529816,0.4370944445522862,0.309956874686886,-0.17112253952785708,0.2833687374112248,0.35514008812272096,0.16093199886137668,zirp
2021-04-25,-1.0453967465227862,-1.1503677960724994,-1.1306006003068885,0.3096959216057787,-0.155917568859663,-1.1097859093615752,-0.873099682053846,0.4310572801955421,0.30969592160577847,-0.16822970139703114,0.2802740119853711,0.35357435142325305,0.1624105668747264,zirp
2021-04-26,-1.0183217038222863,-1.1774156903516944,-1.1422553215048856,0.1898527146223943,-0.06545877657253218,-1.047428393106351,-0.91173211987834,0.5861804921952275,0.1898527146223942,-0.17811829096390247,0.2889825311090266,0.24822199184579155,0.05159740282648513,zirp
2021-04-27,-1.0146726857117605,-1.1422390116491743,-1.1162248024736694,0.24959385974757328,-0.11765219990075194,-1.0164498091810141,-0.8709490630391546,0.5403803232648374,0.2495938597475732,-0.1287393048393536,0.23822518020837596,0.2819588000855251,0.126377379725736,zirp
2021-04-28,-1.0099657913721187,-1.1516509738100325,-1.1970432216771283,0.21919127064920227,0.11899228734567996,-0.9981370627568162,-0.9858770391520495,0.795836952230722,0.21919127064920219,-0.36554441108078234,0.4947661420167746,0.3535470743949229,-0.006127657032811833,zirp
2021-04-29,-1.0050539749108305,-1.1150352184288288,-1.2051677599044786,0.27895592564256444,0.16542463609875235,-0.9833330526014226,-0.9971603221725878,0.8378167892251799,0.2789559256425643,-0.26028651393172525,0.41814973871412503,0.3638161799156685,0.07923695814209329,zirp
2021-04-30,-1.026054418467697,-1.1565180233130083,-1.3546031050267762,0.24876419697371957,0.9203562708482094,-1.045613167897231,-1.2243591355067647,1.2277558923793956,0.2487641969737195,-0.22435104277651824,0.35941929969371744,0.32101630937808406,0.07661314379985844,zirp
2021-05-01,-1.0227168191539613,-1.152216895271458,-1.3492092624244023,0.24879093606708605,0.9173574881270211,-1.0383786601138423,-1.2143091945345263,1.2199056227612899,0.24879093606708594,-0.2216080556252339,0.35638503634250257,0.31972676670940214,0.07830279393367211,zirp
2021-05-02,-1.0193924555871736,-1.147937609299733,-1.343850837262845,0.24881767567198082,0.9143687207947864,-1.0312278442971847,-1.2043736382403907,1.2121334852465075,0.24881767567198065,-0.2188580982393747,0.35334336430797114,0.3184377392856847,0.07999539955738984,zirp
2021-05-03,-0.9989952756068476,-1.1214630308248092,-1.249399961845474,0.2506187681895889,0.4017834905811129,-0.9869270909663798,-1.048293323633902,0.9490061060527538,0.25061876818958867,-0.21812407829841549,0.38783292508137834,0.3196096042361781,0.06789538079242514,zirp
2021-05-04,-0.9910368220528731,-1.1119764997414399,-1.2774097652143706,0.24958436220344124,0.5934262441631036,-0.976689832754632,-1.0946584035684304,1.0546523144561726,0.24958436220344102,-0.1046387417097839,0.2723650934206786,0.27131666273683824,0.11442425024509782,zirp
2021-05-05,-0.9903285592550682,-1.1106965469850962,-1.2595079228090953,0.2502440988533368,0.5077153326641268,-0.9860483092110298,-1.0658904830973073,0.986998432017117,0.25024409885333676,-0.09679876834313625,0.23075315016408496,0.26855010267312285,0.13279369970820815,zirp
2021-05-06,-0.9963546757157301,-1.1317695288131189,-1.266195658354185,0.2231544564018813,0.5389234139600838,-0.9828285361369856,-1.0954053840479285,1.0498448630486183,0.22315445640188114,-0.1285877895048367,0.28402343902587085,0.2568253215773924,0.08725779951824657,zirp
2021-05-07,-0.9975666315799303,-1.103279675380892,-1.2736037006865089,0.282650284622627,0.5947496426261081,-0.98474722059667,-1.10644409259579,1.0691334382148827,0.28265028462262676,-0.04784577202723204,0.20462095903093722,0.27782904168709427,0.17370873419701444,zirp
2021-05-08,-0.9943455027293268,-1.099257178136645,-1.2687879257480688,0.2826060735850653,0.5929461687095002,-0.9772038465695989,-1.09858583269829,1.061450570682699,0.282606073585065,-0.04397956595491358,0.2011488277671029,0.27620164974854294,0.17553622535258526,zirp
2021-05-09,-0.9911365628226312,-1.0952535170841733,-1.2640004393990387,0.2825618640500926,0.5911453931400475,-0.9697213430596211,-1.0908192583267409,1.053850414597431,0.2825618640500924,-0.040083929934538985,0.19765764315769674,0.2745742333958799,0.1773679720346264,zirp
2021-05-10,-0.9897145204296861,-1.122314005559533,-1.2594187360106186,0.2249298024859148,0.5838628738488028,-0.9471882752487967,-1.053746374576093,1.0063203318797609,0.22492980248591463,-0.28278629482472256,0.4247476215502506,0.32045248030663404,0.03498062402054461,zirp
2021-05-11,-1.032599140407628,-1.1612221145442005,-1.2806855081951807,0.2538252313650927,0.5731219401132346,-1.0283283060382042,-1.0861859325097751,0.9766899792257978,0.2538252313650926,-0.19374146720015065,0.3439752131955148,0.31042775351862195,0.09450178017720687,zirp
2021-05-12,-1.0257952312653214,-1.1530729440381002,-1.2715919752115459,0.2529247666637473,0.5561407552226824,-0.993822954003699,-1.0713688531005165,0.9868386967829007,0.2529247666637471,-0.07009337783948538,0.23118269777937367,0.2596053172088066,0.13929758850302953,zirp
2021-05-13,-0.999333843360287,-1.1345532794101059,-1.252772546533486,0.2236796002087572,0.5522506544828102,-0.9359362775420695,-1.0409781584342832,0.993188292662239,0.22367960020875718,-0.023893885653035303,0.17766724936848302,0.21434582844134234,0.13442210758144088,zirp
2021-05-14,-1.0460746374876915,-1.1344169926537258,-1.239380058673264,0.34070003957877354,0.31099467527992375,-1.015630652126536,-0.9955638245895841,0.8082696463925374,0.3407000395787734,-0.06890587776430464,0.22081526991564873,0.33967834727761,0.22652078170615378,zirp
2021-05-15,-1.042511907854518,-1.1301515870865086,-1.2348772713799137,0.3404571420439416,0.31004100167781645,-1.0081756762788818,-0.9879663941521047,0.8016849644454638,0.3404571420439415,-0.061692951185975745,0.2158726666882315,0.33684560620133797,0.23041101166794617,zirp
2021-05-16,-1.038964076354471,-1.1259072999196418,-1.2303993806007125,0.3402142932566461,0.30908773324094124,-1.0007911780688945,-0.9804319762054294,0.7951325097924478,0.34021429325664604,-0.05428597385967822,0.21083810656646304,0.33401703624277895,0.23433132387292818,zirp
2021-05-17,-1.0196433638528484,-1.1300692967875272,-1.2472717503625625,0.28348824320161836,0.49535481617691546,-0.9509431547914602,-1.007174599331241,0.9065575512120632,0.2834882432016183,-0.34997563376866725,0.4930215492639665,0.39478022125746487,0.07544194897150745,zirp
2021-05-18,-0.9935347778770194,-1.1117283868194487,-1.2316784838877275,0.2548872759930294,0.5119404072349997,-0.9168700842907002,-0.9817286559352617,0.8953689050780295,0.25488727599302924,-0.06825003769533632,0.1816787478955815,0.2607487124343432,0.16661366458826052,zirp
2021-05-19,-1.0385744033766617,-1.1253793761409896,-1.2591596993477696,0.34054228054447,0.5282439653042553,-1.0253671516027167,-1.025551690719943,0.8575103583079859,0.34054228054446983,-0.048317864019399935,0.20168845826620652,0.3319763085823069,0.23812406118442708,zirp
2021-05-20,-1.0125788688054151,-1.1071978706644152,-1.2315521076278877,0.31201809617863085,0.46423320781405986,-1.0106626326655939,-0.9804658773737216,0.7857569089168056,0.3120180961786307,-0.2190556605044698,0.3453481318373816,0.3709106343943562,0.15757648248341125,zirp
2021-05-21,-0.9628051359127224,-1.10154835518856,-1.2211588528159325,0.19814250090589042,0.6061856752494762,-0.930921860852925,-0.9633589532372221,0.8442295229088996,0.19814250090589033,-0.35201156713900417,0.48977376371490505,0.31684502660619285,-0.0021129987112466194,zirp
2021-05-22,-0.9595595000532632,-1.0973995558275573,-1.2167437948072737,0.1981398916962224,0.6045051921172808,-0.9243159569882037,-0.9559575016733765,0.8376596154814542,0.1981398916962223,-0.3506114522685886,0.4883938029790968,0.31627671172280564,-0.0016336792804746978,zirp
2021-05-23,-0.9563256998965611,-1.0932703558396586,-1.212352600263632,0.19813728249044782,0.6028272486694487,-0.917774151663575,-0.9486132351356282,0.8311268064448977,0.1981372824904477,-0.34921201736102203,0.48701524887900843,0.31570860203401235,-0.001154305340563173,zirp
2021-05-24,-0.9551765499982898,-1.077455398652667,-1.177254532441154,0.22709529208231646,0.4059596052055814,-0.9165444933351182,-0.8909446249853488,0.7200721201633469,0.22709529208231638,-0.2361021674614498,0.3606349534086606,0.29910733742014056,0.07334965503779685,zirp
2021-05-25,-0.888923193989873,-1.0497031458621482,-1.140085334646341,0.11590165278499799,0.4411132067934146,-0.7370483932039401,-0.8293701799693983,0.801585841950536,0.11590165278499795,-0.31280674943311404,0.46311933398809835,0.22606829675298182,-0.06809387637193165,zirp
2021-05-26,-0.8647852618134663,-1.0329955124587864,-1.1339179826054022,0.08848442251890155,0.49577872227974895,-0.6419487313887009,-0.8475277169420385,0.9441071750064451,0.0884844225189015,-0.2922176362963116,0.4211789623125661,0.19298661324859182,-0.07757632028452657,zirp
2021-05-27,-0.8158689281314264,-0.999886542181203,-1.1191433965636146,0.03170961691547207,0.5810858944481201,-0.5287340052099374,-0.8227166145397241,1.0211178027005934,0.031709616915472055,-0.08801025744084288,0.21454094788527917,0.06278118301065369,-0.0518485368419157,zirp
2021-05-28,-0.8154648792993898,-0.9984379479560059,-1.1162936175220757,0.0331783166779389,0.5776903089113611,-0.5560684592023637,-0.8175367981959343,0.9802440256793443,0.03317831667793884,0.08952013492932802,0.00861534877313402,-0.0036499843104105503,0.027372673370195322,zirp
2021-05-29,-0.8128377275952748,-0.9948226808649119,-1.112505181529041,0.033439792103180585,0.5760872153404591,-0.5499856566929657,-0.8108052320301359,0.9734674467148465,0.0334397921031806,0.08871792392167885,0.009603340647474297,-0.003100944177573757,0.027240720177815352,zirp
2021-05-30,-0.8102176792621782,-0.9912217420296644,-1.1087341587023452,0.03370128336237229,0.5744863400107928,-0.5438991299678431,-0.8041065354396851,0.9667419696065627,0.033701283362372284,0.08791562152230038,0.010591846241177018,-0.0025518232044164243,0.027108767250877287,zirp
2021-05-31,-0.8075477423257118,-0.9876020273529704,-1.1049638989807957,0.03389165834310111,0.5729225019946809,-0.5377875906944843,-0.7975036729232421,0.9592531147740024,0.033891658343101046,-0.0754659460864382,0.17624865013731705,0.060002698832586736,-0.03530708943495388,zirp
2021-06-01,-1.0039854328304116,-1.0669516372247303,-1.0908960898338105,0.3699524976841124,-0.0793494181240015,-1.0234356482906275,-0.7780331662455173,0.40136434917506153,0.36995249768411237,-0.023358529459373053,0.13596155950523348,0.34940513688487046,0.2901832890903687,zirp
2021-06-02,-1.0236022834241876,-1.0643858323879587,-1.1001072891913104,0.4252411180169115,-0.10586596341589291,-1.097806590433255,-0.792820131875123,0.3519884322357747,0.42524111801691145,0.09464221056478006,0.013152357079917906,0.35532861497380513,0.3876147368714788,zirp
2021-06-03,-0.9900909112873296,-1.0503571584129223,-1.1105377266077632,0.36914736653165,0.04242431296388645,-1.0310656533927556,-0.8311469511888925,0.5004652887416551,0.36914736653165,0.18872867031103177,-0.08963346359113632,0.2678233513745364,0.3745902309430001,zirp
2021-06-04,-1.0130255164702036,-1.051682867913563,-1.1004161354617925,0.4251002197340279,-0.06733088080743926,-1.0703350323449163,-0.8203820608771558,0.4445078299795958,0.4251002197340279,0.013850483445778017,0.09727321813557899,0.38608340203050745,0.3557351580808388,zirp
2021-06-05,-1.0095472807278842,-1.0477866162602971,-1.0967794922720857,0.42466351258930424,-0.06744495731553181,-1.0662528084220917,-0.8136545180032595,0.44235639124514453,0.4246635125893043,0.013540075812839905,0.09760809351661208,0.38581956604682455,0.3552173171464056,zirp
2021-06-06,-1.0060829239401725,-1.0439073273013753,-1.0931589719793868,0.42422698463350167,-0.06755903718747762,-1.0623889974059384,-0.8069604678117608,0.4402084072991879,0.4242269846335015,0.013229656980469793,0.09794301970994436,0.3855557940029667,0.3546996783638345,zirp
2021-06-07,-1.0040531445411853,-1.0282537676067802,-1.0681701712283413,0.451602272234506,-0.14600721443518197,-0.9749157353521478,-0.7449557526477636,0.4267845889944182,0.4516022722345058,-0.12942222897133931,0.24312403627625018,0.46517093285650635,0.32525761200444797,zirp
2021-06-08,-0.9556954521442916,-1.0095493665098743,-1.0724527443418965,0.3670636146427302,0.018035630258556905,-0.8560989299031441,-0.7473787641077737,0.5616146727173037,0.36706361464273013,-0.13129708412632793,0.24334453105573076,0.3880515047639476,0.24714614512604835,zirp
2021-06-09,-0.9527278098715808,-1.0061623483099278,-1.0838651478549828,0.36676200591735475,0.07576153763969881,-0.8515636554196229,-0.766745106951898,0.6047405275619606,0.3667620059173546,-0.03227430526569662,0.14009309816462912,0.3500221696288816,0.28580661468117297,zirp
2021-06-10,-0.9716760021033058,-0.9891191401715252,-1.069316618190592,0.4505131700914371,-0.03771954037683853,-0.8985876305558036,-0.7410859395094735,0.5096179653724846,0.45051317009143693,0.16106851092182561,-0.06678970091648744,0.35344806370832843,0.44110227981269157,zirp
2021-06-11,-0.9203991541789596,-0.9805319966309824,-1.0333852277111397,0.337463470007834,-0.010580489744421839,-0.7655285902751505,-0.6779284376633312,0.5221069839786975,0.3374634700078339,0.16191994199590726,-0.055717555666415876,0.24906706425770142,0.3325433126954408,zirp
2021-06-12,-0.9173107000065994,-0.9769779511110761,-1.030218724445717,0.3370868020132829,-0.010662197384262169,-0.7592279192761241,-0.6717135379230063,0.5164464694727511,0.33708680201328284,0.16072683343446903,-0.05459916874750472,0.24922346222913552,0.33176017661246476,zirp
2021-06-13,-0.9142326738654896,-0.9734375584427966,-1.0270644735183305,0.3367102427294706,-0.01074390551334288,-0.7529575731330608,-0.6655129119278087,0.510785814483845,0.3367102427294705,0.1595335402932551,-0.053480269352285593,0.2493798790450424,0.3309773981983781,zirp
2021-06-14,-0.9300028865969813,-0.9795932631597236,-1.0110623471213938,0.36469002223887736,-0.1057787996794524,-0.7878786774865701,-0.6366482270848972,0.42127781343374354,0.3646900222388773,-0.04245766155602304,0.1455302491885472,0.3521719595349062,0.2819080906337908,zirp
2021-06-15,-0.9247057118827171,-0.9732231948215024,-0.9799729167044001,0.36461412544020066,-0.1808986783948604,-0.8073716410932487,-0.5808090375547308,0.296033721988977,0.3646141254402005,-0.14864424680863048,0.250733058271476,0.39259562984225277,0.24225974520110685,zirp
2021-06-16,-0.9230799251598366,-0.9850941308999945,-0.9901991011859412,0.3363630876833046,-0.14699824040727663,-0.7216387917242846,-0.5984619795626741,0.41297369148168156,0.3363630876833045,-0.2300892582881204,0.2710240113615505,0.3976381561110861,0.20852310356079068,zirp
2021-06-17,-0.9218556761600798,-0.9697908447326601,-0.9561646194918709,0.36514307970973553,-0.23477431279737998,-0.7065414314674339,-0.542010516790593,0.3214892607812556,0.3651430797097353,-0.08655809518925077,0.14603370820747485,0.36949136339491134,0.2821012119999547,zirp
2021-06-18,-0.9179114122483293,-0.9356438915519687,-0.9064730757404987,0.42598488226851094,-0.3375265361227835,-0.6779943513882121,-0.4503913661170858,0.17661363407794153,0.42598488226851083,0.08577661907628728,-0.03928185114670172,0.3601154190624411,0.407839003473143,zirp
2021-06-19,-0.9154324268677186,-0.9325284076255109,-0.9039388846475649,0.42657942036283236,-0.33745420461089104,-0.6720639599136753,-0.44406106123815897,0.16972478398917787,0.42657942036283214,0.08373350472337347,-0.03769624425158793,0.36167625997985237,0.4076550380546126,zirp
2021-06-20,-0.9129608818860592,-0.9294237081664675,-0.9014123225044257,0.4271744023315889,-0.33738187772299993,-0.6661575746154954,-0.43770174442449233,0.16275933960504252,0.4271744023315887,0.08160473887022461,-0.0361088674389678,0.36328721371645534,0.40747110615848253,zirp
2021-06-21,-0.9135126519696004,-0.9163451177135173,-0.8998552663073851,0.4561014430223526,-0.34264447527164754,-0.6699751599052411,-0.4274048968994935,0.1378683682879477,0.45610144302235234,0.04329608448440762,0.006200558561866625,0.40464773709555013,0.4182547127583518,zirp
2021-06-22,-0.909202758561958,-0.89687338088626,-0.8818480149508211,0.4858569533095822,-0.3697217438016077,-0.5982851831597175,-0.3916209757989037,0.13977224795298662,0.48585695330958206,0.03222029170144835,0.027670755117854298,0.43639945964046484,0.4376313405160968,zirp
2021-06-23,-0.9077603738223067,-0.8814118810747307,-0.8841501036573485,0.5147481420351927,-0.36305818058158434,-0.6163322179080098,-0.3942934456850102,0.12423321599078771,0.5147481420351926,0.021532910379786968,0.04910511166406423,0.4672141303580602,0.4562347228564123,zirp
2021-06-24,-0.8800785954475163,-0.8760493859292187,-0.9046773591811402,0.45494133658199404,-0.257475438945548,-0.5534599543613161,-0.427475913238431,0.24766185351113634,0.454941336581994,0.02247842956825754,0.049229480537240966,0.41162191222825073,0.40104659979360274,zirp
2021-06-25,-0.8776208802749345,-0.8734459856380231,-0.9026828373483275,0.4544434584906667,-0.2564525636566657,-0.5830243362882923,-0.42236587419086025,0.20640163243795825,0.45444345849066664,0.3310559480035822,-0.282953422617292,0.29374742911295193,0.5251218334088149,zirp
2021-06-26,-0.8748838628944557,-0.870466976791362,-0.9000237556942452,0.4540014587210639,-0.2562941399196507,-0.5773430085889756,-0.41590389885275975,0.19790461931499592,0.45400145872106384,0.3299288790500069,-0.28215008762927546,0.2938248383767496,0.5243545259141144,zirp
2021-06-27,-0.8721551397802247,-0.8674971938237498,-0.8973728729044625,0.45355965362633904,-0.25613573264148043,-0.5716834654510297,-0.4094049495143735,0.1892303754787024,0.45355965362633893,0.32880234392213964,-0.28134703451084936,0.2939022526932899,0.5235878238049004,zirp
2021-06-28,-0.8701532309151107,-0.8799232511767938,-0.993105931556523,0.4229100916229861,0.027092756969381446,-0.6243493933924102,-0.6068582506442133,0.5047717388117972,0.422910091622986,0.26960835166407765,-0.21841896473698963,0.2881647904205231,0.4717100811076037,zirp
2021-06-29,-0.9094674717097435,-0.8855861230136952,-1.0092860164785098,0.5133502509781712,-0.029937621589259427,-0.74757431320759,-0.6532818108686611,0.4643239187900009,0.513350250978171,0.2628555650929739,-0.2179134760329852,0.37439575961818233,0.5548443641022696,zirp
2021-06-30,-0.8853829304608779,-0.8709103404097791,-1.0100236534118867,0.4819392223683298,0.0514941167808022,-0.681967272074918,-0.6570832921842316,0.535965963678637,0.4819392223683297,0.09729028524843608,-0.05146899331627012,0.40843587679150944,0.4635227626994465,zirp
2021-07-01,-0.9300124354304605,-0.8985193761967334,-0.8616994356554893,0.5406194065175934,-0.4627793634295734,-0.7986346643256398,-0.3395449191994373,-0.182504615788011,0.5406194065175933,0.029970491987214284,0.022283511185784345,0.4883696096610757,0.48999623234648304,zirp
2021-07-02,-0.8827351680757417,-0.8833828949191027,-0.8429863761197326,0.4499768391953656,-0.39417003591566985,-0.7015183031531341,-0.29668179850141996,-0.16622970888301328,0.4499768391953654,0.19614728245343102,-0.1542943405764262,0.3414063654946477,0.47254274875328406,zirp
2021-07-03,-0.8801086159756453,-0.8805032412254652,-0.8405612683033735,0.44953919680791815,-0.3938414468701449,-0.6968826720798585,-0.28889103127296006,-0.17915609633391932,0.44953919680791815,0.19499587840256555,-0.15359497548238676,0.3415166893039207,0.4718401985403296,zirp
2021-07-04,-0.8774899212418001,-0.8776325660615593,-0.8381427770308312,0.44910174388434754,-0.393512956362646,-0.6923509547616088,-0.2809658980993368,-0.19255291774939123,0.44910174388434754,0.19235273685318785,-0.1528956633497722,0.3424367078521518,0.4711381156477626,zirp
2021-07-05,-0.8748790227922539,-0.8747707921862047,-0.8357308538483534,0.44866448010890775,-0.3931845642625242,-0.7154010492528424,-0.27227806403978316,-0.2346439253004366,0.4486644801089076,0.08908081577171648,-0.04836107249012675,0.3813128932196661,0.43159187434441565,zirp
2021-07-06,-0.9203101262760709,-0.8896058301753621,-0.7911274538714437,0.5362627150847987,-0.5609835815816021,-0.8843389026722894,-0.1709904304255855,-0.5978166446739053,0.5362627150847985,0.10448798683484231,-0.06896337619951175,0.45657740301317856,0.5200307682544659,zirp
2021-07-07,-0.8965385652132921,-0.8891612006540982,-0.752036220044641,0.47580122878904735,-0.5694797824720084,-0.8298939540993322,-0.07246590128300573,-0.7218914968679612,0.47580122878904724,0.16447283592484158,-0.10996501203359817,0.3778969934028751,0.4796260813117403,zirp
2021-07-08,-0.9159853598598676,-0.8856302133377847,-0.7948047049119336,0.5342707244993223,-0.5504947209050148,-0.922740016240324,-0.16245837970739455,-0.6502200988589788,0.5342707244993221,0.2664507151787477,-0.21334524252715262,0.3933637063952224,0.5721276938936203,zirp
2021-07-09,-0.9602895304598513,-0.8859622402065858,-0.7976941026074075,0.6495592855073289,-0.6388416676730003,-1.0540323921937012,-0.1649783629603946,-0.778473957925228,0.6495592855073288,0.19331861074513315,-0.1716428190534287,0.5279765939926084,0.6627481240008606,zirp
2021-07-10,-0.9572544872200107,-0.8830542049659735,-0.7954778914818096,0.6484099404503948,-0.6377500316361883,-1.0565394308383136,-0.15462115752880684,-0.7973974795856784,0.6484099404503947,0.19278179489766406,-0.17155810487409806,0.5272197160104701,0.6616315345136594,zirp
2021-07-11,-0.954230149546777,-0.8801553036276176,-0.7932671031845641,0.6472620919298877,-0.636659743172121,-1.0598481168139735,-0.14389324567134107,-0.8170847186378037,0.6472620919298875,0.19222898762705326,-0.1714733940066749,0.5264703144983225,0.6605163915900089,zirp
2021-07-12,-0.9054580150118954,-0.8758544684864153,-0.8149376769368255,0.529604913958384,-0.5049822224326486,-0.9077537127672378,-0.199530420674022,-0.5630647660219656,0.5296049139583838,0.15723426357249023,-0.11058554944449354,0.43088438606430407,0.5293398772686647,zirp
2021-07-13,-0.8811075059763862,-0.8602742181795058,-0.7870281371644962,0.49909482123277626,-0.49944446947995597,-0.8257303613511056,-0.11798122054957841,-0.6295404867860198,0.4990948212327761,0.07313627616461486,-0.025730781017011175,0.43461278682324167,0.4695463621880969,zirp
2021-07-14,-0.9039357362338089,-0.8622346004256628,-0.7875091503237449,0.5550389419086434,-0.547144626491171,-0.9334747572030695,-0.11423854125144646,-0.7432440094747218,0.5550389419086433,0.1705137827520556,-0.12977026526524374,0.44959011030013823,0.5599376153427348,zirp
2021-07-15,-0.8798660281905595,-0.8607119441817285,-0.799657142873056,0.4957846451892844,-0.4798544065173909,-0.8826799957167476,-0.16039902541619136,-0.6067708648885155,0.4957846451892842,0.16425058166792902,-0.13010972833948453,0.3971892681347607,0.5054599130006591,zirp
2021-07-16,-0.8965784765074502,-0.8537790604307081,-0.7252270921605909,0.5543987632463728,-0.618102025160182,-1.0043656597833013,0.05840081680151904,-1.091910904749316,0.5543987632463726,0.12429729937465987,-0.08925254572813163,0.4668134790211281,0.5442598423337561,zirp
2021-07-17,-0.8940003609454984,-0.8512341637874185,-0.7233817363410885,0.5534328219584447,-0.6171377542847294,-1.0108478699125334,0.07402540505825143,-1.1077949627204309,0.5534328219584446,0.12264514967443789,-0.09001445997491435,0.4666941477725921,0.5436829463233153,zirp
2021-07-18,-0.8914300046085135,-0.8486964843433893,-0.7215400537362534,0.5524678347827869,-0.6161745349653259,-1.0187265251863646,0.09056113801781229,-1.1241265735630481,0.5524678347827866,0.12099163125445873,-0.09077674288107378,0.46657483243853104,0.5431064217078827,zirp
2021-07-19,-0.8879060695367769,-0.8585183119636818,-0.7046763744353185,0.5230194601185291,-0.6307622537067286,-1.014547300877992,0.15767992851090565,-1.2305862557499332,0.5230194601185287,0.07613113008346374,-0.051346000115653656,0.4562832014595104,0.501402726012996,zirp
2021-07-20,-0.8862520516613192,-0.8849381803987745,-0.712142116078779,0.46351918804844927,-0.6204545476426739,-1.0180374837230426,0.15049294024334872,-1.2181227468049796,0.463519188048449,-0.041011209383602656,0.07252750565819514,0.4454772513772288,0.40048884985597605,zirp
2021-07-21,-0.8826333967365286,-0.8527477717942399,-0.7170333587691297,0.5219374973757197,-0.6091628069361472,-1.0132961363920543,0.19074193298628972,-1.2744169234266969,0.5219374973757196,0.059339884645129,-0.033130226319958475,0.46179973377663547,0.49376189285424454,zirp
2021-07-22,-0.8812806315692127,-0.8795056409363291,-0.7311523116829114,0.46242908639649316,-0.590360606497393,-0.9393399289894876,0.15969651355896716,-1.1373352824423966,0.46242908639649283,-0.24494651074481225,0.267028541618251,0.5216279837442003,0.3274013837686055,zirp
2021-07-23,-0.8566100875117297,-0.8350801390304686,-0.7267809201445005,0.4913514122189524,-0.549919489106588,-0.8355445528622976,0.19310691235133648,-1.0729932321642603,0.4913514122189522,0.10854332410654624,-0.08955799616155359,0.4148577825383626,0.4867295928587623,zirp
2021-07-24,-0.855128908916739,-0.8336905168870181,-0.7257892677902139,0.4906449862628078,-0.5492322362296518,-0.8414433309803616,0.21628299684193375,-1.0930817233658432,0.4906449862628075,0.10784577102136012,-0.09122507076952857,0.4145196677691755,0.4867713634936479,zirp
2021-07-25,-0.8536505995551786,-0.8323034118992456,-0.7247988609259934,0.4899390509068952,-0.5485455004955732,-0.8488674304777976,0.2415975613605797,-1.1139133477846164,0.489939050906895,0.1071482035190911,-0.09289506990533461,0.4141816618781895,0.4868131362111341,zirp
2021-07-26,-0.829798169960559,-0.8168328643006596,-0.6895984352458057,0.46010398343888087,-0.5501351938623578,-0.7324660338769414,0.40282397596756375,-1.218247381718499,0.46010398343888065,0.23386605634659,-0.21920122043979595,0.33879785662064493,0.5061113713889709,zirp
2021-07-27,-0.8290006353002365,-0.8162626938546531,-0.6473796342236506,0.45943389694675013,-0.5983319582289041,-0.5741518510265129,0.6006379849133829,-1.3353864796278108,0.45943389694674985,-0.6253681059572963,0.6526907854193048,0.6626173465175534,0.18224657482188295,zirp
2021-07-28,-0.7833220949599444,-0.7179479205261124,-0.6281344499707384,0.546630920085919,-0.5446126836368332,-0.3257297289595006,0.706393889897276,-1.2559629642300354,0.5466309200859186,-0.6488179514038696,0.6706753399623719,0.7522424769261676,0.2564222899495203,zirp
2021-07-29,-0.812508996313685,-0.7703457889933208,-0.6636742920860527,0.5133406652980737,-0.5525951253929208,-0.48386111989717145,0.5849377266556699,-1.2157021740026368,0.5133406652980733,-0.8423785905504562,0.8715107506488561,0.7940649206278649,0.15161640698416068,zirp
2021-07-30,-0.8292219653663425,-0.7632465388404553,-0.6575679620190222,0.5724903225679914,-0.588722680724211,-0.656273241505358,0.6550682048649916,-1.4443158486860352,0.5724903225679912,-0.8445209114493467,0.86827481921703,0.8495276663624189,0.20754117343860165,zirp
2021-07-31,-0.8282312781664236,-0.762628045541068,-0.6573339919396637,0.571511002490916,-0.5877433403279378,-0.6538090117795109,0.7052901536841303,-1.488943078040406,0.5715110024909157,-0.8421276422425873,0.8650488980441257,0.8475051291480508,0.20787522812482526,zirp
2021-08-01,-0.8272419220631377,-0.7620100733581026,-0.6571000950596056,0.570532690761535,-0.5867650352591882,-0.6516751162585492,0.763157604636319,-1.536915797008935,0.5705326907615346,-0.8762256748457302,0.8618328843358499,0.8536153676717132,0.2082093658595267,zirp
2021-08-02,-0.7182854359938629,-0.7917644696915805,-0.6576393406902082,0.2215166548024587,-0.4000571283949657,0.0036802170521952685,0.8257146953221591,-0.9985979538937372,0.2215166548024585,-1.001139294620999,0.9836712933061365,0.5747933900059767,-0.16035034583574845,zirp
2021-08-03,-0.7156971418417589,-0.7885924012298324,-0.6815930252655854,0.22124318629750084,-0.3602928176120726,0.03649924455360614,0.7431995806678595,-0.836292178971963,0.2212431862975007,-1.0043730158860096,0.9797745058757452,0.5756253552388783,-0.15922272787683842,zirp
2021-08-04,-0.737385105290288,-0.8155487037842396,-0.6779743513738394,0.221369764058243,-0.4042053859862653,-0.09230412873818525,0.7841642082005333,-0.9715415755319874,0.22136976405824285,-0.7734350824853873,0.7521526970519493,0.4896685223377705,-0.07333149683614272,zirp
2021-08-05,-0.7349424183257871,-0.7987130297971091,-0.6850086810662861,0.250294461883398,-0.3895271328893576,-0.06882125993120831,0.7621131807415088,-0.9076113574134099,0.2502944618833978,-0.8589980291454508,0.8374543454880203,0.5445494982758173,-0.07460886017309803,zirp
2021-08-06,-0.7887932422076529,-0.8244456760290731,-0.6469999490097763,0.33774263370787694,-0.5345892881049285,-0.4374938754689432,1.0183420140670483,-1.435290945956861,0.3377426337078767,-0.86269188813654,0.8431243245950212,0.6229089911827396,0.010568623732273704,zirp
2021-08-07,-0.7874023771067415,-0.8228724481046691,-0.6460903185176765,0.33743469728119896,-0.5339434777791523,-0.43811880335635855,1.0581423724341648,-1.425767473027008,0.3374346972811987,-0.8677650838222832,0.849457849948017,0.6198863598156193,0.014207184945788275,zirp
2021-08-08,-0.7860139490232183,-0.8213023504361997,-0.645181669493102,0.3371268361532288,-0.5332981181616121,-0.44045743601107007,1.1012905246733522,-1.4163593285833234,0.3371268361532287,-0.8734105975837573,0.8565347256468718,0.6168658483897209,0.01787040455963899,zirp
2021-08-09,-0.7510056182804812,-0.7778937528624973,-0.6277061220279263,0.33662415603864737,-0.4967206160111318,-0.17140078991567542,1.210442995073944,-1.338426588956194,0.33662415603864715,-0.6770837620168134,0.6765401612272881,0.5458722363112007,0.08376607094363996,zirp
2021-08-10,-0.7752578749335288,-0.8095073196697209,-0.6328613317609895,0.3349736424886713,-0.5323688367978068,-0.36524148887651403,1.1938278532740643,-1.4384154764614625,0.33497364248867106,-0.4087559448023943,0.39838680683044037,0.4529079295840277,0.1782838571931858,zirp
2021-08-11,-0.7589174332191387,-0.7906968753363327,-0.6259496421519732,0.33340668345882113,-0.5207771084245474,-0.22133113838040522,1.2637659415234985,-1.4112420326635862,0.33340668345882096,0.14488722244552305,-0.1534149501187814,0.26321369424736696,0.36632136083397665,zirp
2021-08-12,-0.7782426359901259,-0.8166730287422703,-0.5897589054226176,0.3298039614539997,-0.6730061234116326,-0.40009299804986964,1.5042458205376474,-1.7601589175800467,0.3298039614539995,0.19054199566850502,-0.19857451739393617,0.2436830297199522,0.3787110171680425,zirp
2021-08-13,-0.7531724957423378,-0.7823612163680602,-0.6087520529525026,0.30739131882614534,-0.593824655997379,-0.08189456425192994,1.378133524361963,-1.4252191114062942,0.3073913188261452,0.19709150457038668,-0.2007664380342625,0.21367053449212345,0.35789493221600704,zirp
2021-08-14,-0.768812150946284,-0.7820480505561702,-0.6078622362027374,0.319960333084429,-0.6169777550658887,-0.0758708023472767,1.3800745384249098,-1.4170466292560784,0.31996033308442867,0.19948615696609315,-0.202965289495717,0.21518381089295627,0.3687444368686136,zirp
2021-08-15,-0.7872730917085156,-0.7818570351820201,-0.6069733184266467,0.34172163334329675,-0.6474772714959252,-0.0697949267312444,1.382021016261126,-1.408960884363802,0.3417216333432964,0.20188947436110416,-0.2051711403420249,0.2205352193148648,0.38509021462849646,zirp
2021-08-16,-0.796418852514876,-0.7830503476369697,-0.6715714165528791,0.3542575544554572,-0.5431653404259654,-0.09000520142584383,0.9588215646293581,-1.0004293277505656,0.3542575544554567,0.005113654089984018,0.02412905773522125,0.32190921966440716,0.2847588917460374,zirp
2021-08-17,-0.8195442387907163,-0.8082208102773779,-0.6676916818802764,0.3555755196992095,-0.6153349300178814,-0.149553294480486,0.9769611308548808,-1.0551705990927247,0.35557551969920886,-0.17809323179887174,0.2070898767093474,0.4197900510170544,0.1926570256575297,zirp
2021-08-18,-0.8201985898187095,-0.8084662441062128,-0.6606387554583544,0.35649147392303654,-0.6298547646080895,-0.13546240841148768,1.0117637517585678,-1.0826164850357982,0.356491473923036,-0.21217155653048783,0.20183401095680636,0.4373049431590963,0.19989784332193952,zirp
2021-08-19,-0.7958531365975096,-0.7950123480489338,-0.6419483636250881,0.3102454675846628,-0.6104437444480338,0.06369996608067177,1.1228378610873224,-1.078769064567776,0.31024546758466226,-0.3478215757677651,0.3411924812312769,0.4647412367175715,0.09577513040299587,zirp
2021-08-20,-0.7985034682083798,-0.7970202014604454,-0.6521060755286415,0.31215067828272125,-0.5957373934031648,0.06781397991574849,1.0494156133835484,-1.0087311284011056,0.31215067828272064,-0.3364072934117606,0.33854854209894897,0.459889765465321,0.09876993035238867,zirp
2021-08-21,-0.8008735749647296,-0.7987237792533998,-0.6521732259878523,0.3140126101058229,-0.6010505927866603,0.0741055240177062,1.0411093746694304,-1.0022327958646877,0.3140126101058223,-0.33359474231797503,0.3359011655883492,0.4594585165956204,0.10173874413911278,zirp
2021-08-22,-0.8032531691793542,-0.8004321011923567,-0.652240382698224,0.31587962900005556,-0.6064210321013388,0.08046394945427167,1.0328744919696988,-0.9958252035280312,0.315879629000055,-0.33077700929158665,0.33325026048641493,0.4590274556316522,0.10472187853234947,zirp
2021-08-23,-0.7888002579628373,-0.7964043312021707,-0.6796932878649689,0.27335779711645225,-0.5075238528264463,0.22274842784379373,0.8463280297939514,-0.7234516893898556,0.27335779711645164,-0.2735689847094015,0.2824842698371809,0.38954681730175944,0.09362936574065062,zirp
2021-08-24,-0.8186983606312856,-0.814052060108292,-0.7364983802154559,0.32325197337962247,-0.43303709712903615,0.030993589729131233,0.6447621473193993,-0.637593349287683,0.32325197337962186,-0.38027872166575644,0.38346569904911587,0.48936183487766144,0.08707225554889607,zirp
2021-08-25,-0.815896147988144,-0.8105666019186388,-0.6798481399495736,0.3235077360542397,-0.5649019620603225,-0.06516531743833155,0.9867676746973215,-1.0457703055135192,0.32350773605423916,-0.5588902446403954,0.5670925263678628,0.5816000091572884,-0.0003514457645041437,zirp
2021-08-26,-0.8202554717743157,-0.8142641879125831,-0.6846033726437186,0.32577946990091095,-0.5561991656126225,-0.039988020224759876,0.9327169572914596,-0.978061631003318,0.3257794699009105,-0.6103592174469857,0.6128677319085056,0.6100445679305224,-0.020712915802431182,zirp
2021-08-27,-0.8051210763097122,-0.8103078850575187,-0.6690781936477913,0.2818319728621854,-0.5468347541827998,0.09617021483622776,1.0076906215950685,-0.974280132793247,0.28183197286218487,-0.6624247789522911,0.6584846472689483,0.5967588444256069,-0.07965343689229448,zirp
2021-08-28,-0.8081871868895477,-0.8125977060881079,-0.6665246399793946,0.28393447824069756,-0.5522232694348349,0.09801942490334084,0.9999292439984063,-0.9674011809904471,0.28393447824069706,-0.6599501469593031,0.656356939707806,0.5972678230360248,-0.07738254335026594,zirp
2021-08-29,-0.8112696384997035,-0.8148963374762679,-0.6639878913245907,0.28604364154747364,-0.5576719823530051,0.09987114352406316,0.9922322644649225,-0.9605920494531535,0.2860436415474732,-0.6571180572591726,0.6542331236952137,0.5972810426589035,-0.07510659532241643,zirp
2021-08-30,-0.7856017688157003,-0.7998023988837434,-0.6858417932896169,0.24016501997500642,-0.43016932719518286,0.17489987213600927,0.8358524870111016,-0.750617974333504,0.24016501997500597,-0.6940145833010523,0.6920514746955755,0.5748012226863469,-0.1321379335306988,zirp
2021-08-31,-0.815468170716464,-0.8177977766739561,-0.6841166239014154,0.2893987080136012,-0.5084378246899116,-0.03474502862728815,0.7835085720379047,-0.8241764122357231,0.28939870801360074,-0.6960079657594412,0.690128685411995,0.6203610847506235,-0.09044303216675907,zirp
2021-09-01,-0.8420391556945234,-0.8321128305592641,-0.5947828154981737,0.3384831485242421,-0.7638868903195419,-0.2229526609853897,1.3121575805653893,-1.4781052585902634,0.33848314852424144,-0.6491656125949445,0.646983126786215,0.6407668741679096,-0.02912728317026734,zirp
2021-09-02,-0.8673521425506633,-0.8598560847783377,-0.6097519570977636,0.33917908638031136,-0.7921222787567582,-0.3800843644501611,1.190144955005031,-1.4449289643960366,0.33917908638031075,0.04399855786743093,-0.03578723497436079,0.28388915213777705,0.30008920707369546,zirp
2021-09-03,-0.8488380997427314,-0.8384992625574254,-0.6443447726545108,0.3412755702950931,-0.6734513711803155,-0.06853084087998243,0.9495800159577787,-1.0088575178379697,0.3412755702950925,0.12503908909846223,-0.11945301705530109,0.24394089277892633,0.34209432243707627,zirp
2021-09-04,-0.8495814529430497,-0.8388738346941951,-0.6413368250719671,0.34221813586276323,-0.6780901673118612,-0.07091530927825976,0.9422928407256553,-1.0008867239647627,0.3422181358627625,0.12506242973029616,-0.1192623290401859,0.2447205443865833,0.3427615274936388,zirp
2021-09-05,-0.8503256636482646,-0.839248619589902,-0.6383325459591032,0.3431617976472873,-0.6827702157258694,-0.07330427309379392,0.935060895323467,-0.9929793437119381,0.3431617976472867,0.12511499376851273,-0.11907165049275079,0.24548381518395457,0.3434292439265966,zirp
2021-09-06,-0.8509764224515198,-0.8395272398353695,-0.6352577539251846,0.34410102451198893,-0.6873146423583107,-0.0741170156589276,0.9279224599747588,-0.9853192778869206,0.3441010245119883,-0.11489279446285043,0.11830614317273015,0.37005858191294183,0.22982329592204348,zirp
2021-09-07,-0.8398581987462507,-0.8131929779617151,-0.6474607597212539,0.39029898419602804,-0.6281756799758106,0.00725555663235816,0.8439369518500859,-0.8503343835222282,0.3902989841960273,-0.024293558652773075,0.024249763731817794,0.36511565198042484,0.31368172567362074,zirp
2021-09-08,-0.8109425459370225,-0.7818110257786502,-0.6225980892354512,0.38875112937688827,-0.6113970986726498,0.21222119933111913,0.9766962755129621,-0.8620869238832617,0.3887511293768876,-0.24067871535094107,0.2392132750974269,0.47525731486924694,0.20887823528951305,zirp
2021-09-09,-0.8385337081208764,-0.8130661347392744,-0.6232232373251188,0.38743854394106314,-0.679922809504751,-0.001196033255840062,0.9527507266992696,-0.9673485079859839,0.3874385439410625,-0.19128160975328096,0.19055701539004571,0.44862574955683615,0.23123628976143365,zirp
2021-09-10,-0.8343970711198533,-0.8094768295391717,-0.6130520605299927,0.38517978058540575,-0.69392332989527,0.0590303117819044,0.9964782050472017,-0.9760917314175142,0.3851797805854051,-0.18225374821531728,0.17720371979574917,0.4420057662816365,0.23571074503193545,zirp
2021-09-11,-0.8328275584107075,-0.8086696842077445,-0.6106684703547964,0.3831343635032897,-0.6974894366473484,0.05714096385741497,0.9927580059749269,-0.9741851792442368,0.3831343635032891,-0.18123671935840294,0.1762465113532784,0.43971018181183846,0.2343897569800697,zirp
2021-09-12,-0.8312611863305627,-0.8078634300953791,-0.6083074638940715,0.38108932979803023,-0.7010786549529818,0.055250502095017535,0.9890564761076975,-0.9722838146367703,0.3810893297980297,-0.18021971938359688,0.1752893432602418,0.43741525340997645,0.2330688210098146,zirp
2021-09-13,-0.8562863608874207,-0.8220171130080326,-0.5880553145627487,0.42719243654128847,-0.8061294526700296,-0.14872235323495922,1.091222221049164,-1.2006121921719364,0.4271924365412878,-0.17265280560804053,0.16384459470641646,0.47509190646270594,0.27693920834531216,zirp
2021-09-14,-0.8576132578587855,-0.8246235660717836,-0.5736208152716451,0.4245094542744972,-0.839702957214542,-0.17030809193248153,1.1591469712078177,-1.278045147814932,0.42450945427449654,-0.11450952691492967,0.11894475885948974,0.4420317123416675,0.29683222647925495,zirp
2021-09-15,-0.8248547558419326,-0.8040607312859837,-0.5967085630576217,0.37312995578931035,-0.7156574309256951,0.06555147196504695,1.0053695133153149,-0.9803435818619748,0.37312995578930963,-0.1438731286948787,0.1681638774967004,0.410402107072165,0.23024589091483919,zirp
2021-09-16,-0.8362130113783018,-0.8182308224897263,-0.578570269799036,0.3688517351385868,-0.7826295415964266,-0.03459815715276471,1.0991011538364186,-1.1318236700099658,0.36885173513858616,-0.01707735878778685,0.02501448234910748,0.34089134907270907,0.29561302734284267,zirp
2021-09-17,-0.8586211271184306,-0.8292198019113811,-0.5612272708951489,0.4158876770310481,-0.871938480888127,-0.220720004258078,1.1839542197591824,-1.3209206920855596,0.4158876770310474,0.2717095241520419,-0.260645459911674,0.2336020146367915,0.4734452071966449,zirp
2021-09-18,-0.8557014889807688,-0.8270305124971569,-0.5585842737518409,0.41307744694058784,-0.8716154005270308,-0.21256049373009206,1.1822357043255118,-1.3099400312807696,0.41307744694058707,0.27047786229876675,-0.2594283944511468,0.23134709020800043,0.47062416556930325,zirp
2021-09-19,-0.8527906163978496,-0.824846764509008,-0.555943433932354,0.4102642147901243,-0.8712924721454133,-0.20424963953302852,1.1805214549363778,-1.299100923897206,0.41026421479012365,0.26924648814626445,-0.25821157090637636,0.22908938884633007,0.46780173440183287,zirp
2021-09-20,-0.8534490411116711,-0.811788333677755,-0.5337616222511395,0.4571622518547152,-0.9133130870589542,-0.2272106955558067,1.2924727736956572,-1.4200877530963978,0.45716225185471443,0.019607231382101204,-0.01721955999366796,0.40000968071976306,0.3898929287108982,zirp
2021-09-21,-0.8278757555903106,-0.7989494180386331,-0.5448848283048837,0.40436341344548804,-0.8346398619346619,-0.036209548025768715,1.3305799249068302,-1.355052732919304,0.4043634134454872,0.1250320020275745,-0.11095414601757346,0.29758902742846083,0.39186684245538494,zirp
2021-09-22,-0.8247698796665349,-0.7816878035739246,-0.5371600777317647,0.45093136961646674,-0.8428522282568817,-0.02627844241492948,1.3558846326046916,-1.3751143795128402,0.450931369616466,0.13402441806241833,-0.11038592864418406,0.33418328647420126,0.4303525069257615,zirp
2021-09-23,-0.8121602218287083,-0.7980754424939048,-0.5579194403602495,0.34695523736845046,-0.7752476866082614,0.06508589996915998,1.2204575126271144,-1.1923910747099928,0.34695523736844985,0.061553815660241665,-0.061079845986076096,0.27752285320545694,0.31942498645320705,zirp
2021-09-24,-0.8370947729874098,-0.7954572682759641,-0.5485612453165717,0.44729830490127304,-0.857231451412324,-0.16117213353703744,1.2624103116860466,-1.3492745668057742,0.4472983049012723,-0.1028116441570983,0.1078022001257062,0.4506965840222983,0.31816281450558626,zirp
2021-09-25,-0.8344153454573906,-0.7921453206424015,-0.5474005575073656,0.4458078190007574,-0.8563722016734749,-0.15134484952264576,1.2567685616727613,-1.3377120095570123,0.4458078190007565,-0.10417245455467951,0.10894209631023953,0.4480352235406179,0.3145102025599331,zirp
2021-09-26,-0.8317570496102669,-0.7888409608113627,-0.5462411505245457,0.4444440549047101,-0.8556012470185422,-0.14121993637694938,1.2511697274515592,-1.3263052266783955,0.4444440549047093,-0.10476379902356324,0.11008310506269556,0.44482529652277353,0.31083918049359943,zirp
2021-09-27,-0.8295736801767876,-0.8005872773985506,-0.5530360372214995,0.38948539867127335,-0.8367979076517066,-0.13161552063498855,1.1957246172485483,-1.265783449537331,0.3894853986712725,-0.0837408739070493,0.08726947137828651,0.3831120379109418,0.2748198063690561,zirp
2021-09-28,-0.9322482709198173,-0.8527094294562377,-0.5592717000189021,0.6081675085126318,-1.084691262965382,-1.0947959775555913,1.1452992939275037,-1.6563868089684037,0.6081675085126306,-0.1043981295030395,0.08845060206135985,0.5825733918242373,0.45387396166524063,zirp
2021-09-29,-0.9807992937210332,-0.8751472603679392,-0.5571480616381718,0.7205786348218592,-1.2136107895884873,-1.5754679569252843,1.1435586400434874,-1.8625665318985145,0.7205786348218577,-0.088921715969805,0.08963288501190345,0.6693116784044844,0.5450682121606104,zirp
2021-09-30,-0.9027710549396708,-0.9113967453263807,-0.6052277737308694,0.26637682234493765,-0.9381572850817649,-0.5815828644261261,0.8569986501382626,-1.1215985529152028,0.2663768223449371,-1.7737954591251368,1.762791061621493,1.2072086596652982,-0.7232756272750884,zirp
2021-10-01,-0.9004734038810788,-0.9234852212529094,-0.6338339539838838,0.20598290711685857,-0.8829480927966254,-0.8455178413516395,0.684213573083405,-1.062896936846901,0.20598290711685804,-1.9380572352301397,1.896309621582951,1.255562269647155,-0.8554335446024242,zirp
2021-10-02,-0.8973686589542983,-0.9198074754384058,-0.632860186670486,0.20121258763805158,-0.8845758475416426,-0.84289765887115,0.6810404042164121,-1.0545856061629868,0.20121258763805114,-1.9273054658668347,1.8862399002869596,1.2551489737260197,-0.8653760682020749,zirp
2021-10-03,-0.8942808094433676,-0.9161420012370785,-0.6318875119854037,0.196370455732129,-0.8864426237472705,-0.8405539324061996,0.6778780592023028,-1.0463486344320116,0.19637045573212847,-1.8619705259216515,1.8762854077456603,1.223700883393107,-0.8755188886091011,zirp
2021-10-04,-0.8664634745439905,-0.9299162059543166,-0.6035073233229377,0.019477383577088864,-0.8719749449265062,-0.5943180688292913,0.8294702742979801,-1.0891014202944105,0.01947738357708879,-1.7639016487556054,1.7264386124756101,1.0253055953881796,-0.9439238659369522,zirp
2021-10-05,-0.8340833175389276,-0.8799979822507722,-0.5714488816123962,0.0717007686100191,-0.8581447805455432,-0.2952750430444128,1.0036189099242092,-1.1366454441738625,0.07170076861001891,-1.8508920712361234,1.8120388199572661,1.1251808317744132,-0.956328513694868,zirp
2021-10-06,-0.8321773138436153,-0.8772553929750166,-0.5232180717457141,0.06694682623312764,-0.9633997946286553,-0.2901876978401061,1.2694958860223209,-1.4008136610903108,0.06694682623312743,-1.7690137486749113,1.7597768634028863,1.0776868236522377,-0.939296941224677,zirp
2021-10-07,-0.8304849534806955,-0.8437856874732813,-0.5263219489587463,0.17900373310719744,-0.9626713687821867,-0.2202318808816651,1.2368239772819027,-1.3409681464216152,0.179003733107197,-1.7154371061902596,1.703435388316445,1.1485728143765654,-0.831915298836492,zirp
2021-10-08,-0.8036167499571998,-0.8108811877076388,-0.5115347965283857,0.17294188575648137,-0.9246519510985833,0.11274324197454004,1.3021972020235555,-1.2793672608257443,0.17294188575648098,-1.3617083392827583,1.353554385898284,0.9515346584649541,-0.663800622696045,zirp
2021-10-09,-0.8058263021933595,-0.8087852614292651,-0.5102213524544527,0.16690337461264615,-0.9372294107515684,0.11956235802068683,1.2911942449765048,-1.2695341036265844,0.1669033746126457,-1.3601183504000967,1.3517450466653005,0.9609447297181003,-0.6979121585779595,zirp
2021-10-10,-0.808345582763106,-0.8067259197726718,-0.5089093176659438,0.16069292780207023,-0.951401273393862,0.12646659356335602,1.2803306401211776,-1.2598309121093998,0.16069292780206984,-1.342521453168901,1.3499402452265827,0.9613952214543587,-0.7356029157812286,zirp
2021-10-11,-0.8106244978746356,-0.8041524751092427,-0.5062799877139181,0.15408971374671213,-0.9687300148275804,0.1283360992446311,1.3325442235668652,-1.303097602200639,0.1540897137467116,-1.3673041782386226,1.3713846396587221,0.9896552812848726,-0.793259933149922,zirp
2021-10-12,-0.8552102175354038,-0.8212965763223108,-0.4996278674387231,0.23545460229171858,-1.0980479692731837,-0.17798198413129906,1.357983039227264,-1.4527553223987162,0.23545460229171766,-0.905023573069157,0.9016661545100455,0.7863931712278129,-0.479392536012619,zirp
2021-10-13,-0.8383175955884604,-0.7996547794892597,-0.504657254377777,0.23567046384030652,-1.0382198299096956,0.0034246926181603697,1.3091445069709473,-1.328899535761788,0.2356704638403054,-0.8946235514664123,0.8994787286955764,0.788701310113171,-0.49769373056911753,zirp
2021-10-14,-0.8707967398999225,-0.8293725394114084,-0.527155821175311,0.2314016948739041,-1.0759033167909535,-0.058279188533806855,1.1624300199842157,-1.2034581719824966,0.23140169487390302,-0.8925123019934778,0.896440509228048,0.7907286762962362,-0.5083445781092485,zirp
2021-10-15,-0.8613882235294641,-0.8178791518138909,-0.5214404193024234,0.2236837341615476,-1.060069332905993,0.07971970407897212,1.1899621378794976,-1.1741720470178245,0.22368373416154658,-1.004532334444003,1.0103382384083357,0.8704834585678846,-0.6104076313585395,zirp
2021-10-16,-0.8619678218185642,-0.8157238008118148,-0.5196964373234331,0.2188243405584663,-1.063499197043347,0.08251527236938172,1.1905643199834244,-1.1722711093364149,0.21882434055846514,-1.0018389097635925,1.0076292672376834,0.8706645797621138,-0.6238005933663469,zirp
2021-10-17,-0.8627168536028195,-0.8136033408483957,-0.5179544896697152,0.2138828422828048,-1.0672687042077054,0.08531798896046157,1.1911670430153805,-1.1703753794323573,0.2138828422828036,-0.9925905379875747,1.0049295713742983,0.8661640855731176,-0.6376490736024597,zirp
2021-10-18,-0.8583715491571161,-0.809565976546787,-0.5272533282781455,0.20870056547409782,-1.0321498333870922,0.09602813204123076,1.1252278170563497,-1.097767634479183,0.20870056547409657,-0.983889852868068,1.0022390803725907,0.8590084235231938,-0.6456652109504849,zirp
2021-10-19,-0.8567278745386805,-0.8077714671780688,-0.571445084943131,0.20514557126979366,-0.9082724091633695,0.08471953309546522,0.7956497345318961,-0.7653567324309488,0.20514557126979246,-0.9828013715590043,0.9991716970527483,0.8574118594636523,-0.648641413216779,zirp
2021-10-20,-0.8594168468666998,-0.8250275700774491,-0.5978100182334377,0.10350426963996848,-0.8335714090128333,0.04616860354846086,0.6319634023998678,-0.612919540745924,0.1035042696399679,-0.9671457485516032,0.9956664032554126,0.7857808320677662,-0.7174147794967984,zirp
2021-10-21,-0.8556626074080498,-0.8209282647588021,-0.5874828202607487,0.09915979645572222,-0.8506136323714504,0.06435292565689181,0.6791959297337281,-0.6514859592852159,0.09915979645572154,-0.9771422630095031,0.9928060007833134,0.7916005889578521,-0.7200255766058719,zirp
2021-10-22,-0.8260336183578232,-0.7907496681309734,-0.5501815025185043,0.09616241961689187,-0.8666088607266286,0.32230090383633697,0.8853223770550357,-0.7546613453607364,0.09616241961689125,-0.8996577001934346,0.8975430626443477,0.7341609647314948,-0.6500647503718142,zirp
2021-10-23,-0.8237550885562058,-0.7876834581684483,-0.5473664255775185,0.09069126102166265,-0.8659741785052886,0.32884518392370643,0.8809343221379059,-0.7491828634656512,0.09069126102166208,-0.8971265786185738,0.8949476968258366,0.7312080452931033,-0.6549497853598613,zirp
2021-10-24,-0.8215079374874726,-0.7846276914045077,-0.5445572022933292,0.08512458262270985,-0.8653400686595101,0.33546873494444085,0.8765697614023928,-0.7437300352981748,0.08512458262270926,-0.8945703549895595,0.8923601802888108,0.7282753123465558,-0.6598813999333006,zirp
2021-10-25,-0.8227054486155375,-0.800744456913586,-0.560214193921482,-0.01828328190216367,-0.8248690719219585,0.30712505450120486,0.7645166370489024,-0.6441911717225164,-0.018283281902163582,-1.0066253655135264,1.0051699914194003,0.7511527518417364,-0.818665689686058,zirp
2021-10-26,-0.8150200679180951,-0.777349614145139,-0.5431353723969405,0.07682731401328938,-0.8512508516135375,0.3601637313221767,0.8470676302156028,-0.7069267260997335,0.07682731401328882,-0.997257821582939,1.0026555510004067,0.8028428164243331,-0.7579388377166884,zirp
2021-10-27,-0.8139740692264769,-0.7600227702723752,-0.5139853688611661,0.17787796765648725,-0.9273462195433698,0.35300668192890094,0.996874779948134,-0.8617485952831668,0.17787796765648606,-0.985575982078696,0.9995576436433828,0.8556069595519176,-0.6917264217701418,zirp
2021-10-28,-0.7791732931609016,-0.7581116145739647,-0.5381652577153566,-0.024886416353503044,-0.7607269630659483,0.6615872667501247,0.8405547579531198,-0.5871205301250014,-0.024886416353502895,-0.984267499601419,0.9966509857339609,0.7318512373815703,-0.818746222620438,zirp
2021-10-29,-0.8020456551288109,-0.7647152392075531,-0.604338717576034,0.0745459092202121,-0.6239436349392161,0.4271644218126126,0.44842082121194204,-0.2832886827749858,0.07454590922021176,-1.7801853765152447,1.7925988161966173,1.3977483018063477,-1.3988949027821136,zirp
2021-10-30,-0.7988046933651669,-0.7615343685806413,-0.6013648133643404,0.07538545395094615,-0.6246048146856039,0.4382862405755568,0.45941133967563985,-0.2883687404466433,0.07538545395094565,-1.7707985453907675,1.7829852368751609,1.3926306372786916,-1.3927691655652796,zirp
2021-10-31,-0.7955723878477733,-0.7583607700430586,-0.59839353306589,0.07622544484126544,-0.625266635461294,0.44968353849319903,0.47066727573348655,-0.2934912492163176,0.07622544484126496,-1.76151278575841,1.7734771180073445,1.387545815630935,-1.3866876032125264,zirp
2021-11-01,-0.7634271818495288,-0.7591696761175312,-0.5538832892607422,-0.1238952276599109,-0.6697105542295217,0.7353764560265842,0.725780886490902,-0.4347816768758321,-0.12389522765991001,-1.754518260683531,1.7639350495013342,1.2637750974504818,-1.507943787474898,zirp
2021-11-02,-0.7577246955863018,-0.7700949548441391,-0.5495784077464437,-0.22671947207569013,-0.6659193200221837,0.7649093250452841,0.7442692138048946,-0.438945989090799,-0.2267194720756886,-1.7700456756061838,1.7545502914973283,1.2162065277215006,-1.5663690974428852,zirp
2021-11-03,-0.7443385188359211,-0.7584541901243528,-0.5383051862013439,-0.2336946343137192,-0.6609844433857541,0.8755455117689273,0.8141724166548622,-0.4594815367230097,-0.23369463431371762,-1.7658177696911466,1.7452662280097997,1.2112808945420042,-1.5644491256595876,zirp
2021-11-04,-0.7529976604480574,-0.7650506940116661,-0.5553039892747704,-0.22386393531245632,-0.6351040475491517,0.778120133054958,0.6975782902157889,-0.3852447605660349,-0.22386393531245474,-1.6345318036881251,1.624118428111737,1.1188455455097537,-1.4598671431049657,zirp
2021-11-05,-0.725656654147745,-0.7371922942299284,-0.49890709177749065,-0.21558371298419135,-0.7255316615779779,-1.1895184844526097,0.23426144115676947,-0.6625652361817048,-0.21558371298418985,-1.4410702388895238,1.4373381258680933,0.976843726748221,-1.3030765919697531,zirp
2021-11-06,-0.722479338304228,-0.7339983102019654,-0.49586880389749133,-0.21520117390264415,-0.7270981016949404,-1.184990550844598,0.23449405436921383,-0.6575422424649342,-0.21520117390264287,-1.4348217430794166,1.4310260954112897,0.9735831324721992,-1.29785668735559,zirp
2021-11-07,-0.7193072786212256,-0.7308099815972455,-0.49282824847655604,-0.2148186998737589,-0.7286685197066658,-1.1807008274858752,0.23472670649070054,-0.6525370923627916,-0.2148186998737574,-1.4520725652097606,1.4247614025090662,0.9884093138189392,-1.2926694566279993,zirp
2021-11-08,-0.7206404874168848,-0.7313911403384685,-0.47132004385631915,-0.21050822682072096,-0.7933123013742688,-1.2218869082065484,0.3404299676654522,-0.767536521459462,-0.21050822682071954,-1.2785655768220705,1.2852104498437653,0.8585258147441166,-1.1766075481433351,zirp
2021-11-09,-0.7516487654133668,-0.7451626213797035,-0.461064612151839,-0.10908538777905505,-0.9087528208172878,-1.5663529752131524,0.37778021604081663,-0.9261744078418929,-0.10908538777905433,-1.466663537289651,1.4579796860197296,1.0650246301207833,-1.2544731874769994,zirp
2021-11-10,-0.6894615637271919,-0.7475966608940685,-0.47237404145830897,-0.5013437611363784,-0.7047137503204796,-0.9634496862681337,0.2895738258977602,-0.6228398208717628,-0.5013437611363751,-1.2499651092539485,1.2743103663535302,0.6654948446951348,-1.3483125274763097,zirp
2021-11-11,-0.6600940846396997,-0.7335899743137415,-0.4557060360764317,-0.5912230725280823,-0.6686418257513943,-0.691332325997081,0.36682100301925524,-0.5981730881679744,-0.5912230725280784,-1.5021889866802725,1.5347731495694523,0.8084036025945124,-1.6148988820901615,zirp
2021-11-12,-0.6916080238011615,-0.7477206069485122,-0.46898896403227425,-0.4902086350206087,-0.7195508067733437,-1.0662404434358357,0.2685030034280605,-0.6254197264082936,-0.49020863502060547,-1.8190615849399987,1.8360122965285295,1.116737020657273,-1.7963910052604761,zirp
2021-11-13,-0.6885745972853463,-0.7445940548440942,-0.46600402138747965,-0.4900640795353045,-0.718369107821571,-1.0791788495769092,0.26530697269109105,-0.6194358381134903,-0.4900640795353012,-1.8090625265406177,1.825785161664427,1.112417740734158,-1.7870297640852932,zirp
2021-11-14,-0.6855466885879486,-0.7414745553022697,-0.4630157829070747,-0.4899195480448847,-0.7171891142773916,-1.0946476521267454,0.26211066299921804,-0.6134639073264143,-0.4899195480448814,-1.812447519424652,1.815675929434595,1.118481068721759,-1.7777693255634075,zirp
2021-11-15,-0.5829330876021713,-0.6582986788059366,-0.40841748474120654,-0.5871301106551401,-0.5875269156003947,0.0620377804733506,0.5641624566967236,-0.5452407706978788,-0.5871301106551361,-1.9050560786708302,1.936327395376915,1.1365107330126374,-1.9348030277269073,zirp
2021-11-16,-0.5740958170979839,-0.6508179252982467,-0.4009637854155381,-0.5907969018487235,-0.5843373741448095,0.14262588900185266,0.5346393837143933,-0.49309539687181553,-0.5907969018487195,-1.866546056243164,1.881484061385443,1.1086819485115986,-1.8927204939965343,zirp
2021-11-17,-0.5787402851174953,-0.6540279563774619,-0.38994478914967995,-0.5799030749827842,-0.6243410138658073,0.0642992760659914,0.5735089557454435,-0.5596876249858995,-0.5799030749827805,-1.9357885956604157,1.9571532429252185,1.173155405090035,-1.9471113130163875,zirp
2021-11-18,-0.5718404818563984,-0.6320275797457767,-0.3157369433570843,-0.4838270824842365,-0.7840750350170962,0.1215110901644795,0.9745168090856939,-0.9515198307384193,-0.48382708248423334,-1.6143988058046972,1.6435546713788498,0.9803997098666872,-1.632807336391581,zirp
2021-11-19,-0.530555766128997,-0.5929647016533417,-0.2606847653825847,-0.48672865309397,-0.8054097103495915,0.5906337044026477,1.2587188418983741,-1.100811216274562,-0.48672865309396673,-1.6142200199807748,1.6353864844290422,0.9807215783486979,-1.6275047342152213,zirp
2021-11-20,-0.5276394476100824,-0.5902187394852972,-0.2566333544873923,-0.48491984111446523,-0.8051576826434379,0.601283043410028,1.2488768516060926,-1.0945179715037603,-0.48491984111446196,-1.606364189691843,1.627295910194057,0.9777580549458507,-1.619422563507965,zirp
2021-11-21,-0.5247252772821127,-0.587481535414367,-0.252544167224523,-0.4831128042044343,-0.8049057462452964,0.6121654754802083,1.2391581643292997,-1.0883537277183342,-0.4831128042044311,-1.6124696097458742,1.6192815554935387,0.985781823123206,-1.611416219891924,zirp
2021-11-22,-0.4632564446809611,-0.5319671811239751,-0.19577369014337423,-0.5040355755904377,-0.7837574444971911,1.3250984302238225,1.5201710302261364,-1.1671422828883606,-0.5040355755904344,-1.6828815242097621,1.696818354948351,1.0311798734784925,-1.6866325112587375,zirp
2021-11-23,-0.5557365454760499,-0.5888031262566055,-0.2882156884113952,-0.30661875038840325,-0.7947758007970253,0.18457292181741417,0.9745947226462733,-0.9546118509326894,-0.30661875038840114,-1.6698578886699447,1.6881071703030275,1.139560278048195,-1.5623174362061552,zirp
2021-11-24,-0.5177985377511651,-0.5533174821276352,-0.5777398079340291,-0.30258246685461165,0.19530004028387812,0.6095078313282999,-0.6434059868727181,0.8557454641734018,-0.3025824668546097,-1.7424368484014623,1.7222573085712918,1.2092867604224788,-1.5940620551240519,zirp
2021-11-25,-0.5160493029337547,-0.5526298015812835,-0.5752755618378845,-0.298813555656462,0.1947024031211609,0.605996245991345,-0.6476010365438131,0.8590374221745091,-0.29881355565645984,-1.6773916211847912,1.713529217046343,1.1654863451597701,-1.5880389997422983,zirp
2021-11-26,-0.5149684003586072,-0.5706848892613786,-0.772278711162783,-0.4003230570628522,1.4138471003209863,0.5965857681328903,-1.7304689988136472,1.9756143079345398,-0.40032305706284926,-1.5176470781671336,1.4933468724718286,0.9846115700889957,-1.468372903790476,zirp
2021-11-27,-0.5133147683066944,-0.5704221752264936,-0.7702310017378664,-0.3969867211474297,1.408338818782406,0.5947067125762119,-1.723093500511487,1.9644866325421153,-0.3969867211474269,-1.5110155309959132,1.4868064937317145,0.9863529583113503,-1.462988147996106,zirp
2021-11-28,-0.5117399124008203,-0.5703399837482136,-0.7682203352373762,-0.39363762988228007,1.4028680340609445,0.5928315499341842,-1.7157863725219495,1.9535036790837523,-0.3936376298822771,-1.47753600070391,1.4803174887306558,0.966351432192385,-1.4576535385938159,zirp
2021-11-29,-0.39189271540411325,-0.49262150862598947,-0.30494388387807553,-0.6080407930456403,-0.36272264781575136,1.889357531197151,0.7282418947482788,-0.16912759896699683,-0.6080407930456357,-0.6805839602540548,0.6723127364680884,0.20606985748916026,-0.9098380730096036,zirp
2021-11-30,-0.3830706489610323,-0.5061435883140544,-0.35476797341686495,-0.7269298533372147,-0.20584721874789544,1.940534192342095,0.4405192447049497,0.14790382598847013,-0.7269298533372093,-0.7236919579040006,0.712941311121603,0.18393767614841758,-1.0097802396401048,zirp
2021-12-01,-0.742665806543128,-0.6872339587917993,-0.6337130318105013,0.2873221752361209,-0.23370700021149507,-1.943780165648449,-1.0461980200205405,0.47771050133433496,0.2873221752361187,-0.5108955256893368,0.499341579864692,0.5757722285428988,-0.2598015275506039,zirp
2021-12-02,-0.7316098966933566,-0.6581805018939423,-0.6682075355291649,0.4136260097331167,-0.041343731080047276,-1.8196794977144533,-1.2350372324019858,0.7125638050030909,0.4136260097331134,-0.23795259096124072,0.2443073359925314,0.4202812762737057,0.022069980945647237,zirp
2021-12-03,-0.7796331964453983,-0.6865343778100721,-0.6898514031323598,0.5374049508998658,-0.10899540615757845,-2.307882508447815,-1.3470071242981427,0.6733234728723337,0.5374049508998614,-0.31836402602329056,0.32872256687206386,0.5529188290712568,0.017043835092787743,zirp
2021-12-04,-0.778118234502435,-0.6856698532785931,-0.6883325048237072,0.5454891384903906,-0.11022380096973271,-2.2755245580322625,-1.3380275436046498,0.6728587876610211,0.5454891384903858,-0.31813605127417377,0.3283591907937345,0.5563708058199295,0.019728963788082105,zirp
2021-12-05,-0.7766619613271744,-0.6849045911193461,-0.686874611215859,0.5537257377008532,-0.11145355198849656,-2.2442360923339173,-1.3291503899420727,0.672394394637961,0.5537257377008484,-0.3179081170608184,0.3279959138127099,0.5598448277972559,0.022424149454868852,zirp
2021-12-06,-0.7314882565051032,-0.6609924372520046,-0.6598195193943356,0.4488357794609398,-0.07939360961768553,-1.7954821366814961,-1.1941896581090579,0.6769661742771108,0.44883577946093606,-0.012376962364343798,0.031427797603297634,0.24863992060706028,0.21585049729284184,zirp
2021-12-07,-0.6903154445647791,-0.6425187087424583,-0.6844610155226465,0.3646832851070964,0.17628285385564693,-1.3995630367587053,-1.316503100081581,0.936283566130489,0.3646832851070929,0.005422868996016531,0.031343685174267645,0.18140104346452537,0.1621438548472461,zirp
2021-12-08,-0.6893163873867535,-0.6226244503748541,-0.6999786593497433,0.5178221032009506,0.26137028748508245,-1.400347077276428,-1.3898383191668018,1.0168795293821173,0.5178221032009453,0.16936721681310685,-0.13775025833609247,0.11330699230832222,0.38312506461932766,zirp
2021-12-09,-0.6419381045717861,-0.5971675197726248,-0.6871377096717051,0.4022664908327039,0.3626779308101588,1.0629133177687344,-0.5040232375685624,0.8795146823191935,0.40226649083269966,-0.5603347055594855,0.5813111278486913,0.6775362857548822,-0.3121059674573365,zirp
2021-12-10,-0.6453666301333757,-0.5800542557370764,-0.6911667870934433,0.5496434288391261,0.37280360628979897,0.5702723702016006,-0.5822616895197625,0.8009409102275996,0.5496434288391202,-0.8058342744850201,0.8344498252211625,0.9611806891823976,-0.4669327113123218,zirp
2021-12-11,-0.6446888702173951,-0.5807559955773786,-0.690296753403877,0.5643011171813018,0.37108437061314054,0.5649326725768187,-0.5816184378373292,0.7975188222354205,0.5643011171812955,-0.8052326094583181,0.8334046583825957,0.9686492015409359,-0.4640012918730901,zirp
2021-12-12,-0.6441304549982776,-0.5817347986345073,-0.6895250121291016,0.5795485097251516,0.36936585032611263,0.5596019268189099,-0.5809756976624169,0.7941109348032347,0.5795485097251449,-0.8174409827887225,0.8323609688817349,0.9873582836472677,-0.46106716468949827,zirp
2021-12-13,-0.6000125181928734,-0.5365290209696929,-0.6717844806864673,0.606240538267901,0.4178451262981506,0.9411387427175597,-0.4982055023996049,0.8290864865249156,0.6062405382678935,0.18206239088975099,-0.13979758949225085,0.12344832175739247,0.4094509555704208,zirp
2021-12-14,-0.5437511155848175,-0.5242637886213087,-0.7022333132385584,0.33427607622240546,0.7589518467092132,1.4229540122025275,-0.5777335520405902,1.0678071222528587,0.3342760762224011,0.06708309778576259,-0.012194244380763183,0.09469026899999758,0.16515604740115208,zirp
2021-12-15,-0.5369484975425658,-0.5176500361472354,-0.6922832874448189,0.33186728064170345,0.7090547470065466,1.4530500136732205,-0.527456098342263,1.024018968403941,0.33186728064169907,0.4832197943020682,-0.43394945702834603,-0.2737840251994297,0.5417888029953516,zirp
2021-12-16,-0.5115297916054928,-0.4892378056729075,-0.6997392515687008,0.33780080381983035,0.8174152088923938,1.5084814068347803,-0.5536294869651935,1.0694400205104857,0.33780080381982613,0.4048317743752622,-0.3484497222073037,-0.2020227200520366,0.46787226790148073,zirp
2021-12-17,-0.5577947040635887,-0.539062981352244,-0.7017650149520828,0.34388516642817785,0.6612974363298335,1.0057682100661525,-0.541734827015761,0.8931487672540254,0.3438851664281736,0.4200158232254147,-0.3472534308805965,-0.21353404002185758,0.4691527619644724,zirp
2021-12-18,-0.5554902135529015,-0.537443625256486,-0.702619889849179,0.34840853194570537,0.6584014146264804,0.9980268386079415,-0.541964003665028,0.890048686882798,0.3484085319457011,0.4184918032551017,-0.3460577652645576,-0.2110244541784901,0.46969475193375176,zirp
2021-12-19,-0.5532141172611,-0.5358990242226944,-0.7037018933312947,0.3529747249387957,0.6555095376609705,0.9903473781235538,-0.5421932479278463,0.8869613321319428,0.35297472493879095,0.4340630480481195,-0.3448627201869377,-0.22367342244962723,0.47023712337944207,zirp
2021-12-20,-0.5910897844162312,-0.52736675850738,-0.696259221002834,0.6391113823452581,0.4884758808657937,0.46395052806502796,-0.5096413184134626,0.6817701979667395,0.6391113823452498,0.6499496561036499,-0.575313415591343,-0.28501500125293816,0.8074062809656892,zirp
2021-12-21,-0.5395999648930807,-0.4964394809895814,-0.6801088831587936,0.48912262735231626,0.5672807818166355,0.8888052125640463,-0.4341395642524417,0.7394958384932863,0.4891226273523098,0.664022112257632,-0.5521648823265889,-0.3677742605546523,0.7182768356317073,zirp
2021-12-22,-0.5463339736525784,-0.5029475379824433,-0.6888239100773074,0.48822986948498626,0.583200152994794,1.0731819925563888,-0.4738387539299969,0.839372402564116,0.4882298694849795,0.8128468304645884,-0.676659918689931,-0.5012715955287267,0.8299768333809158,zirp
2021-12-23,-0.5970423184374517,-0.5321146605612038,-0.6932024765270562,0.6355042047901768,0.43595512168830014,0.620787753839996,-0.4889154002893859,0.7087043021364252,0.6355042047901683,0.36467283094078795,-0.16818817395761854,-0.03690823214686201,0.4386527556308051,zirp
2021-12-24,-0.5944666189317712,-0.5297414350731153,-0.6931990047089205,0.6381562726519364,0.4334413630262217,0.6155045834564927,-0.4886101523417172,0.7059982315267882,0.6381562726519279,0.33053548423658574,-0.12483472093001245,-0.0058451208887058525,0.40029253266857484,zirp
2021-12-25,-0.5919058475110353,-0.5273949789241035,-0.693354189975775,0.6408205836579253,0.43092727535909775,0.6102356293937025,-0.48830501112120145,0.7033007228108303,0.6408205836579167,0.32893801151982704,-0.12376427764600968,-0.0036687379507289023,0.39999603459261474,zirp
2021-12-26,-0.5893605859824198,-0.5250770063935561,-0.6936804376400153,0.6434972591522382,0.42841279958080675,0.604980444218292,-0.4879999765095026,0.7006117016791573,0.6434972591522294,0.33161484471277514,-0.12269363153204904,-0.005294774515445623,0.3996996188722064,zirp
2021-12-27,-0.5847784259615928,-0.49429306097070985,-0.7174299527199276,0.7961766354951648,0.5503572631399963,0.6152148905690533,-0.5863473508661591,0.8054006564560272,0.796176635495154,0.31787698820942273,-0.12162277864135038,0.07464593811249388,0.46605723883243905,zirp
2021-12-28,-0.5345289110919267,-0.49265862392519966,-0.71994839216615,0.5109575524299251,0.7146015864768341,0.9945029970673893,-0.6155503218415498,0.9559346281960426,0.510957552429918,0.3506161168074235,-0.12120222798829217,-0.08540008583984372,0.3362607596263487,zirp
2021-12-29,-0.5282062501368473,-0.4594862817442341,-0.709965766009751,0.6600977312756247,0.680463855663472,1.0139447169396671,-0.5840621818130636,0.9289216061839024,0.6600977312756157,0.3694140223650059,-0.12045302102735951,-0.03564800853844339,0.40173395470828543,zirp
2021-12-30,-0.4817174020405238,-0.4354108542978854,-0.6902311693875051,0.5143892672434799,0.7219114902156458,1.354449263130691,-0.5149929896496815,0.9658768863953332,0.5143892672434729,0.3152979548075416,-0.03540805747054096,-0.05274619197445654,0.2600719655069102,zirp
2021-12-31,-0.5369398088606308,-0.4424343679102336,-0.745846159599061,0.8222340164725584,0.8317690420603888,1.006137412085336,-0.7333322253668587,1.0786479108923113,0.8222340164725471,0.3137297993261018,-0.032790242265483785,0.08371617778709518,0.39225034814585297,zirp
2022-01-01,-0.5338841918964037,-0.4392385460289423,-0.7432430543899128,0.8320169204199943,0.8284860112125227,0.9989532543809592,-0.7314092166694389,1.073188548187387,0.8320169204199824,0.31301873175359285,-0.03271128942153024,0.08619478941711571,0.3944241564989478,zirp
2022-01-02,-0.5308267629961222,-0.43603479494450953,-0.7406581284338069,0.8419967947016994,0.8252119523601629,0.9918262461551735,-0.7294909354039024,1.0677680094870068,0.8419967947016871,0.29735072006388363,-0.03263233694187331,0.10215414017925294,0.3966055785693269,zirp
2022-01-03,-0.5590389199808538,-0.49496028148569904,-0.6955071213235807,0.6865397970036815,0.5190853660080117,0.7403410888086005,-0.5721813434226417,0.8252219461765661,0.6865397970036716,0.45858907306200203,-0.1643307636960875,-0.11126103763251702,0.44801871893083395,zirp
2022-01-04,-0.51556899232626,-0.4743933808228308,-0.7007153534621601,0.537202726336087,0.67696182205021,1.0546119333396813,-0.5218990091552734,0.8740722329498103,0.5372027263360794,0.3367834690797642,-0.037619066553222585,-0.06746729698464292,0.2681717914947707,zirp
2022-01-05,-0.5194931937900242,-0.5335280252646801,-0.6512660056475927,0.24298947149199718,0.44568791833401256,0.9960092893376497,-0.35339008468800603,0.6831343841448496,0.24298947149199368,0.2667780944380283,0.09004534369988139,-0.13456296485233113,0.023701822101337023,zirp
2022-01-06,-0.5431748077082521,-0.5627384488798555,-0.6389785393865285,0.23319760301754217,0.3304783823066736,1.3811423634588027,-0.3225814023572494,0.7774484267635943,0.2331976030175388,0.47614275533545636,-0.030267377996376243,-0.32775438395444395,0.12850670428757532,zirp
2022-01-07,-0.4442253619416631,-0.4807447684744712,-0.5658026762758998,0.0805754465978244,0.3175623119695671,2.0985645493128877,-0.29143873184778996,0.9869488396229426,0.08057544659782322,0.48443125108738955,-0.03865116052264166,-0.40170888150046424,0.06998814084255522,zirp
2022-01-08,-0.4410326751474,-0.4777837509024837,-0.5627509889135752,0.08040119954940436,0.3168996500418379,2.0716224160232386,-0.30077185881628943,0.9972236738420416,0.08040119954940322,0.4841554122391959,-0.03941420294681972,-0.40155912048217285,0.07060867795879563,zirp
2022-01-09,-0.437832170486794,-0.47482348287425397,-0.5596987159587299,0.08022695715738001,0.31623724993319985,2.04544761737439,-0.31029490358232503,1.0076846055727773,0.0802269571573788,0.503096220046678,-0.04017753521126044,-0.4187405940355371,0.07122941344699539,zirp
2022-01-10,-0.435660659234704,-0.47277729940480595,-0.5325960060683855,0.08434040351575865,0.22636878258780543,2.0136706198582903,-0.2258305513765416,0.9179777873459464,0.08434040351575733,0.5233942336982179,-0.040941158863367445,-0.43538390153242357,0.07368402258465673,zirp
2022-01-11,-0.44647438382897037,-0.5124834035365038,-0.5177564400155997,-0.05803914198804416,0.15085825656542637,1.889900416962522,-0.18878332119140848,0.8455180719842972,-0.05803914198804332,0.5290425834017043,-0.04170507545370546,-0.5022093432590572,0.01283564896785618,zirp
2022-01-12,-0.4494553289775037,-0.45829059558116575,-0.5306067147464192,0.25308874848804375,0.18859527785563077,1.8251895676098229,-0.25537473396443294,0.8972614049397879,0.25308874848804,0.5897890138875261,-0.042128096453547974,-0.4223893968645506,0.14768186413729856,zirp
2022-01-13,-0.4421480465485558,-0.4508295893833518,-0.5001222861460827,0.25181038674207773,0.10591830436522989,1.8348874493153147,-0.15955390914711676,0.8106929007586203,0.251810386742074,0.6780438623073004,-0.04255117785655619,-0.5026942354910474,0.14751315288593442,zirp
2022-01-14,-0.43546698115278004,-0.4440337628068884,-0.5130893790478571,0.24813672627082559,0.16462590643601166,1.8391659617172609,-0.2278371517003903,0.889174855519859,0.24813672627082176,0.7390600122889934,-0.04297431990526888,-0.5597242841401235,0.1462377134260374,zirp
2022-01-15,-0.4322518523368693,-0.4408320792382493,-0.510143859793856,0.2461246840253258,0.16297208136540675,1.8191306614717397,-0.23627609586861498,0.898095815624858,0.24612468402532217,0.7376354142083015,-0.043397522842413876,-0.5597067143408909,0.14568098954810796,zirp
2022-01-16,-0.42902807400869447,-0.4376222835435445,-0.5071993565640742,0.2441112666329362,0.16131721303790883,1.7995464578851101,-0.24486475488459641,0.9071594880177332,0.24411126663293264,0.7204659752976833,-0.043820786910907926,-0.545457390436037,0.1451243142537468,zirp
2022-01-17,-0.4257963088224165,-0.43443871307335685,-0.5041121800564061,0.24484060227445748,0.16039559340988388,1.7807129657649627,-0.2528622400715973,0.9154149373299094,0.24484060227445384,0.8084961985146919,-0.04424411235385842,-0.6248958552492944,0.1458229743209527,zirp
2022-01-18,-0.41957456091646084,-0.36829470120923535,-0.52446361072845,0.5539708150721863,0.24489459741087027,1.781443392471685,-0.35140914044707316,1.0202505018409973,0.553970815072178,0.840238025699677,-0.04483799311618729,-0.5205052446877441,0.27973900325512885,zirp
2022-01-19,-0.5428126061599834,-0.448218843172403,-0.5501847415027787,0.8649685297675836,0.028366461563101464,0.9213367971498939,-0.4705568320152867,0.8191007954633086,0.864968529767571,0.889484551070318,-0.044922363975103914,-0.43157322664281594,0.413908148508201,zirp
2022-01-20,-0.5393838973296485,-0.41480402358917945,-0.5652270954104187,1.016108165859859,0.08801094403625609,0.9180836956844535,-0.548704489391466,0.897892709902096,1.0161081658598436,0.9185225735244184,-0.045006736094376804,-0.39300406407218796,0.479419032707688,zirp
2022-01-21,-0.5293034269552006,-0.4032226084827738,-0.5221222496085712,1.0136620060781907,-0.026188935574770332,0.958150917556507,-0.40296021495434653,0.7674810968582431,1.013662006078176,0.8969114954888184,-0.04509110947583516,-0.3746608066848323,0.47876802317606704,zirp
2022-01-22,-0.5263438134861792,-0.39990611655191416,-0.5191179985158029,1.0103291485623973,-0.027100707532304362,0.9506723212548623,-0.4111635823743042,0.7730436342453562,1.0103291485623824,0.8944710797137272,-0.045175484121308014,-0.374053539137665,0.4777295948636792,zirp
2022-01-23,-0.523384897029722,-0.39657760358205185,-0.51611292380772,1.0070093383325398,-0.028012925886370697,0.9432478944356993,-0.4195022282027141,0.7786599634566912,1.007009338332525,0.8870117534204742,-0.0452598600326248,-0.36888205553105613,0.47669207558898624,zirp
2022-01-24,-0.42004077743361723,-0.3397293299885774,-0.4921865683794002,0.699647725030518,0.142037687694597,1.585358376041766,-0.3485012285493641,0.9593438172184443,0.6996477250305079,0.8850737002646548,-0.04551348335872158,-0.5004684852364485,0.3440783156627123,zirp
2022-01-25,-0.4246156766157139,-0.3449216151746866,-0.466590665064106,0.6993963827754509,0.05323439206113604,1.5203213608538986,-0.27046370059345926,0.8618520665120205,0.6993963827754408,0.9407474523024429,-0.04576712362059517,-0.5515551233103915,0.34430925205834473,zirp
2022-01-26,-0.5135265946330171,-0.3537542329079743,-0.4329677958046425,1.1530005204447988,-0.23813063935053605,0.920972653473207,-0.16248329651196905,0.5217553212888516,1.1530005204447822,1.1222697694251982,-0.046020780869039705,-0.5205443077141668,0.5413956330578175,zirp
2022-01-27,-0.7083742325290795,-0.38368081141984783,-0.40574795156851784,2.081969282125966,-0.7203658388673417,-0.3473638635302363,-0.07782705933787602,-0.060793644625741355,2.0819692821259363,1.239108126303465,-0.04610517227091105,-0.2220889148195877,0.9470493329173836,zirp
2022-01-28,-0.8141754645220506,-0.4387146004236296,-0.3555854359208131,2.3814537375069382,-1.0318774509971342,-1.032251242710376,0.09707236971101185,-0.5048274563007799,2.381453737506904,1.2245533542700544,-0.04602094536337857,-0.07429406316800846,1.0818201679087986,zirp
2022-01-29,-0.8123585353898813,-0.43573217780392925,-0.3521237849226545,2.36341658852367,-1.0295982768264167,-1.029085789028194,0.08922843211839887,-0.4986815193311627,2.363416588523637,1.2201736812360562,-0.04593671913487699,-0.07403993523553415,1.0784052690701045,zirp
2022-01-30,-0.8105882918967242,-0.4327519437566693,-0.3486452086302417,2.3457042471302496,-1.0273259951536822,-1.0259342499444315,0.0812594199847041,-0.4925215581377385,2.345704247130217,1.2464027139602285,-0.04585249358360717,-0.10183626896787976,1.075004736010251,zirp
2022-01-31,-0.9867976950560744,-0.5049865423030808,-0.34982675946263236,2.9164927369234928,-1.3679403847394942,-2.1053633177442923,0.05548177839207362,-0.9122833623736726,2.9164927369234523,1.3154464359442917,-0.04679005203927603,0.09638409568570587,1.3355898686547218,zirp
2022-02-01,-0.18431283899743664,-0.004080461951705689,-0.3275627662129147,0.9463491297134188,0.1631669248068051,2.7539316715495517,0.12327408149821538,1.0258418728970182,0.9463491297134057,1.2325408279326082,-0.04790098826844925,-0.707729673577493,0.46333277026604,zirp
2022-02-02,-0.13016419464362472,0.02626894062960511,-0.30082878740959634,0.792672781143422,0.19528051379119724,2.995711707589818,0.20843692563730137,1.073043818657576,0.7926727811434112,1.2152428401828228,-0.04866746054154546,-0.7616979294161544,0.39583930426511266,zirp
2022-02-03,-0.11951009505776447,0.10781393347328312,-0.2499141939553677,1.089204659379557,0.08482471184469718,2.9876086993328164,0.3892258703898254,0.9214782200414433,1.0892046593795421,1.499687903505856,-0.04960663362698064,-0.8929189231642096,0.5283815593395494,zirp
2022-02-04,-0.05917324797127757,0.18000683033456222,-0.2517231929587901,1.0842584194836096,0.19703223689734445,3.2407639640306636,0.3609965769286562,1.0946490951659558,1.0842584194835945,1.7168342324410901,-0.05037382473275865,-1.0985497954417645,0.5267925515154752,zirp
2022-02-05,-0.05355156563654875,0.18828489462224102,-0.2479656705933505,1.0799478907074629,0.19642391496927106,3.1810652660795498,0.3547001553385361,1.1094006546492494,1.079947890707448,1.7091846522409184,-0.05114132798088148,-1.09709577780336,0.5254783727710197,zirp
2022-02-06,-0.04783136312137007,0.19678104263775165,-0.24418192207918535,1.0756572403278557,0.19581569743100455,3.124226615052109,0.3483659107873197,1.1245345959118882,1.0756572403278406,1.701604952568489,-0.051909144964773016,-1.0956447484779526,0.5241656649406267,zirp
2022-02-07,-0.115938343725591,0.15297389766645297,-0.24380998990341654,1.2171881287104829,0.07480460071522534,2.6983587353016367,0.3276787564659157,0.9703932329579695,1.2171881287104664,1.5616887078298176,-0.052677277281283595,-0.9055822627334854,0.5879251550871815,zirp
2022-02-08,0.003640253707367092,0.3319542467339537,-0.24673871586517285,1.3580781907403805,0.29019289946659843,3.2192467799200015,0.29445866285351857,1.2796580362154863,1.3580781907403614,1.7107277102081584,-0.05379238163111716,-0.9837918501139973,0.652217715070235,zirp
2022-02-09,0.0003836663921125563,0.3661501812008141,-0.19190630659352326,1.496065060624995,0.1484796469391929,3.1137555012453206,0.4902064905332332,1.0594536523643046,1.4960650606249744,1.711991390044225,-0.05370792272071303,-0.9257266571615409,0.7146126693680813,zirp
2022-02-10,0.12701249792215016,0.6281509848147985,-0.1399838956524583,1.9250678167591244,0.23111576665860373,3.611954995412692,0.6761271159539677,1.1708542821813666,1.9250678167590984,2.250725518419886,-0.05362346465647053,-1.2416974943922596,0.9077267344362987,zirp
2022-02-11,0.1907523422715498,0.7811960065388479,-0.008838918230891526,2.1997228482627973,0.04199727242421608,3.770790180150651,1.17738788157097,0.8217164553580791,2.1997228482627675,2.0453769813708895,-0.05353900743657318,-0.9305428308877776,1.0329530838464631,zirp
2022-02-12,0.1990203159584397,0.7968557741546727,-0.004544281492680073,2.185445550558899,0.042091307750210485,3.668351658098552,1.171915794368732,0.8243184747418475,2.1854455505588697,2.0326934411963875,-0.053454551059204304,-0.9288294274516907,1.0290838196742622,zirp
2022-02-13,0.20750291855319028,0.8130816799759791,-0.00020902781749932572,2.171387838877947,0.04218534461013349,3.5733753266471164,1.1666335651019253,0.8269313563626219,2.171387838877918,2.020203723908755,-0.053370095522547546,-0.9271531960893418,1.0252309209508381,zirp
2022-02-14,0.18669044533108786,0.7521229311158962,-0.08565107432430953,2.0026331513426396,0.18369676533808468,3.350796532456073,0.8023324140023513,1.092831910625935,2.002633151342613,2.265257227434597,-0.05328564082478645,-1.2468549882587212,0.9478361724451505,zirp
2022-02-15,0.21126807448297116,0.7132956384937509,-0.08102889338818482,1.7173691750676257,0.20433106675156135,3.3262545393462495,0.8014050191172964,1.1274247303936011,1.7173691750676026,2.3037255805205064,-0.05320118696410472,-1.42115711516038,0.8195619608511341,zirp
2022-02-16,0.20105751689041415,0.6653533998041368,-0.06272072124105954,1.5591190990305102,0.1479711407223286,3.174825576466944,0.8514903099354059,1.0398045163811824,1.5591190990304893,2.1007351929717615,-0.05311673393868605,-1.3042265183669353,0.7494669197298044,zirp
2022-02-17,0.1082146154877754,0.5885313629755866,-0.13461322149101282,1.6797233872796709,0.16873965627022236,2.7324785236368787,0.5380735526657389,1.1033871667317943,1.6797233872796484,1.8651825997506564,-0.05303228174671443,-1.0314161623824987,0.803069301207433,zirp
2022-02-18,0.11613619459719478,0.5986287482479501,-0.16692927954131817,1.6767505354439598,0.2549527756980566,2.690557493283838,0.3835559472482062,1.2482544033146283,1.6767505354439378,1.6778142393356943,-0.05294783038637367,-0.8595127822103044,0.8002903747574421,zirp
2022-02-19,0.12170600724587013,0.6055970436055338,-0.16274399976110165,1.6727343867480398,0.2533681561502301,2.641510229949186,0.3771884564226462,1.2503211730836774,1.6727343867480173,1.6696505752402773,-0.05286337985584803,-0.8596998396541343,0.7970087593650445,zirp
2022-02-20,0.1273562473039678,0.6126704292510297,-0.15851917707376414,1.6688108169268072,0.25178339196811134,2.5946392512858565,0.3707828450485317,1.2523943459249376,1.6688108169267843,1.6615847444056904,-0.05277893015332126,-0.8599275399379229,0.7937350224603658,zirp
2022-02-21,0.1326680018058922,0.6193148864156793,-0.15425127571329636,1.6634623336540795,0.25005818151763654,2.550013702722418,0.36449117230458034,1.252217933274844,1.663462333654057,1.653537351697781,-0.052694481276977796,-0.859579280118118,0.7905359650787538,zirp
2022-02-22,0.12967664553749708,0.6153722486691416,-0.19829441370680254,1.653728684899006,0.35061717609549065,2.477792329086789,0.16199702326170226,1.4059575172536298,1.6537286848989838,1.809948176614415,-0.05261003322500177,-1.0211460632401848,0.7856252340768038,zirp
2022-02-23,0.1318821319367304,0.6190708284803649,-0.20733143104752028,1.6447024890398856,0.37643022498059925,2.4261166010215423,0.10120248221225672,1.4448617276216105,1.6447024890398634,1.7364650644757476,-0.052525585995577655,-0.9575200429027151,0.7820098390841259,zirp
2022-02-24,-0.010516600109886809,0.3695883830291988,-0.8719933652941366,1.3542613960318324,3.1430297571153303,1.8877877983222369,-2.5685733999779066,3.442081715048085,1.3542613960318137,1.3625319987767708,-0.052441139586889826,-0.7268320777874295,0.6510181028241409,zirp
2022-02-25,0.10465104786068724,0.3920463334129807,-0.9448278387710933,0.9373721298137518,4.14806412548089,2.2287914214956057,-2.812121121770417,3.806786096886484,0.937372129813739,1.4301844007964664,-0.052356693997122804,-0.9808814978440406,0.4646047961574237,zirp
2022-02-26,0.110988872833893,0.40077746547856224,-0.9446783463588717,0.9337793721492054,4.071664245029715,2.1976123785782957,-2.7662620148888593,3.692182399458679,0.9337793721491925,1.4242381382179554,-0.052272249224461165,-0.979299407048041,0.4625099410384114,zirp
2022-02-27,0.11744247208470504,0.4097108950908041,-0.9446508585096589,0.9302001770663106,3.9990478217410312,2.1674260486921577,-2.722282571742742,3.586551979700806,0.9302001770662975,1.418334780326013,-0.05218780526708954,-0.9777207501058109,0.4604165089759767,zirp
2022-02-28,0.17748047411185727,0.44159776137790807,-1.4271270898924853,0.7828677125350236,16.865880296301082,2.3050806732764224,-4.330798305563729,4.929104827137691,0.7828677125350127,1.0627330073088004,-0.05210336212319281,-0.6958055277516193,0.39461084523232687,zirp
2022-03-01,0.13442221589388234,0.34925799944336944,-0.10256116725886749,0.6376174235451694,0.046895221379206535,2.116229578933475,0.3628506244774863,0.9081559731894139,0.6376174235451603,1.0133899920075249,-0.05201891979095572,-0.7131329099063249,0.32948613828121837,zirp
2022-03-02,0.16758225933754461,0.43198265478640063,0.05063618088763617,0.7754280571170753,-0.10746241366217367,2.16484330197509,0.8651626377941737,0.5281689792456732,0.7754280571170644,1.2345033566047727,-0.051934478268563226,-0.8717019015311466,0.3898267992487434,zirp
2022-03-03,0.22900052348926173,0.5490072246840687,0.08914332290642663,0.9114925680842807,-0.09942657616299094,2.2932832322805177,0.9612688869611907,0.5364922324713779,0.9114925680842678,1.1670331262513178,-0.05185003755420024,-0.7480156574223379,0.4492017891912476,zirp
2022-03-04,0.13079339326478753,0.5149129656889585,-0.3197620302911713,1.1796184542414199,0.3663173728760846,1.9524922592390608,-0.44884756995022584,1.517995541222943,1.1796184542414028,1.113067749714858,-0.05176559764605197,-0.5791931116431402,0.567154296631146,zirp
2022-03-05,0.13854290361554872,0.5271935808454936,-0.3161511625709745,1.1753499773023488,0.3644740383436165,1.9296749541916367,-0.45143503528234,1.509237561826695,1.175349977302332,1.1092205399052448,-0.05168115854230351,-0.5790240439599686,0.5647830654393495,zirp
2022-03-06,0.1464869577244615,0.5398793860056854,-0.3125249903095888,1.1711083551886348,0.3626312164900275,1.907428224187213,-0.4540322857175801,1.5005781376829517,1.171108355188618,1.1053911226763142,-0.05159672024114017,-0.5788550124642743,0.5624146318838286,zirp
2022-03-07,0.11987698223279641,0.37911767438184685,-0.7019243681894322,0.7499218698818909,1.2188520254343327,1.7900199686080795,-1.7282214066118158,2.463138962728955,0.7499218698818801,1.1329045179646944,-0.05151228274074706,-0.7926769414675624,0.3757476228667988,zirp
2022-03-08,0.14269919210322726,0.27997195483665643,-2.210722510328544,0.3410670081254145,-7.644699467963675,1.811568926841163,-6.1049677844340575,5.965023638900663,0.3410670081254095,1.0976701550605146,-0.05142784603930978,-0.9374749011073272,0.19559481688944566,zirp
2022-03-09,0.28924425039125157,0.41106878155922416,-2.536697073695108,0.19165242578844932,-5.4240204300852435,2.1595283628486515,-6.47187539208341,6.362557135709263,0.19165242578844638,1.227967424493541,-0.05134341013501368,-1.1322798870486548,0.12989324945661196,zirp
2022-03-10,0.7194992232721581,0.8893278390528022,-2.4961936374832203,0.05275612930745441,-6.041961548350156,3.2045967074840185,-5.8737766962925875,6.25007501131784,0.05275612930745359,1.1823930208890254,-0.051258975026044415,-1.1476675067667765,0.06917967295739119,zirp
2022-03-11,0.9789902992885544,1.067598763517521,-1.9081977667402514,-0.3744446378257343,-15.12481154918529,3.7196119847464164,-4.204364432277948,5.049261787523936,-0.37444463782572873,1.2009031562478478,-0.051174540710587586,-1.3487734591187188,-0.1163923918952289,zirp
2022-03-12,0.9953827998279381,1.0861042514338457,-1.9181127983716473,-0.3786945102283968,-12.519853689901492,3.60787796955857,-4.051055668435963,4.792699802580814,-0.3786945102283911,1.196518736413693,-0.05109010718682888,-1.3454848030230646,-0.11783514958968762,zirp
2022-03-13,1.0123231713876237,1.1052828617038826,-1.928764309537454,-0.382981000153756,-10.913448631960723,3.5048250429384806,-3.9123198654539713,4.569945544182698,-0.38298100015375025,1.19215761223346,-0.05100567445295405,-1.3422105809059366,-0.11928000930194771,zirp
2022-03-14,1.3040201946646588,1.3604064594371301,-1.4809987828783382,-0.6851360761194697,7.701492845545884,3.992666496897352,-2.854202900833836,3.9392298713533,-0.6851360761194593,1.2985029191398825,-0.05092124250714906,-1.5733567957642232,-0.2490408989323889,mid
2022-03-15,1.6205852718416,1.591217031719184,-1.416474314194104,-1.1473637214393273,6.062173221786688,4.457440828185804,-2.6483289527704152,3.9678165453732364,-1.1473637214393098,1.2473578760823436,-0.049266370870104575,-1.712000673398723,-0.44928364510983204,mid
2022-03-16,1.7669551971294262,1.8085127451795744,-0.7760372261296764,-1.0252173468428603,1.6148230723608092,4.5125799793884545,-1.3055023351858468,3.025943800804099,-1.0252173468428447,1.2580374915590344,-0.04760955522185163,-1.6659644531624906,-0.39754706206686824,mid
2022-03-17,1.6348846044648107,1.6529838095127474,-0.778399977099307,-1.0034214287639087,1.516128306766098,4.053431971691324,-1.2930237328345904,2.8230307574549314,-1.0034214287638934,1.298779991846392,-0.04595077592475144,-1.6916389393273266,-0.3889867523337744,zirp
2022-03-18,1.3583004530284437,1.556511513391986,-0.25479758535694996,-0.285834263026331,0.6259119205174255,3.390422223416171,-0.2624154593575674,1.7887795482301805,-0.28583426302632653,1.470139374409913,-0.04429001321311904,-1.5610484566858747,-0.08194173189429106,mid
2022-03-19,1.379901571848451,1.578333424386472,-0.25045944398725845,-0.292336457055663,0.624030681041429,3.3109266470177237,-0.26193281145735586,1.7693968028629763,-0.2923364570556583,1.4634972667054762,-0.04262724719165772,-1.554560148588491,-0.08572834216349806,mid
2022-03-20,1.402296899763258,1.6008913338248232,-0.2460725127846596,-0.29894564071601354,0.6221525323551449,3.236345284814551,-0.26145031165585636,1.7504366905131779,-0.29894564071600876,1.4568904355715717,-0.04096245783387364,-1.5481881563126627,-0.08954291968958408,mid
2022-03-21,2.0183257585942544,2.0851999889744333,-0.050388177397716845,-1.0582621355721316,0.6668095678865461,4.129505816831823,0.08631685948142927,1.9854541462005488,-1.0582621355721142,1.7122536340576346,-0.03929562498047031,-2.0956077541648885,-0.4126888111682077,mid
2022-03-22,1.9715030693548188,2.22799174905635,0.2891866027315916,-0.46562658078401475,0.43183954253350504,3.8811938824558,0.6738407470189374,1.4975677076273903,-0.465626580784007,1.8388093611925902,-0.037626728337722896,-1.9791226447414363,-0.16228445110691114,mid
2022-03-23,2.040696253109481,2.2606384402630706,0.3205407264715892,-0.6118701716111615,0.4343873557813885,3.8344645105476776,0.7003665225804292,1.5028904424377032,-0.6118701716111515,1.959093708276865,-0.03595574747583115,-2.149426281990196,-0.22552148451665927,mid
2022-03-24,2.1724915978036363,2.5285777631587756,-0.5428281759892625,-0.29982876087743554,1.2143302654399573,3.8796658196167626,-0.804116820355484,2.6057356515938563,-0.29982876087743066,2.160527104258159,-0.034282661827251794,-2.220689546448702,-0.09509930766806157,mid
2022-03-25,2.303695199751489,2.7364660038438484,0.26677269194516584,-0.1564082986027772,0.5337363232225921,3.9078709994889977,0.5589877192103377,1.7268646592960268,-0.15640829860277475,2.246671679092946,-0.032607450685009205,-2.246540800891592,-0.03592450513951325,mid
2022-03-26,2.3296316281519935,2.7654888864800626,0.28104002202601425,-0.1598486193680921,0.5321937552818622,3.7861076942388934,0.5570216074779126,1.7089312352417727,-0.1598486193680895,2.231205674419052,-0.030930093200984218,-2.230564022649598,-0.038846642754278224,mid
2022-03-27,2.356344779653699,2.795358078939875,0.29608154667717046,-0.16331071845606096,0.5306530498525557,3.674292430893212,0.5550594579580194,1.6913649723845212,-0.1633107184560582,2.215989495629994,-0.029250568384180872,-2.2148499308433154,-0.041781895299042006,mid
2022-03-28,1.779868208382188,2.5359833129013443,0.4961573489078354,1.050901860085436,0.2915582022354223,2.8123247097420965,0.8414529236935502,1.0289020614568705,1.0509018600854183,2.246898665120405,-0.027568855098970488,-1.7878534528559393,0.46974811113402853,mid
2022-03-29,2.685724662511842,3.02488763617422,0.8649691014232581,-0.648321333827567,0.35846752586431363,3.873621354704369,1.3681109881631568,1.3302829034399735,-0.648321333827556,2.228982804691467,-0.0254694336946678,-2.4101857828476203,-0.2506899023198125,mid
2022-03-30,2.371060356655475,2.864010933848766,1.0978582985699545,-0.02447485324832308,0.21950792809072392,3.3558353789673068,1.6591894989308826,0.8611973041727946,-0.024474853248322798,2.257089877690079,-0.022537275610683735,-2.199327422817743,0.010595884386747252,mid
2022-03-31,1.7174731436479664,2.6755624164215783,1.284659518993277,1.6537318292820464,0.04560364398803508,2.4614591274820525,1.8594019963883006,0.1945580426399419,1.6537318292820178,2.5161676460220446,-0.020008482017633358,-1.8285661581290293,0.7209952393179054,mid
2022-04-01,2.4534386116717743,3.4412950702468756,1.3342707867431964,1.3538586771478736,0.17553985442153705,3.258536380859731,1.8632412882827172,0.7037079215160371,1.3538586771478502,2.581988394537659,-0.017471717567240915,-2.010060672143245,0.592499820815105,mid
2022-04-02,2.477066855033067,3.454282701678437,1.3693501655690994,1.3494964050709128,0.17487094852815263,3.1814106821539436,1.8437070053679157,0.698186428126544,1.3494964050708895,2.561838581220354,-0.014926874080561803,-1.9976251202983681,0.5894906694228101,mid
2022-04-03,2.501305260493889,3.4674074185769466,1.406670054342661,1.345177405973546,0.1742021266778674,3.1089582100669184,1.824604884725133,0.6926864543109285,1.345177405973523,2.542090486732506,-0.012373841776189604,-1.98535773419173,0.5864828817234521,mid
2022-04-04,2.6769764215926823,3.5975847788688404,1.7804580066766817,1.1823310115582704,0.12019463094250309,3.213552985076039,2.2527881307353526,0.4807769749558484,1.18233101155825,2.498830010418631,-0.009812509236319135,-2.0074142648800595,0.5155460898162457,mid
2022-04-05,2.990447222865116,3.8270103136378832,2.1049734860210854,0.8710195928764897,0.10787354286247393,3.454852929453922,2.591454272626168,0.4250081639584164,0.8710195928764748,2.309702700919051,-0.006730524684162648,-1.9382601231201588,0.3799797557395132,mid
2022-04-06,3.182131330480395,4.0219218195303705,2.203731934881584,0.8683411912040669,0.1249246684433522,3.568567939920284,2.63879282077392,0.5033238006725137,0.8683411912040518,-3.696930435882277,7.132606998107962,3.907299461792041,-6.445641863974102,mid
2022-04-07,3.3118113269321086,4.035410114078749,2.4202825170712963,0.5522422242600448,0.11197175718494275,3.6103070983782777,2.8051779427385313,0.44224094201734526,0.5522422242600351,-3.656005532682451,6.803561805558286,3.744109176565238,-6.327271400513524,mid
2022-04-08,3.4636154020293617,4.074778576029848,2.517325763229,0.23869147821072734,0.12819582983570765,3.6648457642253636,2.800619582787917,0.5208408709880405,0.23869147821072317,-3.6561130122361183,6.508795001724109,3.6280979758270777,-6.212364093650209,mid
2022-04-09,3.4507259008489983,4.033902832952458,2.57699699607282,0.23513653665799308,0.12745697372594328,3.5579176474748144,2.749587751720811,0.5158201717466894,0.23513653665798898,-3.6099587823073533,6.248363903653706,3.5767269741558807,-5.998361048092051,mid
2022-04-10,3.4379677607972106,3.9941572842292405,2.6406549157870662,0.23156103089860056,0.12671812233350233,3.4590554371119877,2.7008642007875316,0.5108057248421063,0.2315610308985965,-3.5653661774147665,6.016048591573249,3.5272872330077956,-5.804416676683481,mid
2022-04-11,3.613605854993138,4.209111903843427,2.0475805736993835,0.3854281156740516,0.2868858951046704,3.5265929419185857,1.978723162999584,1.1845615960874605,0.3854281156740445,-3.5134673707882706,5.807101259410076,3.520259576204279,-5.585200023903039,mid
2022-04-12,3.6159842290522106,4.0748460489355525,2.0768706001792663,0.06987735524260166,0.28994993333642793,3.430598862149481,1.9416534337321343,1.1893624330656811,0.06987735524260039,-3.6801195009178644,5.623114761536944,3.571703595949227,-5.540675066942007,mid
2022-04-13,3.484738001457239,3.953055837347064,2.4047077792062916,0.22478803601742192,0.20303662489622257,3.236520948034847,2.2323564522210617,0.8403027334540971,0.2247880360174176,-3.608306545143738,5.454006066422207,3.545867561972332,-5.346291224525858,mid
2022-04-14,3.413564124167372,3.946393032864516,2.6052664872520634,0.5379543784773804,0.15714718070851522,3.1061189309619492,2.3879965893671997,0.6366355074176885,0.5379543784773702,-3.5961682960026398,5.299188663862787,3.62195702666643,-5.122028618298518,mid
2022-04-15,3.417607423716838,3.916161656218312,2.619870372537168,0.5361275361221344,0.15693344170356752,3.036122497722635,2.3541655941463357,0.6312098964169025,0.5361275361221239,-3.5778506025813743,5.1563429140689845,3.591916643306453,-5.011561021450821,mid
2022-04-16,3.42166400349553,3.886569979356334,2.6346933690727203,0.5343607383415797,0.15671971908978455,2.97010405549537,2.3214718450686846,0.6257995684225508,0.5343607383415689,-3.537374849888106,5.023989049659206,3.5413493686465096,-4.907649575551661,mid
2022-04-17,3.425733937591402,3.857595445125642,2.6497411580725996,0.532658603015081,0.15650601283691337,2.90768991041124,2.2898499240387684,0.6204040378695788,0.53265860301507,-3.4981273378155318,4.9008915799510815,3.4926677854796786,-4.809664805972244,mid
2022-04-18,3.5494803727138264,3.9691243171319295,2.6048815471527056,0.5295918338056936,0.18512736943915672,2.966059542408428,2.2318895590496446,0.7473677567795237,0.5295918338056826,-3.441552257197175,4.786009758499595,3.431177457111029,-4.708450725797512,mid
2022-04-19,3.501405927998942,3.994007966287633,2.8140380955230837,0.8606795160815831,0.14434065151065442,2.9002675757282526,2.4072237478098204,0.5601327324609042,0.8606795160815652,-3.4474830073339855,4.67148297033684,3.526239759614644,-4.512900134038413,mid
2022-04-20,3.3796660848646916,3.9836654996958063,2.6310234668650447,1.3603092323153387,0.16039613319290547,2.7776732029658167,2.2232763245689138,0.6271626587450604,1.3603092323153108,-3.328264636178508,4.56437570899642,3.5431120350850698,-4.287980782234322,mid
2022-04-21,3.4484533751667743,4.123171181352241,2.560169221975176,1.6938663063160881,0.1881686880637485,2.8144714914012985,2.147382779884199,0.7515810399414172,1.6938663063160533,-3.2937047883577284,4.463910992968594,3.590602677757709,-4.118453607607726,mid
2022-04-22,3.7108319373971863,4.277563686525205,1.1720910944914622,1.358286418215677,0.6060289915281005,3.0055241257494316,0.8683297045284387,2.083890296369496,1.358286418215649,-3.2137042607064257,4.369750586966794,3.416219970474635,-4.124209332145721,mid
2022-04-23,3.660582319865545,4.196837844355651,1.1734415251594401,1.3539742888001867,0.6045616848270238,2.9408759447110056,0.8659808269566891,2.0577669229657483,1.3539742888001582,-3.1746635291260756,4.280952839455035,3.371151301508504,-4.048132943155099,mid
2022-04-24,3.6121552352614086,4.120226130030184,1.174794748496536,1.3497063765835393,0.6030964633525375,2.8797079843571827,0.8636394350543928,2.0323748445308096,1.349706376583511,-3.1368502679309023,4.197020691353514,3.3276441830899217,-3.9758218455164527,mid
2022-04-25,3.600442351381469,4.043817566441559,1.3412984321916153,1.189125757220494,0.5525742723907509,2.8495199604439883,1.0108037660785527,1.9069251124444822,1.1891257572204692,-3.093746584295337,4.117519372145438,3.2398062226952944,-3.9436717784877677,mid
2022-04-26,3.529950632017535,3.948325850625374,0.39934955479561235,1.1833642679072955,0.947243677586269,2.7730140225530038,0.15046056923165588,2.5769392857799067,1.183364267907271,-3.2225027537309985,4.042066705195928,3.355349388956054,-3.8770976080887336,mid
2022-04-27,3.4504824432525147,3.890922625427065,0.3424468294704259,1.361044751485875,0.9661877219615089,2.6912807279746804,0.09819766991386328,2.5476351847895726,1.3610447514858461,-3.1205944842659723,3.9706632973738882,3.298477292494896,-3.771657827635199,mid
2022-04-28,3.485198872926339,3.8209742979290082,0.8768632957425797,1.0050709498375137,0.7241333071678488,2.701968091592851,0.5857258555916902,2.1707106595805845,1.0050709498374926,-3.0007318904342073,3.9026419255363516,3.092391401595034,-3.7905697904368423,mid
2022-04-29,3.2999238582030057,3.7395635367900484,0.39714740230754847,1.5169112664127455,0.9103539228445277,2.5392452764453513,0.14928736696070316,2.378727546064548,1.5169112664127133,-2.833143437492146,3.837739478233813,3.0555746581031507,-3.616361283885909,mid
2022-04-30,3.2635164163386077,3.68392315524552,0.3965493309907856,1.5114451804351112,0.9085310025820447,2.4967232488794,0.1497534906784931,2.342697483804574,1.5114451804350784,-2.804970091561361,3.7757206846563447,3.022199202805404,-3.562990829701718,mid
2022-05-01,3.228166526618382,3.6304899876311474,0.39595155309891117,1.5060346449192266,0.9067124103170064,2.4559042794473984,0.15021973394112728,2.3079467278279058,1.5060346449191944,-2.777500435065852,3.71637443563661,2.989762387549732,-3.5117012909686616,mid
2022-05-02,3.4158290783943364,3.767920112962465,2.452976567318692,1.3489382704075634,0.2687150707034241,2.591713977348301,2.0202802081701345,0.9600669096674499,1.348938270407534,-2.868809102114758,3.6627299322193796,3.035135875034634,-3.4963702197738,mid
2022-05-03,3.5140929534687726,3.8888424583166823,3.0413087899129856,1.519317596581135,0.1776010101693985,2.6560431049554687,2.542635290079496,0.6115890036822045,1.5193175965811014,-2.7877102167960106,3.6089486365005716,2.9951678670509962,-3.41105774831,mid
2022-05-04,3.631638782705075,3.9490716886230053,3.8995266133619952,1.3373447985834208,0.06593534047465928,2.736594434305571,3.294551294572198,0.05784339328734835,1.3373447985833913,-2.71943345453834,3.557267064254741,2.884142808225859,-3.4024617658657315,mid
2022-05-05,3.484115061278015,3.745760165953442,4.02511388690314,1.152323414723808,0.02605539948091654,2.6083246780866225,3.380310006751959,-0.17776664508069653,1.1523234147237824,-2.5520165079064503,3.507743527884593,2.680550780693265,-3.394538708060451,mid
2022-05-06,3.495880670899893,3.6291220069926666,3.844663295005039,0.6113369198142946,0.049589514222480584,2.6062786851539474,3.1974654671224085,-0.044359545879406076,0.611336919814281,-2.4891872003659796,3.4617135063106277,2.4961470712404203,-3.458919626515495,mid
2022-05-07,3.4518337166245616,3.576860112609462,3.7828483823829684,0.6085115271246957,0.04997017372658967,2.5610322631549085,3.123033775708577,-0.04717494143286526,0.6085115271246819,-2.470186005042924,3.4172953756360176,2.4792759061442293,-3.4125027568518265,mid
2022-05-08,3.40925826338718,3.5265937598180814,3.7236853425256666,0.6056928759868737,0.05035088240060357,2.5176809406417493,3.053001026224111,-0.049996954726356437,0.60569287598686,-2.4515452513567157,3.3743955952394957,2.462715172205905,-3.367726333524087,mid
2022-05-09,3.3650967540780092,3.400875357616593,4.012794710607065,0.23751235634231246,0.0035213023150875095,2.473194800859549,3.2850413134439442,-0.34582957689459326,0.23751235634230697,-2.47434255543204,3.351123399864642,2.406695900054149,-3.4095350114761884,mid
2022-05-10,3.4527627570234096,3.408647550116999,3.799769571935579,-0.14153596225458503,0.042534625399325024,2.5321813798851354,3.0800934176131265,-0.11086680881614841,-0.14153596225458168,-2.3549134936453067,3.3341026425413554,2.21373966753025,-3.45617278131032,mid
2022-05-11,3.2994285362011797,3.4014489020302054,3.9536174467829843,0.60279886488712,-0.0028362822631467968,2.4035998243964745,3.1956329778993453,-0.3999923741304859,0.602798864887106,-2.2282624312285333,3.3072470451273337,2.2694006970105143,-3.2789025916126264,mid
2022-05-12,3.1246617876928813,3.442969940290584,3.7999697549628193,1.738366403830498,-0.011859938047650311,2.2593889573469594,3.046415665595733,-0.45084731432980757,1.7383664038304576,-2.1254492719503215,3.2839538330313216,2.436124645809659,-3.0369543592654127,mid
2022-05-13,2.8415941788352166,3.226526471804363,3.4207713549048546,2.1242750493560636,-0.007494770257244443,2.0312874729414463,2.7075462386703903,-0.3972994595119822,2.1242750493560143,-2.1580601605075835,3.261319370817666,2.5601826318761844,-2.9417771518576448,mid
2022-05-14,2.8174094923686703,3.1890520026958167,3.377095967874734,2.1150209545782865,-0.0071801374475622395,2.005986946488774,2.65880565525264,-0.3993661333875053,2.115020954578237,-2.159014571185256,3.239322002007839,2.5625939454336577,-2.9231256071388185,mid
2022-05-15,2.793750455152469,3.1527112040326846,3.3348885586528074,2.105917282049384,-0.006865491033269496,1.9813722107407032,2.612212816690444,-0.4014385390047687,2.1059172820493357,-2.1602873835921597,3.217941334571262,2.5654933390974466,-2.904922781560756,mid
2022-05-16,2.610011437939822,3.0305536954567556,3.1526296556234095,2.4693626022312696,-0.012914482019229904,1.8312927576986227,2.4480415941741827,-0.42498954597246563,2.4693626022312123,-2.442081732250626,3.197158161535794,2.9243728168558722,-2.816356280128173,mid
2022-05-17,2.651926981368177,3.021418128594499,3.0692459966248893,2.264188002280173,0.005071528989452353,1.857791524249378,2.368485803284909,-0.3247870216673065,2.2641880022801204,-2.3580994719187647,3.175431874123776,2.798388357109336,-2.835468358199933,mid
2022-05-18,2.6404996207815166,3.0338725166254616,3.3259299721202216,2.442555503009033,-0.03560576537618618,1.8428761495550248,2.5767393152387292,-0.5894931062730239,2.4425555030089763,-2.260938396353699,3.1430071917052023,2.745480663871511,-2.7739267079420635,mid
2022-05-19,2.6286772343325104,2.935620248717175,3.253302878341802,2.0314451222989716,-0.029449199448672095,1.8275112964226643,2.505829060361215,-0.5531138410066881,2.031445122298925,-2.344997691931275,3.111484219246834,2.7259442799901863,-2.8242976937152884,mid
2022-05-20,2.396620001004298,2.836936164487593,3.274218044025423,2.759193597350366,-0.07263127129893317,1.6404684057488435,2.5144322685757277,-0.8146687521726879,2.7591935973503023,-2.404840305408248,3.0808218839591923,2.9526970566950625,-2.6610054682184883,mid
2022-05-21,2.3827729501069514,2.811185356967913,3.236213083284119,2.7402059929938742,-0.07219017637488656,1.6241182768480695,2.4738825334439083,-0.8147711272679161,2.7402059929938116,-2.3904825481732184,3.0509817141872664,2.9312357156105553,-2.639156648507809,mid
2022-05-22,2.3691218692620764,2.7860281069106083,3.199362720735835,2.7216232107998777,-0.07174908026656374,1.6080755993386828,2.434898782163123,-0.8148735178574376,2.7216232107998177,-2.37637523544676,3.0219276317534502,2.9102792364419487,-2.617767890402468,mid
2022-05-23,2.2025695308490385,2.647001938542017,3.097588150165752,2.8761816745888233,-0.08775701766421073,1.4731218794039553,2.3408075782758027,-0.896282408792232,2.87618167458876,-4.276696013533919,4.302593468515542,4.737067841936027,-3.929666536533556,mid
2022-05-24,2.08223624468411,2.549966694537639,2.987000396002858,3.0050462442738404,-0.09502702622305702,1.3747185514169549,2.2405247776740636,-0.9231416707592899,3.0050462442737746,-4.214960335928203,4.217506245835114,4.6819525855488715,-3.8349268900770097,mid
2022-05-25,2.253404757633075,2.6420412781907046,3.0044572342239984,2.6467316537189776,-0.0700644454208403,1.5042322144344091,2.247086494201701,-0.7915208131381738,2.6467316537189203,-4.0728194274818605,4.1369514947894315,4.444483076628589,-3.83181621135543,mid
2022-05-26,2.3068559289099517,2.6171080614547204,3.0084337519360265,2.270676840846305,-0.06326207144537098,1.541744994595625,2.2432554741233983,-0.7608103645976902,2.2706768408462557,-4.138283247615992,4.06053491747151,4.404331848141412,-3.83308455008141,mid
2022-05-27,2.080422251650941,2.5871108595020074,3.0032379568415553,3.319787872002873,-0.10291351081987571,1.3597268696546165,2.232336069726527,-0.996524035678278,3.319787872002802,-4.112159479309138,3.987908697110004,4.58868423800873,-3.5839881164405454,mid
2022-05-28,2.0710306276058232,2.5666149565880434,2.974554397908301,3.2876340351480917,-0.1025857337681347,1.3479533061977227,2.2022339681594056,-0.9970375615213762,3.2876340351480224,-4.03663814415485,3.9187646784435146,4.487918449614364,-3.5319018807942415,mid
2022-05-29,2.061737626484367,2.5465204803492143,2.9465782812595536,3.2563952410089625,-0.1022579720492653,1.3363403987669058,2.173064104542786,-0.9975514882230277,3.256395241008894,-3.9648369949718782,3.852828732752937,4.3931420139150505,-3.481812942286196,mid
2022-05-30,2.0516713151832273,2.5268694033368546,2.9179648645487353,3.2183945149388666,-0.10189656271986432,1.324884803563897,2.1450486165823794,-0.9987356869802323,3.2183945149388005,-3.896467863905384,3.7898560717487424,4.303123851204758,-3.433604075402147,mid
2022-05-31,1.8567291247603717,2.495797754034044,2.877211869807399,4.043914068532919,-0.13172290386793087,1.168070561436727,2.1072380891612634,-1.1693759431452633,4.043914068532838,-3.9162575519128286,3.7293851266564046,4.475292699374431,-3.234271167648738,mid
2022-06-01,3.3724276538243037,3.4931265889979164,2.747024405232475,1.766470410871698,0.15606365956278756,2.3602998674478806,1.9967238617263938,0.4791187383141639,1.7664704108716631,-3.7672081770481993,3.671479896377539,3.8498237296852444,-3.5820410443555337,mid
2022-06-02,3.267749945754217,3.4436791640110025,2.595100120914826,2.07780735332381,0.1703868858602438,2.2750323100331262,1.8682284813571481,0.5446214661547985,2.077807353323769,-3.779651249270178,3.6159773778008724,3.9175278774432045,-3.4755409981237535,mid
2022-06-03,3.3523514168285486,3.486427480228395,2.6509850426838573,1.9172937012696427,0.17727448707199445,2.339980571332111,1.9120542316583604,0.5851544247749817,1.9172937012696052,-3.7496725363746695,3.5626661932544597,3.8494919423993608,-3.4528581806100784,mid
2022-06-04,3.3109779561702584,3.438898351382201,2.6284065894261115,1.9080482932378493,0.17712371518129105,2.305583317874953,1.8911811003466554,0.5794112890899354,1.9080482932378118,-3.6908866908574924,3.5114317337412,3.7864994613752847,-3.4057423704857235,mid
2022-06-05,3.2709441350437443,3.3930749250055117,2.606305313386498,1.8989182898874624,0.17697295343177688,2.2723675471003304,1.8707948800870007,0.5736750982470737,1.8989182898874255,-3.634548054328634,3.4621397489167656,3.7262536828626174,-3.360313121861563,mid
2022-06-06,3.312796175209307,3.4543286278493954,2.7464185295941923,2.0665915715975505,0.15853350895820237,2.304178800942513,1.983817207881087,0.4772682090897544,2.06659157159751,-3.577374024015472,3.4146678556274495,3.6995424822728644,-3.287446250015955,mid
2022-06-07,3.372931243818766,3.4996758262414525,2.801849725935334,2.04999538827177,0.1609465509731167,2.351713874640234,2.0269005725626705,0.4926076618280264,2.0499953882717303,-3.5992716101328206,3.3688842613508476,3.7091585222398407,-3.2475986180548593,mid
2022-06-08,3.3788045019523216,3.4674022444396417,2.7439872219007655,1.8670194454996618,0.1764381180942752,2.3573185360973326,1.9771141741674534,0.576541273100838,1.8670194454996252,-3.5075176205345007,3.3246993569304815,3.5832928972201326,-3.2359012744213,mid
2022-06-09,3.284898504357091,3.4579882790520484,2.629361520210554,2.3686120186270356,0.18547487353781378,2.282832529772721,1.8807329836989854,0.6151581072158994,2.3686120186269903,-3.521417307745391,3.2820279883922816,3.6834203480355585,-3.1145531087832694,mid
2022-06-10,3.1841950309888456,3.4324573299892824,2.582494671746324,2.8247785079283485,0.17865888761541832,2.2024585790244964,1.840066001156074,0.5667925540179077,2.8247785079282943,-3.333380928011247,3.240799457162317,3.587614073311281,-3.0031947014849196,mid
2022-06-11,3.147501766112894,3.3864012117917537,2.5604202926225446,2.8019921989269756,0.17871173479403432,2.173261564653019,1.8199025932770927,0.5611916074106365,2.801992198926922,-3.290457769943935,3.2009170857200506,3.5355068095963373,-2.9705504405087475,mid
2022-06-12,3.111905564491052,3.3419659748706616,2.53880754709322,2.779716007316095,0.17876458349406713,2.1449576678469975,1.8001952435050512,0.5555969216557357,2.779716007316043,-3.2489755633484037,3.1623072639900376,3.4853974221501502,-2.938811201683214,mid
2022-06-13,3.192754617292628,3.577707964739879,2.659830110082701,3.8110971938057636,0.1711870962332787,2.2100414627105898,1.897745110000152,0.5197184907972837,3.8110971938056943,-3.018604146375342,3.1249019082845177,3.4569473131033424,-2.738490168629534,mid
2022-06-14,3.49844730712341,3.7923841788449115,2.45260881473491,3.467799436642849,0.28311056862198897,2.4562459031889237,1.7255038984713396,1.1443961364570114,3.4677994366427867,-2.8902029334992796,3.0886803622227044,3.2697605297034618,-2.760200872998299,mid
2022-06-15,3.492077752270968,3.7147681947514286,2.045999133774646,3.0933283720430715,0.39745029624075207,2.4506954962970973,1.3897798217214685,1.6422134745035073,3.0933283720430165,-2.9153553025559025,3.053539357957566,3.2170017977958345,-2.7884526136782712,mid
2022-06-16,3.3600713091254564,3.6242742270701815,2.3289799584767468,3.3315309047272756,0.2957225551480216,2.3448932067619026,1.622336598469471,1.1754131211339,3.3315309047272175,-2.7732197391372826,3.019392638081607,3.126368509193975,-2.7175507685653613,mid
2022-06-17,3.3415357486886568,3.5961773032991475,2.5611801749978294,3.30570273278619,0.23979426475506016,2.3309541647244134,1.8129813966362636,0.8984938676410799,3.3057027327861337,-2.6988579162453505,2.986223382512442,3.049962001971626,-2.6895652713766243,mid
2022-06-18,3.298420523938463,3.5436061109034984,2.5392641639760214,3.2648150797687503,0.23978997963559787,2.2970765386311136,1.7942650451164108,0.8914063883247304,3.2648150797686957,-2.6739382966145597,2.953984395650332,3.0158942454544264,-2.6648159560359757,mid
2022-06-19,3.256756659772512,3.4930636631253553,2.5178045883947737,3.225251101240907,0.23978569452861645,2.264350796772584,1.7759484473991498,0.8843645586255418,3.2252511012408536,-2.6495884859840277,2.9226316187114008,2.982800186741479,-2.6406298365778005,mid
2022-06-20,3.2166241640723303,3.4450690541466233,2.52715925960429,3.187557497039303,0.23701433151660609,2.232706312925198,1.7580295714621403,0.8773703242986373,3.1875574970392524,-2.5725552879233526,2.8921238663579545,2.9028648887508264,-2.616992140478378,mid
2022-06-21,3.1822511321401015,3.4517941958000637,1.9516539351684163,3.458076870980938,0.3866151864222342,2.20612576127018,1.2912476102446218,1.5508172244118563,3.4580768709808845,-2.508956218286766,2.862400040807933,2.8925701119662524,-2.543193062701116,mid
2022-06-22,3.1452537739169006,3.381749500809451,1.6681177227668575,3.2616184514384186,0.47598556995160796,2.1772738462193577,1.0615386133095075,1.8661715653487623,3.261618451438369,-2.380638338141431,2.8334515526874653,2.738826413638504,-2.5464906504214593,mid
2022-06-23,3.024799643892496,3.3117642455014273,0.40308500295274136,3.5355637731984495,1.1113557675412093,2.080037098933159,0.037076625525996075,3.205948850460597,3.5355637731983967,-2.2808166576504982,2.805307749793925,2.69896689639284,-2.472547651859836,mid
2022-06-24,3.095070742423135,3.291943318326195,-0.34254464186985945,3.040564124030833,2.0205962880947563,2.1390802285738686,-0.5645890795023443,4.07800409387273,3.0405641240307886,-2.303388781069138,2.7778790332482206,2.6253845639151323,-2.5269452676081348,mid
2022-06-25,3.0596753255854905,3.250379773566085,-0.34293636036794534,3.0069906858998805,2.008707449326634,2.1113915440697437,-0.5621678738228784,3.9421613969540674,3.0069906858998365,-2.2863907894740603,2.7511223286438025,2.6021002452734674,-2.505741829014519,mid
2022-06-26,3.0253191102470094,3.210180990518145,-0.3433282413319771,2.9743663929524886,1.9969739358592387,2.0845132718251036,-0.5597523269537173,3.8182182862083796,2.9743663929524455,-2.2696857433343234,2.7250096159796318,2.579322800295336,-2.484969389821434,mid
2022-06-27,3.0569593522523784,3.254336705632444,-1.0811039043084336,3.097050331032773,4.213731537248763,2.1120870593804435,-1.1492148886329119,4.499646807258578,3.097050331032729,-2.2277045292228506,2.699514487681411,2.563363031615358,-2.4387096216797843,mid
2022-06-28,3.0318036546060836,3.223164571608975,1.2712796328233331,3.068128861263522,0.6166379251426938,2.092777399206302,0.7480781768292627,2.017926794119696,3.068128861263479,-2.1981004765284116,2.6746120310678325,2.5302447773670305,-2.418238417643225,mid
2022-06-29,2.957155198456451,3.193189793622319,1.4867581245029773,3.3279400408553923,0.5135707512429167,2.0323874060283296,0.9211957400357593,1.718557699142634,3.3279400408553466,-2.3245157105443206,2.6502470031192993,2.689666240946542,-2.3495842385656727,mid
2022-06-30,2.9512309322135897,3.1579445275866034,1.546088318081237,3.1637596298511923,0.49533697937154375,2.028900034213051,0.9683262301367337,1.663735385953931,3.1637596298511497,-2.5083646720204382,2.6264301368941507,2.8190780690033783,-2.3529326756581885,mid
2022-07-01,2.884311631755473,3.067808857722889,5.980339403997317,2.996000785759009,-0.24763238912174027,1.9745807904336639,4.524473157562089,-3.1630474651723097,2.996000785758969,-2.6250065263200835,2.6031403256565593,2.887597027423383,-2.35758430041511,mid
2022-07-02,2.854813117236772,3.033228005862634,5.767788506154985,2.9649629709881022,-0.2468515673420188,1.9513550249157188,4.3335390839475565,-3.099750978541172,2.9649629709880636,-2.6017019620477737,2.58035758558629,2.8580715907318375,-2.339627891705499,mid
2022-07-03,2.826075962033039,2.9996459398549495,5.575660087480534,2.934754765775069,-0.2460709563502963,1.928722587152686,4.163568590675303,-3.0397077184910093,2.9347547657750317,-2.5789050550593826,2.5580629800003862,2.829308599434298,-2.3219940296221435,mid
2022-07-04,2.7980668200148724,2.9670140231448956,5.400857958392628,2.9053388769901556,-0.24529055470588498,1.906671801922332,4.010942771824881,-2.9819620663198907,2.905338876990119,-2.5005474971473807,2.536238549736574,2.751999068919727,-2.3046726268400985,mid
2022-07-05,2.8629956795745106,2.938689277011785,5.299476256473018,2.373119255804566,-0.2376953622418006,1.9625963540347373,3.9190027845724327,-2.8916696147639027,2.3731192558045358,-2.5196203299712865,2.5148672491146833,2.6659219558810165,-2.373994048788288,mid
2022-07-06,2.7532518490411713,2.863605028449591,4.923091623510545,2.5404794043998034,-0.22753727007922028,1.8716232231726173,3.6133217897690386,-2.6733087660223727,2.540479404399772,-2.353507032926574,2.493932886955275,2.5484589330856786,-2.3248237733131547,mid
2022-07-07,2.719283972236741,2.8268506059657916,5.407048831355219,2.5182155727751967,-0.2792496681643066,1.844198468759685,3.983847560269152,-3.347347884853132,2.518215572775166,-2.5131777465408054,2.4734200721900117,2.682026793623562,-2.3082911634766026,mid
2022-07-08,2.687601839870493,2.858500462121838,5.42803608837719,2.9219255839020297,-0.29313630200192603,1.8187830277895174,3.989745452153304,-3.4851937280146603,2.9219255839019946,-2.4757132115470037,2.4533409312550916,2.72188502323222,-2.2193482161332696,mid
2022-07-09,2.6629760627054133,2.829651975607663,5.265885612257519,2.8953251392192167,-0.2920912028664176,1.7992885362285365,3.853768283120546,-3.395632869884847,2.8953251392191826,-2.455527481550091,2.433653863074373,2.6966495563201804,-2.2037715342097575,mid
2022-07-10,2.6389084894676906,2.801536391422552,5.116867668636662,2.8693710055693993,-0.2910464853850389,1.7802273027095792,3.7298159683224688,-3.312014872046897,2.8693710055693655,-2.435737430844628,2.4143456356973,2.67199633524743,-2.1884460128068572,mid
2022-07-11,2.640706677941689,2.8211117996990396,4.864761652200988,2.9996435049869947,-0.27772124715746516,1.7831098073586222,3.5273968368316266,-3.0740107088967044,2.99964350498696,-2.5085479990174826,2.395913561293731,2.7582810660149786,-2.1465160663888465,mid
2022-07-12,2.6336384827636876,2.8314017695306717,4.726530015172969,3.1201075783140255,-0.27369320900391525,1.7784704930271507,3.415040564272791,-2.972036556520364,3.1201075783139895,-2.4794407242996233,2.377535351487844,2.7534117576587396,-2.1060067259143107,mid
2022-07-13,2.536929986309906,2.777560189865895,4.544624880798727,3.340336148337834,-0.27642502351770487,1.6970587771617998,3.268879379328401,-2.9024453064341333,3.340336148337797,-2.130078589601673,2.3593332931533624,2.4884769894826806,-2.0479821978614696,mid
2022-07-14,2.682428611675667,2.843690123836712,4.673764582823082,2.944912453809346,-0.27514589340786,1.823086485015338,3.365809455846869,-2.9533032074477577,2.944912453809313,-2.3789939583244806,2.341402945582653,2.630133275951622,-2.0970163454841084,mid
2022-07-15,2.32674175829031,2.607413620373098,3.9546528124838414,3.4634059177566234,-0.2591732591648513,1.5193695894941002,2.804069617833426,-2.4936671458021165,3.463405917756586,-2.470982389922963,2.3237645798352293,2.8067080890620204,-1.9864179271054012,mid
2022-07-16,2.3094229763368515,2.5845038268883296,3.886933117037169,3.4164213695456382,-0.2582176278074044,1.5060463760157305,2.7498117287594366,-2.4580840675715767,3.4164213695456023,-2.4508830355397255,2.3064388389547172,2.779209907505519,-1.9742695260604224,mid
2022-07-17,2.292406919033064,2.5620868987647114,3.822313032273795,3.3711129350950624,-0.2572622643299188,1.492945154737616,2.6981392246356437,-2.4237310851417275,3.3711129350950277,-2.4311764180162396,2.2894160679306217,2.7523867108743416,-1.9622822692627238,mid
2022-07-18,2.0241776232584994,2.3996878918813476,2.873805523052622,3.8352312158256336,-0.18563493925497776,1.2610945485649614,1.9580251147248615,-1.5681128122450185,3.8352312158255946,-2.4793043001041473,2.2726841548249967,2.882408913507307,-1.8578981172232156,mid
2022-07-19,1.9161113924805562,2.2549488953037007,3.285659469890108,3.516963425900639,-0.25629532143716643,1.167590153503253,2.277904264186935,-2.187255078347193,3.5169634259006037,-2.455587295448599,2.256246136926371,2.8000559527022166,-1.8949095801103084,mid
2022-07-20,2.0210922135793083,2.281950356820057,3.4253273568061684,3.105579054164319,-0.2576454631826323,1.2602701620222978,2.3856673043365406,-2.266230621590469,3.1055790541642883,-2.4237654509712363,2.2400755264891483,2.69197225185803,-1.9510139819060617,mid
2022-07-21,2.0750671495985533,2.3197308542671027,3.299785524868372,3.0477628427884222,-0.23709302225340975,1.3086082460921071,2.286985985628769,-2.07676030451052,3.0477628427883925,-2.5470081860994185,2.2241681904249275,2.7851471674159805,-1.943911881790225,mid
2022-07-22,1.9867042606104668,2.272777016041676,3.449473722014151,3.241297631633337,-0.26874498749064496,1.231503291831985,2.402932819072077,-2.3600300169518107,3.2412976316333055,-2.5994272090879553,2.20851710528583,2.8652965328306435,-1.890760585846119,mid
2022-07-23,1.9748828173860389,2.256346077472659,3.4028311682819874,3.204910885311356,-0.26716746393137647,1.2218200953942442,2.3657109368518907,-2.3286771810187785,3.2049108853113255,-2.576678751545953,2.193119316731713,2.8364343948805555,-1.8798925614821773,mid
2022-07-24,1.9632151301222291,2.2401911233013023,3.3578449500525127,3.169610720110588,-0.2655899166204865,1.2122522919198018,2.3298418027982435,-2.298314311491352,3.169610720110558,-2.55441718281389,2.177967622039616,2.808305479910681,-1.8691563262940338,mid
2022-07-25,2.151852169785995,2.26169832835576,3.4851414549814055,2.2876521063788346,-0.2533350117140872,1.3817998017562003,2.4281255138784914,-2.284900707155371,2.2876521063788133,0.10982294064985546,0.20416560655865396,0.34840571768816525,0.1951943670034628,mid
2022-07-26,2.2772784620994755,2.2483557154871106,3.544163198954292,1.5286689957746438,-0.2435665469206048,1.4957387358632914,2.4731860388656393,-2.252855509283326,1.5286689957746293,0.04391871851988928,0.2251724330151919,0.2586605841873243,0.030853533508743567,mid
2022-07-27,2.5291474957515065,2.3090350785993543,3.4465993139863604,0.5214612239389252,-0.19769121630304215,1.7242103357244236,2.3958319961221908,-1.9099903353599765,0.5214612239389205,-0.07488001555095336,0.34775483112832334,0.16549214103525883,-0.29500136950520334,mid
2022-07-28,2.3483216484799345,2.324243144977561,3.1027120094187794,1.609615297669677,-0.18104410101042956,1.5633895712930808,2.1259712023479898,-1.676766660785548,1.609615297669662,0.1548066395966126,0.18785015936108618,0.1793609273811507,0.08837642894370382,mid
2022-07-29,2.2595238207299855,2.280744456056833,2.9113405468171383,1.831047651283247,-0.16851990737435668,1.4848993652138271,1.9755444714575547,-1.538764979265629,1.8310476512832303,0.18455568142977768,0.1863996086086001,0.19759688956390015,0.1321075845023926,mid
2022-07-30,2.243286376391654,2.26414393078461,2.8818320748840494,1.821421157191099,-0.16675645252270926,1.4719292544819023,1.951747681374175,-1.5293719183897636,1.8214211571910823,0.18506007643335584,0.18494865285320836,0.1961065527947832,0.1327337249373402,mid
2022-07-31,2.2273192054198607,2.247824416452672,2.853084715448054,1.8119037512026162,-0.1649916474966209,1.4591664748166506,1.928565251768097,-1.5200912643170865,1.8119037512026,0.18556466506481573,0.18349728186620856,0.19461580579131701,0.1333601334136219,mid
2022-08-01,2.8191078438550154,2.7826194183557984,2.8747257958128447,1.904448179936275,-0.07222460092616513,2.001310168557828,1.9451057546098338,-0.9824776711321227,1.9044481799362578,0.3380670480441198,0.06896341682384236,0.08245450755605264,0.2808066914125666,mid
2022-08-02,2.744318373014891,2.7694443444542,2.9749927218729164,2.245569945943746,-0.10008842161012235,1.9357389102048437,2.023096357120819,-1.1905317319244835,2.245569945943726,0.45434368304530004,0.04497999944929359,0.051327557526447964,0.3741129327081387,mid
2022-08-03,2.8764927827547826,2.921929233557997,2.939652247453683,2.48476754822243,-0.07334572805434059,2.0594403236954624,1.9951946209005642,-1.021039377281918,2.4847675482224076,0.6069340934792548,-0.01300849965047181,-0.03009034314222564,0.48756615960793703,mid
2022-08-04,2.9391459184027133,2.911363007817531,2.9165779516117785,2.072310189348716,-0.05894761254132481,2.119529682512471,1.9768587465240928,-0.9327365345219485,2.0723101893486984,0.4450937569324045,0.1215781495702828,0.029249584698840946,0.2592392420323041,mid
2022-08-05,2.9465584078873017,2.972103288119462,2.917839225058344,2.4279483309428014,-0.05720807739972465,2.128958065438322,1.978301037043972,-0.9281905381126637,2.42794833094278,0.6549356289729238,0.09744162769318461,-0.07820479776247923,0.3570996792118668,mid
2022-08-06,2.9155376697307522,2.9404340316223103,2.8879679019113436,2.4088019366387465,-0.05641002956942632,2.1029876059112835,1.9552744498657482,-0.9218327392328638,2.408801936638726,0.6545151154192982,0.09599503463354263,-0.07918401100480192,0.3576922502827495,mid
2022-08-07,2.885346439300486,2.9096240163421534,2.8588738201108743,2.39001648923685,-0.05561183069552363,2.0777582593074477,1.9328355728992974,-0.9155185357846813,2.39001648923683,0.654094831597726,0.09454746897786263,-0.08016390401614792,0.35828522521210593,mid
2022-08-08,2.9022714796044746,2.9172683616830883,2.6249183325037757,2.351388226403169,-0.00904508138032264,2.095529323194571,1.7475778071835721,-0.5923927744447759,2.351388226403149,0.3285143187696593,0.33125130928251173,0.19556062096975774,0.08685540803464496,mid
2022-08-09,2.8160506285912357,2.8531234915724517,2.6008374581987685,2.4356786842331832,-0.018180754446954033,2.0177031071004854,1.7282667793836866,-0.6476681503419469,2.4356786842331632,0.4502064319757001,0.3294672799005558,0.11038726492537558,0.1080296345340903,mid
2022-08-10,2.628529584322225,2.717929711150471,2.478690779474097,2.6370823738684543,-0.027196727552690425,1.847398752936154,1.631604695639699,-0.6789823447324721,2.6370823738684326,0.4670605787997992,0.2594925745272581,0.14043290301512795,0.229678884462588,mid
2022-08-11,2.6198116296589764,2.7241407819081473,2.6084712766529634,2.73504723465933,-0.05284727565549026,1.84326839804509,1.7348213361486142,-0.8613943449977979,2.7350472346593073,0.4599177608866601,0.28067953921270894,0.17079461041000818,0.22915492288656536,mid
2022-08-12,2.5395247437957558,2.6801963246874325,2.4444799838455724,2.915083204650941,-0.036142665823801046,1.7722955296348848,1.6047494978916252,-0.7271847007202411,2.915083204650917,0.5340834171025322,0.26734339866121243,0.14872411577706576,0.28459524840713724,mid
2022-08-13,2.518072891217269,2.655789263361754,2.42493171985491,2.8859887197657623,-0.035940547914489356,1.7563927193487934,1.5894278597036076,-0.7237790226952234,2.8859887197657397,0.5339591794610623,0.26560929252261645,0.14723509169631518,0.28514931476674915,mid
2022-08-14,2.497060838441347,2.631931951942629,2.405757633692185,2.8576373906494523,-0.035738430247906836,1.7408408400200983,1.5743826857816186,-0.7203862719481564,2.8576373906494297,0.5338349606233231,0.26387486880597194,0.14574532464449783,0.28570368928239276,mid
2022-08-15,2.4759746399377183,2.612786571890991,2.2856328174410385,2.859609553018099,-0.01500808211314739,1.7249082287940833,1.4783216454523935,-0.5795838884983969,2.859609553018077,0.5305867281360109,0.2735255409316375,0.15351733229422987,0.27975096390934756,mid
2022-08-16,2.512485891953732,2.6083731915291546,1.7624006042925213,2.630267002571228,0.1216069403120756,1.7636892165589637,1.0577769104810397,0.17531869293221658,2.6302670025712067,0.6240494151020601,0.22630509051130182,0.02715139037901072,0.2895237283197219,mid
2022-08-17,2.482188310688711,2.580477414638813,1.6769820163742306,2.6280458733267023,0.14130270062078565,1.7384546357805974,0.9881421311031736,0.26805822792164896,2.6280458733266814,0.6775138064974032,0.22480395039240986,-0.015903735698556434,0.29464686299312454,mid
2022-08-18,2.435886986566936,2.5701941928030627,1.470728672518648,2.8285777664865592,0.19866440050064899,1.6965361512198684,0.8207117152362468,0.5083357238718771,2.8285777664865375,0.6909461203084538,0.26873436047726446,0.020531393286996356,0.29165363544217043,mid
2022-08-19,2.358192638542715,2.4828341412124035,1.5756369373935386,2.7080062990987437,0.14681990671784062,1.624359051630923,0.9044949524013592,0.28985956172078725,2.708006299098724,0.6018879112860224,0.31259299084945263,0.07534718970414493,0.22111107529911017,mid
2022-08-20,2.3404277656395265,2.462769480300019,1.5680291495014431,2.6830699122517636,0.1464156791403128,1.6099308531226433,0.8973650446042263,0.28862168936799626,2.6830699122517436,0.601392656988063,0.31084587536270103,0.07421518830347477,0.2218084115748984,mid
2022-08-21,2.3229797468354327,2.443096625916943,1.5604888702181543,2.6587039513741226,0.14601148997633287,1.5957737726742731,0.8902808330415316,0.2873846451097023,2.658703951374103,0.6008977021109528,0.3090988604567786,0.07308272663576323,0.22250619803331098,mid
2022-08-22,2.298761470586883,2.437929929627376,1.446444105435676,2.76491211615292,0.17887824697779622,1.5748205071627361,0.7964887208617542,0.4247694782807827,2.7649121161529004,0.5505145442181295,0.3187776854529642,0.1450750840578716,0.23891578231521815,mid
2022-08-23,2.2172948091408227,2.3751214622142753,1.230027969635576,2.8203926484544097,0.23814985721835857,1.497623994729596,0.6188551107008979,0.639620400459111,2.8203926484543906,0.4775539064643531,0.37390568876158947,0.22577435508201252,0.1937036840231894,mid
2022-08-24,2.126183376923616,2.355985266836739,0.48143308427762765,3.2034615668906814,0.6188846359784456,1.4105581834175138,0.006178572302355735,1.5647656154223264,3.20346156689066,0.5915658612105511,0.37193149457709707,0.22108052410263124,0.286579702483247,mid
2022-08-25,2.1294713242597383,2.350227933279238,-0.24027111104865012,3.1459373364865955,1.5298395414988453,1.4160742482078634,-0.5845795849553983,2.524469027644799,3.1459373364865737,0.4680388846646684,0.37001740666015875,0.322137964268204,0.28286941101822055,mid
2022-08-26,2.0092451829511644,2.311827617057725,0.8231379213732807,3.554129718272167,0.36392542816474865,1.2995896409338759,0.2831364795360164,0.9660868674188462,3.5541297182721436,0.5524695845732371,0.29966311312167865,0.3537290930315192,0.4628237381186705,mid
2022-08-27,1.9968769821570862,2.294834726402533,0.8200050006207934,3.5033033996795715,0.36315848936189066,1.2894818899895966,0.2788366138829109,0.9604806384353823,3.503303399679549,0.5522677758035798,0.2978524224513672,0.35204315477333725,0.4632712014545024,mid
2022-08-28,1.984675506560507,2.278134877701697,0.81688068247808,3.4543930775223193,0.36239194601652513,1.279509955173864,0.27453072629930125,0.9549122763679682,3.454393077522297,0.5840382941951476,0.296041578083575,0.32254558685454054,0.4637189183873368,mid
2022-08-29,1.9728609780424502,2.245959555622643,1.7727220162147985,3.3101272605760217,0.012774680087003883,1.2700149417655586,1.0595368750175531,-0.3370003770898574,3.3101272605760017,0.5343196910256987,0.3626937878566268,0.3398491256472733,0.36416595905265026,mid
2022-08-30,2.061949157777724,2.257784210454502,2.249153159715,2.9061740340690907,-0.07395917408757806,1.361778517790463,1.4521437564084996,-0.8816853664790153,2.906174034069073,0.40640547305570857,0.3607533761468852,0.35889306643642116,0.27806826667285933,mid
2022-08-31,2.031959538654133,2.2461993402006613,2.0858063630032513,2.9922341495830325,-0.04722613310410425,1.334028586088603,1.3173335767159942,-0.6955567974743521,2.992234149583015,0.4368998417664624,0.3702095148414945,0.36009747196238995,0.29425165558565525,mid
2022-09-01,2.2039555286647445,2.3144836282933903,3.0216482687260022,2.503494690231866,-0.17608325429004074,1.5108305016585184,2.0923195390210125,-1.7807362862625369,2.5034946902318516,0.8443398176209234,0.002621276541673903,-0.11180252950172309,0.5950802093186928,mid
2022-09-02,2.1236275986582918,2.2216447460000226,2.4689862733483245,2.3634630582052165,-0.10544430851468557,1.4323964204030548,1.6350987376693595,-1.1254039434573497,2.3634630582052027,0.5871159259141755,0.11569390217428117,0.08038777690224776,0.43779604697823404,mid
2022-09-03,2.109690682361109,2.206164048139066,2.449102891812507,2.3453997117949004,-0.10526159158954308,1.4212269476049153,1.6192037833684956,-1.1182817223848647,2.345399711794887,0.5866816839731542,0.11424388049757445,0.07932681069025456,0.43824631579749895,mid
2022-09-04,2.095960354653535,2.1909320843228985,2.429605060845847,2.32766228422909,-0.10507888211012072,1.4102392013178673,1.603604753849232,-1.1112225560534554,2.327662284229077,0.5862476712064276,0.11279299106410223,0.07826549969828986,0.4386968345947967,mid
2022-09-05,2.0823898300893973,2.1759381873506447,2.4104480658515657,2.3102968629902607,-0.10487234144330983,1.3994234222994493,1.5883331387742021,-1.104093954531404,2.3102968629902474,0.5397378880214992,0.14568768343898228,0.11730338897988578,0.40048247774490997,mid
2022-09-06,2.0521438024810608,2.1490855891108644,2.304897276162049,2.3082074926998004,-0.09196334452538064,1.3711502231103434,1.5007234027256555,-0.9957804524998485,2.308207492699787,0.5200641218854641,0.14410228157292265,0.13697989205067984,0.4048630050217229,mid
2022-09-07,2.0455208485046374,2.1052419256789476,2.0067968536535092,2.078930920773859,-0.032827374078203596,1.367264574936391,1.2512031659753353,-0.5931379449088976,2.0789309207738476,0.5479465937245451,0.12529885596190704,0.05612284423761927,0.37189083097249315,mid
2022-09-08,2.04807945759146,2.1221518082874615,2.1449451182682897,2.1711623661105834,-0.061942312573877716,1.3728071033973401,1.367532723411847,-0.7820432450798417,2.171162366110571,0.5613683674582391,0.117954651271498,0.07068618345563667,0.4055613735035589,mid
2022-09-09,2.0904498722564524,2.1537838546544448,2.1222312289010485,2.1442399312185874,-0.04887605906586595,1.4202738403588018,1.3488622623993367,-0.7039804488045067,2.1442399312185754,0.6929937031731,0.024717027707963295,-0.04896835115392898,0.5058354918812534,mid
2022-09-10,2.0769757491322616,2.1393773574751513,2.1082048682864754,2.1298738523171887,-0.04889184263820241,1.4094416860785075,1.3374788018979658,-0.7000814964807811,2.129873852317177,0.692246461019731,0.023370052375844826,-0.049923891329582644,0.5060488113305837,mid
2022-09-11,2.063696085028664,2.1251899116747914,2.0943871222210166,2.11572544063673,-0.048907626249035024,1.3987874308319321,1.3262493157549677,-0.6961978911327238,2.1157254406367185,0.6914999316114792,0.022021955924049732,-0.050879998279157464,0.5062621882905559,mid
2022-09-12,2.026462870834935,2.117967554637206,2.1093568282856596,2.2689577472835505,-0.05980016080563523,1.362836638610388,1.3394068948492095,-0.7600577755418222,2.2689577472835385,0.5417040094599131,0.1240298138446894,0.1226532465037086,0.432853787668521,mid
2022-09-13,2.2393787504537093,2.2582864624547607,2.208349910876284,2.010915142772715,-0.03745323852003912,1.5929508628837366,1.4242568884808315,-0.6591610724570877,2.0109151427727054,0.6860105964235051,0.08803244170589745,-0.06976324891986356,0.40999671010111854,mid
2022-09-14,2.455561083618615,2.443990407934129,2.418978562274318,2.0113791183049834,-0.03777317749665749,1.8278763468444703,1.6046534451817933,-0.7115061178223312,2.011379118304973,0.7158624501298908,0.0981958646843487,-0.09430555014738802,0.40044407663282056,mid
2022-09-15,2.3646845763950157,2.401640684433524,2.3366692017482027,2.2335590881493634,-0.03842214147648589,1.7347185721045377,1.5351009749406503,-0.6991381184651618,2.233559088149352,0.5393622589534395,0.2002690735199382,0.12170675639178778,0.3451919491705539,mid
2022-09-16,2.4046114000100367,2.3853577426341928,2.154877651053903,1.9269714067434662,0.009553460618234831,1.781316693773215,1.3796564928115325,-0.3925991943549166,1.9269714067434562,0.4548600707876532,0.2446717550804862,0.11575899215933692,0.21896550352905425,mid
2022-09-17,2.3860356676778274,2.3671784697845974,2.1408739107467762,1.9157509537658504,0.010769666361895993,1.7650480717170531,1.3678275211944082,-0.3905295086195071,1.9157509537658406,0.4547048887678541,0.24299693309427156,0.11445974682387579,0.21959697527452107,mid
2022-09-18,2.367802544211452,2.3493292439926465,2.1270802430731703,1.9046706844034718,0.011986824769026534,1.7491383266546785,1.3561645179971837,-0.388462526715548,1.9046706844034622,0.45454973291723,0.24132170970123037,0.1131599460742124,0.2202288037512024,mid
2022-09-19,2.3263717329175924,2.3278698587666553,2.33119612374582,1.9944364872267755,-0.0386799085767073,1.7080741627277474,1.5325821758363474,-0.7290269749849535,1.9944364872267653,0.4888692016518114,0.21664256948229607,0.10896495816706574,0.27280599757856333,mid
2022-09-20,2.1478160234036126,2.2340110473889663,2.4662511072906237,2.364936555426461,-0.09743746223871716,1.5174015530455363,1.6498515099993434,-1.134176274634081,2.3649365554264485,0.49578281374057326,0.18041736949044,0.20601586414048056,0.4122196678175979,mid
2022-09-21,2.0531878617626327,2.178170317474542,2.2964008008121795,2.523570733875429,-0.08430454469087478,1.4175320482817142,1.5037185088770062,-1.0021390125160388,2.523570733875416,0.6532381755405609,0.12116752286888524,0.11466526699358148,0.5235328041796404,mid
2022-09-22,1.9589846085302065,2.1219756913743213,2.0930963981491004,2.6755207912525503,-0.06281838217371008,1.3174119658397028,1.3279893526739814,-0.8194963989607513,2.6755207912525374,0.8152823036026269,0.11965008420508468,0.01814241095723843,0.569409927454447,high
2022-09-23,2.212106405257828,2.267853672729991,2.1109443198412277,2.2394595940914908,-0.013553756756311593,1.6007505381708944,1.3438596724584804,-0.5486249985931189,2.2394595940914797,0.568952074895843,0.3141252520164667,0.11765298911761163,0.24030541981622477,high
2022-09-24,2.1968305787373104,2.2516964800067667,2.097479279043242,2.2237157445821176,-0.012670062767355238,1.5879711878880156,1.332538068475111,-0.5458250653529715,2.223715744582106,0.5686483818794715,0.3122399555199201,0.11627590646773345,0.24106233803414837,high
2022-09-25,2.1817978549042754,2.2358077117394384,2.084209765382739,2.208228204144157,-0.011786048521934777,1.5754451044130018,1.3213686371558921,-0.5430319349900946,2.208228204144146,0.5683448015602353,0.3103544992216473,0.11489812919475652,0.24181982330412186,high
2022-09-26,2.0386596570775652,2.1763518211954436,2.052989353967214,2.5976265119767428,-0.03387212704458402,1.419460815013676,1.2944716063305204,-0.6663724237387584,2.5976265119767303,0.49876193684540526,0.3893682723317933,0.288946851803068,0.26161522875566157,high
2022-09-27,1.9847746115501526,2.1405618374056306,2.1152996037340706,2.661252839525984,-0.057323678239546934,1.3627070997682003,1.349482180613122,-0.8221475695184074,2.661252839525971,0.3998106685870595,0.4335725270722212,0.3987795692168474,0.23407045090697265,high
2022-09-28,1.9037007268319184,2.0421836418556927,2.050590022085922,2.485962633866758,-0.06022198290174684,1.2751861484081484,1.2931450059280583,-0.8243345802945683,2.4859626338667464,0.6434596550538569,0.2813434165138756,0.13857478067405485,0.36072233496472256,high
2022-09-29,2.033259330425281,2.0917734262396293,2.1392453066820685,2.113923109608254,-0.0509936420092524,1.4266887484224042,1.371785911667008,-0.8015731568649844,2.113923109608243,0.8179461235163474,0.256387456398775,-0.11893837725418538,0.28987244557564207,high
2022-09-30,1.8424464258213031,1.9830054999450062,2.04299428231244,2.4471964320073196,-0.07052383656200424,1.2129181811302563,1.2874501645784555,-0.88830058560002,2.4471964320073085,0.7321525985378986,0.32395691052346315,0.05544016508209897,0.30927342576416567,high
2022-10-01,1.8322897810250103,1.9711219845381949,2.030500094801423,2.4276330240343937,-0.06985631128451732,1.2050612843866582,1.2769261222307011,-0.8832056261195635,2.4276330240343817,0.7312859288830877,0.3220502020186785,0.05427040687052723,0.30998243431050093,high
2022-10-02,1.8222503627482218,1.9593942048761075,2.0181772431646343,2.408444324723748,-0.06918872842949808,1.1973340842818763,1.2665344305116633,-0.8781407365025311,2.4084443247237366,0.5847322158821918,0.32014339976914785,0.18191849661396228,0.31069199854667034,high
2022-10-03,2.8203496304635034,2.365301289119932,1.626500499221727,-0.33545496915915285,0.2619281800909181,2.3586077149917086,0.9183986026317916,0.9104404249366982,-0.3354549691591514,0.10712902454838695,0.6653248991236983,-0.19190608255617833,-0.835427361823498,high
2022-10-04,2.819780904056642,2.3702444209018587,1.5677770463340932,-0.3394498316919417,0.2866037264250768,2.3616238798302094,0.865700655201488,1.0134275016752543,-0.3394498316919401,0.22313281047055106,0.6163914173121967,-0.2955545909953273,-0.7815625240379527,high
2022-10-05,2.879666567486462,2.4142688520556663,1.8309439082155106,-0.4243226243250061,0.21809805525077397,2.435163170066301,1.100656087195471,0.7135096226861144,-0.4243226243250042,0.24839571747901795,0.660085929135315,-0.3424936440753641,-0.8534525193536617,high
2022-10-06,2.8824879781726827,2.423068529879521,2.203905370166742,-0.4249136169642285,0.11971466901459075,2.4441828692649485,1.4350950751333418,0.17678840413060826,-0.4249136169642266,0.43636927792866587,0.33355490565199103,-0.5087643295266443,-0.4894092227008307,high
2022-10-07,2.881967586978601,2.4975984279011105,2.706482412123208,0.003946521219124804,0.013119954071638773,2.450601021907251,1.8868077571421744,-0.570258933263417,0.003946521219124783,0.3688315879816293,0.43590433739739076,-0.3248834486222244,-0.48470043497898935,high
2022-10-08,2.853083526844721,2.4774715247734527,2.682349004024481,0.0019891791624245207,0.014017191381184036,2.423939997729811,1.8663157281816247,-0.568957930893489,0.0019891791624245115,0.36870395912251064,0.4338696932761936,-0.3254180185557786,-0.4828499033403963,high
2022-10-09,2.824933319149559,2.457738973987969,2.6587556228029223,2.8056528669298965e-05,0.01491482568613415,2.398252318606453,1.8463055295442845,-0.5676588539878814,2.8056528669302184e-05,0.3685763454249322,0.4318361496320919,-0.32595289553783313,-0.4810011398969839,high
2022-10-10,2.9134078949490494,2.555186709547398,2.7853946547528294,0.09670085163571139,0.008038188390524299,2.5118255711363533,1.9617442745544809,-0.6496403261218604,0.0967008516357108,0.14963283568438424,0.6092240694649576,-0.10441579472733586,-0.6517680353680068,high
2022-10-11,2.8254732233185957,2.4958964085265936,2.914387355688003,0.17778972639654583,-0.029378662143757277,2.40976065000452,2.0795137482115233,-0.9611908246791747,0.17778972639654497,-0.11179267102427791,0.8208214389077101,0.15024091778470017,-0.8648337946844631,high
2022-10-12,2.849681291506092,2.494734910096077,3.1581530559244824,0.002491114068119776,-0.06460473224790686,2.440602617004388,2.3007370111142325,-1.3141650802947078,0.0024911140681198006,0.3148024583750932,0.5515875490375385,-0.2779283199070531,-0.6131170406257394,high
2022-10-13,2.8838003516911783,2.5565595880883545,3.1912391140568235,0.1763751160646707,-0.0641501237459871,2.4830347300141717,2.3314656391285173,-1.3324684984947917,0.17637511606466985,0.17219234022247587,0.6649355085411793,-0.10171513410703865,-0.6913370418519796,high
2022-10-14,2.9568357243466457,2.6135701662057267,3.359978374066072,0.09553423562468588,-0.07784395667789695,2.5706743679314723,2.4845246922570814,-1.5147675657551676,0.0955342356246856,-0.028013297194757952,0.7779017837233801,0.052280632299614965,-0.8387777308173009,high
2022-10-15,2.925660751299452,2.5909603324156416,3.317228891247255,0.09262009995355157,-0.0767939869969952,2.5343779602742167,2.4463379200834083,-1.501525061565619,0.09262009995355126,-0.02701493902970635,0.7748099957330881,0.0505315826381375,-0.8357773673832027,high
2022-10-16,2.8953221222055148,2.568832474479867,3.2759065854090617,0.08969463518644769,-0.07574367772220651,2.4994554916023257,2.409576648469601,-1.488492169069111,0.08969463518644731,-0.12013397636847757,0.7717255458886216,0.13224825874273638,-0.8327856742406343,high
2022-10-17,2.7978274684612607,2.4860244440774664,2.955138176109862,0.08100222255002747,-0.041345879075724394,2.3858104067294916,2.1201927262990043,-1.114742471953161,0.08100222255002712,-0.04040926561632602,0.7050397297656045,0.059033030367470915,-0.7607779362691192,high
2022-10-18,2.79160198076785,2.4846762544891257,2.529802748891451,0.0828895116952092,0.03604760606852674,2.379896398093415,1.7356980678497531,-0.44426600733733307,0.08288951169520885,0.19261988877945121,0.5227195722128094,-0.1472046399196439,-0.5577819611599151,high
2022-10-19,2.8193831085529957,2.5142029671636377,2.3241819878362646,0.0903084652963789,0.0870310881912716,2.414407941871031,1.5499553974196876,-0.07067286861429992,0.09030846529637858,0.22217612361998376,0.5550434637441601,-0.17132135644478705,-0.5916061089793606,high
2022-10-20,2.8155455911688647,2.487821507331091,2.2647558994493022,-0.09464309551300452,0.10185964203064948,2.4105259921223468,1.496903487249711,0.03051139214552769,-0.09464309551300412,0.19341750140890826,0.4713638298732093,-0.19875163866190895,-0.5487582153968864,high
2022-10-21,2.740258014810971,2.397826745617271,2.137989753526947,-0.2811720272220687,0.11886866577991764,2.3213793115976182,1.3819957985054614,0.1455734577252878,-0.2811720272220674,0.23042663551716291,0.3646673308424745,-0.2849992918095964,-0.48086820937158026,high
2022-10-22,2.7151611768664026,2.3796374190481124,2.1240948368438928,-0.281417571558215,0.11874501803884852,2.292662703884992,1.3701368530995397,0.14521662089733148,-0.28141757155821384,0.23091323134446748,0.3625594658722918,-0.28551690201872054,-0.4785652384594956,high
2022-10-23,2.690641486611462,2.3617790339043983,2.1104064406222105,-0.2816631689754991,0.11862137475852409,2.2648759724652088,1.3584447768039052,0.1448598277049084,-0.28166316897549776,0.14942990630561695,0.36045152580547535,-0.2132803051345942,-0.47626361024862446,high
2022-10-24,2.7007274341659215,2.374820852323067,2.1755447260482397,-0.28137753679225,0.10603185492129277,2.2787455439484794,1.419378641052851,0.06235575788174923,-0.28137753679224864,0.26656914531770076,0.3003140698937396,-0.31718245826730396,-0.4094733804527155,high
2022-10-25,2.723953479010214,2.386865889661792,2.330651482728299,-0.37281503613247,0.07584092731857522,2.3083587149944105,1.5634679872545152,-0.1516662923843293,-0.3728150361324683,0.22212208994510269,0.3099892836965211,-0.303924525620804,-0.4449583296899891,high
2022-10-26,2.6721425258718936,2.3444009212678703,2.2883737648950326,-0.37444639363894466,0.0762511645728469,2.248256696486227,1.5256996424199365,-0.14615248086502772,-0.37444639363894283,0.19423707406838617,0.29634696042849923,-0.27965657507212627,-0.4302244489254694,high
2022-10-27,2.7130797882056927,2.3853744554415908,2.290160921519088,-0.373930166448597,0.08544006295329273,2.29996576044365,1.5287462563565195,-0.08443763430948764,-0.3739301664485953,0.12577556989804636,0.25935258987301996,-0.2187640722812191,-0.3891051573478217,high
2022-10-28,2.7108746478654244,2.4006800708727343,2.1804545727269535,-0.281315591142104,0.11258571520663886,2.2999047207083425,1.428494599457063,0.10469194333282258,-0.28131559114210275,0.2760955977798863,0.15251045478015746,-0.32570808165855336,-0.24548064057597296,high
2022-10-29,2.6862542315602145,2.3823923034166943,2.1658655491321115,-0.28210728996497053,0.11254747736015759,2.2729981767692657,1.416336367683511,0.10490147311668338,-0.2821072899649692,0.27662901359582537,0.15062921743737592,-0.32643478670465326,-0.24359838848114002,high
2022-10-30,2.6621920687191922,2.3644384633104516,2.1515013471821285,-0.2828996675931435,0.11250923997490186,2.246953388959391,1.4043608717010978,0.10511101886445695,-0.2828996675931422,0.2771627079475649,0.14874602470711665,-0.32716209389785667,-0.24171519328076593,high
2022-10-31,2.6208919465148384,2.343311824992887,2.161947049373804,-0.1915481373913546,0.10239986261754444,2.2002394969286323,1.4155946481824182,0.03793956690032357,-0.19154813739135357,0.2436229241356529,0.17029864372027356,-0.27123046581227833,-0.24076167977330673,high
2022-11-01,2.5495517810133492,2.306414582314983,1.7470889332154556,-0.012688303557675076,0.20133755135007617,2.1174794546167655,1.0278114721634435,0.6465114981044865,-0.012688303557675024,0.1985510469611204,0.18020331928728864,-0.17999298327455196,-0.2031008742012191,high
2022-11-02,2.5277600755171044,2.3139478110304,1.59663626476009,0.16763785078667356,0.24663424952381027,2.095041326314868,0.8866880415897364,0.8816871659874572,0.1676378507866728,0.3373219291161664,0.10832197841935433,-0.25167124467847296,-0.07442373467694864,high
2022-11-03,2.52445823304262,2.3390764849637056,1.5173532063787492,0.3585715438111125,0.27562602617802456,2.095881895662779,0.8121491184567311,1.0261649915471087,0.3585715438111108,0.2400897842596386,0.24686238641095296,-0.11064296163276355,-0.17593832580507102,high
2022-11-04,2.3996652993086243,2.2358081061155364,0.7481670140589632,0.4214290379766865,0.6098786644591234,1.9479784773953146,0.080195670988756,2.141384973608512,0.42142903797668463,0.5697518738267064,-0.012541437240074142,-0.38565278051333834,0.12858124849843586,high
2022-11-05,2.3814559422283352,2.220325986412765,0.745180485261846,0.41980197378429385,0.6082209896558478,1.9306692548433233,0.07383367692053368,2.1194938116512128,0.4198019737842918,0.5695573827128667,-0.014238288766500845,-0.38604378184782806,0.1300997014854007,high
2022-11-06,2.363578201151026,2.2050933753123667,0.7422004819249733,0.41817607460331196,0.6065658290805732,1.913821809039594,0.06740913200228486,2.0981217689168536,0.41817607460331,0.569362938826884,-0.01593771275835486,-0.38643495669264755,0.13162061631714142,high
2022-11-07,2.337511010580531,2.182025071118212,1.3882374231099053,0.4144098573687016,0.28116147854333073,1.8866831213959985,0.6888675136461704,1.0137853605215092,0.4144098573686996,-0.05200249702164172,0.5098947803924327,0.16501117195783735,-0.4517709889089202,high
2022-11-08,2.2449457643504647,2.0726068118542047,1.3428301760486425,0.21813887803564688,0.2737128080541123,1.777223852875062,0.644425641709639,0.9634000299104644,0.2181388780356458,-0.06256834954559143,0.5308716730864388,0.11816732417831952,-0.528531262391273,high
2022-11-09,2.2596321946089586,2.0872434458573887,1.2891487896778704,0.2184609476489934,0.30037021294892463,1.8010858768253486,0.5916644971096324,1.080366650318808,0.21846094764899243,-0.09406546817529486,0.6338827313727554,0.14627768009801634,-0.642578513625401,high
2022-11-10,2.1622317328645555,1.9858234437782207,1.2381068140422145,0.11398647141620308,0.29367644829008693,1.6845856549544511,0.5411678566687151,1.0297967886903217,0.11398647141620263,-0.1384097665158799,0.6076869459452973,0.15575891816905127,-0.642045834809128,high
2022-11-11,2.1170058281414845,1.9448750745429748,1.3059166968304496,0.10707200386192126,0.25519916090073363,1.6336106820603569,0.6069783527676308,0.860134699123098,0.10707200386192076,0.035209363408774834,0.46408767615975655,-0.0005935159467732671,-0.4848488547314518,high
2022-11-12,2.1033627749984385,1.9334827973890312,1.300374532249359,0.10623696930255778,0.254532460581006,1.6224120483220952,0.6009265722400065,0.8565988774419812,0.10623696930255729,0.03633325058831657,0.46159492164497884,-0.0018244958308703684,-0.4823032187018247,high
2022-11-13,2.0899194156810563,1.9222348707559234,1.294867952393096,0.10540186085013396,0.25386594805734986,1.6114930639127107,0.5948800865260889,0.8530788739510355,0.10540186085013346,0.03745797970266652,0.4591025731315598,-0.0030564263013825857,-0.47975824095843334,high
2022-11-14,2.013941993209423,1.8754782041022053,1.219047890189154,0.27031668008832127,0.26200664507233573,1.5205585921071305,0.5185721119155787,0.8743396200441534,0.27031668008832005,-0.11447495561211705,0.5624816683969408,0.17941222920335465,-0.5491356218413469,high
2022-11-15,2.2184737805885932,1.9862484638585802,1.66433255919698,-0.3212055528302924,0.1665335711622925,1.790246588934793,0.9665810069765292,0.45759566209361074,-0.32120555283029084,-0.16836491780333712,0.48920737321110763,0.057471090265193474,-0.6298761780303538,high
2022-11-16,2.3010621516380443,2.0091289260674663,2.1001896449547477,-0.7427031993647852,0.07003475678353166,1.903178642038711,1.415912607166695,-0.13145082963160437,-0.7427031993647819,-0.36272782206605736,0.6868456491722073,0.10913686991569785,-0.9640212800320722,high
2022-11-17,2.2150605203579388,1.9879176531153784,1.9495989160246368,-0.3175242867077945,0.08725168816256465,1.7963249909532721,1.270968368281431,0.0033285183132371965,-0.3175242867077929,-0.48642211098564836,0.7545581698999732,0.34138400848530137,-0.9224143650290114,high
2022-11-18,2.169311560507733,1.959023320388409,2.1085369654990065,-0.23087650264042972,0.038179737956206314,1.7410831936455848,1.4436198197382346,-0.3296243628514459,-0.2308765026404287,-0.4971532319452919,0.7749769954180113,0.37589142375582546,-0.921087901398829,high
2022-11-19,2.1549828828665225,1.9475158518291538,2.0948745103162896,-0.23106595114303277,0.03778150971749199,1.7268192855425237,1.4380573296221386,-0.3231937757885629,-0.23106595114303174,-0.4950913159345578,0.7717942689284425,0.37405373001581443,-0.917429660659911,high
2022-11-20,2.1408723946910344,1.9361557097374673,2.0814116549852972,-0.23125542620621692,0.03738326752464193,1.7128814632933715,1.4328075873650459,-0.31671701291071996,-0.23125542620621595,-0.4930312953162606,0.7686187024504579,0.37221666150157623,-0.9137836011739982,high
2022-11-21,2.2523428098450116,2.0186873688234725,1.932913549883347,-0.400812031030601,0.09969442285225712,1.8631034074114337,1.2809203750713138,0.12730265420612813,-0.4008120310305991,-0.6228185409962452,0.8479150642056859,0.43904927325938736,-1.0476261380997731,high
2022-11-22,2.212391049550271,1.9838930367485827,1.7225656589894958,-0.4001261323146101,0.14812197886806955,1.8132271060015306,1.059245517305908,0.44973837283285323,-0.4001261323146082,-0.6256900583077801,0.797397966494083,0.44186623022957133,-0.9914159530749916,high
2022-11-23,2.1622317283030146,1.9613753972786396,1.3128680187984978,-0.2286908679130894,0.27236455937167103,1.749804540139134,0.6146773754254986,1.111373034103455,-0.22869086791308832,-0.6071531794782371,0.7352209019730693,0.47476821213737386,-0.8755633332698713,high
2022-11-24,2.148143106702375,1.9498839973724544,1.3072778742497313,-0.22836993627000698,0.27129303841018776,1.7343878543172921,0.6086792164012119,1.1130664857740755,-0.22836993627000596,-0.6287364002385872,0.7321280248321292,0.4941254311099367,-0.8720385064494678,high
2022-11-25,2.1176966989016135,1.912116527644207,1.6301050592510482,-0.3144666554145507,0.15297459554631082,1.697937345309552,0.9668309467378586,0.49843154666426925,-0.3144666554145494,-0.6354715437556153,0.7290477899767844,0.47536727304390886,-0.892369272124089,high
2022-11-26,2.104374652951659,1.9012383291389503,1.6220390182993716,-0.3133210830099683,0.15203661526505358,1.6842542988345925,0.9601848749285196,0.5001398685206719,-0.3133210830099669,-0.6330240584687422,0.7259734683785309,0.4735383793328743,-0.8887891895380556,high
2022-11-27,2.091245776328629,1.890493524381857,1.6140487411196078,-0.31217598653475503,0.1510986173035817,1.6708735070259173,0.9536122972670923,0.5018522999576288,-0.31217598653475365,-0.6305805622123967,0.7229049708774861,0.47171115641366934,-0.8852201447951078,high
2022-11-28,2.151970868130933,1.9159458549851967,2.2079048750959553,-0.5677680971069193,0.012660835760665573,1.7550071179287392,1.6258061861454527,-0.46559231841404697,-0.5677680971069168,-0.6193362912411154,0.6844126333430184,0.38817113069379244,-0.9127934756067828,high
2022-11-29,2.1913442263259277,1.9222298198331915,2.5106846986903393,-0.8233995063958208,-0.04103592966607361,1.8107125062368674,1.9717574519085685,-0.9543854088486701,-0.823399506395817,-0.6857518339898311,0.6578314735248475,0.3737312895805799,-0.9535608785650984,high
2022-11-30,1.8575902477780415,1.7870138902988535,2.4123282103920602,0.5493436632095847,-0.09331403398771734,1.3655315463863607,1.8646384789777029,-1.3284320686088837,0.5493436632095821,0.372237971095792,-0.18555471490467795,-0.1732929501052439,0.3564076790606928,high
2022-12-01,1.9918149284293134,1.7617569709415983,0.9635189341268707,-0.6483327962413464,0.3666740458939771,1.5498054707209656,0.2156872073318084,1.537381204000544,-0.6483327962413434,0.3076632328263748,-0.18730490776175607,-0.46109951584762865,0.028274602568796457,high
2022-12-02,1.990467881210582,1.7930545407774776,1.0096846790272278,-0.39924808259365024,0.3452113370657949,1.5510904264111163,0.26682558161845954,1.457227321704376,-0.3992480825936485,0.12822751342743943,-0.058538672280341125,-0.22942481659970934,-0.04552335654729419,high
2022-12-03,1.978789040543771,1.783531712225668,1.0057527896359526,-0.3983670975395655,0.34388126443977995,1.5384343787241677,0.2605322513560808,1.4510285867680435,-0.3983670975395636,0.12913264708159816,-0.06041162547235543,-0.2300054263498274,-0.0433394592221561,high
2022-12-04,1.9672628436843702,1.7741135677222706,1.00183681742583,-0.39748666694972384,0.34255183205441625,1.5260089894263993,0.25419193187648476,1.4448809081857157,-0.39748666694972207,0.1300384359945607,-0.06228837376312036,-0.23058633862985714,-0.04115073854889216,high
2022-12-05,2.0311301336319203,1.8662162762567356,1.1028987157900105,-0.14241623222106783,0.3186833667271981,1.6172996996440867,0.371033817440031,1.3718098792504423,-0.14241623222106717,1.0730306816906239,-0.8131201469297259,-0.9968497137216124,0.8602245757132397,high
2022-12-06,2.0168533072734416,1.843616943673255,1.1393039452629135,-0.22672921451714534,0.2992386842146862,1.600540439737263,0.41315061978459267,1.2890502475354237,-0.2267292145171443,1.0949338430579698,-0.8254003093718169,-1.0407577108632544,0.8504660069766241,high
2022-12-07,1.9755320985585811,1.8059514594234725,1.2387950242482264,-0.22930722937125425,0.24683220225080205,1.5474087804804977,0.5305672118861362,1.0478877960637418,-0.22930722937125314,1.0935581364661546,-0.8496282252805035,-1.0402933681027406,0.876651207786192,high
2022-12-08,1.9575732305617028,1.7800289294558214,1.2422768070813641,-0.3129245736269466,0.24042602856997095,1.527548757763753,0.5348688761269591,1.0159276418821384,-0.3129245736269451,0.9954583351714084,-0.8259649664591819,-0.9769700337689249,0.8273196219569412,high
2022-12-09,1.9293840080969853,1.74463688429012,1.1103825381730743,-0.3963631914849753,0.28506113284657436,1.492325815988847,0.37728983563656143,1.2100589639931059,-0.3963631914849734,0.9951406784731278,-0.838373739362231,-1.0006139259299087,0.8180113106762034,high
2022-12-10,1.918447298810396,1.7356402367756576,1.1059573919597154,-0.39581346472272927,0.28391748471435324,1.4809036574418584,0.3714353438700157,1.2036014662512633,-0.3958134647227274,0.993596425901945,-0.8388643772798514,-0.9989873867644414,0.8187971053249075,high
2022-12-11,1.9076462319669543,1.7267379840521133,1.1015535626073796,-0.395263990822886,0.28277419742566423,1.4696875949141641,0.36555860517166294,1.1971987742368166,-0.39526399082288416,0.9336676303983668,-0.839355382906129,-0.945351679765972,0.819583858592847,high
2022-12-12,1.9088285200662451,1.7292093464682392,1.115954520812841,-0.3931970297698969,0.27758339815877403,1.4749626488563012,0.38262884828938737,1.1765933585554829,-0.39319702976989507,0.8955551041403064,-0.756723397181966,-0.9107422735176631,0.7287052690736641,high
2022-12-13,1.8168770810563633,1.6541975883040982,0.9909580276856262,-0.31403953530733186,0.3018018579713655,1.3499315273326804,0.2302147905468896,1.2494438594507842,-0.3140395353073305,0.8245005614292954,-0.7805468671434014,-0.8246703125332838,0.7771064866622722,high
2022-12-14,1.8405329539330455,1.677278291621043,1.0307111665149167,-0.3124241364024267,0.29250814241635364,1.3862241181430162,0.2780917175271932,1.2199586214087825,-0.31242413640242517,1.072982246179608,-0.9944659248015292,-1.04551634725362,1.0145774978159672,high
2022-12-15,1.9298090936441636,1.7417825364217892,1.1443240284205407,-0.47469802239868086,0.273719442208408,1.5143232335829224,0.4171393236742093,1.168553128241512,-0.4746980223986787,1.1197016639368966,-0.9815213636006046,-1.1335200406298767,0.9553171929098152,high
2022-12-16,1.917549350460728,1.7314782212470017,1.107178468541166,-0.47402783400997967,0.2856884707213765,1.4997282621314498,0.3715139356126521,1.217102753841382,-0.4740278340099775,1.0199195732844173,-0.9033321829154928,-1.044261326161506,0.8690995407162304,high
2022-12-17,1.9067576604911012,1.7225812021958558,1.1027884621531892,-0.47278222942893766,0.2844775053550989,1.4872219085492702,0.36605460326564526,1.2099870599909266,-0.4727822294289356,1.017259808208571,-0.9026386814622097,-1.0413605345732484,0.8688796802610025,high
2022-12-18,1.8960984211034648,1.7137764104773936,1.0984195090160334,-0.47153779344262187,0.2832668966342995,1.4749249442022923,0.3605810916514932,1.2029368142165078,-0.4715377934426197,1.014609079605791,-0.9019458674314861,-1.0384703969056277,0.8686598906475591,high
2022-12-19,1.8685809295966012,1.699376321760897,0.9574056687276783,-0.3894545768566966,0.33756137738071096,1.438896955350259,0.18428827993656355,1.4085151358676018,-0.3894545768566947,1.1004367562979687,-0.930795655507141,-1.0914028921521337,0.923387596022743,high
2022-12-20,1.8296691676412051,1.6736535407539546,0.847778969052962,-0.3113553371911423,0.3782418939592527,1.3867451773785582,0.045699435220207266,1.5375439318729949,-0.31135533719114084,1.1397762908038334,-0.9654359528252368,-1.1042050758000301,0.9833210167708761,high
2022-12-21,1.8407208934351718,1.6752022118216985,0.8662393967691011,-0.3946249226364733,0.3735573426247478,1.4054726393435133,0.06736045539006214,1.5231639936320245,-0.39462492263647153,0.8404664929947995,-0.7392978545122327,-0.8612058949506747,0.7096526783572186,high
2022-12-22,1.8850192262752852,1.7082130077339426,0.8744595557097858,-0.47620093741335406,0.38598604896962346,1.4715586368581655,0.07644478101167602,1.5801557832250381,-0.47620093741335184,0.8281581796450341,-0.6679992705229764,-0.8733434664487997,0.6080677504592235,high
2022-12-23,1.879462482256218,1.6942726240877806,0.7689996514563047,-0.5597037526073937,0.44051803451696864,1.4666360330123636,-0.05860947246813131,1.7493784703077642,-0.5597037526073911,0.9629164441911021,-0.7511500611841183,-1.0169849873272636,0.6770643424359457,high
2022-12-24,1.8690892899541465,1.6858317891437784,0.7659881842625321,-0.5597037526073941,0.438997398708111,1.454868210191468,-0.06425226616268927,1.7334802587428557,-0.5597037526073916,0.9605129199598829,-0.7509996067502133,-1.0146645879349656,0.6769091177720283,high
2022-12-25,1.8588392522006834,1.6774752097022858,0.7629838030428057,-0.5597037526073946,0.43747802712972467,1.4432952069331726,-0.06994387143533351,1.7178795870656696,-0.559703752607392,0.958116707724931,-0.750849184503007,-1.0123512649269653,0.6767539260819978,high
2022-12-26,1.8486569202586007,1.6691616307919144,0.7600027208938449,-0.5597037526073951,0.43599922909215605,1.431726917371252,-0.07572282136723127,1.7029386838374203,-0.5597037526073926,0.9558841867077487,-0.7508447530423192,-1.010201624034942,0.6767493503565486,high
2022-12-27,1.8255171999390163,1.6388910277265636,0.7442072853554659,-0.6417070830391481,0.4366425503169363,1.4015037006656814,-0.09779571251074468,1.6881602232590238,-0.6417070830391453,0.9864204838260614,-0.7510656571650123,-1.0604359626698063,0.6542851878695661,high
2022-12-28,1.828747922774174,1.6236641435355939,0.9229023932246524,-0.8063790617930681,0.34589397625336077,1.4093920630432863,0.1315295084160341,1.3929733327816785,-0.8063790617930646,0.8853867152405613,-0.6805519582647246,-1.0168408716739998,0.5304690061595987,high
2022-12-29,1.8419391852082772,1.6377020333239327,0.8501608612664823,-0.8042393785302996,0.38706523333446236,1.4315093963480043,0.0356130971950839,1.5350580759323555,-0.804239378530296,0.5946626465557432,-0.431972423412175,-0.7572316520018942,0.25546581721914197,high
2022-12-30,1.8520935455239638,1.6294390888886277,0.9543449301121477,-0.9671156763285745,0.3400734626012091,1.448976280031414,0.16905380393783417,1.3829330024572615,-0.9671156763285703,0.5178929386230834,-0.42149467347457603,-0.7349862890741994,0.1983373055088307,high
2023-01-01,1.842000419403894,1.6215873840295025,0.9506703568867724,-0.9659669879179713,0.33879390606182225,1.4371306769448138,0.16199016586151713,1.3784037232300659,-0.9659669879179671,0.5179070332823271,-0.4229335102054399,-0.734725267769102,0.19990148933482327,high
2023-01-02,1.8320242768978856,1.6138091285117966,0.9470091822908693,-0.9648201570079689,0.33751495841134005,1.4254732855704244,0.15484188935324028,1.3739024436108123,-0.9648201570079651,0.5179211281860276,-0.4243753780986078,-0.7344643415502965,0.20146864709651693,high
2023-01-03,1.7870557653546342,1.582950917427442,0.9812927585412549,-0.8785942424556697,0.3065597285117782,1.3628616680730898,0.19869889330201618,1.2503100354231615,-0.878594242455666,0.5901321662696942,-0.47333637188882116,-0.7743025971948722,0.27947319818678446,high
2023-01-04,1.7553954910108327,1.6018952637479786,1.0635603147309498,-0.47463415895459804,0.26026892286727155,1.3195807594932087,0.3077464334214635,1.0718902957268726,-0.474634158954596,0.5359873884751499,-0.4266889778095112,-0.6116361823377289,0.34030833619739115,high
2023-01-05,1.798369391527056,1.6531183792293487,1.1328517981996897,-0.3931747380121709,0.24611425375773954,1.3854373783653038,0.40129935415835,1.03520413713895,-0.3931747380121693,0.4585956590246233,-0.3442862782471937,-0.5196596357786433,0.2716734080396122,high
2023-01-06,1.7583428591035282,1.597180851037031,1.1545311121405564,-0.5561550620286719,0.2247257700050997,1.3297358625659759,0.43100017538845176,0.9425248206722632,-0.5561550620286696,0.35943225383574995,-0.34548534655422436,-0.47750085940101106,0.22746474421665216,high
2023-01-07,1.7492780936279915,1.5896505096345184,1.1498750370358182,-0.5566072450290812,0.2237449990658823,1.3196255371242516,0.4245270006951886,0.9444245239538701,-0.5566072450290788,0.359398137814418,-0.34668630545139095,-0.47758416877231846,0.22858483844167088,high
2023-01-08,1.740309580893656,1.5821883221165565,1.1452430217992777,-0.5570597089500652,0.22276439828702074,1.309661517933369,0.4180153944956703,0.9463298934605737,-0.5570597089500628,0.29001015548940007,-0.34788916400327574,-0.4159188860015886,0.2297063149675286,high
2023-01-09,1.756834621475487,1.6081532548318147,1.283689072146681,-0.4779874468254211,0.17628463026618835,1.3373822740487313,0.6161623055781957,0.7504190895276974,-0.47798744682541905,0.43078943964092764,-0.4687341002301738,-0.5188870755016727,0.38551146838933464,high
2023-01-10,1.7695312236968306,1.621183223951576,1.317050154339464,-0.47878564809905205,0.16846020005239443,1.3592559416864218,0.6658904985129668,0.7197655617466601,-0.47878564809904994,0.44434349245887256,-0.4697617771228313,-0.5311638690213127,0.3863587183858045,high
2023-01-11,1.7757441811336523,1.6280450518626342,1.2745011691717774,-0.47951573752390964,0.18558559577292671,1.3713276137127572,0.6062279708609869,0.8049094888033742,-0.47951573752390764,0.5025411947293031,-0.50663935419062,-0.5831741483805761,0.4269132310196301,high
2023-01-12,1.751956685021956,1.606337203739365,1.2376404310890186,-0.4809826408632909,0.19166709564612422,1.3386338982494128,0.5544662213765246,0.8299063705287593,-0.48098264086328896,0.3187445606974604,-0.44151466910906745,-0.41986064361430375,0.3543658128851884,high
2023-01-13,1.7237625885733414,1.5803803961722165,1.1770177312325376,-0.4825518427599108,0.2054867504202087,1.299472629395679,0.4677675385575689,0.8866335509189796,-0.4825518427599088,0.3178496491787394,-0.4783260830876968,-0.41948139593164363,0.39461699429309316,high
2023-01-14,1.7150594721665913,1.573022962500033,1.1722338769297893,-0.4833996672699266,0.20460182520302234,1.2893522734338412,0.46210644606041856,0.881871168155398,-0.4833996672699246,0.31767353903365625,-0.47908155271602376,-0.4195266261783547,0.39517347598773966,high
2023-01-15,1.7064457423075952,1.5657309913233672,1.167475603293816,-0.48424848835697243,0.2037170314874706,1.279367664065404,0.4564383385538706,0.8771357354170572,-0.4842484883569703,0.31749745367895565,-0.47983779897015344,-0.41957185864686014,0.39573032905466493,high
2023-01-16,1.6979197360632843,1.5585034088297705,1.1627425885952494,-0.48509830914782354,0.2028323671890692,1.2695158131426403,0.45076238356454856,0.8724268760902146,-0.4850983091478214,0.3474608885066144,-0.5045867199432801,-0.44646541193156136,0.42283125719293235,high
2023-01-17,1.7089903052180944,1.5699910332872327,1.2204591938784977,-0.4857034457054433,0.1848981425576564,1.289196549702868,0.5376230019195597,0.7952565715886887,-0.48570344570544133,0.32684777955407174,-0.4872661286658657,-0.42821929461099123,0.4034699470240036,high
2023-01-18,1.7052808816769807,1.5583331921806203,1.2349699797977904,-0.5650219741332871,0.17847943397814886,1.2864492179281684,0.5608451940813229,0.7664511581255206,-0.5650219741332849,0.32496335347857236,-0.4999884191292289,-0.4488660854108891,0.39537829852101425,high
2023-01-19,1.6501635348293577,1.497779499947069,1.2329999390649031,-0.6433612272984768,0.1617063844236106,1.2061117984379524,0.5597738341800756,0.6799759255323183,-0.643361227298474,0.4080852969435164,-0.5727504691591919,-0.5449704149887709,0.4539495878922234,high
2023-01-20,1.635263124297707,1.5023212241562167,1.206064187845291,-0.48796804752401346,0.16640412290028705,1.1866463302598815,0.5213530172819099,0.7009465398468906,-0.48796804752401146,0.39854673759194126,-0.5738231724401311,-0.49267413058390935,0.498384009494971,high
2023-01-21,1.627449012139659,1.4956286173861637,1.2011205303041168,-0.48859162453644234,0.16552007517825615,1.1782848776740862,0.5154915585601471,0.6969122033901836,-0.4885916245364404,0.3987315738940329,-0.5749630101909977,-0.49302619870158065,0.4993749052348341,high
2023-01-22,1.619708453662245,1.488990878017227,1.1962044808304233,-0.48921572281641046,0.16463606606036826,1.1700345909420966,0.5096262702769777,0.6928938760652951,-0.48921572281640846,0.39891644753097555,-0.5761048177422772,-0.4933784256123188,0.5003672078822786,high
2023-01-23,1.6299907304785985,1.5084309962005955,1.2644989072977473,-0.4120407461593192,0.1434264639688423,1.1894283019996854,0.6144555753939481,0.5964540177654817,-0.4120407461593176,0.44957792736773033,-0.6374120360275078,-0.5168012237614091,0.5895827385295563,high
2023-01-24,1.6112795050525452,1.5000141734123433,1.2651408710957324,-0.3357885409600552,0.13713362284572178,1.1645861305788519,0.6173638877408467,0.5650315025826255,-0.3357885409600539,0.4327435159660813,-0.6261993100040054,-0.4803281351698368,0.5983756318991872,high
2023-01-25,1.5921751847512404,1.4646409929303652,1.3232252167425451,-0.4920140562898539,0.11149475502649345,1.1389465018559295,0.7079727085384628,0.437046597189147,-0.49201405628985184,0.4191800475487094,-0.627128599421506,-0.5122321947006191,0.5557323887845239,high
2023-01-26,1.586373263259149,1.459846183452759,1.3224195124225826,-0.49192042295437394,0.10968553959435678,1.133902463816167,0.709090569297347,0.4288433858645242,-0.49192042295437194,0.34898662330193636,-0.5917440863558118,-0.44962513141412075,0.5165854038934646,high
2023-01-27,1.4874691516512188,1.4013086430340602,1.350473251246248,-0.1807712989157942,0.07050689690762436,0.9833104526081976,0.7546259703931406,0.21792113276074648,-0.18077129891579338,0.3309699850057998,-0.5926262281077985,-0.3459868786925005,0.604315656820685,high
2023-01-28,1.4808647017687557,1.395334168464606,1.3446497362026117,-0.18178448555198226,0.06980488909044862,0.9768117370273397,0.7481868123495975,0.21564281136040936,-0.18178448555198157,0.3310821044128764,-0.5935191137731907,-0.3463948217340902,0.6049162191551105,high
2023-01-29,1.4743134696331182,1.3894033787041427,1.3388658523127277,-0.1827986640049384,0.06910280874126935,0.9703957189591141,0.7417723407088207,0.2133648507686333,-0.18279866400493772,0.33119423560861516,-0.5944131836060094,-0.34680294294641273,0.6055173018173208,high
2023-01-30,1.4964312189565199,1.4110588071576708,1.3626681156068798,-0.18249556315074847,0.06779601600967551,1.009601931820783,0.7813983220676682,0.20897099389522547,-0.1824955631507478,0.30975369913038014,-0.571164657273393,-0.32761684527582985,0.5798246461568919,high
2023-01-31,1.387295122017537,1.359717697811921,1.372719328634781,0.2834493700734392,0.03170830708889835,0.8392280561192978,0.7998710671626666,0.008984039284422596,0.28344937007343807,-2.706634833746905,1.8395044341732305,2.496359210088205,-1.9514769907209921,high
2023-02-01,1.5627441216325748,1.4569207502609287,1.3660549347011601,-0.3440756911252212,0.08502804052342951,1.12615386190491,0.7922904976958655,0.3106866503635768,-0.3440756911252198,-2.699065723885176,1.8533308679960592,2.319607075479249,-2.1383085699786606,high
2023-02-02,1.5563971260353682,1.4515318255313756,1.359390815075407,-0.34336914045078404,0.08475802538947698,1.1210513456940854,0.7846354818923178,0.3106231451490803,-0.3433691404507827,-2.6512529549029153,1.8550206026697988,2.2821931884914015,-2.1369495912282948,high
2023-02-03,1.619459254798413,1.5132659983826486,1.4955946522161003,-0.337355950706567,0.06113811687119209,1.2291023194016661,1.003415155210676,0.18486250349172473,-0.33735595070656565,0.33090756152856443,-0.5243425362953643,-0.39001811283865423,0.48412178212415563,high
2023-02-04,1.6119013978975558,1.5065757939104811,1.4887139993112692,-0.33790909853568185,0.06032416506708371,1.2229075517046488,0.9960970917050114,0.18234139874399358,-0.3379090985356806,0.3313641710257777,-0.5257543292113193,-0.3906073040302057,0.4854364595507135,high
2023-02-05,1.6044137087460988,1.4999413144617533,1.481889110737463,-0.3384625839521567,0.059510058438406684,1.2168962476435614,0.9888483109017588,0.17981965980391632,-0.3384625839521555,0.3318210013370084,-0.5271691822812411,-0.3911969124287621,0.48675371052408906,high
2023-02-06,1.573374877385154,1.4796619893769356,1.452610169092945,-0.2591855473100312,0.058593719930558785,1.1716971322479028,0.9455277418716963,0.17591441918685186,-0.25918554731003013,0.6211006545060326,-0.7327894221435747,-0.6287576065162392,0.734856407238283,high
2023-02-07,1.5761678126745824,1.4916474556559518,1.5148878530208552,-0.18060051960491327,0.040515202760047754,1.1829033661576016,1.0495862930692383,0.07269808778003567,-0.18060051960491266,0.6563570549706896,-0.7455788149534763,-0.6387036581248485,0.7705411720380587,high
2023-02-08,1.615095160100949,1.5113910111411204,1.4445603198096049,-0.34224069825924786,0.07151037367937309,1.2562648711045592,0.9396375174878675,0.25627227302230193,-0.3422406982592466,0.6886318653701942,-0.7584246239100835,-0.7123512779800377,0.7399441338706247,high
2023-02-09,1.5906840749015498,1.5156169568385216,1.4150849465485087,-0.10012824727317719,0.07279078530044406,1.2185538593765168,0.8954368620594901,0.2669291613479948,-0.10012824727317683,0.6739330486984232,-0.6870860675957623,-0.6323506168772208,0.7282306287806879,high
2023-02-10,1.5713367186767457,1.5244842308265374,1.3116610909014585,0.14129046720210298,0.09913009789820354,1.18951414620864,0.7296790021620757,0.4128639954358357,0.14129046720210256,0.7261231559564005,-0.7241192916533287,-0.6127073517856262,0.8353950927954512,high
2023-02-11,1.5642198714093074,1.517742099169745,1.3060942156768445,0.1400531539619015,0.09823658566175275,1.1810411473721798,0.7235151161043877,0.4122586376997484,0.14005315396190102,0.7252620342843554,-0.7248310964489196,-0.6124444157412646,0.8356310080816151,high
2023-02-12,1.5571660659224,1.5110568973730365,1.3005633652252777,0.13881550795618966,0.09734294494806157,1.172678800780022,0.7173776201832108,0.41165363222077384,0.13881550795618913,0.7244018690422692,-0.7255436726578075,-0.6121815685330737,0.8358670069663151,high
2023-02-13,1.5497983581344295,1.504543358158221,1.3244565043325247,0.1418580450404986,0.08683383055607818,1.1637783359216265,0.7603624619759227,0.3600252821091361,0.141858045040498,0.6032678043285699,-0.6178531845511512,-0.5026857367474088,0.7181878719944724,high
2023-02-14,1.5584511267312824,1.5038630076095778,1.2701718915632318,0.05871548303069389,0.10655242528095336,1.182404123554859,0.6723970893586608,0.4693262623080165,0.05871548303069375,0.6672798676801499,-0.6550109358981302,-0.5832496320498357,0.7358903630525586,high
2023-02-15,1.5856883586269408,1.5400216647594231,1.1497932594634588,0.14706233561229026,0.15622285996717347,1.2328535134600287,0.47171461444171797,0.7231688086236693,0.14706233561228976,0.6411488374301858,-0.6197519603773962,-0.5355031975215387,0.7215070189056624,high
2023-02-16,1.5864870677315903,1.5314245575697543,0.9428442618803433,0.06246248956853025,0.23744228851966986,1.237324131476679,0.12140843329495146,1.079044363022654,0.06246248956852996,0.5530117270568867,-0.4638541575968464,-0.47966804828340986,0.5269214645733312,high
2023-02-17,1.5632920100568761,1.5365941062902344,0.6454761362818906,0.30653330848046484,0.37147417521543413,1.2003972838834138,-0.38763034733674234,1.5430417078351832,0.3065333084804637,0.4479734393597934,-0.36743577895353113,-0.318095483193141,0.4883122677115621,high
2023-02-18,1.5564063321883979,1.5299975452537296,0.6425961199817757,0.30442608560546774,0.36998758783943947,1.1919693607827633,-0.39579058447109317,1.5310128346321232,0.3044260856054665,0.4467167228019896,-0.36774219373741956,-0.3176426363735453,0.4878993526017305,high
2023-02-19,1.5495817237189002,1.5234583694056414,0.6397198161125539,0.30231792366339,0.36850179918349507,1.183656530569968,-0.404084808174138,1.5191619849121396,0.30231792366338894,0.44546108516312893,-0.36804870956736185,-0.3171899305341602,0.48748661960264383,high
2023-02-20,1.5428172670499762,1.5169757587737789,0.6368471491718859,0.30020878799373163,0.3670167993871419,1.1754574559814828,-0.4125180769006178,1.5074842514414397,0.30020878799373046,0.5324871842398052,-0.4408293936324209,-0.3961101909985475,0.5666045280121013,high
2023-02-21,1.5491998097395825,1.52361170329935,0.4777934007334237,0.30150744955436104,0.4616646124004621,1.19024710071159,-0.6932461507904265,1.774482892231065,0.30150744955436,0.5573959586076734,-0.40482427684806216,-0.4183343896508142,0.5271878212515569,high
2023-02-22,1.562965191487852,1.5188108454454394,0.5269929566282466,0.1347978220658485,0.4368057679439511,1.2175679945130207,-0.6117911824735289,1.7087080722178305,0.1347978220658481,0.5441024822444029,-0.38091740379193373,-0.4522485244519193,0.4549185979806448,high
2023-02-23,1.581539109191301,1.5375501683977522,0.45146259419458795,0.13858301435501605,0.4911521235579394,1.2533293575809799,-0.7521742907358283,1.8565959508819043,0.13858301435501552,0.550727167546424,-0.3933391581847148,-0.4572705752502887,0.46942937595005335,high
2023-02-24,1.5915153546771608,1.5385749062379652,0.40167839343436385,0.0569927266712986,0.5280335899371589,1.2740482674085454,-0.8465147650956977,1.943260903895755,0.0569927266712985,0.47979124165242604,-0.3695123653353712,-0.4158733570452838,0.4207963112662599,high
2023-02-25,1.5843556357703537,1.5319171571480665,0.3993562316218381,0.055187425744414396,0.5261433968641158,1.2644412265892244,-0.8553386924376318,1.92336944152684,0.05518742574441427,0.4787462618818786,-0.37012491174816436,-0.41549104400517645,0.4208670113613404,high
2023-02-26,1.5772610005107408,1.5253172051355828,0.39703388688178554,0.053379597548967324,0.524255425220856,1.2549634658882725,-0.8643039818486931,1.9039232431594462,0.05337959754896719,0.4777022025755054,-0.37073789966432824,-0.4151088682514761,0.4209377169357881,high
2023-02-27,1.5376044507677464,1.5144201820250554,0.3595745231385504,0.2992420000968156,0.5322423541206257,1.1875402320620194,-0.9367286847526138,1.888406080741341,0.29924200009681434,0.3562582348722571,-0.3713513301403536,-0.23880948398310523,0.4887956644468183,high
2023-02-28,1.4728952419832728,1.505869769484943,0.11993270141949605,0.7889895169816806,0.6882974668776327,1.0752732705486918,-1.374223598442449,2.1471506326554057,0.7889895169816775,0.24756915434976073,-0.275156824967701,-0.007391763092555191,0.5173282320732514,high
2023-03-01,1.489503515428417,1.5027184662268376,1.2427131255599673,0.6141477143555432,0.08912679409590665,1.1082428653262342,0.6684743779790064,0.40490188519985454,0.6141477143555406,0.44470954450648653,-0.3972751469553563,-0.23261458412368208,0.6029937959806705,high
2023-03-02,1.5102511726800703,1.5137833777358574,1.167797850023767,0.5319914986096614,0.12040532886454351,1.1487726076017637,0.5340772403848941,0.5604024988295184,0.5319914986096593,0.4759793374702421,-0.47077408009020844,-0.28332586841549046,0.6607002821004286,high
2023-03-03,1.479848472382923,1.4833413215685507,1.0866966878863897,0.520718908758509,0.13922323301378034,1.0974813545334263,0.38525862689676693,0.6484815139024437,0.5207189087585068,0.4832100783870905,-0.471487639742812,-0.2930648859095324,0.6581235533502667,high
2023-03-04,1.4736131426747459,1.4771606820952956,1.082364524434357,0.5182830376212196,0.13814174953227581,1.0895014246066212,0.37968428417468314,0.6572694908140425,0.5182830376212175,0.4823623979544206,-0.4721206682015075,-0.2931197176400014,0.6578711286370478,high
2023-03-05,1.4674288162797597,1.4710312306505862,1.0780523855352417,0.5158489760278393,0.13706010355272683,1.0816085605589236,0.37424056571254705,0.666206366593806,0.5158489760278372,0.4815153785417683,-0.47275422716140414,-0.2931745518743199,0.657618788942105,high
2023-03-06,1.4612947934009917,1.4470248600870477,1.293764541873025,0.3487325570636398,0.06074425472308161,1.073801509798308,0.828167739824924,0.31911266250558384,0.34873255706363865,0.5165983811470403,-0.521866769636195,-0.3704758489973865,0.6653762912013985,high
2023-03-07,1.514557604417586,1.5095166280511618,1.3918993884461817,0.44936800200103133,0.0452773461014062,1.1739158605164706,1.0696919800958598,0.25872312318110857,0.44936800200102955,0.5128782216321881,-0.4132813340430219,-0.33988266205734285,0.5739899987887385,high
2023-03-08,1.54843004242925,1.5421677708193917,1.326661834515559,0.44790351701644116,0.07460263571332817,1.2388443653861454,0.9417181841755078,0.42708633741199187,0.4479035170164393,0.5619212590143559,-0.401911484402465,-0.384672819616949,0.5609609773670033,high
2023-03-09,1.4949557637849196,1.4985203541546916,1.3190201308145524,0.5193238588222355,0.06054078468545221,1.1444741309945279,0.9386917958497575,0.3556877807103995,0.5193238588222334,0.344286078295527,-0.3298838269704847,-0.16917805615445988,0.501594428797272,high
2023-03-10,1.4148984502483728,1.4100498978922156,1.2638098205701405,0.41443201919665734,0.05335211745821631,1.0010589382574644,0.8252426702846792,0.31816546610077595,0.4144320191966557,0.5576965860872685,-0.5978252806150673,-0.3903328494749797,0.7650288985468998,high
2023-03-11,1.4091215525022434,1.4043963408951128,1.2585925949353782,0.4120747253893033,0.05251015351588677,0.9938340372042924,0.8217282549517085,0.31215128392069164,0.4120747253893013,0.5566868186502806,-0.5982489077515081,-0.39027540475883604,0.7644449497562391,high
2023-03-12,1.4033889194693139,1.398786504825452,1.2534071356183651,0.4097173539840871,0.0516679970536132,0.9866794491938039,0.8182290513103933,0.30610399424305107,0.4097173539840853,0.5556780867154186,-0.5986727871468855,-0.3902179633382763,0.763861467708959,high
2023-03-13,1.264140977993059,1.1745896319125875,0.8904094455033028,-0.4205778456473981,0.1344031143469053,0.731927552683603,-0.01590536963211542,0.6748524658279155,-0.42057784564739625,0.377253392207029,-0.8053872524343549,-0.4545027589367428,0.7634118946773983,high
2023-03-14,1.267920333939331,1.1873476307436057,0.9491513207765957,-0.34104770675412754,0.11238971784115365,0.7418513800383698,0.1296025190259035,0.5786540180787533,-0.34104770675412616,0.7219626646150394,-0.9263536090677127,-0.7439349141897629,0.9167237272787568,high
2023-03-15,1.2850864571902874,1.1090068653678866,0.9951089695745245,-1.2193428703970126,0.1003241959062341,0.7768351874370123,0.24555562023735353,0.5261028132440785,-1.2193428703970077,0.5503676629774226,-0.9135138500627205,-0.8268530376220363,0.6645560070394846,high
2023-03-16,1.2751010760633563,1.2037345627804148,1.0456551143308945,-0.263602622040283,0.07823163387696595,0.7611500052221801,0.371171400977048,0.4191261638492867,-0.2636026220402819,0.533513109297952,-0.8391782796031616,-0.5527298707174196,0.8427444979310451,high
2023-03-17,1.1935229268901189,1.0986345735915526,0.9771058393186727,-0.5090746320373318,0.07525334141817967,0.6103661897079706,0.22285286562421172,0.3912175747263049,-0.5090746320373296,0.5056846651047613,-0.9744263811017426,-0.5939339704996726,0.9235662339569584,high
2023-03-18,1.1889619723590465,1.0945164018431552,0.973242294429705,-0.5101997886114785,0.07447914947263884,0.6042610325849227,0.22553224296860516,0.38459110266998714,-0.5101997886114764,0.5042484877139081,-0.9728242195175751,-0.5927633177182252,0.9216309954075902,high
2023-03-19,1.1844277626686008,1.0904195415878555,0.9693933064812876,-0.5113268056194263,0.07370485534687725,0.5981605373602592,0.22822010040931312,0.37791490169250325,-0.5113268056194242,0.5028138691047227,-0.9712255669348879,-0.591594082880018,0.9197006160960656,high
2023-03-20,1.2010424898503922,1.0814247017404222,0.8696397974510429,-0.7458665041965086,0.11572866583967843,0.632491581363126,0.007535785126390045,0.5768933631065633,-0.7458665041965055,0.6383852519732011,-0.9703553126147814,-0.7768924198901724,0.8556775182368614,high
2023-03-21,1.313018521402775,1.1901736386353643,0.9665287191181771,-0.7487120253289175,0.11572841041443296,0.8504555537817303,0.24428230271427973,0.6006644232386261,-0.7487120253289141,0.38026492434230885,-0.7007804867302169,-0.544617132899755,0.5614820330039924,high
2023-03-22,1.2591395342768705,1.1642714803752423,0.9494763470072389,-0.5128740433446768,0.10370331334140998,0.7500003341701323,0.21543773360419166,0.5309848911623714,-0.5128740433446745,0.5886706038508766,-0.9529229982562605,-0.6687472303939095,0.8997955540930463,high
2023-03-23,1.253636127694044,1.1169646709167051,0.9636950187549876,-0.9046442577339071,0.09601045770004205,0.7426673765989901,0.2591096915533802,0.49138869828079285,-0.9046442577339032,0.5426878321630189,-0.9562265622264801,-0.7322702808325458,0.7984022052334958,high
2023-03-24,1.3542228231190971,1.172766063198545,0.9790536205300844,-1.2950679444336906,0.12256155381056526,0.9418102289350265,0.30672828246222505,0.6429364929541682,-1.295067944433685,0.6540173594568855,-1.096494622951363,-0.9370735087095193,0.8467492351001279,high
2023-03-25,1.3488743031813082,1.1684175094869986,0.9751765034101384,-1.2944845207787454,0.12163750780076747,0.935982446583383,0.3060849055002269,0.637032164214155,-1.2944845207787399,0.6522869216713802,-1.094513481930272,-0.9349402723713037,0.84516142682149,high
2023-03-26,1.3435645104251799,1.164094837945103,0.971314020451071,-1.293901585674577,0.12071337147563095,0.9302476504898912,0.3054418240892127,0.6311463583486523,-1.293901585674571,0.6505594244842906,-1.09253774503854,-0.9328128672374285,0.8435768542647911,high
2023-03-27,1.3507851918037117,1.1967061620001804,1.0047893996139807,-1.0668364081438941,0.11006321367034291,0.9494007176097492,0.39184285119737094,0.5793385295635454,-1.0668364081438895,0.6983465817751457,-1.001152249174145,-0.914445960023476,0.8052663711876118,high
2023-03-28,1.1741831765425461,1.1197169778892053,0.9684233218588888,-0.20408655946627535,0.06536472070747988,0.6015180158443385,0.3115099761065144,0.3127307948354133,-0.2040865594662745,0.6117193039282802,-0.9516786889650808,-0.6052489475246319,0.9824543502157906,high
2023-03-29,1.3027630154403456,1.1939082158678012,0.9878865901116279,-0.6757041643479249,0.0991602579867863,0.8653854482931838,0.3631485948875212,0.513210475213576,-0.6757041643479219,0.5976499241669612,-0.9289567341433274,-0.7184634462322234,0.8317226326766386,high
2023-03-30,1.241862014309693,1.1776566045729964,0.9380192035528876,-0.28769538078521,0.09691870661964413,0.7467255174562808,0.25366565042492967,0.48778634227251644,-0.2876953807852086,0.582212170850524,-0.8731012409713629,-0.6007770741528674,0.8744503678198663,high
2023-03-31,1.2194044742407997,1.1734798956997285,0.9295046043494662,-0.13094699069817506,0.0920188730065561,0.7052262820642292,0.24040221477044924,0.4568329812474542,-0.13094699069817453,0.5161711291330362,-0.8136623852515386,-0.4994965079166277,0.8512942075684969,high
2023-04-01,1.2147810530450807,1.1692220928190677,0.9258034087311122,-0.13380047018523816,0.0911451925288831,0.7003628515819824,0.2392806455209304,0.45049084762922703,-0.1338004701852378,0.5145864678364286,-0.8125616889845669,-0.4987468948878968,0.8492147128433748,high
2023-04-02,1.21018622706345,1.1649906933067427,0.9221147216315543,-0.13666705620133845,0.09027138075095278,0.6955875647596672,0.23815961690394208,0.44411976117249563,-0.13666705620133796,0.5130036202387899,-0.8114626029914185,-0.4979978354503318,0.8471404310382039,high
2023-04-03,1.3139646630419244,1.197981302879253,1.0037050485236716,-0.7720807441978422,0.09350436466621263,0.9215688815620864,0.4357248584528113,0.48390743308094,-0.7720807441978388,0.571037298570849,-0.8257129599009351,-0.7179661696053276,0.6951668492741846,high
2023-04-04,1.2337037447238708,1.1203718570511616,0.9602079251824206,-0.7734895175556662,0.08278368900294111,0.7558080620267404,0.3425410185075872,0.40662399113634845,-0.7734895175556628,0.44781840702383024,-0.8402804860426634,-0.6069268387900727,0.7111422325433769,high
2023-04-05,1.2328746399013373,1.0784792999040371,1.0441068803611908,-1.160172935405391,0.052702317288720935,0.7591326871133675,0.5466597702586642,0.2324282419886884,-1.1601729354053856,0.5870746197190635,-0.9462841241299786,-0.8334783308218929,0.7254605653542088,high
2023-04-06,1.2420717427768948,1.0962959146167286,0.9665592277606084,-1.0870907159321244,0.08183600904483719,0.7837902125947529,0.3744533224898645,0.40148562338554555,-1.0870907159321195,0.7539732059369514,-1.0764929458961325,-0.9634788168589763,0.8872369978996019,high
2023-04-07,1.2373117224027432,1.092290158542885,0.9627280161079378,-1.0888525728457725,0.08093555520435182,0.7785724135511563,0.37230497908101773,0.3950859401227888,-1.0888525728457676,0.8509524207876898,-1.0743067284736811,-1.0502831656929108,0.8850708215407481,high
2023-04-08,1.2325525360249345,1.0882804107484239,0.9589161301624323,-1.090640081617947,0.08002421185001608,0.7736562583191985,0.36939195041792916,0.3887752843182147,-1.090640081617942,0.8483029237676029,-1.0721269865104823,-1.0475153840158395,0.8829080879699275,high
2023-04-09,1.2278230385641118,1.0842921033982913,0.9551181568057857,-1.092432622738048,0.0791126813382877,0.7688360065398817,0.36648210873356496,0.38243005478312814,-1.0924326227380432,0.8456610459140957,-1.0699536805685421,-1.0447574523751206,0.8807511006608739,high
2023-04-10,1.2579005456643237,1.1309619337453674,1.0795229206313506,-0.9419705675476827,0.04505538910387984,0.84282500002853,0.6616764403878606,0.18272262890016155,-0.9419705675476786,0.7287613008708199,-0.9720168232861194,-0.8997971869501945,0.8138491373060659,high
2023-04-11,1.2811261799086564,1.1630230175373204,1.11056649085841,-0.8646651035826852,0.0411787061786986,0.9004172703008921,0.7394986537920705,0.16231511750035144,-0.8646651035826813,0.4143243748658431,-0.7462794810164942,-0.5968534715186905,0.588440417066294,high
2023-04-12,1.284194360441701,1.183528763481106,1.061676625152514,-0.7104520891919412,0.057485838124219674,0.9123979029874542,0.6321219486283303,0.2659134967689059,-0.7104520891919383,0.4624127410583205,-0.7813988170710212,-0.5995364974485722,0.6670833704003131,high
2023-04-13,1.2494653107611255,1.1499468783991817,1.005643425880189,-0.7125793238231443,0.06557963531560551,0.8374945113177604,0.5081983672125184,0.30655060000430295,-0.712579323823141,0.4233891981400015,-0.7756137405002199,-0.5647023747319323,0.660533539455248,high
2023-04-14,1.323205199237915,1.2144892084821137,1.1327932905478846,-0.7930521172977364,0.04539582322939931,1.0114651097755907,0.8089510839755683,0.19073953903320479,-0.7930521172977328,0.4967132525703168,-0.7886574730759,-0.6509503037117513,0.65424235728415,high
2023-04-15,1.3180792308202705,1.210088125311393,1.128580458695323,-0.7954121809571522,0.045675035658316473,1.0041789756802575,0.8043805701820451,0.1852381045657905,-0.7954121809571484,0.495246084833298,-0.7877663513970699,-0.6498025515044158,0.6530134127912631,high
2023-04-16,1.3129894730758387,1.205716140714899,1.1243910243953117,-0.7977816537272532,0.04595426964230836,0.9969650491518469,0.7998330662918389,0.17970537277175314,-0.7977816537272494,0.4937804687593432,-0.786876294366213,-0.6486562949823816,0.6517861603502324,high
2023-04-17,1.339310582561895,1.2151888241713216,1.096996194076388,-0.9584343888930508,0.06323677555402155,1.0625197875518475,0.7418849074174468,0.29038641195282383,-0.9584343888930463,0.4282558964955371,-0.712256147388779,-0.6308934743619372,0.5294365360581741,high
2023-04-18,1.3308742978227375,1.2078040064584445,1.0989539203719867,-0.9598520596830494,0.059541817690798034,1.047615732624047,0.751311110566244,0.26540841121419545,-0.9598520596830444,0.43531358251367663,-0.7503212517892954,-0.6371377581862651,0.570894062658973,high
2023-04-19,1.3109977926402363,1.1973560364628322,1.0554408425936759,-0.8855009016072392,0.06757642122541462,1.006210500375887,0.6561717906246288,0.31266753650521684,-0.8855009016072348,0.4439692361597744,-0.7423264873962199,-0.6252820105923289,0.5816798084664041,high
2023-04-20,1.3218170334439303,1.2001980608346818,1.0911286342742161,-0.9634109575966239,0.05847895977794577,1.0363102356428495,0.7423440880934525,0.2561805237237421,-0.9634109575966194,0.4361355932446432,-0.7759208523518005,-0.6381602339241778,0.5983000092262183,high
2023-04-21,1.3460425603104222,1.232987193339328,1.1241878072961482,-0.8863884361350199,0.05452995208115979,1.0980693934583188,0.8225509323209754,0.23348918268438365,-0.8863884361350157,0.4013741916696461,-0.762312697179066,-0.5872013134781392,0.6031689258801525,high
2023-04-22,1.3411462769693827,1.228709265394092,1.1199860652970908,-0.8858426703270706,0.05400897177803755,1.0916836183008451,0.8165172069558261,0.22825599881936218,-0.8858426703270664,0.4009306010875947,-0.762464247786285,-0.5866426277900613,0.6034261774785465,high
2023-04-23,1.3362889873928008,1.224462864498716,1.115807123147382,-0.8852973329111647,0.05348796386003611,1.0854227601500832,0.8105167542841768,0.22300040398286256,-0.8852973329111606,0.4004871850211785,-0.7626158321008851,-0.586084312206876,0.6036835203398381,high
2023-04-24,1.3336724339292858,1.2138827289347547,0.9611591655028973,-0.9634536029302939,0.10479258516051441,1.084534717032784,0.46121130455701376,0.5472002974149763,-0.9634536029302894,0.4043833287878911,-0.7865556405477313,-0.6096244119023558,0.6096518837465683,high
2023-04-25,1.3559556036936646,1.2193782142679643,0.9112406019130289,-1.120706093190544,0.12956450455634858,1.1434370414116046,0.3512911036129855,0.7000456727935612,-1.1207060931905384,0.4016969166743076,-0.8432871781473205,-0.6476347134656003,0.6309662475966353,high
2023-04-26,1.34758606655247,1.220285947416917,0.7580340331128822,-1.0420002641901787,0.18665092754875975,1.1288213629562667,0.0027802562644465654,1.009103749019204,-1.0420002641901733,0.4299792664238548,-0.8427484954177165,-0.6527784162814053,0.6505237978200449,high
2023-04-27,1.3377077543162277,1.2198662000164833,1.1656448681483975,-0.9612755505615835,0.03730668096425874,1.1106127774118066,0.9396470761726892,0.11039894911201908,-0.9612755505615785,0.5243911066855469,-0.9208745435593336,-0.7166305472278784,0.7563620864601469,high
2023-04-28,1.385087654598424,1.22415403336543,1.1729771784375467,-1.3573050011292103,0.04851496421763041,1.2316943226370196,0.9603902004045175,0.19791516009137758,-1.3573050011292034,0.416044248737573,-0.867214654397742,-0.7213329114489129,0.5959108505547362,high
2023-04-29,1.379967674773403,1.2199195146500705,1.1686588946208034,-1.3546225360222002,0.04825039088081572,1.226040698786315,0.9538391575422773,0.19611453507232107,-1.354622536022193,0.41521577879526883,-0.8665536566127429,-0.7200438977102415,0.5957070892793079,high
2023-04-30,1.3748897799732673,1.215716011534265,1.164366652897055,-1.3519498364840288,0.047985818340557755,1.2205922307828785,0.947362312361843,0.19431434631443145,-1.3519498364840217,0.41438784164949405,-0.8658932784899873,-0.7187568801599741,0.5955033810758011,high
2023-05-01,1.381495798376937,1.2577859715649633,0.9559284429224748,-1.0345570187074684,0.11949384544912424,1.2441238422672056,0.46474185827884823,0.6548570225462728,-1.0345570187074635,0.4366715934250911,-0.8588184135309407,-0.6570043473985382,0.6696771804802982,high
2023-05-02,1.3245132797873116,1.210992766378696,0.8682343754546606,-0.9507086216740557,0.13367386881694457,1.1099528558679976,0.26081269905732396,0.7188295815901443,-0.9507086216740507,0.3768288924728232,-0.9170769256716437,-0.5819030071490556,0.7548028939569519,high
2023-05-03,1.2972888032379153,1.1847423992163346,0.8580240717018012,-0.9492596866451376,0.12888818429229207,1.0497375701344869,0.2370528961119778,0.6820966751526902,-0.9492596866451329,0.41298624131688805,-0.9756957485013441,-0.6138532048332328,0.8191517512665873,high
2023-05-04,1.2795596508913354,1.1594624582708637,0.8613666790641793,-1.0241448262746482,0.1220276662284635,1.013555086844103,0.24415672448092116,0.6423245149427068,-1.0241448262746429,0.4534287562166433,-1.0214745442387856,-0.669334625944103,0.8497501086021035,high
2023-05-05,1.34256068359059,1.2223184181667235,0.8638968479836093,-1.0286582404505518,0.14100786926181175,1.1837208457459325,0.2503545401998742,0.7873150811808902,-1.0286582404505467,0.5016554966359467,-1.019484711045301,-0.7136492640348392,0.8464217081038367,high
2023-05-06,1.3376849408972493,1.218170515099415,0.8605170845743101,-1.028457630200462,0.14071046710259844,1.1825200642410094,0.24155299941528519,0.7855403985105277,-1.0284576302004567,0.5015231089758281,-1.0194021014564127,-0.7134691150960549,0.8463892851794975,high
2023-05-07,1.3328479326273275,1.214054120858826,0.8571481590904687,-1.028257079858423,0.14041308890667956,1.1817680212770447,0.23252046691939393,0.7837699355983258,-1.0282570798584176,0.501390741809369,-1.019319502077127,-0.713289011362312,0.8463568638086668,high
2023-05-08,1.348725432917487,1.2307427572746172,0.8376490899266886,-1.0267677785847322,0.15270314838966156,1.2363401247500363,0.17922576014261213,0.8607744920414362,-1.0267677785847271,0.5153695181314052,-1.0059421312661003,-0.7254017556575295,0.832147890088064,high
2023-05-09,1.3105599231574838,1.210688103363397,0.8673741745595316,-0.869828415638427,0.12951717134373836,1.147200692135912,0.2629693108228449,0.712108344216831,-0.8698284156384227,0.4779012832456312,-0.9396814109818127,-0.6515184457962647,0.8003177026955491,high
2023-05-10,1.2981647399956342,1.216135519057805,0.9178841559552966,-0.7151711289749402,0.10750320644059637,1.1254068929587289,0.4062669055927655,0.5745443737506224,-0.7151711289749366,0.484103633785736,-1.0114037694073708,-0.6172714096585316,0.9184283153962917,high
2023-05-11,1.3211653293593404,1.2134832253944878,1.1618256007077448,-0.9504147379550932,0.0349470612606025,1.2013079759615886,1.0780123408346902,0.10042439009635097,-0.9504147379550882,0.4970669715755114,-1.0069954142635233,-0.6894439399722433,0.8528439464922813,high
2023-05-12,1.3002302998964153,1.210638743818524,1.092747783601443,-0.7935115453168828,0.049996072019121915,1.1539180269624072,0.8974115138790718,0.19582329843712643,-0.7935115453168788,0.5116456810069299,-1.0010785453999131,-0.6620904687668233,0.8869246531478534,high
2023-05-13,1.2957075892651664,1.206656756641447,1.0888503761537627,-0.7935407911151002,0.04977063449293043,1.1531199490455655,0.891091706659955,0.18901098581608053,-0.7935407911150962,0.5114256353716942,-1.000839535648328,-0.6618723804801019,0.8866843935868022,high
2023-05-14,1.291221260727697,1.2027066232023864,1.0849752331981006,-0.7935700381672154,0.049545198783885795,1.1527950245254646,0.8848129670486329,0.18212642003113994,-0.7935700381672112,0.5112056459518204,-1.0006006107631364,-0.6616543561311141,0.8864442187984264,high
2023-05-15,1.2994284109394847,1.211475486878219,0.9774426356448053,-0.793487086638226,0.08638136905093274,1.1895598376705383,0.5976849202710725,0.4311697347573586,-0.7934870866382219,0.5221090730244664,-1.0003617706838126,-0.6713592982897184,0.886233074361862,high
2023-05-16,1.310053843358856,1.2314258535517928,0.9805781653678215,-0.7150881270714545,0.08839640041131054,1.234685358748985,0.6114813022398594,0.4440030341810892,-0.7150881270714508,0.41570533599342596,-0.909407082152197,-0.5559686116343154,0.8072575693983498,high
2023-05-17,1.2479378267212216,1.2055697232419897,0.9911587238609514,-0.39675292144851676,0.0666261937740895,1.0656757353208348,0.6447919298291602,0.27648873469836466,-0.3967529214485146,0.5348851182823146,-0.9672322578957059,-0.5807536764421991,0.9523361309842017,high
2023-05-18,1.2323721921641277,1.190790688485694,1.066227918658229,-0.3936674735187194,0.03848384247852907,1.0330626756269108,0.8511121713531665,0.07053222719959455,-0.3936674735187176,0.47731644459447903,-0.8690277305675049,-0.5284395120085782,0.8459416576297013,high
2023-05-19,1.227100034833032,1.1674642287564596,1.0212443945552736,-0.5583973535265714,0.05090919054259834,1.0315053487437198,0.7332223003838103,0.15389411068942507,-0.5583973535265684,0.4306769704515911,-0.8801221753938893,-0.5289972469754427,0.8155324759929957,high
2023-05-20,1.222951934664472,1.1636940000788016,1.0176695690749045,-0.5588291901035655,0.05089262340548023,1.0328816138205872,0.7271573238497837,0.14788622538688256,-0.5588291901035629,0.4306487633934236,-0.8802467817893767,-0.5290750175396018,0.815522288220988,high
2023-05-21,1.2188357950242703,1.1599536944452729,1.0141143653921467,-0.5592612825139871,0.050876056307962894,1.0349315732997235,0.7211162241227481,0.14183129626562668,-0.5592612825139843,0.43062055719697384,-0.880371411489087,-0.5291527957286675,0.8155121006015484,high
2023-05-22,1.1861016983673602,1.1728989828166698,1.0513606394548622,-0.15827399740262205,0.03012522209012228,0.9450733054054303,0.8246456476310321,-0.021918931087201103,-0.15827399740262113,0.5899730416763175,-0.9781395280992379,-0.5689307516089809,1.0250490651215474,high
2023-05-23,1.1504827030471756,1.1465881268511686,1.0495863584612586,-0.07849406826603827,0.020420107145057036,0.8433537927340645,0.8231054382919877,-0.1058330159681314,-0.07849406826603797,0.3670338231626898,-0.7784322641513027,-0.34887119458095156,0.8277342920296015,high
2023-05-24,1.1999065503277586,1.187700314669535,1.159175979294607,-0.15781401207681736,0.0024603229576458875,1.020793917484428,1.1193587181418603,-0.24592548013124296,-0.15781401207681658,0.46189933791635024,-0.7679499722176275,-0.45424435875646074,0.7957140101099556,high
2023-05-25,1.2507654950372173,1.2491582831405594,1.1716780734020353,-0.0718823530268681,0.012669907506335528,1.203565472113114,1.1552742366895403,-0.1630506944231083,-0.07188235302686789,0.4463104851717622,-0.7385832674436029,-0.4183372168717359,0.7855256527498667,high
2023-05-26,1.2825777976998147,1.2721962309906134,1.103924024266291,-0.15608481863983717,0.04083078121833291,1.325799102456071,0.9777703350988641,0.05976435175290824,-0.15608481863983625,0.5169755750548167,-0.7829292150887897,-0.5033206703023325,0.8119366099203771,high
2023-05-27,1.2782854420211587,1.2683078179943192,1.100068195233671,-0.15831910726157547,0.04057895599152205,1.324994083932971,0.9702849261922489,0.054607241830057676,-0.15831910726157467,0.516874849586723,-0.783376233282201,-0.5039044256022751,0.8115719133518497,high
2023-05-28,1.2740293355047119,1.2644584560394967,1.0962358746066099,-0.16056039871505526,0.04032713043129234,1.324715883546162,0.9628563425323141,0.04941781217953358,-0.1605603987150545,0.516774136295368,-0.78382355326286,-0.5044886403572454,0.8112074065686519,high
2023-05-29,1.2698093356633258,1.2606481764234483,1.0924269510763747,-0.16280876558680665,0.040075304489562175,1.3250042785371767,0.9554833352454096,0.04419512780076316,-0.162808765586806,0.4266073943744066,-0.7099795560319186,-0.4242695392111211,0.7301066542633957,high
2023-05-30,1.2965429388338556,1.2689823424781392,1.1362830051604929,-0.3326254950137535,0.03431090052026312,1.4367017780927682,1.0741721400000814,3.29077463105517e-05,-0.33262549501375177,0.5107823261781527,-0.8006715462226172,-0.5431481394371637,0.7851926773126177,high
2023-05-31,1.1157696893329532,1.1707537272057142,1.1287942833722902,0.3985929086318141,-0.012968087513436331,0.8023591271383713,1.058519319816525,-0.4202393264348984,0.398592908631812,0.43739688082448214,-0.7641504008538057,-0.29121745743611954,0.9309962112336038,high
2023-06-01,1.3133552769706596,1.1756997436024006,1.0844755555124488,-1.3091931003038868,0.05334590426286429,1.5543173972085405,0.9458746602881899,0.14573250199338172,-1.30919310030388,0.4159185915842589,-0.7911098827352068,-0.7069084494817462,0.5259021098165553,high
2023-06-02,1.3375296484046553,1.2094590552424513,1.0988085931741327,-1.2344101218823909,0.05536170359224115,1.6819060377927906,0.9857572866971894,0.16426295110088568,-1.2344101218823842,0.4755154908356856,-0.8120368922872272,-0.741461970181234,0.5674945062846154,high
2023-06-03,1.3331788633310855,1.2059335340808224,1.0950241242453853,-1.2337535030227815,0.055003810896581934,1.6918088360782728,0.9783425522988067,0.15799815466370504,-1.2337535030227746,0.4757364196264662,-0.8124074729290701,-0.7416037127430732,0.5679104370805806,high
2023-06-04,1.3288696415513517,1.2024450449267718,1.091263384824759,-1.2330975074496582,0.05464591620223134,1.7034041654600227,0.9709851052029135,0.15167918607723582,-1.2330975074496513,0.47595740820504057,-0.8127782609432084,-0.7417454845653402,0.5683266061512611,high
2023-06-05,1.3344703233168453,1.2091290150207048,1.1184529349812016,-1.2312848973137496,0.047881960636865714,1.7563015013776413,1.043341264507415,0.09542526045896668,-1.2312848973137427,0.46770105775984444,-0.8012278042682938,-0.7339832999034223,0.5560858026761236,high
2023-06-06,1.2986200376626051,1.1831989729964945,1.0944821737301265,-1.1483423780600142,0.044889707870866935,1.6508796953548452,0.9835090252095854,0.05939072813273595,-1.1483423780600077,0.42726635998255647,-0.7851797729461862,-0.6766286294147532,0.5596876685819083,high
2023-06-07,1.3369462360204094,1.2412558681050905,1.1261178498756323,-0.9890850438624935,0.045755991078425685,1.8588046935568403,1.0667272215855128,0.07066421391378254,-0.9890850438624881,0.4875071140188104,-0.8245195368668273,-0.6901287141704833,0.6429385550898784,high
2023-06-08,1.2956366119100542,1.1909014797204198,0.9938564366437039,-1.0663484306316449,0.07349161368092108,1.7392509448258258,0.7302832484799106,0.2832317932841919,-1.0663484306316389,0.4387096790218041,-0.7936049858348208,-0.6662042909907638,0.5894978658183301,high
2023-06-09,1.312842573684338,1.218447821393945,0.9821828351734809,-0.984347113977939,0.08147101851728622,1.868912653890272,0.70421657100442,0.34931986054988695,-0.9843471139779334,0.4598508036803814,-0.7973817337276425,-0.6643572539566135,0.6144081481803563,high
2023-06-10,1.3088930418782865,1.2150903206126444,0.9787884422605255,-0.9831627789730355,0.08096495157706084,1.9302683364989286,0.6989640774532533,0.3424032777449193,-0.98316277897303,0.46026090041887463,-0.7978076261783327,-0.664542874807548,0.6150471305508142,high
2023-06-11,1.304986298719083,1.2117732061103725,0.9754127694019051,-0.9819804217660233,0.0804588813780965,2.004897328112362,0.6937328409699801,0.3354178835960441,-0.9819804217660176,0.4606712078666787,-0.7982337928897689,-0.6647285444380308,0.6156867075538314,high
2023-06-12,1.3150470453201746,1.2130318013059405,0.9743151411404731,-1.0625638472903496,0.08309810646547268,2.170163248052025,0.6942431260042184,0.3584386898909602,-1.0625638472903436,0.506627268744293,-0.8105996826335381,-0.7267247451995495,0.608327295559352,high
2023-06-13,1.3130381527325863,1.2307551277030817,1.018923964507807,-0.900880884062038,0.06860715923468938,2.169134681902986,0.8094886458513613,0.24230144777981266,-0.9008808840620329,0.49304594196690504,-0.8081236931119611,-0.673190452746057,0.6469943900811025,high
2023-06-14,1.2710078160581948,1.1887141356016473,0.9915120827676809,-0.8997586933452146,0.06499870611073966,1.9564569951532338,0.7421525058064659,0.20507570541331532,-0.8997586933452094,0.5122932022649749,-0.8080450261463126,-0.6902343033488292,0.6471246381212707,high
2023-06-15,1.2828319801361165,1.2013808720607302,0.9027448255134416,-0.8985021937568551,0.09503771927340851,2.02500839265968,0.5196774097247467,0.4564614768092118,-0.8985021937568497,0.4605172244999324,-0.735320685951099,-0.6435728174806076,0.5683139069727438,high
2023-06-16,1.2784513807316318,1.206946807117807,0.9059232059786988,-0.8153022717473156,0.09185959420745815,2.004675564333064,0.5331918565854921,0.43325956731590776,-0.815302271747311,0.5178438470244175,-0.7655801150460895,-0.6736779389412819,0.6225590497967192,high
2023-06-17,1.2751828157576222,1.2039127159669778,0.9026314552695879,-0.8128522104387804,0.09082951361980124,1.9885703911040584,0.5358267246876821,0.42692021450726697,-0.812852210438776,0.518450577836978,-0.7661116900304135,-0.6735525031885821,0.6238497762062521,high
2023-06-18,1.2719625384385744,1.2009231705050465,0.8993542598735991,-0.8104086058769276,0.08979916202531628,1.9729626104281468,0.5384722117374947,0.4205494977416205,-0.8104086058769231,0.519057812493184,-0.7666436929921594,-0.6734270890042433,0.6251431071980099,high
2023-06-19,1.2687909758647575,1.1979786619550432,0.8960915844045171,-0.8079714092412648,0.08876853583472967,1.9578407687819195,0.5411284216064954,0.4141452948888879,-0.8079714092412602,0.5069481854780714,-0.7566488869884213,-0.6619117639197727,0.6149780366468464,high
2023-06-20,1.3107884499284548,1.2409033682812232,0.9866329407313669,-0.8060101280640785,0.07105083796669263,2.1707680996285887,0.782665432045961,0.2852100914910311,-0.8060101280640738,0.5233325364209994,-0.7509892902240607,-0.6759189112385144,0.6095713049736016,high
2023-06-21,1.31229757401802,1.2529804741917214,1.0133812266252842,-0.72396634911026,0.0631526341708351,2.1768853203019534,0.8660940222257261,0.21397368820940862,-0.723966349110256,0.44974024724176415,-0.6962604621726193,-0.5890029558245878,0.571083663776893,high
2023-06-22,1.3108100233907176,1.2721868895204982,0.962585532271767,-0.5588284182938794,0.07752749342835066,2.1655378663882403,0.7596865828244559,0.3357618691658837,-0.5588284182938764,0.5532303172718268,-0.7542383947324478,-0.6392586175044789,0.676844769630386,high
2023-06-23,1.2952850183559383,1.2567832954355018,0.8426904934150219,-0.5593049614902834,0.11020543064818343,2.081108139198501,0.4757883386624802,0.6090530978044122,-0.5593049614902806,0.45551098803503437,-0.6767030103358136,-0.5519346856435252,0.5922324363319007,high
2023-06-24,1.2913870558405642,1.2533275337896772,0.8394994548804117,-0.5592760404525531,0.10973556936239805,2.0554355267142195,0.49519226145127204,0.6084805715413575,-0.55927604045255,0.4567667907939151,-0.6774884459418449,-0.5531417127696233,0.5930346786753317,high
2023-06-25,1.2875305275785516,1.2499147680570466,0.8363201669271725,-0.5592471204799964,0.10926572851022961,2.030476020882395,0.5155880549677442,0.6085819644414373,-0.5592471204799933,0.45802488440780603,-0.6782748152831928,-0.5543509469200217,0.5938378667457753,high
2023-06-26,1.275451678847383,1.2380325108101045,0.8147493700747139,-0.5595758564938338,0.11242446210129256,1.9652518211190395,0.4871660159724517,0.6384238148859975,-0.5595758564938308,0.4775436310557122,-0.6946578138657221,-0.5720033643232038,0.6115353900626223,high
2023-06-27,1.2717409726006175,1.2450003267790624,0.6283140790266203,-0.4758844407749524,0.1743711377136154,1.9437438069750912,-0.0009482367687550625,1.1795418204601,-0.4758844407749495,0.4381157187250762,-0.6966066148988526,-0.5151693174223543,0.6352867377266697,high
2023-06-28,1.251294514962055,1.2346948263392228,0.7505053932771092,-0.39276947684859664,0.1257700273939533,1.84068294422921,0.3493627124383306,0.7522581420638654,-0.3927694768485945,0.534046340389137,-0.7648144333889926,-0.5796638986683271,0.7310760531372947,high
2023-06-29,1.216248887947594,1.2299415062801928,0.9911500104921391,-0.14316697788403032,0.042110380298559756,1.6676563741832675,1.0210726585056389,-0.08146613453645804,-0.1431669778840295,0.5858841550185175,-0.7973104035446587,-0.5616426256476682,0.8310983073659951,high
2023-06-30,1.2298605444244952,1.2130650530443428,1.004257831093394,-0.39354342869230063,0.041599648855159106,1.7348399604066433,1.0655595094872905,-0.08469193780187181,-0.3935434286922984,0.5284107304897908,-0.8042640423719811,-0.5748085432293534,0.773896580039575,high
2023-07-01,1.226170141028896,1.2095049975219296,1.0007385978117187,-0.3924306017272356,0.041183264456910146,1.7176151316710533,1.0624285588977045,-0.09035484863007053,-0.3924306017272336,0.5299929323663929,-0.8047148800350388,-0.5758380968942327,0.7748607724359009,high
2023-07-02,1.2225167046790713,1.205981873501613,0.9972382899381921,-0.3913185197656375,0.04076686497597584,1.7007435587165844,1.0593113180272429,-0.09606805248671246,-0.3913185197656354,0.531579060419489,-0.8051660259296836,-0.5768692380965784,0.7758264186583634,high
2023-07-03,1.2187022133235172,1.2125628087969078,2.7641771708121325,-0.3078912588673453,-0.29133892581531295,1.6832659388461497,5.538241165900714,-5.213470306470817,-0.3078912588673435,0.4758712474157798,-0.7404891004712888,-0.5053445019044798,0.7271634558926027,high
2023-07-04,1.2151514049068448,1.2091509823295765,2.7427711991939003,-0.3071607525862903,-0.2910058478522909,1.6666518688546426,5.21679104096565,-4.958655001260127,-0.30716075258628855,0.47404095291150045,-0.7343975755388089,-0.5034508364342054,0.7208300008461827,high
2023-07-05,1.2164062057971836,1.2211321074072259,2.689703293469164,-0.22381697749726312,-0.2857530686758232,1.672542087423883,4.883280433708847,-4.656728968521107,-0.22381697749726204,0.4731595547242561,-0.7319306799571825,-0.4810096885763458,0.7398539189517734,high
2023-07-06,1.2567439430577547,1.231988852957161,2.815916665187963,-0.46953634880997264,-0.2965086360482512,1.8612187306915748,4.961289912111462,-4.7266090698209,-0.46953634880997014,0.4421427357051783,-0.7280281107720564,-0.5171228612533257,0.6717141103740749,high
2023-07-07,1.1985507577134418,1.1929960294172117,2.751665188221594,-0.30664195140495426,-0.3000425817943381,1.5858815738557115,4.6451568120081985,-4.562418107345037,-0.3066419514049526,0.4624377161412654,-0.7551865333257484,-0.49290854428051634,0.7437819912392345,high
2023-07-08,1.1952547295054763,1.1899172998679843,2.730944550400665,-0.3062721354743321,-0.29964826118150906,1.5705380265087792,4.447424082608108,-4.3825167728721235,-0.3062721354743302,0.46386542751656007,-0.7557964912224198,-0.49407342264923715,0.7445981322444681,high
2023-07-09,1.1919979836953944,1.1868808854298916,2.710665976488469,-0.30590241437267507,-0.2992540441783276,1.5554668047127636,4.271679719865302,-4.221241019557441,-0.30590241437267335,0.4652961884288533,-0.7564070148007777,-0.4952402886921347,0.7454152997707224,high
2023-07-10,1.191796205858208,1.187029741303427,2.7562140854696824,-0.3052136697838471,-0.3064817559317034,1.5544356693082453,4.233689997659722,-4.209329809486223,-0.30521366978384534,0.40844214095513953,-0.7389494727607974,-0.4442799692395731,0.7266028224728058,high
2023-07-11,1.1763454223458465,1.1712853659528388,2.703068459442221,-0.30613942253189347,-0.3040702610781976,1.483939381492126,4.02240118495329,-4.022344254188522,-0.30613942253189186,0.47358025670677323,-0.7878075582290723,-0.502670427408294,0.7797267101919231,high
2023-07-12,1.1243905412263524,1.117467241948743,2.5119018720604767,-0.31091120591379096,-0.2897381707752293,1.2493490254830752,3.5820405394026156,-3.6273657215144937,-0.3109112059137893,0.4593033735760781,-0.7883327331387958,-0.4911548077925882,0.7791151495363107,high
2023-07-13,1.1172797492354345,1.1103969062850783,2.369729730119157,-0.31096746168493833,-0.27292972184751596,1.2203863294234014,3.2602112805648376,-3.273334683931187,-0.3109674616849366,0.4542944373017996,-0.8250177807160335,-0.4866860093743282,0.8191993845501951,high
2023-07-14,1.0930429357012474,1.0962191602567497,2.369079029065727,-0.23026000274523023,-0.2763322693906113,1.1140162422450632,3.198487613019836,-3.2536629737746185,-0.23026000274522895,0.41200436993599837,-0.789266359897648,-0.4278755308321471,0.8012400280520251,high
2023-07-15,1.0902005007458424,1.0937413326090037,2.358360023136376,-0.23094641537549132,-0.2741619433670335,1.1054294575456356,3.136623597008967,-3.1844383751372227,-0.23094641537549002,0.4133436106551838,-0.7897927018487412,-0.42930702868013537,0.8015356055766483,high
2023-07-16,1.0873951169945446,1.0913086547293973,2.3478504472006367,-0.23163327147906268,-0.27198995445215957,1.0969287297649437,3.078060878986423,-3.1191340587245997,-0.23163327147906135,0.41468541832746547,-0.7903194650946512,-0.43074153505992047,0.8018313140639375,high
2023-07-17,1.1210290879527889,1.1161570326931693,2.457491582011491,-0.31154044320422236,-0.2798969951003669,1.251044308752124,3.22121067316854,-3.223132191562575,-0.31154044320422064,0.3688162269036937,-0.7754009459772159,-0.410775514433252,0.7646097006318823,high
2023-07-18,1.049430780090367,1.0736065336521812,2.472541256383511,-0.0765722529909194,-0.2944083983988601,0.934836175215125,3.1849845748268732,-3.3107442226954786,-0.07657225299091897,0.381877314113464,-0.7863546306413812,-0.3609675225190112,0.8377380305711684,high
2023-07-19,1.0671735555314834,1.0713794889636226,2.4460977680849565,-0.23844935724991526,-0.28894666287235987,1.0192026813296267,3.0931343725874094,-3.172275745754801,-0.23844935724991384,0.4954607437569371,-0.8863609310801156,-0.5048412280533333,0.9043865668156381,high
2023-07-20,1.1253181124649674,1.10042533529557,2.5002348731348265,-0.4789652121911877,-0.2877576892609913,1.282542072007769,3.1344604671016913,-3.1231958803003645,-0.4789652121911852,0.3834006882769289,-0.8269563792950233,-0.46786785546025783,0.7767898816811575,high
2023-07-21,1.1106110011422718,1.0858230218451626,2.519803235248457,-0.47862915190663663,-0.29436001207144524,1.221771064586009,3.1201332379516384,-3.1348537498162976,-0.478629151906634,0.4453753112961304,-0.8920921318485625,-0.5231867028932005,0.8478750514378977,high
2023-07-22,1.1080296098282796,1.0836388381146613,2.504758787459772,-0.4784345860725648,-0.2936940315822968,1.2155358788892299,3.0504679512419757,-3.062734403614125,-0.47843458607256206,0.4463836945170047,-0.8923007647105479,-0.5240816263101225,0.8481678751043219,high
2023-07-23,1.1054923250602644,1.0815061307864673,2.489997890236941,-0.478240062464935,-0.2930282871421362,1.2094795822073687,2.984744922606474,-2.994800773779136,-0.47824006246493245,0.4473934863429524,-0.8925094633075161,-0.5249776985528634,0.8484608282816604,high
2023-07-24,1.1539401237265594,1.0997127186774858,2.588136441930326,-0.7204348358931987,-0.2989371607915316,1.4314854571996825,3.090437625131913,-3.0460085005420794,-0.7204348358931949,0.5305285419058879,-0.9687758034824293,-0.6628321050582031,0.8684789143097212,high
2023-07-25,1.1483682828836639,1.1273347978200945,2.651449283917073,-0.4774774496975481,-0.308144165878407,1.413124754650654,3.1375333969776027,-3.11471756323357,-0.47747744969754563,0.5730041715542727,-1.0065986661992636,-0.6370090494343857,0.9731399614859053,high
2023-07-26,1.1747253988705695,1.1444789228141643,2.626605392169019,-0.5600267584191445,-0.31232814998706937,1.5308101199460304,3.042326275131152,-2.9772094368325392,-0.5600267584191413,0.5710279515131736,-0.9899651976326234,-0.6570191677474614,0.933394333683419,high
2023-07-27,1.2240841460448564,1.2080796574648973,2.6887994371781168,-0.47736914723110674,-0.3201818336597523,1.7465840509140171,3.075067841281375,-2.9584282580405774,-0.4773691472311041,0.5555064550580165,-0.9738809821097327,-0.6215597577902578,0.9373097242020231,high
2023-07-28,1.1896420255108218,1.1728983333303205,2.725942913748213,-0.48074044211008876,-0.3400872992429921,1.591770759160951,3.069386409998767,-3.0162350853209086,-0.48074044211008604,0.6255717796529422,-1.03941628008808,-0.6851493683858649,1.007751919150489,high
2023-07-29,1.1865940048739632,1.1707133158981038,2.714685843983352,-0.4830289813319196,-0.4093365710111619,1.5789116802840197,3.003543659904812,-2.9592707047374676,-0.48302898133191696,0.6263537964198909,-1.0390524280413473,-0.6866036336358359,1.0066136881620127,high
2023-07-30,1.1835884984717622,1.1685876661677912,2.703744598099519,-0.48532628794894883,-0.5134514985759686,1.5663016809170573,2.94126828994327,-2.90504202858252,-0.4853262879489463,0.6271367225466963,-1.038688771726879,-0.6880612890920922,1.0054772971421349,high
2023-07-31,0.9880821091603187,1.054496356737369,2.578932941032258,0.16079848474594216,-0.7334620432276447,0.7080921691351516,2.7316336625835773,-2.933107253950317,0.16079848474594122,0.41360185346981015,-0.8660890819023854,-0.32784547252544244,0.9843358903639713,high
2023-08-01,1.180946316018465,1.2464438682775538,2.6898685589374502,0.08119731152038691,-0.8401622151302603,1.5600680230630242,2.840091670235859,-2.8047432256999114,0.08119731152038645,0.4264188144829497,-0.8765205152227784,-0.3604592882078368,0.9744143077011373,high
2023-08-02,1.1639823173157025,1.2299859298360452,2.7767032907567497,0.07937458282967837,-1.0507197919289122,1.4867498506840966,2.9114689498490205,-2.9160791499513157,0.07937458282967813,0.4387886632274432,-0.8770217284102818,-0.3723735550199495,0.973712301635089,high
2023-08-03,1.1521034800490755,1.2075079220271117,2.7990390268372702,-0.004068773659858677,-1.0733770050652787,1.437320180421565,2.901889744019219,-2.923785631020594,-0.004068773659858697,0.4359702446884536,-0.8693135368115371,-0.3919864536147741,0.9432480830609883,high
2023-08-04,1.1550747776974573,1.21134149781592,2.8363625051624437,-0.01013408409204916,-1.0939067429982035,1.4520864472499284,2.9113536743159467,-2.9342815261062394,-0.010134084092048988,0.4637428353901532,-0.9087142154463265,-0.4188005669058258,0.9838338614218402,high
2023-08-05,1.152127507609618,1.2092425057724725,2.8163776083166363,-0.012633735942585246,-1.089674364258075,1.440388262893804,2.8516015234493857,-2.8742550783451053,-0.012633735942585295,0.46523702079248835,-0.9088651163219463,-0.42102116439817444,0.9828354880246339,high
2023-08-06,1.149221129549897,1.2072088692148164,2.7968362504777784,-0.015141454180121095,-1.0854625406168912,1.4288791993559935,2.7948956991771166,-2.8172921432118585,-0.015141454180121068,0.4667345800602936,-0.9090160515235413,-0.4232498284889703,0.9818385358431403,high
2023-08-07,1.1597396184674007,1.2196630987937782,2.8441865958202164,-0.015318925929122014,-1.097747619164546,1.4747327239544588,2.820941324252015,-2.839705288657328,-0.015318925929121926,0.5637597162904662,-0.9743540880193812,-0.51074957101902,1.0520614747765442,high
2023-08-08,1.1564603579337869,1.2178891482791103,2.727482693222529,-0.01482970398906999,-1.0614607977803978,1.4617236291788656,2.6545748346903917,-2.658830645269559,-0.014829703989069989,0.4353421925451618,-0.868747543371313,-0.3955313591693015,0.9371219976731707,high
2023-08-09,1.1063280167330185,1.1782701428240507,2.5595557474288713,0.07054219152175,-1.0251664791667368,1.249706290092084,2.437791757080845,-2.47253212887813,0.07054219152174944,0.5980806044368299,-0.986636965987665,-0.5200835140389973,1.0856630460820815,high
2023-08-10,1.0616791737710254,1.1440416152611548,2.5834750701078875,0.15312043812057655,-1.0530282572996799,1.0678469938944661,2.4517678202250224,-2.5487636023731546,0.15312043812057563,0.5414995335930493,-0.9428006284294992,-0.44801733076002276,1.0582364913338222,high
2023-08-11,1.0636773508066888,1.1352763197285396,2.5267816422216245,0.06659090044455815,-1.0362951150063138,1.0822685222198762,2.364689716148146,-2.443525821245254,0.06659090044455782,0.5459886344526064,-0.9343781445674608,-0.47491550520843656,1.0267285637629446,high
2023-08-12,1.0605637480322985,1.1328327346400868,2.511573947910555,0.06415905841534154,-1.0321990342855547,1.0748213884635673,2.330180093476635,-2.4050880745423986,0.06415905841534097,0.5485220358488521,-0.9344378856363958,-0.4781160691891809,1.0255900110352985,high
2023-08-13,1.0574796435533027,1.130438669452317,2.4966536534160224,0.061720693694887654,-1.0281203086695752,1.0674654041238854,2.2968636967023963,-2.36808135560179,0.06172069369488733,0.5510665159176523,-0.9344976320689241,-0.48133534413511064,1.0244533045622342,high
2023-08-14,1.037252315955579,1.1220963781021618,2.2947029299854345,0.14590687821661916,-0.9614074482415937,0.9866378612463255,2.0492087073444427,-2.103618499661632,0.14590687821661832,0.5368421770297096,-0.9166872414586423,-0.44679350823132236,1.0256159262173552,high
2023-08-15,1.0311445227950506,1.1291328596410954,2.1585238959076807,0.23478042712408206,-0.9101672096422591,0.9642983385575838,1.881340910354706,-1.9165972812195688,0.23478042712408068,0.49405994098533934,-0.8854126420657862,-0.384882881016734,1.0136809975374574,high
2023-08-16,0.9969517458019027,1.1187813723144289,2.2339237682147437,0.4082792518890702,-0.9550597754428161,0.8239565947266865,1.9585572397308502,-2.0393658885742,0.40827925188906794,0.587468987994255,-0.9421705724667684,-0.42431059261719617,1.1170454981636726,high
2023-08-17,1.0236455032259593,1.1368671679914255,2.2733667540939346,0.32693729936037086,-0.9589520437627532,0.9439336518056776,1.9937354469649768,-2.050027262080319,0.3269372993603692,0.514033815765336,-0.8849554299516711,-0.3793866625965474,1.0343935096589967,high
2023-08-18,0.9945807643327809,1.1313654422349653,2.2567716449457147,0.4990233366164616,-0.9670667191410423,0.8232886277492603,1.9651777288486822,-2.046268643277599,0.49902333661645865,0.544931186585835,-0.9149104592762186,-0.3618894781172311,1.1090291065204525,high
2023-08-19,0.9917343727509532,1.1289051607498883,2.2442757000020506,0.4972302133249832,-0.9641642234747585,0.8168636131223052,1.9420430715806019,-2.020515620812272,0.49723021332498035,0.5482539327665765,-0.9150443621001961,-0.3650587300991026,1.108272879532875,high
2023-08-20,0.9889165923004324,1.126493645981251,2.2319788314435303,0.4954389713130381,-0.9612717866808947,0.8104791204344012,1.9194960223003015,-1.9954702157206556,0.4954389713130353,0.5515969403317311,-0.9151782919402313,-0.3682462349141662,1.1075174846584688,high
2023-08-21,0.8524377115216584,1.0436251950058326,1.977750623827601,0.9217154993129455,-0.9208066387262157,0.22935906123525945,1.6261902084680602,-1.7954857172524559,0.9217154993129403,0.5431547667525529,-0.8899394832387592,-0.24738436407541142,1.18555258413061,high
2023-08-22,0.84298358669382,1.0337594807932682,1.8601437597830266,0.9156634588826574,-0.8757776297986671,0.1944054078270233,1.489137350356102,-1.6452839357765252,0.9156634588826521,0.5479173235305758,-0.8812202788096153,-0.25263166147623245,1.1740401016323048,high
2023-08-23,0.8624434403869697,1.0273026334747768,1.7466293713625516,0.7220309802369269,-0.8167286814627334,0.28390193474710357,1.358189800590931,-1.4739830246673555,0.7220309802369228,0.5388093938684088,-0.8780903237180426,-0.29547652658209417,1.1219333353163947,high
2023-08-24,0.9565463048865118,1.090952175311794,2.144655826745336,0.4639688565625912,-0.9421825536554798,0.6993360154638396,1.799302654315651,-1.8776897365701009,0.4639688565625883,0.5375988637630412,-0.8581049284963591,-0.3628581945582287,1.0367882479994592,high
2023-08-25,0.9699080579050942,1.1066067744159422,2.187366796455099,0.466438910820497,-0.9539740886473099,0.7643963466594207,1.840665843934629,-1.9090663616519523,0.4664389108204944,0.5476489657321217,-0.8442175161062875,-0.37107415953076867,1.022930107190032,high
2023-08-26,0.9667925456163238,1.1039765552006235,2.1748259083408006,0.4638980155538719,-0.9513647835621435,0.7579448677740764,1.820509852782581,-1.8869460776637308,0.4638980155538691,0.5448581153733936,-0.8407768341510767,-0.3690055899908265,1.0191457904521577,high
2023-08-27,0.9636988339094615,1.1013890071384973,2.1624735083510047,0.4613573657533368,-0.9487638358460084,0.7515198470325374,1.8008119949781471,-1.8653644008388812,0.4613573657533338,0.5420683825170616,-0.837345404477028,-0.36693714820043655,1.0153793515274137,high
2023-08-28,1.0166830414300339,1.1328390853866042,2.2017390173348095,0.2828273136194645,-0.9426103009573821,0.9888849785084396,1.8382268633152308,-1.8557225142881637,0.2828273136194627,0.49115776252369153,-0.777406062100134,-0.3682216751310068,0.9071282589040669,high
2023-08-29,0.9949929703135991,1.1087334746247866,2.058096238299282,0.2702159904980071,-0.8952224731501325,0.9013626013908491,1.673806957241225,-1.689353954714897,0.2702159904980055,0.4890647437851837,-0.8171048855897388,-0.3694551141955385,0.9473012759953486,high
2023-08-30,0.9736808336576064,1.0986294407351394,2.3135286347470347,0.3481488746583468,-1.0008425551490951,0.815752362194139,1.9492789789090985,-2.0164554170583786,0.34814887465834465,0.5157375208808381,-0.8494403777087084,-0.3725158370359912,1.0021878569093152,high
2023-08-31,0.963059526219772,1.1014054667336008,1.9461997941361384,0.43521294147225237,-0.8634925141510569,0.7762938669288785,1.5403354093091295,-1.5648047297977525,0.43521294147224976,0.5306171859258964,-0.8608094907272436,-0.3625127219753412,1.0367117076305972,high
2023-09-01,0.9093250816832249,1.0569948447571504,2.2438390795189083,0.5171215601646654,-1.0015838115257396,0.5478756603655808,1.862647823178956,-1.9727566984732121,0.5171215601646623,0.45996777937215727,-0.8227879995772337,-0.2767956261698627,1.0166059375335803,high
2023-09-02,0.9063884704336196,1.054608078123929,2.2308484817280623,0.5146455701400587,-0.9985205804256678,0.5419675270928547,1.8434674697890427,-1.950383218336014,0.5146455701400557,0.45718096425652655,-0.8194031887517684,-0.2746438002155529,1.0128455016956952,high
2023-09-03,0.9034723243947048,1.0522652405366886,2.2180611543835367,0.5121712121393136,-0.9954686615302155,0.5360584378934048,1.824728536038514,-1.9285751575131118,0.5121712121393103,0.4543926468375091,-0.816026872304421,-0.2724904042935476,1.009102671634089,high
2023-09-04,0.9005768254625506,1.0499672173706769,2.205472272726064,0.5096984375189638,-0.9924279578370608,0.5301475035590985,1.8064140529114776,-1.9073079094608223,0.5096984375189608,0.48751852061200973,-0.8406924585617385,-0.3026269776943175,1.0356446584268977,high
2023-09-05,0.833491641382645,1.0060035509091665,2.2920841466835062,0.6889420649933549,-1.0494763109429015,0.24299387712800868,1.8962331463820135,-2.062393197239399,0.6889420649933505,0.5159691168463892,-0.8455546428205288,-0.28015763175755104,1.086168923278847,high
2023-09-06,0.8746628156932944,1.039093103443847,2.3698571723241573,0.6067812706685974,-1.0607635669344448,0.4305561676787261,1.9760806550717818,-2.110129864549295,0.6067812706685937,0.5018211237541246,-0.8201390056654764,-0.28893794878638684,1.0385946054992674,high
2023-09-07,0.8757919359933533,1.0279440858163758,2.2857264666566945,0.5195626746124677,-1.0320623439183192,0.44221877557137373,1.87851517371596,-1.9968598534894857,0.5195626746124646,0.47740962890156524,-0.8003889617261887,-0.2899265234892108,0.9957293592005838,high
2023-09-08,0.7979245995720295,0.9708486564201186,2.286325069508769,0.6901101869115627,-1.0619169568926665,0.1071450039823807,1.873913168209934,-2.0541024451848786,0.6901101869115583,0.44296651808571486,-0.7659960525412478,-0.21313736569981173,1.0015072988798066,high
2023-09-09,0.794964120831125,0.9682322370195295,2.2745982826486055,0.6876810287740994,-1.0579043453464685,0.10212291602333326,1.8537318932365174,-2.029030441716568,0.687681028774095,0.4401967137479549,-0.7627449308948334,-0.2109053631412107,0.9977314432574492,high
2023-09-10,0.792016381607872,0.9656474848787814,2.2630683933306637,0.6852567188668343,-1.0539109580587578,0.09707379369706498,1.8340197807502945,-2.0046409048698384,0.68525671886683,0.4374250555750906,-0.7595003985667217,-0.20867040558681157,0.9939720455302967,high
2023-09-11,0.7535769288722354,0.9374510070324573,2.20767162240292,0.7651047488452029,-1.0481600218898905,-0.06398637228291283,1.7674371393858261,-1.9582400875300119,0.7651047488451983,0.5054550555298669,-0.8116925695780094,-0.2478244416588148,1.0708449649914853,high
2023-09-12,0.7536352082766276,0.9669352661971046,2.1652742032696217,0.945376990360557,-1.0319307974498044,-0.05667313824922273,1.7155530046119494,-1.8958419334180723,0.9453769903605515,0.4384685605759971,-0.7680766901721998,-0.13889370325938236,1.0695240203919478,high
2023-09-13,0.8075662753483105,1.0129696798094556,2.2304299289674407,0.8580596811039592,-1.0344987153334235,0.18734186331947095,1.7774502616931664,-1.9147085354392273,0.8580596811039544,0.42361922077386815,-0.756463615896527,-0.14845826847260465,1.035385766718537,high
2023-09-14,0.8803237968144517,1.0516369029898316,2.218694410723252,0.5955238279636709,-1.003653989029551,0.5151591107751342,1.7565068977166782,-1.8292521836207618,0.5955238279636673,0.49234649806237163,-0.8090639122129378,-0.28017852733882975,1.0263086102610754,high
2023-09-15,0.819709266912648,0.9985144661053782,2.11230563220724,0.668766601974872,-0.9875438954222386,0.25482744568914906,1.636212516780831,-1.7436801604639913,0.668766601974868,0.5044108111980724,-0.8271277070950367,-0.27084139841493954,1.0648383149283809,high
2023-09-16,0.8168853032380619,0.9961898660468237,2.1040896596682446,0.6665150755339981,-0.9855073216044399,0.24890598633918665,1.6202442878002774,-1.7253422062555739,0.6665150755339941,0.5016027550464831,-0.8237338064676755,-0.2685683695541206,1.060890241718191,high
2023-09-17,0.8140781525068881,0.9939061173274106,2.09602075253823,0.66426779700424,-0.9835187317757611,0.2429479897858208,1.6045737809154426,-1.7073863530364493,0.664267797004236,0.49879437146727856,-0.820348562662174,-0.26629306082357385,1.0569619570096482,high
2023-09-18,0.7684640409779177,0.9578341150633025,1.9686591101034685,0.7417008773095354,-0.9531096582521688,0.04804256677229867,1.4636321310825244,-1.5867287631912363,0.7417008773095309,0.5511456616660729,-0.8547331313951636,-0.29174203857905695,1.1141403784147852,high
2023-09-19,0.816111904371411,0.9690242751397775,1.9681092554779471,0.4825137663847368,-0.9330111924635619,0.26620225274501264,1.4591843066594967,-1.5417728606461925,0.4825137663847339,0.5142610467719801,-0.8285470316605185,-0.3285695826255462,1.0202435923563649,high
2023-09-20,0.8065134309418005,0.9162979613142151,1.9241248072017034,0.2165456369652333,-0.9190904919488482,0.23155845801936112,1.4099481193174057,-1.4931802197303863,0.21654563696523205,0.5150724005482635,-0.8150134416485898,-0.4010759887955897,0.9382179953762131,high
2023-09-21,0.84474962633214,0.9472696382374661,1.875597968052277,0.1448042473131304,-0.8850046822443296,0.4081917809030188,1.3569829633369486,-1.4037915912827834,0.14480424731312952,0.5636123550181024,-0.8396206039337865,-0.4635860682479396,0.9470203129189178,high
2023-09-22,0.8270556928587872,0.9563009579090355,1.8628016435704935,0.31220247090270936,-0.8875056694425348,0.33710742944899735,1.3417324489087148,-1.3987842103911041,0.3122024709027075,0.5400423223260196,-0.8473490361355569,-0.39689932818885976,0.9986042265462335,high
2023-09-23,0.8241384722729017,0.9539826364453989,1.853660071273574,0.31015538732339965,-0.8853834720019087,0.33137009008852925,1.3302714130993654,-1.3864599298143423,0.3101553873233978,0.5372344214987922,-0.8439115110519891,-0.39469194311033995,0.9950248552446791,high
2023-09-24,0.8212366076313542,0.9517022831106684,1.8446260716989096,0.30810766145819546,-0.8832668490137304,0.3256090239248259,1.3189633159442817,-1.3743121908219194,0.3081076614581938,0.534427299858336,-0.8404834137213621,-0.3924846924131898,0.9914633604363612,high
2023-09-25,0.8407767834049167,0.9750138523591647,1.9398283528179563,0.31171493888878543,-0.9138162407281578,0.41914046634535984,1.4164613348001422,-1.4631859275188654,0.31171493888878354,0.502715176770623,-0.8209127988404012,-0.36300075315713415,0.9718282841445067,high
2023-09-26,0.8271390561679742,0.962833979161932,1.940309021410871,0.3199841110038527,-0.9201327602154077,0.3657972340301775,1.4150673975729138,-1.469931637236063,0.31998411100385094,0.5337644805400471,-0.8486335818796629,-0.38812452738386677,1.0048952825566264,high
2023-09-27,1.0072718397917872,1.0913740492352608,1.9434538266116745,-0.10759529713631102,-0.8540843686388672,1.1688959909009,1.41632691762549,-1.33597877716487,-0.10759529713631041,0.5994797342979601,-0.8708417937172371,-0.5621357247163493,0.9204108252503674,high
2023-09-28,0.927853142526889,1.0507373806141755,1.957748227940896,0.16444340383583878,-0.8908133049550806,0.823673678999361,1.429365822142329,-1.4085437748973566,0.1644434038358376,-0.10279996862771199,-0.3309686294489935,0.135884605180193,0.4029637392811865,high
2023-09-29,0.9032507613055383,1.0408427431227092,2.0794005915049523,0.26078817376915786,-0.9472079465666212,0.7206690596388805,1.5539720147016314,-1.5604834593087282,0.2607881737691563,-0.04235042095200415,-0.3869852128561472,0.108299984558658,0.4891260462194985,high
2023-10-01,0.9007123368330102,1.0389949466541262,2.067902777852526,0.26009175019230873,-0.9452314594696506,0.7144910901779623,1.5393793036334327,-1.5455915818488597,0.2600917501923071,-0.04431437736163775,-0.38419267988193256,0.10990249963338375,0.4861671971107412,high
2023-10-02,1.2323690153577003,1.131693781354177,2.1404131909590602,-1.3593504071748785,-0.8560229653426722,2.1748374074432593,1.6120317458361577,-1.3847460760740213,-1.3593504071748703,-0.044439632851984684,-0.35053513349355064,-0.33019994239041645,0.02977993376111497,high
2023-10-03,1.2462076270197695,1.1172294224617392,2.0939265063374863,-1.535028473538726,-0.8354363171394489,2.221803362526616,1.560898202187042,-1.3223653858561264,-1.5350284735387167,0.016277346910707657,-0.3884680341218401,-0.43308877895743525,0.024001555387581704,high
2023-10-04,1.2073956084047042,1.0904539853263315,2.045996833262665,-1.4407736286243733,-0.8326248227504637,2.0421002210514176,1.5083992720783896,-1.2961659393874856,-1.4407736286243649,0.0007166440793668951,-0.3917002135478505,-0.39478516583592216,0.05071112563953326,high
2023-10-05,1.213794070159934,1.0985744244417275,2.0192917199657154,-1.4358191646243572,-0.8216835949837273,2.0603902273849606,1.478016927464814,-1.2613406893245576,-1.4358191646243488,-0.015281592388971773,-0.40174360744082815,-0.38040396254724557,0.06159881846332189,high
2023-10-06,1.2286036363355937,1.101261106600655,1.9836639643156315,-1.5148274023117179,-0.8044752072028916,2.1133770058243004,1.4388617606373337,-1.211038815423708,-1.5148274023117085,-0.06585896562232722,-0.34940509916868473,-0.3585711274549254,-0.017967299589340142,high
2023-10-07,1.2263256105247458,1.100016126661265,1.9733469970882196,-1.5085640337894488,-0.8032582601274968,2.1007664131728427,1.4259549939486607,-1.201492366161857,-1.5085640337894397,-0.06811585111016756,-0.3465992045439888,-0.3561812278484508,-0.020997723277609678,high
2023-10-08,1.224442693568991,1.0989779132350692,1.9631090942686953,-1.5017505209509998,-0.8023972915615666,2.088777080433955,1.4132422427465186,-1.1920517074284083,-1.5017505209509905,-0.07047539281232972,-0.3437885340088067,-0.3536206161167548,-0.023847494910830325,high
2023-10-09,1.1667164365782503,1.0523653317458281,1.995147394244479,-1.4012587848925913,-0.837773552685083,1.841808704286709,1.4441093631020427,-1.2684685488321685,-1.4012587848925826,-0.05652766328697715,-0.35367126376333413,-0.33934558357271366,0.012361401844214779,high
2023-10-10,1.1612571426353069,1.0163130895024355,2.0068124529463356,-1.5656440789360304,-0.8467104972975948,1.8163835218199078,1.4538678315571507,-1.28545610017758,-1.5656440789360209,0.17080754318064104,-0.5647564929405836,-0.5877085174852535,0.19782371956408334,high
2023-10-11,1.1813208849009806,1.040480845119953,1.9996342788612507,-1.5538360921175287,-0.8397909932075374,1.9084816729749328,1.4441495126413204,-1.2643139128908905,-1.5538360921175198,-0.085132724135765,-0.3668337921365174,-0.3610981551663594,-0.01878149834457359,high
2023-10-12,1.1927547299782277,1.0538893990146923,1.9846762873813788,-1.548041456084459,-0.8329118398242017,1.9456600998166529,1.426410843144459,-1.2403263403774616,-1.54804145608445,-0.17898983467559137,-0.2806608173751732,-0.2798336006538597,-0.11479113881533173,high
2023-10-13,1.0518696334319444,0.9312479937330168,1.73877044677396,-1.3537930932018225,-0.7841294008599597,1.3418422219603752,1.1720517839033746,-1.06080227640302,-1.3537930932018147,-0.15843369390839196,-0.3066862465043281,-0.24573624279940093,-0.035885047333559676,high
2023-10-14,1.0503838308791893,0.9304791822323614,1.7310344439114793,-1.3484453183064495,-0.7832609725561349,1.3314667119959211,1.1626771298752607,-1.0528800980326838,-1.3484453183064415,-0.16422906178734537,-0.303069464712729,-0.24196694262806753,-0.04108695633850766,high
2023-10-15,1.0492901547573,0.9298181274312821,1.7233623872669885,-1.3426308199849004,-0.782733142060287,1.3212408436705396,1.1534012336643742,-1.0450275849432715,-1.3426308199848924,-0.17021391903104846,-0.29943076922736084,-0.23801671149190565,-0.04603555785062335,high
2023-10-16,1.0687689393758322,0.983942198576925,1.6870722005922238,-1.1721995994593,-0.7627859661016594,1.3964536860502426,1.114881196947262,-0.9919337419278575,-1.1721995994592933,-0.15983410839557022,-0.3078501378751031,-0.20044594905679566,0.008686771226153538,high
2023-10-17,1.092205083248375,0.9952338079345956,1.6021691501949586,-1.2503911025068244,-0.7196928930116154,1.4868922258986537,1.0267853290940678,-0.8826103106748094,-1.250391102506817,-0.18797176024780454,-0.2537620463339012,-0.20127071748226186,-0.07515095430486009,high
2023-10-18,1.0264501495234084,0.9545689933877124,1.6484344035811058,-1.0749341581390641,-0.7653987840199962,1.207733290689607,1.0728810386025147,-0.9770257486899417,-1.074934158139058,-0.17552022809391718,-0.2716975937248776,-0.16315343949200786,-0.0077201415847298884,high
2023-10-19,0.9634191608377802,0.8996911663464888,1.6951457332053825,-0.9879029532226119,-0.8094687315484365,0.9415442582308837,1.1191668726897543,-1.069143043867686,-0.9879029532226062,-0.2821152757301822,-0.22996163897972755,-0.04589297482839503,-0.030371498737834065,high
2023-10-20,1.0341216704422658,0.9176495455961416,1.7156585283088333,-1.3061950022036146,-0.7937689533202703,1.2344032622746437,1.1384903135948992,-1.0450697108495588,-1.3061950022036068,-0.08214037824380928,-0.3947681370318183,-0.31936140157257153,0.05681885571084158,high
2023-10-21,1.031648293762239,0.9158179822398612,1.7084462816576735,-1.301171384057605,-0.7913247578434275,1.2252698733058496,1.1293578078375632,-1.0370007913336172,-1.3011713840575974,-0.08823587556984075,-0.39141073195498066,-0.3157079537161775,0.05176899267509489,high
2023-10-22,1.02906605457179,0.9139046897291146,1.7012402114607617,-1.2963109590967317,-0.7888523715295994,1.2162555502922683,1.120316588323971,-1.029001137600952,-1.2963109590967241,-0.09449997906996874,-0.38803985178991146,-0.3120317861911193,0.04661097543288028,high
2023-10-23,1.0170109303957018,0.9170765495081936,1.7516808947176363,-1.2127091960897238,-0.813264660771876,1.1687299653481322,1.1698212138440771,-1.0905470955710037,-1.212709196089717,-0.22493349961676684,-0.2861435755156643,-0.175839704087784,-0.044054902018713565,high
2023-10-24,1.0193869957995414,0.9044554815277615,1.7494712634314784,-1.2890911778392553,-0.8112626045849894,1.1800464663981767,1.165753836206335,-1.0848692779793463,-1.2890911778392478,-0.2523439753860601,-0.254250206215612,-0.17904047145427385,-0.10521860388824028,high
2023-10-25,1.0200663274620476,0.890327132558749,1.7770572657051127,-1.3618150622632732,-0.8219442697732763,1.1843545843755663,1.1920417751820758,-1.1131409751670138,-1.3618150622632654,-0.2602809614880051,-0.24281472750764488,-0.19869201268333123,-0.1432610445724038,high
2023-10-26,1.0387939110746645,0.8965614765396757,1.7756413294253073,-1.4351522249660653,-0.815147581584333,1.261145299846181,1.1889878697491472,-1.0982714495438326,-1.4351522249660575,-0.21720239603826194,-0.2948787472686547,-0.2635645930858421,-0.1116550119943871,high
2023-10-27,1.0329148837721467,0.8744617523783063,1.7585217711666812,-1.5081560214389005,-0.8098865793413607,1.238190111006711,1.1701867983171466,-1.0813622722898344,-1.5081560214388923,-0.1897682226331187,-0.3166389215410105,-0.3151413820247899,-0.1141329926980005,high
2023-10-28,1.0303256409592518,0.8723937481003475,1.7508943174252516,-1.5012930356716176,-0.8072830509146938,1.2284974835930924,1.1615249023470344,-1.0731999029050525,-1.5012930356716097,-0.19752860383244233,-0.3129305852202955,-0.311368739507026,-0.1204177863251825,high
2023-10-29,1.0278546162820137,0.8703343319165402,1.7433769803533619,-1.4943330077503325,-0.8047184519686816,1.2189222082073092,1.152965082970077,-1.0651177304796449,-1.4943330077503243,-0.20504063279314239,-0.30919679184115273,-0.3075764324578659,-0.12661049088193668,high
2023-10-30,1.062470466652346,0.9116383469059415,1.6353954162940105,-1.4849205964760726,-0.7488521020144939,1.3563722349136411,1.0418668064878842,-0.9229544364365202,-1.4849205964760648,-0.18016075499838702,-0.30830379287966114,-0.33097392014782595,-0.1289129006274482,high
2023-10-31,1.0644299073089245,0.930786850553199,1.6759973078713037,-1.403285323243237,-0.7648165594476724,1.3626987571636706,1.082449568649646,-0.9656068359312783,-1.4032853232432294,-0.09056478474634125,-0.3637263675552023,-0.38603784115749606,-0.045138275800705806,high
2023-11-01,1.082233154807934,0.917569813693779,1.6608928507897949,-1.557457956818514,-0.7525931332827404,1.4313424708548317,1.0666292710552783,-0.9371165873664266,-1.557457956818506,-0.14373968860518932,-0.35324576279767994,-0.3962365648164915,-0.1105574368128222,high
2023-11-02,1.090614695035492,0.9286038768367741,1.6565448490928427,-1.5478135414179812,-0.7471518472768786,1.463382172967247,1.0615227007171308,-0.9258346383408262,-1.5478135414179734,-0.14180373647184694,-0.34441664801953303,-0.399523209904512,-0.1217426376328968,high
2023-11-03,1.0704577943931715,0.9236568782835759,1.564281633914622,-1.459985911322602,-0.7130304658397661,1.383733412427051,0.9653791604416904,-0.8328688366548582,-1.4599859113225944,-0.08623257562092032,-0.44502084829384314,-0.42236642997823487,0.014863467681917014,high
2023-11-04,1.0676034474349738,0.9211373854914592,1.5584235885749755,-1.4534476279996715,-0.7103095603750327,1.3716560501875201,0.9587506504999291,-0.8266255929787119,-1.4534476279996644,-0.09255999573637631,-0.44195776956230076,-0.4191868078640076,0.009349329913604695,high
2023-11-05,1.0647481027467243,0.9186094385055084,1.552392733881689,-1.4469669724642953,-0.7077987917145648,1.3597485014943254,0.9521956769468121,-0.8204304885298396,-1.446966972464288,-0.09887438400217427,-0.43889226239862283,-0.4159857084037761,0.0037533011571022155,high
2023-11-06,1.0941717188038094,0.9354378683150496,1.5961418939844378,-1.5226924979073553,-0.7163038496606585,1.4711875504739516,0.9977615669190701,-0.8512070925495251,-1.5226924979073473,-0.09435439412642606,-0.43250065530297516,-0.4509603690309611,-0.03363403913765993,high
2023-11-07,1.1078959327849784,0.9684192460105122,1.6236097589942275,-1.442776456129515,-0.7227831419845991,1.52099615536429,1.0267709058175067,-0.8735611060743487,-1.4427764561295073,-0.11024231573198037,-0.4245371497530375,-0.4141020689854255,-0.019981279589962826,high
2023-11-08,1.154297521115588,1.0042851326721298,1.5349033598689201,-1.521521093577241,-0.6695327436468734,1.694411252238163,0.9341356604130866,-0.7424390712640895,-1.5215210935772328,-0.1107692341472754,-0.41035704917708876,-0.44640296578163474,-0.06787009992672519,high
2023-11-09,1.052896269448013,0.9234542738039512,1.589445577786851,-1.3520729273415475,-0.7232395169649833,1.3081233890332309,0.9900110577594182,-0.8662083598040112,-1.3520729273415404,-0.10309343823625489,-0.39538985872404764,-0.39689126040463424,-0.030218375346800094,high
2023-11-10,1.1207428903075243,0.9828494972755479,1.7254966719913065,-1.4370254976377397,-0.7562637396419254,1.5618072754060253,1.1316199952906512,-0.9789986994071292,-1.4370254976377324,0.013567847530460274,-0.4746146150115396,-0.5314836119606834,0.023799145281809347,high
2023-11-11,1.1181816575920691,0.9805469395135966,1.7213725831880378,-1.4310054154782124,-0.7553565606291285,1.5483009443226596,1.1227500230801435,-0.9712622661700588,-1.4310054154782053,0.00820221596706805,-0.4718688418785073,-0.5288543194581413,0.018126281160554477,high
2023-11-12,1.1154759586915775,0.9782386994557641,1.7187576126204953,-1.4247169157003665,-0.768511449593557,1.5350335015498955,1.1139696457238941,-0.9635837911535569,-1.4247169157003599,0.0026654885613466724,-0.4691347390340568,-0.526186473095775,0.012180986275261839,high
2023-11-13,1.0726604346684205,0.9482860895014561,1.6720740394223728,-1.3343669465410612,-0.7778383605960937,1.3736789957946103,1.0589096180599498,-0.9297703645252784,-1.3343669465410548,-0.08834930065560238,-0.3877403167054461,-0.4193094552762816,-0.0511383806963819,high
2023-11-14,0.9872846511111675,0.8685470221989836,1.4852043685440992,-1.2446231768182436,-0.7382916345468047,1.0570683153663645,0.8574336375663604,-0.7619375517079828,-1.2446231768182376,-0.04614116038727573,-0.5206191932752896,-0.4259429225428289,0.12533864541551834,high
2023-11-15,1.0227375641073124,0.9105384026248907,1.4734752234444826,-1.2401877348703103,-0.8989023307425087,1.188870899705488,0.8385867237267304,-0.7196457595385887,-1.2401877348703045,0.02115193840534774,-0.5533553854378956,-0.48557576580145945,0.1589925165609692,high
2023-11-16,1.0095654437104726,0.8791888483889255,1.4605607220211525,-1.3067396490058587,-0.8964990802472939,1.1405944808709578,0.8223763861334457,-0.7096518746583222,-1.3067396490058525,0.08834082285011245,-0.6177871896081898,-0.5721470235674897,0.20135126121725236,high
2023-11-17,0.9842114830530917,0.868035502938441,1.5384266286651398,-1.2242970480600455,-0.9554315650846595,1.0481518253041295,0.9005766176895106,-0.810093650262889,-1.22429704806004,0.10350491188459858,-0.6220158537197432,-0.5580627697267131,0.2322877878729191,high
2023-11-18,0.981700930282402,0.8656678350371394,1.5340425256081978,-1.2194500376948751,-0.9527615583153219,1.0405172112600125,0.8933854201882717,-0.8035943370273055,-1.2194500376948694,0.0977453035351611,-0.6206859011093163,-0.5563603346927979,0.2278111627935442,high
2023-11-19,0.9792842167865368,0.8634292205584496,1.5268016606105281,-1.2145600729980288,-0.9539937622388036,1.032959724971233,0.8862392077616176,-0.7971277577891273,-1.214560072998023,0.09162923146289349,-0.6194345961252897,-0.5549487169363403,0.2232603410423642,high
2023-11-20,0.9909428590935837,0.8404246841451701,1.512696213851121,-1.3673151002919246,-0.9446252141119769,1.076467940509014,0.871927407518722,-0.7744853814420802,-1.3673151002919182,-0.06786503168026939,-0.49593030950831796,-0.48602875356643294,0.0202849183384583,high
2023-11-21,0.9522352270393044,0.7788435414683467,1.5488934931694889,-1.431384367544214,-0.9886808824290135,0.9400344204337647,0.9102574420031367,-0.8388037614343382,-1.4313843675442073,-0.09640446289429838,-0.4861180964131621,-0.49503727350860866,-0.022442717503212202,high
2023-11-22,1.0411026593156314,0.8459011281833606,1.4839825472477994,-1.5836188382625598,-0.9134778709240334,1.2708767563832728,0.8427195267297583,-0.7123517034653344,-1.5836188382625522,-0.07672441277182128,-0.48888916937045795,-0.5821030753406043,-0.08751717673099978,high
2023-11-23,1.038677840664159,0.8437805593652488,1.4771629746964472,-1.576013614427024,-0.9147198944103678,1.2662220886608657,0.8358923909113648,-0.7061916495433729,-1.5760136144270163,-0.005532817542160511,-0.5367897685898284,-0.6487029025505301,-0.03974818790537002,high
2023-11-24,1.0350597727560704,0.841287756480754,1.425131217404925,-1.5638574810608343,-0.8874284898169599,1.256947802821216,0.7812010636094571,-0.6489112143074484,-1.5638574810608268,-0.11492395343308544,-0.4698547945605184,-0.5597656850488341,-0.1185107964187725,high
2023-11-25,1.0329027365641814,0.8393547907527391,1.4188592368464863,-1.5565191957989946,-0.8896231903878454,1.2582633376111743,0.7746471366829202,-0.6431088929694572,-1.5565191957989875,-0.12448095713170845,-0.4677391685837126,-0.5589331757376906,-0.12710199743628886,high
2023-11-26,1.0308073991269218,0.837333228616997,1.4126989522439475,-1.5496196182962894,-0.8921412556083187,1.2602608919890816,0.7681212895446258,-0.6373212341550094,-1.5496196182962818,-0.1343134209396496,-0.46567924800272,-0.5584543502835189,-0.1356230221604466,high
2023-11-27,1.0299736562196582,0.8189447576673615,1.4204587976419831,-1.6146532122427308,-0.9031625438061076,1.2676246959194637,0.7765000848524901,-0.6469432799220439,-1.6146532122427228,-0.15781131271620646,-0.45804021864546846,-0.578755339974805,-0.18170625698960452,high
2023-11-28,0.8117697876027508,0.657981990302627,1.493289413878902,-1.218108183448959,-1.0504734717194553,0.43343817329046247,0.8551722039303329,-0.8583617804840279,-1.2181081834489536,-0.19307736064956144,-0.47282034405637535,-0.38316898756197815,-0.002303705122274352,high
2023-11-29,0.7236805044521405,0.6107717525389756,1.5110541373698205,-0.9860325831002326,-1.1042497008966345,0.0925644013599218,0.8749474866468473,-0.9295919765305096,-0.9860325831002279,0.029646796454075402,-0.6668042750779021,-0.4747586602348109,0.30918906244788247,high
2023-11-30,0.4607189437845821,0.4700291552879952,1.4149405228406593,-0.3027416939177384,-1.1655104251130972,-0.9385633844244823,0.7710962185910355,-0.9673747555427373,-0.302741693917737,0.07610545248541636,-0.721734053712451,-0.204645119505207,0.6689713493061522,high
2023-12-01,0.43128253664482197,0.4152049433108566,-0.19320096036536144,-0.38126998095782544,0.29508854778827054,-1.0600695828590052,-0.9821173210337889,0.9015187504321669,-0.38126998095782366,0.23054368015912827,-0.8791242220725801,-0.37392300472890705,0.8055094776548986,high
2023-12-02,0.4280477384139055,0.41192073237006116,-0.19354358413891828,-0.3784240289713164,0.29220530834357045,-1.06826965784636,-0.9858416887068483,0.9042216214603421,-0.3784240289713146,0.2257486497892843,-0.8830573335538346,-0.37173674231549847,0.8077226145464825,high
2023-12-03,0.4248456798534397,0.40865471570446465,-0.1945176976009125,-0.3752812123938461,0.28939588503670727,-1.0765827715481346,-0.9895884895028043,0.9069362007465973,-0.37528121239384427,0.22089925598134388,-0.8874313638040303,-0.3702085208842617,0.8095192869960205,high
2023-12-04,0.534376203461822,0.5404877177464915,-0.07166996275740087,-0.3669199139914817,0.18868679830666585,-0.6437691713252722,-0.8583251370346696,0.8281629755848321,-0.36691991399147983,1.135962383778896,-1.537328730552985,-1.1423353203289717,1.5261757650104995,high
2023-12-05,0.5502692993377731,0.50104778717629,-0.06621331066107874,-0.5935915517833443,0.1888104646057322,-0.5792772038294992,-0.8552255568104421,0.8337537169389334,-0.5935915517833416,0.27153131774077954,-0.9458684443715762,-0.5340695076149456,0.7615982183753999,high
2023-12-06,0.5111564220717628,0.4942437861950098,-0.0282282521610441,-0.437231261427727,0.1105140596219673,-0.7465907944694075,-0.8158372051121355,0.7681073104225149,-0.43723126142772484,0.4947356481708403,-1.0950744595209534,-0.6498721526757661,0.9920294541539918,high
2023-12-07,0.5134605263701267,0.5173600065537274,-0.008174372356460458,-0.35684578264472216,0.08250931368954467,-0.7396828114241272,-0.7964857786293572,0.7482608894443817,-0.35684578264472033,1.0773929721735203,-1.5081839255458027,-1.1086658006689176,1.4739274547753423,high
2023-12-08,0.6149856094497593,0.6599987003482123,0.09522568790119805,-0.2714864084331312,0.01052686344216267,-0.34292054107045494,-0.6859993368635349,0.6850331141739229,-0.2714864084331298,1.106139862595029,-1.4891226252451644,-1.0922365667160214,1.4864164634451476,high
2023-12-09,0.613028300172145,0.658506372182635,0.09346117084878022,-0.2682995219150132,0.007818494301853057,-0.35844476471838377,-0.691494579415415,0.6883102097253239,-0.268299521915012,1.1342597122644862,-1.505845674689774,-1.1204026423566311,1.4980290073016347,high
2023-12-10,0.6112286942009834,0.6571543765188478,0.09187314065442195,-0.264931250821525,0.004792259063737502,-0.37461580339310613,-0.6970427986936875,0.69160482783852,-0.2649312508215237,1.1692674390443243,-1.5240792542547723,-1.1565763482930005,1.5096867035344343,high
2023-12-11,0.6452846497190933,0.6993478671855408,-0.0014530827368768801,-0.2582357231882375,0.13910838587699015,-0.2454430137057146,-0.8045183184563776,0.8223768314135004,-0.25823572318823623,1.2129413736231798,-1.54827541162128,-1.199448676190484,1.5285192468231734,high
2023-12-12,0.645574015597448,0.6791008124306598,-0.010798482640466813,-0.3352374440329868,0.14750207341004992,-0.2478494234157758,-0.817872995279662,0.8355636943689402,-0.33523744403298517,1.1564398738067705,-1.5070650682770421,-1.2141043196889816,1.4341932710594716,high
2023-12-13,0.6657020675743711,0.6607490293947353,-0.08116229562562065,-0.4938746805945805,0.25100779245503524,-0.17195718714282676,-0.8998233872658822,0.9313037666665962,-0.4938746805945782,1.0977474285388789,-1.5233383743995035,-1.271083791270403,1.3712536109338038,high
2023-12-14,0.4630320896901093,0.3978140638749182,-0.24062619401323135,-0.5720038659405348,0.35287847194623057,-1.0140088336823245,-1.0802854083739584,1.0143086999112358,-0.572003865940532,1.2549377001276856,-1.6086316858893943,-1.4581189961937893,1.4231751057787265,high
2023-12-15,0.5636297342932816,0.49722300139821674,-0.20053800830048496,-0.6495642565314323,0.35387312332523985,-0.6042096699245052,-1.0381485702938806,1.0214827767340502,-0.6495642565314292,1.0695189446936064,-1.4793534661754617,-1.3498768163471078,1.2473616676131585,high
2023-12-16,0.5612217821027207,0.4948107666432569,-0.20180555711985257,-0.646822537147362,0.35125667950115064,-0.6216369313597792,-1.041992280541938,1.0229683694404497,-0.6468225371473588,1.0653186988049643,-1.4725748193603803,-1.3442618836095641,1.2423551080248152,high
2023-12-17,0.5589244178934389,0.49246946817276693,-0.2032730361231282,-0.6439416000861087,0.34869701273493164,-0.6397699981559997,-1.0458596741247903,1.0244573762740523,-0.6439416000861058,1.0611795106989705,-1.4658501203009298,-1.3387443391459388,1.2374686804857282,high
2023-12-18,0.5766097400926927,0.5142856213329099,-0.17290117833858337,-0.6408786761856178,0.31139809356599185,-0.5740980376142255,-1.0140511237701764,0.9985153191034307,-0.6408786761856147,1.0188316758049876,-1.4317410841587161,-1.300420439148474,1.2034126679221842,high
2023-12-19,0.5702604073818555,0.484830998067209,-0.20071249322176446,-0.7159204841171226,0.3449562711021201,-0.6075061400471087,-1.0463797928044425,1.0282229350551813,-0.7159204841171193,0.8737510924276166,-1.3430904508708563,-1.2260879412119878,1.0717934684893953,high
2023-12-20,0.545897825087298,0.4556619224385593,-0.2394359860588225,-0.7131646920275536,0.3858599722907247,-0.713041500174256,-1.0905200347657846,1.061909186355758,-0.7131646920275503,0.936706187754554,-1.422347285446821,-1.2775964776610655,1.1589861862089246,high
2023-12-21,0.5676476825477907,0.4597106306862493,-0.20952803749295543,-0.788248595264386,0.35164637745036464,-0.6209388070089679,-1.0580246031170115,1.03825874273866,-0.7882485952643821,0.7916214981635035,-1.3820152496450635,-1.2020996724202841,1.0798936711545388,high
2023-12-22,0.5009176474156773,0.3797529147342458,-0.16987679270709216,-0.7829799609711441,0.252217759989029,-0.9131727387017431,-1.0152600416581656,0.9594065599748862,-0.7829799609711404,0.7706945316744956,-1.3895041722594879,-1.1788636770197347,1.0927087570219542,high
2023-12-23,0.4978569120603999,0.3763544586131945,-0.17117918497728168,-0.7796886991422072,0.2504659972847299,-0.9222206823877723,-1.017501089527257,0.9606688899757777,-0.7796886991422037,0.768751914800764,-1.3833918449674338,-1.174070523860983,1.0890623641325066,high
2023-12-24,0.49478284273211204,0.3729740877226126,-0.1724429251857144,-0.77646011313133,0.2487211147513449,-0.9314145275570197,-1.0197500174788352,0.9619336851659321,-0.7764601131313263,0.7681222972681476,-1.3773312094325572,-1.1694102967506694,1.085816174391395,high
2023-12-25,0.49170538003627534,0.3695794457599807,-0.17370833940431613,-0.7732390674735813,0.24697572588797315,-0.9407588528128479,-1.0220068797433208,0.9632009551839091,-0.7732390674735778,0.7674932207267442,-1.3713135540959902,-1.164774851411253,1.0825832437575924,high
2023-12-26,0.524171465385387,0.36311336948621525,-0.15413146993273247,-0.926785563689346,0.23583886680839614,-0.7932686586610634,-1.000986054012695,0.9577576195609324,-0.9267855636893416,0.7704243500148606,-1.3653382525910427,-1.2657914701099828,1.0018903513449657,high
2023-12-27,0.4368076082010708,0.30454658193478523,-0.1601934716329691,-0.7635931491683854,0.19285296221077866,-1.1642397343909394,-1.0086562968402422,0.9236833789314396,-0.7635931491683818,0.7209000476396561,-1.3819785250736472,-1.1162423129826187,1.1008813205599348,high
2023-12-28,0.5447163809999459,0.41231274163685966,-0.08937916484961382,-0.8397146054547868,0.15342921693519693,-0.6923131298904585,-0.9298043637493842,0.8942897757032143,-0.8397146054547828,0.38699196985027545,-1.1850010461324938,-0.879746925085689,0.8531864572894257,high
2023-12-29,0.5853230661420467,0.437735620499761,-0.10688658528776768,-0.9172323557014607,0.19757884216480606,-0.5119961052061406,-0.9506889726189226,0.9360661595090792,-0.9172323557014562,0.3973878277182959,-1.1806837153842322,-0.9382181338962048,0.8115200160187955,high
2023-12-30,0.5826611619401865,0.4345352209335856,-0.1084676146668235,-0.9142390243478581,0.19590904663063968,-0.5173639122512053,-0.9533452382012679,0.9379461296937414,-0.914239024347854,0.3966431548742965,-1.1759365225753464,-0.9345097049048938,0.8090394038791259,high
2023-12-31,0.5800783991781121,0.43133247137671643,-0.11023809225736647,-0.9115619654820237,0.1943748942900594,-0.5227823602216549,-0.9560127476989889,0.9398316488366647,-0.9115619654820194,0.39629925117653286,-1.1712031215903365,-0.9308014339320051,0.8067584736642752,high
2024-01-01,0.5775103263118898,0.42812158767186526,-0.11201213014524193,-0.9089111049421458,0.19284023563197988,-0.5282525374342391,-0.9586915956187636,0.9417227497949735,-0.9089111049421416,0.39595545539292015,-1.166495125025609,-0.9271059042585316,0.8044833002220341,high
2024-01-02,0.6084657259269731,0.4656456386451523,-0.08331134372886415,-0.9059784125505187,0.16753297022914385,-0.3903626978971911,-0.9282656871074834,0.9248818798500719,-0.9059784125505144,0.26313752253483075,-1.0496032787601748,-0.8096555795573669,0.6825065847362876,high
2024-01-03,0.6452035079253486,0.5082346545159908,-0.08742139139580414,-0.9094384130823552,0.18994999232627247,-0.22760871197144106,-0.9355811926576763,0.9501700213546512,-0.9094384130823506,0.5074264405251822,-1.1724092494106664,-1.0197849434577833,0.8133008569216245,high
2024-01-04,0.6144045779477226,0.5204816385696358,-0.06663567037698706,-0.7423312803699913,0.1431726963761862,-0.3529704755005099,-0.9153663949919225,0.9147565224338827,-0.7423312803699876,0.4654455046187564,-1.1367866476820776,-0.8747589444510665,0.8565957050637574,high
2024-01-05,0.6128157272944657,0.5186146911541609,-0.1004706740212298,-0.7395287211744979,0.18575583025190273,-0.3541983963753828,-0.9532960252842565,0.9538156542152726,-0.7395287211744941,0.2684815357583022,-1.036230048427421,-0.7020459289908948,0.7517492359622745,high
2024-01-06,0.6105030137970495,0.5157871116814587,-0.10351710035708035,-0.736959036374059,0.18644041246240117,-0.35594962913009937,-0.9555021721153911,0.955767823899526,-0.7369590363740552,0.26933565431907364,-1.0321389508413692,-0.6990980538464322,0.7496790057045752,high
2024-01-07,0.6083222880134104,0.5130569757827892,-0.10641878084234092,-0.734297168300927,0.18660225992598806,-0.35770465788000844,-0.9577160034697316,0.957725978974459,-0.7342971683009231,0.2696729921061598,-1.0281003716826487,-0.696063782976503,0.7473661588379299,high
2024-01-08,0.6728928033845213,0.5394655919780449,-0.10865697592123681,-0.9006317312226665,0.22014080158234267,-0.08297672230644515,-0.959168823409412,0.9894542799188162,-0.9006317312226619,0.29296396298643623,-1.0131346954795926,-0.8192226869546123,0.6541105570428319,high
2024-01-09,0.7156999154102205,0.5651194671280297,-0.06763704559690632,-0.9820945448743916,0.18356715193431047,0.09836623765250546,-0.9134846578901128,0.9618040159791373,-0.9820945448743864,0.24338418728134817,-0.9825079784073598,-0.8257405891830498,0.5845281109522137,high
2024-01-10,0.7361976624824204,0.5888824430762764,-0.06723661565061866,-0.981317440492285,0.19039741178431654,0.18362725457328136,-0.9149174897610381,0.9721891458020425,-0.9813174404922799,0.41961159426054095,-1.093437976034861,-0.9744729360765528,0.7041431682039782,high
2024-01-11,0.684997540601325,0.5517504705355653,-0.03356775735643384,-0.8964556059279866,0.11837012455381758,-0.0260853149331129,-0.8782755718513405,0.9101632205256726,-0.896455605927982,0.35799790032686485,-1.1250142860651953,-0.8666490423632959,0.7782114053667567,high
2024-01-12,0.5464951783426435,0.35936181329211014,-0.12568182377689757,-0.9734259315768646,0.1716941491696149,-0.5886983235106243,-0.9836315224693885,0.9567939361357911,-0.9734259315768594,0.36996951032800546,-1.1517256777830986,-0.92155980759557,0.7731763978921178,high
2024-01-13,0.5444741252793505,0.3558507049579424,-0.1315456234519644,-0.9729915057228299,0.1948877663815249,-0.5901215299689109,-0.9888678794935823,0.9618388439168668,-0.9729915057228246,0.36935702235670637,-1.147362975888122,-0.9182553828722825,0.7709541421374978,high
2024-01-14,0.5427408258684207,0.35232706824565485,-0.13571517130171806,-0.9745363240454358,0.19776209466557593,-0.5915476837072264,-0.9941496317901618,0.9669260178838718,-0.9745363240454304,0.3692075447836809,-1.1428824903840809,-0.9150731907495175,0.7694667782935233,high
2024-01-15,0.5410727787516141,0.34878449388530947,-0.13992109847045395,-0.9763003264161567,0.20065022381702755,-0.5929767995753583,-0.9994775441921693,0.9720561507851513,-0.9763003264161513,0.2843935768718764,-1.087379562128335,-0.8384359515263585,0.714005034020018,high
2024-01-16,0.5881770722104454,0.4566756514853149,-0.16831349561466363,-0.8060739568100788,0.26237358046986675,-0.40434041516770813,-1.0322708640726521,1.027008406903715,-0.8060739568100742,0.2873814115886394,-1.0406682048434936,-0.7342566360720063,0.743580993852077,high
2024-01-17,0.6011557454179579,0.5533981439519683,-0.16912065639242266,-0.5377116863383666,0.26555591649505816,-0.3533740542717822,-1.0351903241170137,1.035379036971976,-0.5377116863383636,0.3640729255101407,-1.0539352009768685,-0.638178167109111,0.876609835049123,high
2024-01-18,0.5310239635790571,0.4973058957220103,-0.17612303118298292,-0.44350830206216646,0.23635001982578985,-0.6190956174147139,-1.0454028242751363,1.015934337969692,-0.44350830206216385,0.30817366875899577,-1.0308307735285007,-0.5326037646176293,0.8932853057327699,high
2024-01-19,0.39933564469527466,0.39651240733020926,-0.16463753157920621,-0.25701437164840263,0.15152772231489156,-1.1069014700010733,-1.0318061212473653,0.9470390253424258,-0.2570143716484013,0.24543416078613736,-0.9671029057401863,-0.3669655721718765,0.9057402799922208,high
2024-01-20,0.3962361491722265,0.3932743302168267,-0.1654174806668356,-0.252946490656135,0.14889147177183212,-1.1055259706302913,-1.0344578748024749,0.9497345434421,-0.2529464906561336,0.24730165304341448,-0.9633991789891398,-0.3649999686837203,0.9043432517363919,high
2024-01-21,0.39320625862926145,0.39010995366143475,-0.16697951893608154,-0.24892633070306835,0.14684627361867966,-1.1041532312329574,-1.0371207105640343,0.9524416538876354,-0.24892633070306686,0.24762225370886307,-0.9595943329759825,-0.3623781837008821,0.9021614308487438,high
2024-01-22,0.47266141184159904,0.4265891980258821,-0.15274879115627116,-0.4325760871361004,0.16213977153732953,-0.8052150097008192,-1.0219017892570792,0.9701686345884223,-0.43257608713609774,0.2899289544132643,-0.9562820622110891,-0.5050093191309162,0.8226427464627475,high
2024-01-23,0.45328329606843654,0.4328812160106578,-0.20824891281879518,-0.3347345491756641,0.22771361710760987,-0.8665905342295065,-1.0869472846702137,1.0306087357060814,-0.3347345491756621,0.2091144947236851,-0.9429306752593989,-0.37645206427497035,0.849733611050472,high
2024-01-24,0.39722029989801005,0.4266141698819125,-0.24076086868409965,-0.13891898123392396,0.2446767527796658,-1.0542314962791122,-1.1255660677985657,1.049358613951677,-0.1389189812339231,0.06052672304164844,-0.8084604572457486,-0.1327037207249261,0.7892315233532621,high
2024-01-25,0.2830775538596393,0.35286816387389247,-0.21854428631408604,0.058577091307155216,0.156445397690867,-1.441020550427925,-1.1015546266018015,0.9801060393599026,0.05857709130715495,-0.2040551175876766,-0.70786213626617,0.21384521820356395,0.7637136154973613,high
2024-01-26,0.17745243175840447,0.29106696175319613,-0.18367739012105064,0.258305242718279,0.05729994513383984,-1.7841225639439138,-1.061927566933842,0.8991626364966152,0.2583052427182774,-0.1881634540215119,-0.7048510829277432,0.3124771520905944,0.8399786511886688,high
2024-01-27,0.1721038673016486,0.2870481473473617,-0.18560013014452664,0.2649821727885785,0.05574241591174268,-1.7777409478642177,-1.0650945027359437,0.9023803357982308,0.26498217278857694,-0.18713441703861805,-0.7018530378068045,0.3146870547695099,0.8378963043990917,high
2024-01-28,0.1667178036177754,0.2829858308375407,-0.18754166641951622,0.27172388664425984,0.05431193046653607,-1.77141014492033,-1.0682772853440914,0.9056148188393565,0.2717238866442581,-0.1854922163130166,-0.6990113390531586,0.31607809566382505,0.8362628959012625,high
2024-01-29,0.3364117820146934,0.3887051358453196,-0.24282380262506667,-0.020816728438325303,0.20443261807525998,-1.1988218311109775,-1.1321529168587618,1.0377410456624283,-0.020816728438325126,0.08188769517519713,-0.8496911409798421,-0.08423969695830894,0.8769319562369905,high
2024-01-30,0.41061771830242083,0.4123717540296207,-0.21218471050235055,-0.21530502824100833,0.19038235902488876,-0.954003290550289,-1.0974472762427607,1.029733837538668,-0.21530502824100692,0.09542144136231771,-0.8415784137508445,-0.20316316301939705,0.7923049179259898,high
2024-01-31,0.0995211368467424,0.1764764697482716,-0.23522757406566694,0.18502462493549682,0.08593971099915834,-1.9408610447388441,-1.124107622807175,0.9435220976549482,0.18502462493549557,0.7042479711682498,-1.1855832000050979,-0.5258014540176025,1.3043408583061793,high
2024-02-01,0.2529190440914962,-0.5778498916203662,-0.27521183742547717,-2.6673107546225725,0.20685163673101467,-1.4377181137827129,-1.1688642573142545,1.047818399610279,-2.6673107546225547,0.4282320604554822,-1.0845698442966638,-1.832306659357284,0.09891620022240631,high
2024-02-02,0.4527523665293554,-0.3224327960364393,-0.22938292306468172,-2.5786102671393776,0.22403681287742971,-0.8005689640238651,-1.1159949209431341,1.0662448252511465,-2.5786102671393603,0.18497021421853588,-0.8244846898925601,-1.5641629627386164,-0.1368383504959203,high
2024-02-03,0.45017773498707536,-0.33030606104127413,-0.23079024411577198,-2.5742373727315804,0.222403412976256,-0.798888442181959,-1.117767810677325,1.0682999440887804,-2.5742373727315635,0.18520689369155569,-0.8210965609265534,-1.5575202835829232,-0.13665217226333773,high
2024-02-04,0.4475112662992453,-0.3383228424826702,-0.23248885195654967,-2.56534278793621,0.22119353552413068,-0.7972117522557839,-1.1195455223095812,1.070361621580154,-2.5653427879361934,0.18499501431538246,-0.8177179743772043,-1.5509099045394115,-0.13696518149562897,high
2024-02-05,0.5634748841807509,-0.2130445046596261,-0.20995560934120924,-2.5681499149401286,0.2335761923686922,-0.4392814387276315,-1.0937534340564177,1.084904944336389,-2.5681499149401117,0.27051764877648476,-0.8350105063876648,-1.6260051257501293,-0.12026278648988346,high
2024-02-06,0.5135606022371717,-0.27326647234235135,-0.20484109903222678,-2.550612936615173,0.2034228588229305,-0.5833662318514781,-1.0879660291600515,1.0622013900576472,-2.550612936615157,0.12564865174222214,-0.7738761593987172,-1.4869517879630725,-0.17700913960110506,high
2024-02-07,0.5099677101898252,-0.31738236111652085,-0.23419393645944228,-2.6423583979060647,0.2407177554066044,-0.5866015249327917,-1.1213947848180081,1.0967086279830827,-2.6423583979060465,0.29600983283505655,-0.8827773470394081,-1.6838451947149722,-0.09889259262997802,high
2024-02-08,0.5912129195431968,-0.23354037170901737,-0.29005239098743407,-2.646331888217296,0.3509489909596485,-0.35587291480753974,-1.185093646434584,1.1889107330551778,-2.646331888217279,0.1179751758203977,-0.8021595570550191,-1.5231247093909392,-0.1800487420931303,high
2024-02-09,0.646719350042188,-0.07778318179315986,-0.28532240473252657,-2.359592798643347,0.3613508633211425,-0.19622122599025885,-1.1795481954649025,1.2017300168443958,-2.3595927986433316,0.11721961973317555,-0.7887311242300589,-1.3591522667634508,-0.07794369785061403,high
2024-02-10,0.6488366148066822,-0.08589443006378643,-0.2869298299994816,-2.37031698034896,0.3592065606465463,-0.19424140351445043,-1.180665183193307,1.203523886084659,-2.370316980348944,0.11913561220265408,-0.7854604367518272,-1.3535166439692112,-0.07703541103881882,high
2024-02-11,0.6492777183660589,-0.0929988211845592,-0.2884815976325656,-2.372921825458618,0.3574348923340284,-0.19226190350258918,-1.181784047602417,1.205322614192496,-2.3729218254586026,0.11968061114376727,-0.78219582614808,-1.3483275313604544,-0.07738879576527845,high
2024-02-12,0.7507960800384422,0.011401151023711436,-0.3145735307179254,-2.381727528106845,0.43035623266617196,0.08586812345280706,-1.2107853770044628,1.2677776866641821,-2.381727528106829,0.12277025121163809,-0.7702302019819233,-1.348439329869964,-0.0888934994771756,high
2024-02-13,0.85543735419163,0.2226937297055216,-0.28867571843377293,-2.0959773711056893,0.42474852794401174,0.3636162873854714,-1.1801657446417266,1.2681489739942766,-2.0959773711056746,-0.0009108624502164692,-0.6157479888599499,-1.0832930599202641,-0.13749205458488561,high
2024-02-14,0.7444544021748564,0.23885964852450733,-0.308786641239479,-1.6832678038220776,0.4084424354350616,0.054329816474725554,-1.2022173129451759,1.2554153774252335,-1.6832678038220659,-0.13665263329558808,-0.5616456930827669,-0.740276960368712,-0.03416780231590582,high
2024-02-15,0.7462042871078624,0.15734921654983794,-0.3449128705920573,-1.9071366071446358,0.4580987672813589,0.04870407135441023,-1.2420299425309143,1.296507484330272,-1.907136607144622,-0.13297591287771304,-0.5717552938119566,-0.8473269957898419,-0.09651039298494905,high
2024-02-16,0.688743640198244,0.161674055634248,-0.4755611643356629,-1.694490137875431,0.6399381988820604,-0.11210715758164191,-1.3898761347758486,1.431840434323284,-1.694490137875418,-0.09817935245765093,-0.5599575984583139,-0.7598972693810838,-0.025019501292818585,high
2024-02-17,0.692604052800166,0.15611346347150085,-0.4766237710246967,-1.7017396657945285,0.6372244021542625,-0.11025118139628268,-1.3899514869909246,1.432598205884528,-1.701739665794516,-0.09601631861129226,-0.5569768619443242,-0.7567863422606336,-0.025298974932087305,high
2024-02-18,0.69940541063578,0.15018609415346265,-0.47786972744394074,-1.7158914501460694,0.6344210824189543,-0.10839471295281143,-1.390026847297281,1.4333567916503627,-1.7158914501460563,-0.09424929773503089,-0.5539484049799349,-0.7535500395873229,-0.025506415708903506,high
2024-02-19,0.7072357135405887,0.14410561175313139,-0.47911796369655313,-1.7311601909895715,0.6316214653739902,-0.10653773202383318,-1.390102215696514,1.4341161932190878,-1.7311601909895578,-0.02070635823285241,-0.5951422155756636,-0.8141894299706701,0.019242199878764587,high
2024-02-20,0.5970779446561758,-0.0658708147903397,-0.3764422073188431,-1.9661434269086628,0.42343962626179876,-0.3761681393629599,-1.2727212156682521,1.2815949118068242,-1.966143426908647,-0.11948191246557362,-0.5231490697859185,-0.8263425202281375,-0.12418994731229097,high
2024-02-21,0.5582126983535995,-0.029557665818903033,-0.2676166074836676,-1.7294489260350352,0.2473880358740581,-0.4554325280458688,-1.14789353919167,1.143187999621968,-1.729448926035021,-0.07939633110983159,-0.5285887207256613,-0.7522871346195579,-0.0446295114042807,high
2024-02-22,0.6623566893150636,0.034617582431080714,-0.2720906335535246,-1.8383360427064313,0.2842974810117269,-0.21300197583799582,-1.1523614135975115,1.1762865491556702,-1.8383360427064166,-0.1005996992537305,-0.5012142026745803,-0.7878572264656444,-0.11407327577917485,high
2024-02-23,0.5950032392565993,-0.07574300477707341,-0.48127584092384623,-1.927445829617678,0.5841764724691124,-0.35606295814183875,-1.3896702557087113,1.4076889138004887,-1.9274458296176622,-0.08570540898989287,-0.48168385448130646,-0.8466021709869337,-0.1701164313970895,high
2024-02-24,0.5922865197032797,-0.08129581623304845,-0.4820543327491106,-1.9167319025214034,0.5829217184991646,-0.3534163521927704,-1.3904975742019676,1.409528217505337,-1.9167319025213883,-0.08541934089039807,-0.4786298633372051,-0.8445041513615451,-0.1737514589692278,high
2024-02-25,0.5895056097995882,-0.08609669650234289,-0.4817880729268598,-1.9054991459325914,0.580711556035573,-0.3507725082980438,-1.3913258739875787,1.4113723857144265,-1.9054991459325763,-0.08548338942687189,-0.47551246194169927,-0.8415772936602475,-0.17739699454878835,high
2024-02-26,0.6688473759334915,0.03561762694068404,-0.38862174493238455,-1.7902911177673728,0.4558619790748551,-0.16751091560219614,-1.2871881033688282,1.3245421884040067,-1.7902911177673586,0.07295140948578463,-0.5587451528457842,-0.9288575548212877,-0.05691305255870224,high
2024-02-27,0.7060596984102196,0.07486135725476736,-0.14602807634235934,-1.776534848313499,0.11498530509789319,-0.07856827405722056,-1.0141275339939801,1.0502542050200692,-1.7765348483134848,0.09013996403737307,-0.5871188277334549,-0.9392084828526981,-0.02719268239480853,high
2024-02-28,0.7143049215203169,0.08260665523363404,-0.11230160478717273,-1.768086538311794,0.07160091189729256,-0.05111426388451137,-0.9786403871833643,1.0171070169407266,-1.76808653831178,0.6516383744095491,-0.9654669383289192,-1.4346006512617295,0.35487291797333936,high
2024-02-29,0.5354653180756933,-0.10458467603419502,-0.2572432635842014,-1.7496405238865262,0.21829810791358423,-0.43108541910176806,-1.146767562065653,1.1494115022317337,-1.7496405238865127,0.1959255427299163,-0.6988751903085336,-1.024552829365706,0.08492687227814018,high
2024-03-01,0.534751884164577,-0.22127468743655326,-0.39944618028319406,-2.035639782470097,0.42973746042382666,-0.42147624973134595,-1.3118365143545738,1.324470840774412,-2.035639782470082,0.14061009270560437,-0.6936681556996149,-1.1171643292170341,-0.02828892876725899,high
2024-03-03,0.5316873277572651,-0.22475066589107848,-0.3982736437000842,-2.0231892165890524,0.42730897884822644,-0.41721475371378425,-1.3141747052714214,1.3286382872435405,-2.0231892165890373,0.13910847744588223,-0.6914049423589215,-1.1127040695294763,-0.03287593148767768,high
2024-03-04,0.45242425950628506,-0.3395666911491302,-0.3796032903793769,-2.0904629634621026,0.3751469152749469,-0.5773657772766974,-1.2969349004488588,1.2930762321426534,-2.090462963462087,0.28614492858755686,-0.7616919671397633,-1.2798924640403697,0.005312364619547415,high
2024-03-05,0.40974697533953247,-0.33704047827606726,-0.3915158064649442,-1.958289472959928,0.3813150802198277,-0.6576926975100795,-1.3147206472049529,1.3036660153093524,-1.9582894729599132,0.27679165331712136,-0.7655649248359606,-1.2101814591969267,0.04969707399576823,high
2024-03-06,0.2839686874581344,-0.505387187746675,-0.42796730378427383,-2.037092173633619,0.4007424955915391,-0.91538824186195,-1.3606763882408237,1.3230130007540593,-2.0370921736336034,0.2775629954353234,-0.7504791557139389,-1.25423926985189,-0.00321862931403512,high
2024-03-07,0.3066752244319116,-0.5202918204887325,-0.4516139435883907,-2.1214747965542595,0.44575148283980187,-0.8530310467939101,-1.3937228135364808,1.3667754931088292,-2.121474796554244,0.25242740826885907,-0.7819546191192271,-1.2782774940216999,-0.011706165130739543,high
2024-03-08,0.23024591573385364,-0.5523076061030824,-0.43351744213331944,-1.9878077485719303,0.39358513231617787,-1.0021512403035933,-1.3762405639627215,1.3319822536611023,-1.9878077485719154,0.27976745966690525,-0.7903752884968281,-1.2383397382060575,0.04081743987146047,high
2024-03-09,0.22718463979093761,-0.5547472415372904,-0.4334524716783484,-1.975844311133581,0.39235976783355586,-0.9954089001463579,-1.3760659620521072,1.3334630133356642,-1.9758443111335666,0.2781898246518076,-0.7882634133765304,-1.2332201017444293,0.03655982858373527,high
2024-03-10,0.22421721269845105,-0.5572840582159658,-0.4334754545764483,-1.9638399090143543,0.3912778950155243,-0.9882743859707417,-1.3756946931846836,1.3349612727295919,-1.96383990901434,0.2764835423597701,-0.7858401028848644,-1.2281214103400715,0.03242041060280376,high
2024-03-11,0.667641707069431,-0.21331412506618175,-0.44086610247019986,-2.250834204226223,0.5368603374676488,-0.04260626580563226,-1.3834933720903664,1.4568336878701533,-2.250834204226207,0.28420509157785434,-0.7841644931352665,-1.382293208171984,-0.08772055109989128,high
2024-03-12,0.9971340745449493,0.041469414470482864,-0.3860311589509269,-2.4578015618731213,0.5463677412165953,0.6583579537702323,-1.3199313027795636,1.4733869133092774,-2.4578015618731044,0.3288260997363286,-0.7715797100381165,-1.529995185283437,-0.1904767088545496,high
2024-03-13,0.8782489454459329,0.047467305898683566,-0.3327257379569019,-2.1240922712151273,0.426910355915626,0.41491476298854,-1.2474840170532688,1.366654352127258,-2.124092271215113,0.33102553165805293,-0.7814605122358668,-1.3663129617772625,-0.05624146371296535,high
2024-03-14,0.9794866796602363,0.10784271699221103,-0.3343460597689868,-2.2220144229632552,0.4582483084841578,0.6336700294931136,-1.2388244057657771,1.3823726508160818,-2.2220144229632406,0.33515842960914094,-0.7791282598524105,-1.4225508717503217,-0.10475882680603159,high
2024-03-15,1.0234130584936116,0.15294474757293114,-0.3346258030537133,-2.2123494438371742,0.47109390491517245,0.7320856731182828,-1.22917697555046,1.3825662018782652,-2.212349443837159,0.33626362473715504,-0.7856826774321013,-1.4216374779364718,-0.1018077892599212,high
2024-03-16,1.0196896869395815,0.1498992834250274,-0.33464487744490384,-2.1970552216530734,0.4695650401217188,0.7327874973961364,-1.2191102288813334,1.3705192714141936,-2.1970552216530583,0.33442228623836023,-0.7828298911166752,-1.415292941351575,-0.10592510432757121,high
2024-03-17,1.0157633356559856,0.14723830913778999,-0.33462798896434093,-2.1820035115324306,0.46812174700134646,0.7306005604997275,-1.2091976533720386,1.358632745013514,-2.182003511532416,0.3323081646065352,-0.7798971165214795,-1.4090048310660528,-0.10987376931587788,high
2024-03-18,0.9894855701632737,0.20695525615040072,-0.29285282894874576,-1.968098539550401,0.3963260313530715,0.6820085097484463,-1.151942288511808,1.2916438656208629,-1.968098539550388,0.3554355469069761,-0.795710246970062,-1.3211684938825206,-0.011033150922083209,high
2024-03-19,0.9423484330123784,0.15678908585790852,-0.2898400744357623,-1.9602298308433173,0.37801861599374204,0.5902470117457673,-1.139089508202036,1.266420381359271,-1.9602298308433046,0.2214623997153794,-0.7227136340117116,-1.2032362303241744,-0.08641122430110122,high
2024-03-20,0.8482469158220118,0.058756843125732795,-0.28606588617702794,-1.947383122551644,0.3452157720899046,0.40138882226681827,-1.12544382781126,1.229173536438513,-1.9473831225516314,0.28318050750664303,-0.8467702039298797,-1.2521893271195363,0.03918288185627404,high
2024-03-21,0.975790839503497,0.07800294697694614,-0.25986964611524144,-2.2041742558685415,0.3421938680226344,0.6722897407434912,-1.0867654708602976,1.2195574581422917,-2.2041742558685278,0.31272302817763786,-0.8644126146099649,-1.4136865414307702,-0.05709609524481101,high
2024-03-22,1.0094290062143503,0.18981266022379045,-0.2391680687338096,-2.019467833868539,0.32072137829202496,0.7453434961786908,-1.0539691855790077,1.1930040685077583,-2.019467833868526,0.2640484888063613,-0.8877611968821446,-1.2785030410235194,0.03905224141550251,high
2024-03-23,1.0057155141911978,0.18732619507725445,-0.24063464218426073,-2.0073083296847383,0.32140772208548696,0.7406990024030601,-1.0463214123819653,1.1837103321741778,-2.007308329684726,0.2629578744667913,-0.8844621207416882,-1.2731326023593026,0.03649515101798305,high
2024-03-24,1.0019515435007726,0.18513518570355356,-0.2422640557224558,-1.9959587350636063,0.3224695462927303,0.7355034492885242,-1.0387127658206647,1.1744508672704217,-1.9959587350635943,0.26141332793009864,-0.8816117577121165,-1.267932552718414,0.03349998281905632,high
2024-03-25,1.0275519604751437,0.09179592577883118,-0.22450384535584292,-2.2564172028255554,0.30602765408308835,0.7894132550970326,-1.0075222478096202,1.1474129403911872,-2.2564172028255416,0.3433319732554031,-0.9092812702338271,-1.4755598066530653,-0.054455301707449534,high
2024-03-26,1.1781469867875012,0.252959815764753,-0.1912827456369806,-2.2411753922788527,0.3023633250408577,1.0979532751102061,-0.9595635313484615,1.1325087204706246,-2.241175392278839,0.2901861344282554,-0.8847588755218553,-1.4230822200017825,-0.07687494407187134,high
2024-03-27,1.1464058948515954,0.1836660448559425,-0.21258242263691143,-2.307552969187932,0.3267394327914547,1.0331706215559653,-0.9721521102379138,1.1375303650260928,-2.3075529691879177,0.19002524580020788,-0.8426656116372134,-1.3738422213361832,-0.1526376883812529,high
2024-03-28,0.05763108010694021,-0.3700765982275898,-0.23695586175164307,-0.9622344387441915,0.055691930385290155,-1.1751556350182673,-0.9895795829573341,0.8988951786974421,-0.9622344387441855,0.23228941970197087,-0.822910603188823,-0.705240975142955,0.407172483729229,high
2024-03-29,0.05331385676909102,-0.3744383968120943,-0.2389958145479914,-0.9584186823488006,0.057269676129677705,-1.1702356109400947,-0.982167467699524,0.8920975374029865,-0.9584186823487946,0.22873849146487182,-0.8210212015147503,-0.7014630465031548,0.40328801660591374,high
2024-03-30,0.04917270830953085,-0.37839598239724437,-0.24115515365342768,-0.9546169092567596,0.059156014422371166,-1.162526558880284,-0.9746900786980858,0.8853181768616748,-0.9546169092567538,0.22587548491249831,-0.8205273019916952,-0.6984229174677885,0.3999695803822876,high
2024-03-31,0.04439872636149255,-0.38385939540567754,-0.24343078935715148,-0.9508391473601508,0.06097973845332958,-1.1553371192133048,-0.9672151027920617,0.8785020794535492,-0.950839147360145,0.22284583327288734,-0.8199591924157335,-0.6954042292083064,0.3966396348659616,high
2024-04-01,-0.7384285732955517,-0.6977182767132489,-0.23902116663334316,0.17526559162343888,-0.160339272333216,-2.6411804138565627,-0.9526809356994391,0.6855378303098563,0.1752655916234378,0.12826062252935097,-0.7287789063515361,-0.01731757169588769,0.803254057610979,high
2024-04-02,-0.7655665757194584,-0.7249874921593656,-0.2856473774773884,0.17491991860590458,-0.10460696796778911,-2.629525060938062,-0.9938558332661306,0.7268200975907927,0.17491991860590353,0.12470368544537296,-0.7466460134423696,-0.014416259578291908,0.8194694242622488,high
2024-04-03,-0.7742949009301031,-0.8981646787227803,-0.2872855419877048,-0.1863039938524109,-0.10350144700620557,-2.582783845076774,-0.9855805477859481,0.7204456097083928,-0.18630399385240975,0.10314821221934163,-0.7240616495616422,-0.18799025259448404,0.6338419180758951,high
2024-04-04,-0.738477494375134,-0.8166085713459622,-0.27419358305252156,-0.09392885290475751,-0.10959502638445563,-2.455467351993117,-0.9611336095962717,0.7073691527214723,-0.09392885290475693,0.021828195008304883,-0.7568748503600407,-0.06892770465065136,0.7052830008799639,high
2024-04-05,-0.7706691634807861,-0.8079762378202451,-0.17966409535161576,-0.002607222132665351,-0.23993164479540297,-2.4632613138184,-0.849668780671279,0.5858622285431683,-0.002607222132665335,0.3263483110278146,-0.8719938564517309,-0.2829496854594137,0.8591844341924093,high
2024-04-06,-0.774085654878205,-0.8122580160927716,-0.18008669943095162,-0.0030749347745241355,-0.23988333582559207,-2.4252432423630133,-0.8428332275592586,0.5805044942259563,-0.0030749347745241164,0.322846729328629,-0.873362337378679,-0.2797038856735481,0.8607061078303238,high
2024-04-07,-0.7789923865850363,-0.8168019972104162,-0.18079117587961738,-0.002368788812598136,-0.2396389424148231,-2.387601867913974,-0.8360070019187047,0.5750108615194233,-0.0023687888125981213,0.3191775191997358,-0.8757868573837042,-0.2759454768683416,0.8620861227469747,high
2024-04-08,-0.7455871542625898,-0.7395581860481438,-0.1941043630308596,0.0874300765974734,-0.213340622571891,-2.2853386760413974,-0.843310812334551,0.5931553574276592,0.08743007659747286,0.2321706630622997,-0.8009270296411484,-0.15223815595997633,0.8288055971069584,high
2024-04-09,-0.6748229847266065,-0.7061913879585912,-0.20390828320881557,-0.0006523749109420385,-0.181612286597806,-2.1247229333665185,-0.8467853743858572,0.6155417075173226,-0.0006523749109420344,0.11292626139436032,-0.7674216710097562,-0.0974228504451215,0.7527865557154545,high
2024-04-10,-0.418910101472525,-0.3124627547733187,-0.20013507012311496,0.26724899616225706,-0.11917247234878364,-1.6672348404037818,-0.8355554884870794,0.6632465706658079,0.26724899616225534,0.4075159993166161,-0.7926713122377055,-0.20322680357051143,0.9047036000978199,high
2024-04-11,-0.44165125202283934,-0.33724738295018075,-0.2374822467039571,0.2644587125195236,-0.07587226774779648,-1.682762508501092,-0.8687790074456821,0.6953831030919185,0.2644587125195219,0.17849263754057654,-0.6551630006408361,-0.006599884947441438,0.7696062889356681,high
2024-04-12,-0.2171859768923912,-0.2684995403543278,-0.24815839382384378,-0.08783087133732584,-0.0025312943808871954,-1.2884368129277308,-0.8723554764711936,0.7509799966861329,-0.08783087133732527,0.06755953038266037,-0.6143828757435433,-0.10686511718582575,0.5554171718241114,high
2024-04-13,-0.2212182313929455,-0.27217756516272934,-0.250056010807306,-0.08672311023820747,-0.0007707685578894356,-1.277664147374345,-0.8653446672017546,0.74454987160687,-0.08672311023820692,0.06183716103348017,-0.615372669665405,-0.10169963140288155,0.5546780394042256,high
2024-04-14,-0.2252834733635759,-0.2758816843451743,-0.2519586874551483,-0.08561496991734091,0.0009925135886490004,-1.2669932836203677,-0.8584025242626687,0.7381325952298258,-0.08561496991734037,0.05589679295300657,-0.6166475056864791,-0.09637180988550259,0.5540814989378398,high
2024-04-15,-0.376246864463124,-0.3076299221765482,-0.32387320094770017,0.17882291432772265,0.06010710652860907,-1.4949631570627167,-0.9288819368822803,0.7813578988429676,0.17882291432772154,0.1516276796467722,-0.6682526213640055,-0.02674829126644911,0.7392467540789746,high
2024-04-16,-0.48417306141035005,-0.4620373552736605,-0.24723465860369248,0.09054856122404843,-0.0720372057037041,-1.6474908343825978,-0.8366280635485408,0.6619166523166797,0.09054856122404788,0.1811128337941259,-0.6644761805996594,-0.10172513371073216,0.6885202989737019,high
2024-04-17,-0.4255268129591676,-0.35798704655581215,-0.2388947624226588,0.1793661177268949,-0.06758733744607834,-1.5298369552283553,-0.8194871315982988,0.6586994415543899,0.17936611772689381,0.116207855915759,-0.6319130398982008,0.006069411040097538,0.7037479766727338,high
2024-04-18,-0.5003617998300424,-0.4364852513757375,-0.18670856160210422,0.17831120225120736,-0.15416095700941063,-1.6287453391636195,-0.755510801989678,0.5761257185160367,0.17831120225120625,0.11051006282360364,-0.6306298779751197,0.011477133663810589,0.7026980593627635,high
2024-04-19,-0.45953683841737425,-0.5202794381974503,-0.2302708204401922,-0.08382213902725524,-0.08706731851862518,-1.5441686308557927,-0.7978539860316205,0.6317243922736016,-0.08382213902725472,0.17705167255931903,-0.7044431115916441,-0.19889202159099323,0.6290068266603752,high
2024-04-20,-0.46835777676922946,-0.5264752549433299,-0.2296492892621215,-0.08075014213593736,-0.089049435285402,-1.5302513922355756,-0.7912154215016552,0.6257057167833483,-0.08075014213593686,0.17576650030093333,-0.7014446335777497,-0.1961818552907235,0.6262112221079179,high
2024-04-21,-0.4742343326606454,-0.533143122291678,-0.2322943215939213,-0.08080752817958603,-0.08621340780575752,-1.5164642594812465,-0.7846143371025729,0.6197442218182678,-0.0808075281795855,0.17412764129896313,-0.6984529611279411,-0.19481258226993323,0.6231918918555436,high
2024-04-22,-0.46099403194912847,-0.5203646082544245,-0.13447204230282578,-0.0826733744600652,-0.20727153712659552,-1.4738653846059477,-0.6672038561018462,0.5000838454926062,-0.08267337446006467,0.17674289384872383,-0.6880551023736274,-0.19817006820580305,0.6113924619882353,high
2024-04-23,-0.5175143785982657,-0.7105991599059445,-0.15236618807835184,-0.3507542769068521,-0.19787576125154352,-1.5379300478371734,-0.678052845091223,0.5014011692272516,-0.3507542769068499,0.2127394913315139,-0.7476238392506623,-0.38809873629921904,0.5162064565933054,high
2024-04-24,-0.24006579488929894,-0.42226396365095703,-0.15285451506049633,-0.3501256528499421,-0.12851795170574531,-1.0976373306909144,-0.669822273790756,0.5551735470921987,-0.35012565284993996,0.16871694297641085,-0.7080461639760897,-0.35086698643790415,0.47733488122622086,high
2024-04-25,-0.19184797740990953,-0.32694554964075756,-0.10422557912264885,-0.2581910283532908,-0.1772469166068831,-1.0117143545593814,-0.6078729986954533,0.5013832960277754,-0.25819102835328916,0.09086918490941732,-0.5587174231889134,-0.2304427462633259,0.3871470120277905,high
2024-04-26,-0.14841794858557725,-0.23683999014691212,-0.05391657844781001,-0.16687180246599184,-0.22779045443395587,-0.9350786643895903,-0.544235975616153,0.44451304956736937,-0.1668718024659908,0.2168282680980177,-0.651797589374196,-0.2817690933628497,0.5280324914855874,high
2024-04-27,-0.1528918899808277,-0.241046098305023,-0.056016406107944824,-0.16562221303777844,-0.22579755295105325,-0.9294396808282497,-0.5388073022029801,0.4392938451274474,-0.1656222130377774,0.22046950282274155,-0.6507245568665787,-0.28388059501013724,0.5279453034019542,high
2024-04-28,-0.15749745220216177,-0.24556368748551355,-0.05810301492700109,-0.16458946938131142,-0.22384935937856862,-0.9245500196131434,-0.5333918503172852,0.4340284774898018,-0.16458946938131042,0.22333329681491498,-0.6494762915084316,-0.28553287855801157,0.5275127371923914,high
2024-04-29,-0.2473332659092859,-0.11539896656552141,-0.02472360867590654,0.2819849902698875,-0.28379829318308036,-1.0442858114991767,-0.48845512732238766,0.36836779982074075,0.28198499026988566,0.2197362101665667,-0.6790956093695668,-0.015046850504664155,0.8086850378201151,high
2024-04-30,-0.06361338093819445,-0.05848855175835399,-0.21256740603152643,0.014940436358088222,-0.006209146134775148,-0.7629054432650749,-0.6882148118679581,0.6224578660113612,0.014940436358088127,0.2613393141703555,-0.6841478065435613,-0.20956230433153805,0.6623460176103844,high
2024-05-01,-0.04764369320269589,0.004299818110137125,-0.03512029622416907,0.10620208433643913,-0.22408770209827178,-0.7342824271360743,-0.48408531184099357,0.40924554722602696,0.10620208433643845,0.21111935647596397,-0.6576382661759627,-0.11268346162987136,0.6886602049430038,high
2024-05-02,0.048678545576576464,0.05846804969941438,-0.048802736310652135,0.015687940113321884,-0.18505347850639184,-0.5900298073952678,-0.4922397618954673,0.4394676959907881,0.015687940113321783,0.2037011703178279,-0.7023798617636764,-0.16066755114711512,0.6802204263806818,high
2024-05-03,0.052179344070364855,0.10898378329352211,-0.00503725059170467,0.10728641992863105,-0.23580284382744274,-0.5793391722677105,-0.4370620040468412,0.38233397322202634,0.10728641992863037,0.48153068689157075,-0.9548892774836931,-0.337477218475359,0.973315612018372,high
2024-05-04,0.04742224404003185,0.1046063948095184,-0.00759196083134515,0.10780685788945325,-0.23331992663544085,-0.5776449138280084,-0.4320132225111063,0.37719644049878015,0.10780685788945256,0.4853708994081944,-0.9539727083835207,-0.3397275481188356,0.9729301780667722,high
2024-05-05,0.043567593956035544,0.10085720013214274,-0.009912159313538315,0.10786020358007387,-0.23097391801680142,-0.5754802515982623,-0.4268233856898464,0.37193161570063477,0.10786020358007317,0.4898329718491372,-0.9529285913277075,-0.34277197715218494,0.9719591399180192,high
2024-05-06,0.025823045159449314,0.1756365773266851,-0.11362487437827583,0.2870931915657402,-0.10942524404602141,-0.5929553902646887,-0.5334449017591449,0.4834796936027889,0.28709319156573837,0.34234200218078714,-0.8096942544038609,-0.11149848433510583,0.935970015324322,high
2024-05-07,0.2638225582629152,0.32910171797302673,-0.06722583401189154,0.10698955926918391,-0.11197240530668283,-0.2488848395191779,-0.4741154774516556,0.47093272680164694,0.10698955926918326,0.34377283453751334,-0.8029789602663878,-0.22098622762469566,0.8279151324199036,high
2024-05-08,0.36817732162536015,0.3902921736849884,-0.03809578479998148,0.016735236470190398,-0.12364267957679952,-0.09500302845666653,-0.43382225293568477,0.4506274311386811,0.016735236470190297,0.3393876477057769,-0.797859342928277,-0.2715894584251886,0.7721891583183367,high
2024-05-09,0.11549670447720341,0.1286910486211255,-0.11774592184629036,0.017200552702710592,-0.08264211104722528,-0.4436347757167345,-0.5137927305901782,0.48453754626696244,0.017200552702710488,0.33931963438045276,-0.8095062987368357,-0.27079495513471147,0.7837170405325119,high
2024-05-10,0.08236192589607524,0.09472477739933376,-0.12644954674372355,0.017888735320999917,-0.07874102839170852,-0.481932867673119,-0.5143331279068859,0.4794477605276094,0.01788873532099981,0.3289542456749747,-0.7665100554082458,-0.261223511190936,0.7432002772434118,high
2024-05-11,0.07820634570368631,0.09068851717675072,-0.12936665873159695,0.018347144326487833,-0.07543792310888854,-0.4799397361765773,-0.5091909763198438,0.4742779836260475,0.018347144326487718,0.33086702884060293,-0.7642873795133452,-0.26235819355588097,0.7413381094871795,high
2024-05-12,0.07452976442500191,0.08703959801334284,-0.13226897012103458,0.01857996943798439,-0.0719861631302119,-0.4793730000887519,-0.5034288411575659,0.46838023403577267,0.018579969437984276,0.3326933482907057,-0.7616940202019999,-0.26359235161376465,0.7389644158247606,high
2024-05-13,0.3533417693013285,0.32799842315868866,-0.12712345921435875,-0.07102790904043994,-0.014353837448367195,-0.09018653673804172,-0.48845731335364967,0.5112221157274345,-0.07102790904043949,0.4892265179492545,-0.8543530291780647,-0.4471919157382688,0.7772720344541911,high
2024-05-14,0.10741621781796498,-0.021672035824180556,-0.17710953952905376,-0.24812508543527764,-0.005972346561854678,-0.4241085970104176,-0.5345383902874481,0.5106048973006924,-0.24812508543527603,0.19265055952087,-0.6380521304111129,-0.31026889704296684,0.470877863419596,high
2024-05-15,-0.11027326480356607,-0.24530235834634864,-0.3587193133256762,-0.2436798651010722,0.18725480842435346,-0.7157948706298112,-0.726262963414588,0.6729328223961555,-0.24367986510107062,0.30347939270704805,-0.7342074094630386,-0.39899518983826887,0.5655577805120171,high
2024-05-16,0.059125828618536526,0.02444609772628489,-0.2687190815182551,-0.06819138582437612,0.10505297343296652,-0.4804366587657155,-0.6165162039682701,0.591317435961411,-0.06819138582437567,0.2709758968548939,-0.6953786794034712,-0.2648991037062225,0.6271536667653731,high
2024-05-17,-0.040081858850956685,-0.030839178888030828,-0.25728103071971514,0.01975524539029054,0.06745689999137457,-0.6095427740241751,-0.5939907483451812,0.5476567409135737,0.019755245390290416,0.0023082467104073466,-0.46652160913205404,0.010209563517857805,0.45757744652893045,high
2024-05-18,-0.04403987920479836,-0.03531407739741179,-0.26009173785762957,0.019067748792811978,0.07083799516398355,-0.6087778408548471,-0.5879089416540356,0.5415505556162071,0.019067748792811853,0.004957223884030998,-0.4648679649810734,0.007626729207854724,0.45567611209435,high
2024-05-19,-0.047735565636489556,-0.039528164066751255,-0.26311803519871796,0.018383943725471384,0.07478767918409505,-0.6106978094393002,-0.5818245618263052,0.535433058196756,0.01838394372547127,0.005701854201520492,-0.4621569026301142,0.006595323615062542,0.4528607534575404,high
2024-05-20,-0.05188311473449483,0.05016862199389371,-0.13592835450605822,0.18950658637136245,-0.08967494880654234,-0.6135428202399853,-0.4302790129771441,0.37117225530955666,0.18950658637136125,0.00544572559024927,-0.44528591729367234,0.11186964212688129,0.5334412597503992,high
2024-05-21,0.05460964512313124,0.06559316633669042,-0.10860819315393035,0.015764967485920586,-0.09895018845239201,-0.46808400932311667,-0.3904289405727729,0.35114659244770596,0.01576496748592049,0.055946640116395496,-0.4724092026885242,-0.03638563717978479,0.4618402004854331,high
2024-05-22,-0.027525241482354353,0.12538223239290244,-0.06336153104585354,0.2780842863691099,-0.17178145869196096,-0.5773960459520073,-0.33031310458375446,0.26889715949549514,0.2780842863691082,-0.27480442123302706,-0.18006362011413996,0.396969770075442,0.3300526875695181,high
2024-05-23,0.18972947549097902,0.45592633051368286,-0.029624758546158734,0.4627509017542431,-0.16365084572612643,-0.284961192526711,-0.28316370215306036,0.2642547355177934,0.46275090175424016,0.3071582244747694,-0.5999587076420047,0.03113156160032179,0.8376892721757235,high
2024-05-24,0.11465431832391644,0.4288786440383598,0.011143972096831743,0.5524575321646853,-0.22757170026549844,-0.38251541887620133,-0.22781468890015322,0.18836082677156352,0.5524575321646817,0.3437210754775861,-0.6364179033689682,0.056170652840336587,0.9232286013258034,high
2024-05-25,0.1112170492363283,0.4257827816032664,0.008747712238628663,0.551702303757071,-0.22505004139121135,-0.3822954351059396,-0.22148825946210954,0.18140599345741773,0.5517023037570674,0.3428722047407955,-0.6333462272815852,0.056459538051293244,0.9195988224257645,high
2024-05-26,0.10746464980606511,0.42256177647080273,0.0064003199732370385,0.5504629977089585,-0.22269798438812907,-0.3837835249276073,-0.2154385632070535,0.17459179068755964,0.550462997708955,0.34142604928710724,-0.6302767611954767,0.05700815564983639,0.9160530064178992,high
2024-05-27,0.10368580163126868,0.4193317567507358,0.004046438002809864,0.549225122305035,-0.22034239276618525,-0.38527436050864994,-0.20934576019985635,0.16770439566582238,0.5492251223050313,0.03648468541253325,-0.3853867413617251,0.30760636707122235,0.6813438133860098,high
2024-05-28,0.2830515124796905,0.5032624224610347,-0.04061725948274071,0.3649209286261557,-0.12864263035159898,-0.14558703601137776,-0.2519173442574511,0.2540886383975191,0.3649209286261534,0.2974970735431839,-0.5763208013037052,-0.02063041005224708,0.7592142732154004,high
2024-05-29,0.5225464663029177,0.6528355015104412,-0.06021017899274961,0.18747187935078102,-0.05301181731301693,0.17034560458954093,-0.2664684548556469,0.32268523377841923,0.1874718793507798,0.3443395723739676,-0.6315131238110019,-0.16838387039343053,0.7106605893207015,high
2024-05-30,1.1886532599270179,0.8374094211685832,-0.015658820781374184,-0.7082155824761882,0.03611841682306202,1.0451636121498085,-0.20682211379458976,0.4024886037569054,-0.7082155824761838,0.325975672429589,-0.6460673571642583,-0.7040704425093658,0.21305022976659538,high
2024-05-31,0.6917564985247568,0.6252265147322899,-0.008712100342531255,-0.17090946647449712,-0.07858677391999731,0.39220412015173856,-0.19065145470982567,0.2768757729199478,-0.17090946647449604,0.25031991956299304,-0.594577481236009,-0.311260561567725,0.4706986320990115,high
2024-06-01,0.688695564113265,0.6221795637048105,-0.010844504988822305,-0.17032833464914005,-0.07662487576214613,0.38887590732262667,-0.185056504050114,0.2707161252722449,-0.170328334649139,0.24882506752382713,-0.5916293410933001,-0.30967980535390943,0.4680135304518052,high
2024-06-02,0.6857040161187575,0.6191732962521975,-0.013104357500467411,-0.16974983966233334,-0.07450223412249647,0.38526392818247307,-0.1794420118656085,0.26449279626692124,-0.16974983966233226,0.24732587600122508,-0.5887513882832311,-0.30809728617467497,0.46543977819773774,high
2024-06-03,0.03843104476517692,0.2006286141349263,-0.048518936448222146,0.277004871505798,-0.1703050118450448,-0.4550630080494135,-0.2126280439332812,0.1597530171797427,0.2770048715057962,0.28316803470135227,-0.6218257871038693,-0.06270234785377421,0.7527825098311205,high
2024-06-04,-0.15421035219384885,0.10488573188049181,-0.01961080508081225,0.4577870198508695,-0.24452920879819706,-0.6994986481554841,-0.17033874722035716,0.07082413207865769,0.45778701985086656,0.2701439937072958,-0.6388784425266801,0.059403580993630224,0.8724394537002699,high
2024-06-05,-0.1257426562932996,0.02913366991998457,-0.033198288117860866,0.2752591466859198,-0.22227152806275122,-0.6561136944586478,-0.17752148861806036,0.08577229846444813,0.2752591466859181,0.26826942549932586,-0.640754416649636,-0.05141332846595934,0.7693715050819179,high
2024-06-06,-0.07697899631206787,0.028130236877820455,-0.09415570050964919,0.18553740258776533,-0.13969844828813796,-0.5878994619899609,-0.24092164568685787,0.1681501218534949,0.18553740258776416,0.2304121832192889,-0.6441955264983762,-0.07546976048114588,0.7210205694256471,high
2024-06-07,0.3533447336321489,0.42845108931105214,0.03736051468808758,0.09997117372001171,-0.20250093407178243,-0.028119915393183127,-0.07588167892416568,0.0801561570088863,0.09997117372001109,0.030149582202187213,-0.3734273019115536,0.03676904895552243,0.4136093008577199,high
2024-06-08,0.3499745467022404,0.42520951605654345,0.03520560263629646,0.09957519581752333,-0.2005875312499946,-0.027371779906492463,-0.06922622219953178,0.07289328975562193,0.09957519581752272,0.02961328738700041,-0.37119205031057073,0.036968753056604686,0.4112843903192852,high
2024-06-09,0.3465669930449429,0.42196632619628904,0.03299956415634305,0.09961249435450674,-0.19861772981045986,-0.02713997579664092,-0.061827581134922475,0.06471713730778843,0.0996124943545061,0.029014000032360654,-0.3689564405854098,0.037490030040738344,0.409123952603597,high
2024-06-10,0.3232068173591118,0.3977923443161671,-0.029692635127875032,0.0995722804211151,-0.13081936624567664,-0.052091800974188786,-0.12748011677137663,0.134314215216767,0.09957228042111448,0.3792719837915281,-0.6478863446856519,-0.25100638777046946,0.6749662480682599,high
2024-06-11,0.22065652434291586,0.2367818122197996,0.006183281824666476,0.00949892615668167,-0.19341930028032092,-0.1698007476628006,-0.07340606399614641,0.05233477685115008,0.00949892615668161,0.2414203916781795,-0.5559127065398047,-0.19298574916721725,0.5353919434569191,high
2024-06-12,0.1426366779601073,0.04822091270899076,-0.04940527687628968,-0.16816859319663385,-0.14489004586065513,-0.25681390197045173,-0.13126073879151312,0.1018620100797544,-0.16816859319663277,0.4210731235485332,-0.6861154474317444,-0.4504289496283176,0.5572793277868926,high
2024-06-13,0.40460528486020014,0.37548032106524365,-0.0005623259721990853,-0.0795404586173104,-0.14795720161901132,0.08962882265027979,-0.0608723063520584,0.08436363234699798,-0.0795404586173099,0.33915338096227365,-0.6472080177693429,-0.3283707404672661,0.5710724998467295,high
2024-06-14,0.2944673946444129,0.20677568131583365,-0.02066966155499346,-0.16722147341324817,-0.14716044790582986,-0.03880140467736681,-0.07571854920448977,0.07810340626228128,-0.1672214734132471,0.47250848120922895,-0.7505948202128846,-0.49221930226958616,0.6192025883009087,high
2024-06-15,0.29085035845062274,0.20286010736738577,-0.0225361163130528,-0.16664828401133636,-0.1457782108953413,-0.030400394758201353,-0.06798291139585794,0.0708440288104936,-0.16664828401133533,0.4706770609836233,-0.7475420567341352,-0.4903455558565185,0.6166092388104649,high
2024-06-16,0.28690433563595624,0.1985267554122565,-0.024328981556426616,-0.16525942059963583,-0.1448146893222008,-0.02184417466599498,-0.06012784566243565,0.06348783018811212,-0.1652594205996348,0.4687551548218475,-0.7444958454622528,-0.4880294172823263,0.6143272490542331,high
2024-06-17,0.49113412059880734,0.466498843896974,-0.014693781581896914,-0.07531891578053253,-0.11572386428010235,0.2554326024344733,-0.03758252610195675,0.08719585906876622,-0.07531891578053204,0.26809044332249826,-0.5790800295489464,-0.26736955336397966,0.5082256332606371,high
2024-06-18,0.08751662692961425,0.2128453572678175,-0.027851424670733472,0.19490985991634105,-0.1807125094474769,-0.25245262953774233,-0.04373012508364222,0.004209029113245808,0.19490985991633977,0.11908541489698565,-0.5338231065971075,0.02194287015932212,0.6201180546146878,high
2024-06-19,0.08241723031607145,0.2086816596121123,-0.029585563771522393,0.19569351646840774,-0.17968204909062613,-0.24567552152520752,-0.03509394559636002,-0.004369453172674863,0.1956935164684065,0.1401649494508576,-0.5489251232343527,0.005052897471048759,0.6345600130615293,high
2024-06-20,0.06228882084433266,0.13264671223439695,-0.10083869745455407,0.10758144191006361,-0.10071279222001366,-0.25629323525115183,-0.11733180685296195,0.08548093931886844,0.10758144191006291,0.10210937106679394,-0.5725422777156637,-0.00869688657282669,0.5984574473401494,high
2024-06-21,0.3492150013519344,0.43171849096763215,0.07732015493399556,0.10950118952582576,-0.2489395065813946,0.12549348721158643,0.12873285118959818,-0.12128588507028407,0.10950118952582502,-0.36855137122158,-0.3123680485106137,0.3604095090732728,0.3578300918984927,high
2024-06-22,0.345734795435782,0.4284903802387525,0.07547705709998936,0.10998324027989313,-0.24756503035595,0.13065966889438477,0.1368823443586541,-0.129353288086815,0.10998324027989241,-0.5186563381735657,-0.33411779772186156,0.4398094647208284,0.37652134327102893,high
2024-06-23,0.34252344754173303,0.42543481767758934,0.07393443078665476,0.11048491664665287,-0.24643139058192404,0.13586620943929487,0.14517037130000757,-0.13755555309464232,0.11048491664665216,-0.5202725171319416,-0.33100603591842925,0.4413773132749413,0.3738505887899062,high
2024-06-24,0.30760032429285267,0.38923621790409657,0.03295036906601349,0.11047869764063348,-0.20754168910252646,0.10040810627460872,0.10035467680046153,-0.09384413321697158,0.11047869764063277,-0.7208143930210671,-0.22424510679699647,0.5742767979642283,0.2797478766860311,high
2024-06-25,0.3405048020419621,0.6557621637200103,0.14138423165619501,0.4724409591708067,-0.3194753081081227,0.1527906552320714,0.25794175172228617,-0.2599665348011824,0.4724409591708037,0.3227019827539546,-0.9285648866678643,0.20102569649109706,1.1681404850477886,high
2024-06-26,0.531517368055437,0.6214550248945995,0.14372287678743717,0.11218445547151489,-0.2873477781375992,0.4096013530928419,0.271477245858272,-0.2285002041884115,0.11218445547151415,0.15670815498879606,-0.8577423735032155,-0.005280692831199252,0.8357934106305096,high
2024-06-27,0.2697178844737552,0.5252510401303454,0.3044951411200933,0.38237809657660304,-0.49812768478186903,0.08140079667100594,0.5036818779375573,-0.5463009828429884,0.3823780965766006,0.09809068923593947,-0.8419198787793954,0.2706347022311597,1.0232279215711921,high
2024-06-28,0.4594105981430991,0.6043859047720179,0.054611910836999344,0.20200913752570487,-0.2036679013661487,0.3322548231264601,0.16996906146602034,-0.1287767369672618,0.20200913752570354,0.3263937720264737,-0.9696815696690001,-0.03845944872999242,0.9998172381022766,high
2024-06-29,0.4563169474834921,0.6013737982606367,0.052988597041790396,0.20307719841888766,-0.20243144652741696,0.337276645363054,0.1793629914077384,-0.1379787807286275,0.20307719841888636,0.32794137521065636,-0.9658393231346686,-0.03844381144817864,0.9962840039632613,high
2024-06-30,0.4531883144470702,0.5984139144901346,0.05114989109245677,0.20493938026909433,-0.20091089625708433,0.3423405290997039,0.18895779079859942,-0.14737356936072116,0.20493938026909297,0.3303624506156094,-0.9620543382769075,-0.03825570548961708,0.9934474783113039,high
2024-07-01,0.5717737147877736,0.8369550529955851,1.4069363325841922,0.3872105091580804,-1.3213640424653648,0.5037607141347513,2.1173982702133545,-2.2646379115047597,0.3872105091580778,-0.5465172975124049,-0.3920738038805097,0.6984919430532976,0.6302225281412562,high
2024-07-02,0.6306759479640113,0.9558850561314779,1.4312014924885639,0.4801637659684081,-1.3267245543260953,0.5877645121039282,2.1638100333146033,-2.298666352147877,0.4801637659684048,-0.41431120307909924,-0.5279005310647505,0.6917180642391204,0.8169064077223362,high
2024-07-03,0.452427129653042,0.7690927305789127,1.445696942306524,0.47483183767990245,-1.3578835929780184,0.3675362945788645,2.1962051372089495,-2.37175186475729,0.4748318376798992,-0.4477374915660154,-0.5204207558236696,0.7084655982639531,0.8050285104802667,high
2024-07-04,0.44931902837031046,0.7658337269751702,1.439247248253909,0.4760551562378566,-1.351997446346707,0.3726932732297896,2.2002703529177214,-2.371975855671644,0.4760551562378535,-0.3661642042633615,-0.5988146350106403,0.6552510622872906,0.8728562857537167,high
2024-07-05,0.35961782542863946,0.6712615040788448,1.3306962629095964,0.47237830328978275,-1.2928774615071363,0.267158397288634,2.060586285662242,-2.2327633081698006,0.47237830328977964,-0.006618339377970561,-0.8349991867190741,0.41586213594442,1.0732073845039922,high
2024-07-06,0.35668539884729766,0.6683791362537757,1.325394030401556,0.47363537707848585,-1.2880188549451694,0.27313229506459563,2.067550011145383,-2.235835446443805,0.47363537707848274,-0.006037901576702484,-0.8322717885315973,0.4163968492395224,1.0689769389392236,high
2024-07-07,0.3536369788510923,0.6655818199783239,1.3207766662699056,0.4759460446722365,-1.285406614463405,0.27916906310755124,2.0745718126593293,-2.2389182136694776,0.4759460446722333,-0.006708502221528146,-0.8304524992967308,0.4189400806060158,1.0648474314033125,high
2024-07-08,0.8487541572820421,1.1692837722424494,1.4554505550624044,0.48467129437399464,-1.3050166736352502,0.9290163357648912,2.2788799335999057,-2.345235806404214,0.4846712943739914,0.2509378944301241,-0.9785220889068115,0.2572549693748918,1.1933929139472517,high
2024-07-09,0.5656169600941817,0.9981022097122694,1.399249847175948,0.665664315731521,-1.3075436601006027,0.5739834629804633,2.2052078299682654,-2.3242121920434005,0.6656643157315164,-0.3535784484627935,-0.5726254036426397,0.8127212869611941,0.9767245808259871,high
2024-07-10,0.6586831130314167,0.9736681943304359,1.4143990093527257,0.4858023498728552,-1.304974386443603,0.706922353232209,2.235711133708875,-2.3306730144630134,0.4858023498728519,-0.21842023248424214,-0.7073065020444387,0.5668165982213921,0.9553812705104644,high
2024-07-11,0.4110559746277566,0.7766647170853567,1.341020181663191,0.5683648447680874,-1.2939691849052164,0.3970009623027118,2.1394375102608207,-2.275235523836106,0.5683648447680835,-0.04317670482199707,-1.047507270902754,0.5228267520647283,1.2981856974067072,high
2024-07-12,0.5345806898546831,0.9564841447015995,1.4160183601747662,0.6582298216104798,-1.3276944694051327,0.5725474787148859,2.2548283782790093,-2.3661404746231676,0.6582298216104754,-0.4338441896349891,-0.8028083583399146,0.8579617696870991,1.1545495663634184,high
2024-07-13,0.5317459907603138,0.9529609655075943,1.4117239910796875,0.6595933560347322,-1.3296115967597402,0.581789425336222,2.2520064990025177,-2.35721004212704,0.6595933560347278,-0.43229029678793374,-0.8009361508124309,0.8575373486402248,1.1501690408426875,high
2024-07-14,0.5290161336568688,0.9495182137955117,1.4076708666439475,0.6605838273052422,-1.333377874849203,0.5912018132831774,2.2491934326794008,-2.3483641767934076,0.6605838273052378,-0.4315331261911825,-0.7993860622458447,0.8577283313277553,1.1460599957886184,high
2024-07-15,0.6612047943277756,0.9103714636148221,1.4077997123831403,0.3955316062748468,-1.3215247236554761,0.7810009636662733,2.252162994635376,-2.315911392004515,0.3955316062748441,-0.1851076340442048,-1.1189142238694925,0.4652809594806193,1.2106904014101145,high
2024-07-16,0.45296285953086723,0.7550762698418081,1.3828753216770242,0.4781655606352366,-1.3407579318752547,0.5167640440938692,2.2220619612635706,-2.3230848256899455,0.4781655606352333,-0.3850232101573966,-1.0026821998030169,0.6688322314023407,1.1712184999197228,high
2024-07-17,0.7604596522940631,0.9499124743176856,1.4674597852057485,0.3077752387913546,-1.3607625283064766,0.9502909625551335,2.3462303599897827,-2.3816245304943764,0.30777523879135255,-0.5093976587668466,-0.9038030683761508,0.604065005612756,0.9603422641947428,high
2024-07-18,0.7963768492531262,0.9297107728698772,1.429532694882833,0.22521808579570818,-1.3472125933365262,1.0220513759075505,2.2921364982551813,-2.3081899066172586,0.22521808579570662,-0.223993504014053,-1.134150839324333,0.34509008560587046,1.077520103225287,high
2024-07-19,0.8728176562553995,0.8372666228785826,1.5260956479674197,-0.036756143775608485,-1.3983962849391112,1.141932682029448,2.4327910500343717,-2.4384546034415497,-0.036756143775608235,-0.15693383193431193,-1.2021464552764565,0.07264928643047659,0.9347731007188016,high
2024-07-20,0.8693715887782519,0.8344398366913192,1.5192343532883046,-0.03340758395964614,-1.3924462048924127,1.1590607542772713,2.4340856234030683,-2.433855509429631,-0.0334075839596459,-0.1567893755790269,-1.2001853549590387,0.07573252922378325,0.931192966040946,high
2024-07-21,0.86606789533496,0.8313760423414337,1.512566247116601,-0.03006392844036742,-1.3867061274733188,1.1767020000978052,2.435381969103859,-2.429278550716495,-0.03006392844036722,-0.15654712752174094,-1.198292288910078,0.07873435927824309,0.9276189254738313,high
2024-07-22,0.6816665180966351,0.7076326756303829,1.4085190446070823,0.0640958003789237,-1.3418332377637763,0.9398303845022837,2.301454654783715,-2.318910967149365,0.06409580037892328,-0.1822794457122097,-1.1712031908022162,0.1781174647915521,0.9695269639744476,high
2024-07-23,0.5342868579988129,0.8465376428129889,1.3873688621713742,0.5211873304802981,-1.346504129651315,0.7493321619068095,2.2829515879800497,-2.3246221174193096,0.5211873304802945,-0.6224444885705427,-0.8975828066886505,0.8713070043832241,1.0782709105816466,high
2024-07-24,0.6668361612031464,0.9742257635338909,1.4108556619069577,0.522521058021062,-1.3414236541271207,0.9512708040579406,2.3192605380546647,-2.330394690220296,0.5225210580210583,-0.6689172613452615,-1.046948515675641,0.9035288202007026,1.1912761624812427,high
2024-07-25,0.44450907540626805,0.5923947363685294,1.3343316276096922,0.2584266671826234,-1.3191431274456342,0.6480144954296352,2.2152361554483657,-2.262374389112667,0.25842666718262175,-0.9001491446159208,-0.9346440564919407,0.8309856751721061,0.9088772031841449,high
2024-07-26,0.594984582805717,0.567318007497574,1.3888022750383315,-0.0174669620347821,-1.3325976217386666,0.8795736859184873,2.29486242898926,-2.3098459335483823,-0.017466962034781982,-1.4856171110625258,-0.5971186544795215,0.9893775820583722,0.44676498118786423,high
2024-07-27,0.592039440876888,0.5657659794276586,1.3827513121839186,-0.013988798473354252,-1.3268820407359132,0.8889672979396936,2.291968674054005,-2.3030975489204777,-0.013988798473354146,-1.4821345020621353,-0.5957169724646421,0.9949002151546485,0.44396066852239646,high
2024-07-28,0.5890038901434528,0.5632318740411201,1.376780911303746,-0.010778229170449218,-1.321200335577761,0.898520723224074,2.2890840780921193,-2.296398413993346,-0.010778229170449146,-1.4753806965821403,-0.5926986686285904,0.9952531014722625,0.4424237044129922,high
2024-07-29,1.214946688503029,1.0535329307201553,1.3748335603275013,-0.1942585537344644,-1.2312410424620934,1.8213211042963684,2.29173522631549,-2.1636835914781516,-0.19425855373446307,-1.1934620391916095,-0.7743928291257165,0.6470981837469425,0.448398363559885,high
2024-07-30,0.1853138538580173,0.28957492374507304,1.3174805020786304,0.18195658576224713,-1.3333551748411023,0.33240967762849033,2.2169876183763924,-2.298311840999155,0.18195658576224585,-1.0267291756000199,-1.0081343913723466,0.8574846280655616,0.8890838803280977,high
2024-07-31,-0.7699034908099294,-0.17649513758782032,1.351484053610619,0.9143370773620886,-1.4837386487155648,-1.0466363696540066,2.271543974922873,-2.5455194563194534,0.9143370773620821,-0.7895701249189454,-1.2865952728817753,1.3231844327265496,1.6141302496491958,high
2024-08-01,-0.06435676912188558,-0.2866921078146313,1.3438788591560722,-0.36315095015293314,-1.3789297974486472,-14.53278781679539,-2.6673886544566376,-2.4043787842358912,-0.36315095015293064,-1.2376131621088882,-1.329025419761426,0.5325964635089573,0.7461981962564672,high
2024-08-02,-1.3765612055526595,-1.943554528748146,1.1919482644644204,-1.0010466093916526,-1.4550573668831055,-10.913787932489816,-2.8345589854916935,-2.3819765358584895,-1.0010466093916457,-0.7623949059279971,-2.422305212284416,-0.3390901432110651,1.1303123046473955,high
2024-08-03,-1.3881391193424357,-1.9473727121270037,1.1872712317043594,-0.9971886284008219,-1.4485846889141412,-8.963747363105803,-2.794672323419295,-2.3679471145749167,-0.997188628400815,-0.759811524532195,-2.403268477168086,-0.3377768765950772,1.1266186796136857,high
2024-08-04,-1.407114584661113,-1.9618954210871027,1.182698120280749,-0.9936986468325286,-1.442150615435562,-7.7783178793069,-2.7565197836939896,-2.3541235733376293,-0.9936986468325217,-0.757485476419742,-2.385071851046522,-0.33681588386445144,1.1236491719996562,high
2024-08-05,-2.0030462805898384,-2.3545008205955655,1.1227070569177355,-0.7271058820982604,-1.4775945180453938,-7.007171248826907,-2.7673976777888964,-2.3327987342401237,-0.7271058820982556,-0.423808540963971,-2.8784247023022953,-0.3357956630534842,1.701891507752254,high
2024-08-06,-1.257448230755056,-1.882894902531934,1.0880441398971368,-1.0965908308534866,-1.3474064246422313,-6.261819946683863,-2.7189731684498075,-2.213493897344354,-1.096590830853479,-0.4047598498704085,-2.6582621448593944,-0.6673403504489035,1.284774947836143,high
2024-08-07,-1.5372362990681543,-1.9682179024846944,1.1397949201711515,-0.8176452020224992,-1.4138991148208908,-5.8521888942104,-2.618185010120496,-2.335395190689306,-0.8176452020224934,-0.98365587419404,-2.5620864567966453,-0.03233728998009074,1.4161379359184738,high
2024-08-08,-1.3954933891890038,-1.7671024889553788,1.1282825653026973,-0.7134979190567051,-1.3836618887878385,-5.407772474749953,-2.583076797074267,-2.2777245238833297,-0.7134979190567002,-0.9484033535955908,-2.3799613259209385,0.03342590124475616,1.353691111115572,high
2024-08-09,-0.8943428239013029,-1.4102246406646803,1.099434642590657,-0.8882393711760587,-1.2942484125983331,-5.006579962272133,-2.595109941046035,-2.1350069751208154,-0.8882393711760525,-0.9402901422124834,-2.318414878159368,-0.12313507911416287,1.1909471452423324,high
2024-08-10,-0.9055576190633359,-1.4222903137244107,1.09524588342201,-0.8862777926223714,-1.2889784293864008,-4.755753868906631,-2.5544018420639807,-2.106718379684266,-0.8862777926223651,-0.9368429864293741,-2.3015860180657293,-0.12399532531889876,1.1866386208254187,high
2024-08-11,-0.9107862617858543,-1.4295985372885398,1.0910576069126054,-0.885928569422852,-1.2839566129831639,-4.537529432193827,-2.515253351459653,-2.0792660710932958,-0.8859285694228457,-0.9331312879393283,-2.2877162603767203,-0.1269945530377616,1.1826942624858376,high
2024-08-12,-1.0229011522698064,-1.5284854006544066,1.1008304939444997,-0.87344644145016,-1.302153480725755,-4.355934249867678,-2.4392165559639802,-2.1070990819321977,-0.8734464414501542,-0.9427048721383295,-2.304724515233719,-0.11032748574835512,1.2116636750445393,high
2024-08-13,-1.4515809833157325,-1.812406131080302,1.155264448464027,-0.6939478471933166,-1.3899231226894442,-4.246835481781877,-2.327661993254099,-2.237299104565671,-0.6939478471933117,-1.1902099822650982,-2.3517667516487766,0.21605546125852357,1.3809705856214305,high
2024-08-14,-1.5103742203302637,-1.9315218164636327,1.1432069897164927,-0.7921225368444924,-1.3864156723322638,-4.101288682571769,-2.3128153030560394,-2.2052046971913777,-0.792122536844487,-0.9689831176067899,-2.3653251412375793,-0.022888302655810037,1.331147791064771,high
2024-08-15,-1.1642936127609604,-1.5407890187440287,1.1307499301388226,-0.6951797580146484,-1.3291239845781966,-3.90203248842162,-2.294424973607802,-2.0942117061500207,-0.6951797580146436,-0.429335919072081,-2.5585172057815853,-0.31037373232348553,1.5624931125694985,high
2024-08-16,-1.3221388384145725,-1.6166475547810228,1.1099306339457025,-0.5911032655234174,-1.3319075418642892,-3.8099793169234903,-2.2744327196303136,-2.09947912548153,-0.5911032655234134,-0.30518598887778153,-2.626445226576358,-0.3055215980555589,1.6985741032103288,high
2024-08-17,-1.3336059514047542,-1.621288939839878,1.1057394657511215,-0.5886595128698433,-1.326518653006335,-3.6895922263222127,-2.24242122581602,-2.0723287967379695,-0.5886595128698392,-0.30309610190198977,-2.603108525646671,-0.3048751036636682,1.6907147531928755,high
2024-08-18,-1.3469231934325885,-1.6259505455065821,1.1015760308041211,-0.5859766578414389,-1.3211339551496406,-3.5790441280363505,-2.2114489685081007,-2.045956107557434,-0.5859766578414348,-0.3016353164881048,-2.5805097908279055,-0.3033647784087626,1.682745320474045,high
2024-08-19,-1.531183356345302,-1.6105643936750174,1.1835989392245547,-0.31903769661803044,-1.3920774969464105,-3.5056808453410158,-2.093828513523351,-2.1546609840689515,-0.3190376966180282,-0.03148542036677593,-2.423436467138152,-0.25629191210623187,1.744992844907995,high
2024-08-20,-1.6551512042948489,-1.888449656194326,1.2170473083887894,-0.5776927217341778,-1.4232430804731055,-3.437347906611721,-2.0276109352878255,-2.2076348930497476,-0.5776927217341737,-0.334863459021066,-2.480361052607472,-0.2728433574329366,1.6211649828321029,high
2024-08-21,-1.362226832870324,-1.8537675187731715,1.2357052847026782,-0.9271673157464686,-1.3964652005650144,-3.3044615059957962,-1.9765782408850188,-2.1514462910252106,-0.9271673157464623,-0.36658395816975936,-2.7728952741725355,-0.556211470881557,1.6321441969610657,high
2024-08-22,-1.2634042334956872,-1.7111159998268128,1.166328407362102,-0.848947109230895,-1.3369415432595715,-3.221426285466068,-2.0402435819801004,-2.028211932569208,-0.8489471092308888,-0.20721294513580485,-2.3780745173930917,-0.5978770740531167,1.3707634427842563,high
2024-08-23,-0.9744539445982003,-1.6217399755493453,1.1712007633906099,-1.0986814331516888,-1.3017944332455083,-3.092279323220285,-1.9881866856661667,-1.964655922685468,-1.098681433151681,-0.5667207386882461,-2.30271381831183,-0.5702526420622989,1.1466983863476217,high
2024-08-24,-0.9839055133903791,-1.631378053502682,1.1667377966406784,-1.0962052973744953,-1.296542121047766,-3.0225854859174235,-1.966713899993232,-1.941319504265703,-1.0962052973744878,-0.5636959760871061,-2.288221739948837,-0.5740677487697305,1.1434349540561586,high
2024-08-25,-0.9935259046483934,-1.6411487562368596,1.1623001615383828,-1.0937373699046373,-1.2913242460965717,-2.956843507676997,-1.9457522467786172,-1.918577846508828,-1.0937373699046298,-0.5610414379404597,-2.273947452898639,-0.5796971976595288,1.140185276718923,high
2024-08-26,-0.9802947349387523,-1.5680855527488793,1.252827353840199,-1.000330037610796,-1.3432429268449309,-2.883027082271562,-1.8297035671365165,-1.9853329840249199,-1.0003300376107889,-0.18523423427615004,-2.2428956270637066,-0.7595633234196791,1.1846256908956,high
2024-08-27,-1.231396345762876,-1.7944534141281225,1.2532677075062375,-0.999275069676962,-1.3683375246773357,-2.8386576907273935,-1.809254604030294,-1.984067427881719,-0.9992750696769551,-0.002015212825100452,-2.415151746053487,-0.8880610974715497,1.3368127628601443,high
2024-08-28,-1.1850792177849196,-1.755684422921148,1.1487389044911196,-1.00345455482844,-1.2942643300403138,-2.768440424592111,-1.8932462824243106,-1.828227770306531,-1.0034545548284328,-0.032929869508631145,-2.396837161753257,-0.8729927477043552,1.3271971604771797,high
2024-08-29,-1.3376567609446632,-1.8215686267730788,1.1414879395836712,-0.904298382151089,-1.3039407920686148,-2.7189932235787033,-1.9149869670800854,-1.767754865718801,-0.9042983821510826,0.31115362276287906,-2.434438004348995,-1.0179518863031156,1.4340687918208341,high
2024-08-30,-1.615306993405142,-1.8911893357949756,1.0287090817145115,-0.6524689214088403,-1.2606106812000373,-2.69586113898458,-2.006992113698228,-1.6643408883564466,-0.6524689214088358,-0.18770213838328198,-2.0825315917470455,-0.45478661497052486,1.3136103558658134,high
2024-08-31,-1.6217347301360636,-1.8924048590497353,1.0247504779123777,-0.6506395957433557,-1.2555427701783344,-2.646568859819016,-1.9843086364104197,-1.6475787878983148,-0.6506395957433515,-0.18719198876994966,-2.0692468693547355,-0.4536404482771221,1.3080593760149115,high
2024-09-01,-1.6216430088429072,-1.8884462373941735,1.0207260096055264,-0.6490175412180174,-1.250403034089743,-2.5994715080868955,-1.9621897778015707,-1.6311394373887653,-0.649017541218013,-0.1857962727445474,-2.056076600776775,-0.4533742913569777,1.3025361538404354,high
2024-09-02,-1.6215512988220762,-1.884506594473911,1.0167183604721732,-0.6473981385485378,-1.2452943362610287,-2.5525632084597345,-1.9406107790935765,-1.6122328575171987,-0.6473981385485336,-0.10192200353236737,-2.092580358726425,-0.5090128839281473,1.339296851275502,high
2024-09-03,-1.287308592035449,-1.828255793416571,0.5478399475688707,-0.9971314485897269,-0.869387234923428,-2.4701065277045022,-2.3663552976297,-1.025409053583747,-0.9971314485897206,-0.05813440472216398,-2.046217916703324,-0.8513899588926546,1.0680480292407635,high
2024-09-04,-1.3256322086087227,-2.0368403462403113,0.4785887729756208,-1.254569710750607,-0.8184573481838504,-2.418086129977554,-2.3929070855883725,-0.9273209245409724,-1.2545697107505989,-0.08414821043996622,-2.18133216943462,-1.0643372206240231,1.0143127493989028,high
2024-09-05,-1.4048047953474967,-2.1525303453059017,0.3937488821577039,-1.3274437806265103,-0.758941099859016,-2.3682827386194587,-2.4000300035325983,-0.8511830104594754,-1.3274437806265016,-0.3573168237657005,-1.88596969863944,-0.9458683108424294,0.7154325169347256,high
2024-09-06,-1.5842608678098624,-2.3081935171447268,0.4431580539750453,-1.3332975975304606,-0.821215347849829,-2.357772362832259,-2.337689711259767,-0.9162747173512562,-1.333297597530452,-0.7023113105013091,-1.663120343395289,-0.7193780483572659,0.5216480234603416,high
2024-09-07,-1.5825339508793734,-2.2977260198261766,0.4404355375462577,-1.3286966553639297,-0.8178349719277522,-2.32212289334326,-2.3038237536140986,-0.9092230623155615,-1.328696655363921,-0.7001970810544128,-1.6547568550763836,-0.7182303533093546,0.5192140295492826,high
2024-09-08,-1.5791842963585783,-2.285124005179717,0.4377527622393942,-1.3238827441407872,-0.8144646190971697,-2.287728245410447,-2.2711036546171917,-0.9022185500353896,-1.3238827441407788,-0.698488237810334,-1.6465219153218085,-0.7165468533517276,0.5168013130665188,high
2024-09-09,-1.2661498884108693,-2.1194923616454964,0.47605653254589003,-1.486482512250153,-0.8035796488325745,-2.229289246157997,-2.1999629129396356,-0.9027761958329495,-1.4864825122501437,-0.4085119030558574,-1.782380645242999,-1.0603640376351042,0.5246361489649698,high
2024-09-10,-1.1229086956292993,-1.9827704286225072,0.41050406338188106,-1.4738248585526443,-0.7312546311439385,-2.166190930603134,-2.1842542116603063,-0.826905368266399,-1.4738248585526352,-0.613604860016797,-1.5675617725018898,-0.9123883139886747,0.34755151505850196,high
2024-09-11,-1.3868615157564197,-1.969757540263505,0.32447973673998115,-1.1270721192053033,-0.694251081371558,-2.173710078793951,-2.246397674852368,-0.7672866786476317,-1.1270721192052962,-0.3579520211852628,-1.533051629676053,-0.7736631194507564,0.5575210746678041,high
2024-09-12,-1.7210609997262019,-2.0674188102380486,0.4155765210083574,-0.8527807715952321,-0.8126945538536742,-2.1545079065779054,-2.111978625151274,-0.9087748088292437,-0.8527807715952269,-0.731909922182784,-1.3478572350181286,-0.2743630023241056,0.5868511039768928,high
2024-09-13,-1.548777731047541,-2.188083487282342,0.27778326926520974,-1.2549814210326065,-0.6767283117142076,-2.0923780545363275,-2.14837072594121,-0.7657117293590591,-1.254981421032599,-0.5379418499430821,-1.4175315612446642,-0.7691491854046337,0.3713987246703151,high
2024-09-14,-1.5446549133660044,-2.1764357346941714,0.2753220231968599,-1.2508886343032135,-0.6737038790261833,-2.0652833446387517,-2.1204145480760612,-0.7596663743541661,-1.2508886343032055,-0.5354890602617169,-1.411622053574002,-0.7688656316702918,0.3701314574970547,high
2024-09-15,-1.5386846574412194,-2.1645578351002888,0.27287628515260826,-1.2484529502874946,-0.6706517688757029,-2.0389630776167897,-2.0932775570266013,-0.75364874398707,-1.2484529502874866,-0.5340621631570948,-1.4054721195912443,-0.7686655280802881,0.36794159312150004,high
2024-09-16,-1.773840031361506,-2.414071031032497,0.19602132628482727,-1.3296042638824177,-0.6372872508720823,-2.0095337571739886,-2.145999444894009,-0.6377378578882077,-1.3296042638824095,-0.2886842601643953,-1.550330833781707,-1.0087071936100547,0.4408498175614024,high
2024-09-17,-1.8314862444579099,-2.4050077006446524,0.19271275218038222,-1.2529543861519923,-0.6427392840139324,-1.9819938610975802,-2.118238211671651,-0.6272642516658338,-1.2529543861519847,-0.5272375587928096,-1.2961365455358123,-0.779419525033791,0.27146908658284813,high
2024-09-18,-1.6339167341635366,-2.225657239141443,0.17170138197527,-1.2458421826704038,-0.5972306225604792,-1.9399155838673687,-2.093752309691611,-0.586782594372883,-1.245842182670396,-0.41871129234217463,-1.3121543275230525,-0.8473919819040867,0.2910727986065125,high
2024-09-19,-1.8179235942459353,-2.475931237239835,0.09081304512853898,-1.3974054005222423,-0.5521280384602132,-1.903160704125013,-2.0753933922951067,-0.5463418218572917,-1.397405400522234,0.1301312949734152,-1.9449811114788704,-1.3550224006338276,0.7483568109323858,high
2024-09-20,-2.049566221781026,-2.5944578428672442,0.08794212056102037,-1.2925464528409374,-0.583753691490386,-1.8873471289850603,-2.0373317783693774,-0.5686314259806854,-1.2925464528409296,0.12095918649031821,-2.144950508482413,-1.2537600961268578,1.0047821485880692,high
2024-09-21,-2.0410176739383905,-2.576737284015832,0.0849991713571451,-1.2884017046106164,-0.5807017556296342,-1.8656870046080885,-2.01244755672553,-0.5636280428766991,-1.2884017046106089,0.12146427432502827,-2.1316868197305197,-1.2505187625382173,1.0019405207542018,high
2024-09-22,-2.0295466141900453,-2.556285140853615,0.08205658881974785,-1.2842954121226513,-0.5776592065399776,-1.84454483095602,-1.9882298512148637,-0.5586351637728604,-1.2842954121226438,0.12261535691889,-2.118585435510639,-1.248006754800272,0.9990836030455336,high
2024-09-23,-1.963678994829946,-2.5927236651614267,0.10653700023535781,-1.437600490038766,-0.5909513148306147,-1.819388593989205,-1.9532878147262063,-0.561311840329463,-1.437600490038758,-0.06373582339467561,-2.1576340108453547,-1.263459487965598,0.9330455289002753,high
2024-09-24,-2.103181612734697,-2.738596236180823,-0.014805166631213673,-1.4970604993143677,-0.5032635414694485,-1.8028643031306333,-2.028294411233014,-0.42578868196823644,-1.4970604993143592,-0.03484090099450189,-2.3352195608151978,-1.3380070012432592,1.0588791809440492,high
2024-09-25,-2.175170638348512,-2.7812968449045834,0.044859463420806496,-1.4865100115224155,-0.5704425466882669,-1.7668967431417861,-1.941108815732792,-0.47999097933779894,-1.4865100115224068,-0.27496730908916045,-2.2312313937071595,-1.1700314141179184,0.9792651164409897,high
2024-09-26,-1.661573587322679,-2.488454616647998,0.11936871637590156,-1.709791625009417,-0.5609643052450826,-1.7072030485050629,-1.8447229361210418,-0.5057760260192943,-1.7097916250094076,-0.4281340623515023,-2.2105868000256774,-1.273848085427743,0.8098939709836858,high
2024-09-27,-2.2179288137391895,-2.743738575408515,0.04451243752588508,-1.403486865418824,-0.5791729040732039,-1.7355746927288747,-1.8840425039069184,-0.5008210958060421,-1.4034868654188164,-1.1675235525209582,-1.9972833261243397,-0.5036492303631309,0.835774936808228,high
2024-09-28,-2.203457966075641,-2.7188745267551298,0.042198851319233836,-1.3982377856360815,-0.5762648448262014,-1.7173421670407458,-1.8630751413691238,-0.4961404024359181,-1.3982377856360735,-1.162834799433432,-1.9858757153789106,-0.5037680325466369,0.8336835448684816,high
2024-09-29,-2.189712830775833,-2.694544139754058,0.03973326266844009,-1.3926031708162179,-0.5733061568922367,-1.6994870436621266,-1.8425979529865655,-0.4914660702626645,-1.3926031708162105,-1.1581381902300756,-1.974548954173103,-0.5035703730671054,0.8318695112779929,high
2024-09-30,-2.6878232308700882,-2.7984043300177173,0.10711056744828697,-0.9173455026314068,-0.7113674555289532,-1.693197449419291,-1.7554148490682424,-0.6062378394789093,-0.9173455026314018,-3.228779378404093,-0.541658674150693,1.333454867152828,-0.14959456641906843,high
2024-10-01,-4.469579508754682,-5.3933409077207,0.1765753733095983,-2.814236201794891,-1.0525495530252296,-1.840995172889808,-1.664762356695639,-1.0192926776371865,-2.8142362017948757,-2.9894804259901355,-0.8005927377799263,-0.5690696510219319,-1.2634905944953898,high
2024-10-02,-4.075378068178592,-5.0081642541193965,0.21005160591774988,-2.8093501567392756,-1.0281555271034617,-1.796473045972741,-1.621991436368435,-1.005156977992041,-2.8093501567392614,-2.590536012897038,-1.0734295762941872,-0.8449267410167252,-1.0232902164377666,high
2024-10-03,-3.9795358140703407,-4.767457512822885,0.2226445510125894,-2.6210113633250085,-1.0326518512529255,-1.7665332975965735,-1.5774314750565264,-1.0209377345788273,-2.621011363324995,-2.316872575773933,-1.2421447911080847,-0.8641834082046894,-0.7445325019428911,high
2024-10-04,-3.261972788978198,-4.017250467711846,0.4108395675220861,-2.384022568240354,-1.0673135853127225,-1.711597779321849,-1.4463329113186414,-1.1167586758738917,-2.3840225682403426,-2.165571624808068,-0.776358417602388,-0.7518374941170376,-1.0098756086037572,high
2024-10-05,-3.224477384394624,-3.9470502312729607,0.4080965751991254,-2.3656842333443278,-1.0632105081414152,-1.6938671775895864,-1.4341078461603984,-1.1078883316734043,-2.3656842333443167,-2.1508596535085656,-0.773643515705781,-0.7495497163540589,-1.006742109487426,high
2024-10-06,-3.1881631380620536,-3.8806062033106663,0.40530507827306705,-2.3475785712841803,-1.059197940116019,-1.6764948814960134,-1.422062183931958,-1.099103708470086,-2.347578571284169,-2.136424565495409,-0.7709986806490614,-0.7472700517570429,-1.0038344217771338,high
2024-10-07,-2.921458378579564,-3.5956738688092273,0.44254507759767975,-2.2571860284922076,-1.047151216003411,-1.6515043758596861,-1.40399693230844,-1.0842534974676334,-2.2571860284921974,-2.104935836391782,-0.27100277780609267,-0.6871954484954785,-1.4021213287482859,high
2024-10-08,-2.9314738670882297,-3.589325588371984,0.4859250149598856,-2.2693270729322728,-1.0826742301537098,-1.6321032156176039,-1.3364757669028837,-1.1537729028810382,-2.269327072932262,-1.9051890090172305,-0.4728213738835944,-0.8433500631116158,-1.2325590692989168,high
2024-10-09,-2.8174048996224914,-3.3914644506664806,0.47047344597310703,-2.112532870477499,-1.0552480345466029,-1.6061423454344774,-1.3353718527139262,-1.1113758617579244,-2.1125328704774895,-1.860656918438008,-0.4210731755905378,-0.7286860726508545,-1.169343449103624,high
2024-10-10,-2.3845942781063614,-3.2304747557842277,0.5145213405255072,-2.458364587921274,-1.018384561094847,-1.5514061239925512,-1.2819934567243254,-1.0906684603362469,-2.4583645879212632,-1.9632771637674977,-0.332459435723294,-0.995803714395981,-1.5104804403060954,high
2024-10-11,-2.6070909875885593,-3.3529590431683767,0.5270646519209577,-2.4025772689504064,-1.063762951336718,-1.554403838630838,-1.250406489819268,-1.1495277388505138,-2.4025772689503957,-1.8786612907595672,-0.27029059124357047,-1.0076585208439328,-1.5312595181611854,high
2024-10-12,-2.585203667877478,-3.3093427810996996,0.5242866104943792,-2.3847629703078015,-1.0595907436468825,-1.539614414176868,-1.2410248325562927,-1.1402860422604357,-2.384762970307791,-1.8679141923398594,-0.2680044339227588,-1.0037275765870568,-1.5249709577631552,high
2024-10-13,-2.563068997605828,-3.2673897815670614,0.5214525801765402,-2.36699004738389,-1.0555667564481588,-1.5250786535527525,-1.2317495681860442,-1.1311383933431507,-2.36699004738388,-1.857416201971751,-0.2659969955545353,-1.0001609965585112,-1.518519733910544,high
2024-10-14,-2.4447022863459202,-3.1201637932988784,0.5703706543011352,-2.287921726779594,-1.072062784425047,-1.5011933889354094,-1.1858923581479266,-1.1585303382091297,-2.287921726779584,-2.1945199024001365,-0.0031060574816232037,-0.6874999177515524,-1.6995761613070464,high
2024-10-15,-2.4425716788659857,-3.2446044911565814,0.5021950069403078,-2.544237315467596,-1.0248008160498672,-1.4864221973584733,-1.2236390915176432,-1.077271403237008,-2.544237315467585,-1.8807691891125855,-0.32776865400425453,-1.1704097842761552,-1.604815670064338,high
2024-10-16,-2.4322172928957952,-3.0905980221055813,0.4743218898753551,-2.2992749241085013,-1.0044567188660174,-1.474552862734403,-1.2352966243794494,-1.0406291904393021,-2.2992749241084915,-1.896956855409691,-0.3660576626210701,-0.9223588418094526,-1.3929949912316197,high
2024-10-17,-2.254653652154171,-3.0790352522552573,0.4934822420585298,-2.5464294897141153,-0.989640813636304,-1.442968296353089,-1.2153409369810464,-1.0126079222643696,-2.5464294897141047,-1.53686532342834,-0.3180175683474447,-1.4339479807018218,-1.6280148406196207,high
2024-10-18,-2.043550443701102,-2.8094828765137154,0.4475161999896879,-2.368087291355209,-0.9205205395265599,-1.4036326336681269,-1.2324650113382754,-0.9122179046222294,-2.3680872913551996,-1.4793540645957737,-0.36687995696907416,-1.3027255754122944,-1.4531990826468961,high
2024-10-19,-2.030619919825377,-2.7819726744280833,0.44475043325442126,-2.351433740759687,-0.9170000423891894,-1.3912372666774098,-1.2233358207022995,-0.9049503505318341,-2.3514337407596777,-1.472827392944364,-0.3647208054556749,-1.299456179292679,-1.4507779274720405,high
2024-10-20,-2.01795436309002,-2.7550301045451264,0.4420019925158082,-2.334755764970737,-0.9135048188412993,-1.3790205164719962,-1.2143074045571502,-0.8977296038800493,-2.3347557649707276,-1.4660939268949627,-0.36268671842313777,-1.2967783627380431,-1.4476886863661866,high
2024-10-21,-1.887044476976636,-2.709271574766744,0.47513490111296613,-2.4451804743659937,-0.9159591692035685,-1.354234308655773,-1.1643876091937402,-0.9282406323542263,-2.445180474365984,-1.5929117026767377,-0.038229462112615166,-1.327397040369756,-1.8250996942496744,high
2024-10-22,-1.9605967045953927,-2.699494070274563,0.4872495697796699,-2.339661290502714,-0.9377857239474893,-1.3394841795549393,-1.1378469996363199,-0.9431174746633262,-2.3396612905027045,-1.670319939748494,-0.03670670790963339,-1.1743023138831188,-1.7518122279996253,high
2024-10-23,-1.8795116207088856,-2.6748803206644816,0.49687609610380445,-2.419032144548147,-0.9312474902435226,-1.3149220672689699,-1.108232226793093,-0.9427390713188621,-2.4190321445481375,-1.6930070201103133,-0.03508327413394978,-1.2482704898270565,-1.8199509272968508,high
2024-10-24,-2.0373856218594626,-2.7631315625358606,0.5645876275413747,-2.3818168344030672,-1.0067540834788447,-1.3139785135167117,-1.0456602749519344,-1.0420073505943606,-2.381816834403058,-1.6367596466508438,0.0384760043140531,-1.2597047081726953,-1.8613791128060364,high
2024-10-25,-1.9773088588255863,-2.7692303496595176,0.5770838987681157,-2.489645260698038,-1.0056213888879848,-1.2927012728808909,-1.0202772441366066,-1.042248491732497,-2.4896452606980284,-1.5473267724633175,-0.03715441089127204,-1.4453540182509315,-1.8838501178287124,high
2024-10-26,-1.9652964605662664,-2.742601431482673,0.574108959941636,-2.4697040340193963,-1.002127288608773,-1.281809955505259,-1.0140220349124742,-1.0345832789949303,-2.4697040340193874,-1.5400650288490887,-0.035445007499009785,-1.440366209520624,-1.8761875736430798,high
2024-10-27,-1.9535410601255063,-2.7167131955163284,0.5711307089561966,-2.449964013429983,-0.9987356490598709,-1.2710548448464418,-1.0078141617857679,-1.026993004757835,-2.4499640134299745,-1.5327949684805204,-0.03376113225837432,-1.4353822730009775,-1.8682035621533637,high
2024-10-28,-1.8576824999020793,-2.732742531135657,0.555489726369045,-2.622325009038344,-0.971850788270109,-1.2586572118664832,-1.0269389500323627,-0.9756491982963544,-2.622325009038334,-1.517375799930304,0.02448051592693129,-1.637425954788271,-2.058361733489402,high
2024-10-29,-1.9648510985679777,-2.777086271341521,0.5657548134396458,-2.573345061904558,-0.9983472982009426,-1.25878798170949,-1.01391389447187,-1.0011619134756244,-2.5733450619045493,-1.4250362001916108,-0.10767230334800466,-1.6644685094125118,-1.9137041204848009,high
2024-10-30,-1.92990761839882,-2.756375384786179,0.5369062182465364,-2.5941383365418056,-0.9727960888786851,-1.2797880551802858,-1.0554835010926527,-0.9822632573282253,-2.5941383365417963,-1.5046355925198784,0.027872895421002335,-1.6417345779924848,-2.052269827893802,high
2024-10-31,-1.6744107508619022,-2.451834458801177,0.5501343572999652,-2.372170377840799,-0.937677034984852,-1.2481721915242694,-1.0307390588339727,-0.9586945432855329,-2.372170377840791,-2.0020917182376543,0.37964205252903666,-1.0595078494180148,-2.1799010934867527,high
2024-11-01,-1.6650232140194834,-2.3981753808279787,0.5677065473682014,-2.2911898662303813,-0.9486862548601435,-1.2339025593102468,-1.0045390907832359,-0.9737441529324585,-2.2911898662303734,-2.007749909260841,0.3394436995488969,-0.9771182403865943,-2.083191603963933,high
2024-11-02,-1.6566031410270807,-2.3795435585024904,0.5646959600355812,-2.274586785955778,-0.94563908055387,-1.2237239219887144,-0.998304251647107,-0.9665414190126084,-2.27458678595577,-1.9953147790814003,0.34136585835106603,-0.9747391113069502,-2.0731872927037975,high
2024-11-03,-1.6482625758521967,-2.361294640980188,0.5616877928357423,-2.2581692893181593,-0.9425872404639752,-1.213662658490552,-0.9921158646222623,-0.9594016439003669,-2.2581692893181518,-1.9832790360267463,0.34294653471044156,-0.9727126956944097,-2.062415246644327,high
2024-11-04,-1.6146210158718721,-2.327085423765292,0.5716773606403707,-2.244810340736918,-0.944183151681891,-1.1880275748892573,-0.9758993455357665,-0.9353042944038585,-2.2448103407369104,-1.7352950055043452,0.1946785275990707,-1.1461007474358167,-1.929844301554751,high
2024-11-05,-1.4483647252203329,-2.230357327536625,0.5652728470253637,-2.287462196234424,-0.9103900016510987,-1.162156470514079,-0.9532044486365134,-0.9204010215806699,-2.287462196234417,-1.9954626827846045,0.4602032987803974,-1.0099433137269846,-2.184592016315628,high
2024-11-06,-1.5722474005754647,-2.108159800322731,0.6124272738018152,-1.8986188337431287,-0.9660793442594603,-1.1584413834181917,-0.9002093463370383,-1.0014553125065624,-1.8986188337431233,-2.5616319303654067,0.9683828077293906,-0.17517548254188428,-2.294417708545773,high
2024-11-07,-1.1508962676095795,-2.059078112169668,0.620707682943254,-2.3625992155371422,-0.896741464366959,-1.0930247960101225,-0.878811008948424,-0.8978448137291858,-2.362599215537135,-2.360335390349984,0.7103823296296564,-0.8292903338936832,-2.4427016940315838,high
2024-11-08,-1.145515950175894,-1.9852590289977115,0.6951001685447025,-2.2311321403350015,-0.947430851175583,-1.0861758174713179,-0.8100747176248805,-0.9986476586559779,-2.231132140334995,-2.122566638196436,0.7124308333149496,-0.8658818226219946,-2.3374733024106797,high
2024-11-09,-1.1409581864108052,-1.9737077578833129,0.6919649058759263,-2.2153658203418,-0.9443798183792494,-1.0775539984890676,-0.8051963614330512,-0.9912360331602322,-2.215365820341794,-2.109145791730147,0.7135734762198981,-0.8639233714145326,-2.321655694935997,high
2024-11-10,-1.1363888457499018,-1.9621945846683857,0.6888467913604608,-2.199855916304882,-0.94178422373464,-1.0690112676356827,-0.8003433568789523,-0.9838907825887752,-2.1998559163048754,-2.0952700613390003,0.715987974333135,-0.8611900485247677,-2.3073674352896063,high
2024-11-11,-1.1252508949722029,-1.8843734307899227,0.6515076089071993,-2.0690763916155013,-0.9142242737732231,-1.053301763457954,-0.811796538552255,-0.9334669175417554,-2.0690763916154955,-2.0582461293944494,0.7443891561137059,-0.7475930379243474,-2.2232333333489938,high
2024-11-12,-1.0171978782089817,-1.77451408027726,0.7054625881134332,-2.0029392471696355,-0.9328100038518223,-1.036634914807527,-0.7615923064854538,-0.9840315274262654,-2.0029392471696297,-2.198521823800834,0.8248042869971897,-0.5706581858059403,-2.2307497142186397,high
2024-11-13,-1.0308169704016314,-1.8211029500130107,0.6928266587459205,-2.072018351480581,-0.9269279768362678,-1.0391743392048094,-0.7584785644130216,-0.9979314473675668,-2.072018351480575,-2.538521655529057,0.6184179554133703,-0.39011551532880195,-2.117644398420463,high
2024-11-14,-1.2021553864558263,-1.8695560418794694,0.6363457244107735,-1.9440782669045253,-0.9200981682254324,-1.0376151920167886,-0.789312184385942,-0.9458135547141787,-1.94407826690452,-1.9169234087621927,0.6207402076844512,-0.7180662401257503,-2.0159436333365632,high
2024-11-15,-1.171580636225838,-1.8773212708649711,0.6754608334864509,-1.9986286535083118,-0.9428212251292172,-1.0404122740127582,-0.7619051567038839,-1.0015646014072317,-1.998628653508306,-1.7909170780656107,0.5698219550812871,-0.8778898868697019,-2.0156589420213478,high
2024-11-16,-1.166863506311907,-1.8669386311802147,0.6723516198114421,-1.9867672285954432,-0.9395847523603753,-1.0322108511764476,-0.7574266971641902,-0.9942891270831052,-1.9867672285954376,-1.7818152101565672,0.570802409522116,-0.875102544776193,-2.0035102990114395,high
2024-11-17,-1.1621380659109846,-1.8565854105231026,0.6692473861474483,-1.9747077228335066,-0.9363642880219891,-1.0240788629731223,-0.7529689784440576,-0.9870831671721626,-1.9747077228335008,-1.7723107383816954,0.5716990183654138,-0.8724113855411316,-1.991905841570978,high
2024-11-18,-1.459059338049365,-1.8295684824468545,0.5803032639516194,-1.5509310565551808,-0.9287401417312456,-1.0336344605778103,-0.7970379852943582,-0.9363850069551231,-1.5509310565551762,-1.4834761460928125,0.36330416938420146,-0.6171680186346661,-1.4965141079376123,high
2024-11-19,-1.5965460708542374,-1.9772598409028963,0.6127386380600234,-1.6548123431228987,-0.9774427243523902,-1.0403356398811663,-0.7764999932581308,-0.9903331882245212,-1.654812343122894,-1.6625133571734292,0.6263607231281083,-0.5993473680039166,-1.7790452149833214,high
2024-11-20,-1.478595399467507,-1.8496771145490567,0.635106835324082,-1.5696913767815197,-0.9709031590986112,-1.0370900561634675,-0.7522533797754127,-1.0282061637924225,-1.569691376781515,-1.4458708731163936,0.5442500317073826,-0.6693874582437859,-1.6463679035057632,high
2024-11-21,-1.1938043615678977,-1.7392601970696078,0.7486275761102904,-1.7263421310167268,-0.995978597455056,-0.9983045617564494,-0.6666199100357921,-1.093104108470257,-1.726342131016722,-1.493345813611535,0.6301258082040213,-0.8119579717208524,-1.8315907723867941,high
2024-11-22,-0.9437878277810222,-1.6128765688733666,0.6974211613078402,-1.8071509303814122,-0.9145762624826701,-0.9720894131808614,-0.7076201954668284,-0.9652528364683701,-1.807150930381407,-1.560029415499789,0.6844972942789473,-0.8545665559940767,-1.932195226487488,high
2024-11-23,-0.9400420111176375,-1.6053322676809707,0.6977211741291015,-1.7972280163308358,-0.9135425433771797,-0.9644002067441458,-0.7031566323996566,-0.9586966841044532,-1.797228016330831,-1.5526707116045824,0.6863583510209033,-0.8515170228688494,-1.9224834802819668,high
2024-11-24,-0.9363822598125605,-1.5976466266794727,0.6978646615697657,-1.787527670638536,-0.9125972087655527,-0.9567677232876622,-0.6987115808837906,-0.952216042983546,-1.7875276706385315,-1.54530997906884,0.6878052633684375,-0.8483522354701093,-1.9121869108707525,high
2024-11-25,-0.9682478605112613,-1.5242742041773734,0.6885563177377624,-1.6118990542655005,-0.9116134478908969,-0.949744169585707,-0.6856065989499338,-0.9621445505577269,-1.6118990542654963,-1.1222217017924312,0.3943641207381648,-0.9751622459212055,-1.5518268077418949,high
2024-11-26,-0.10922043311253465,-1.2037998984162563,0.7281613971405406,-2.0876652485305907,-0.7818245370730847,-0.8569732410418707,-0.6532318940827123,-0.8084836417196736,-2.0876652485305853,-1.48812506063115,0.5492117897202334,-1.2413576334835865,-2.0360360028215103,high
2024-11-27,-0.37733854166485264,-1.3708070776530632,1.0565959978647037,-2.056935955629797,-1.0500843878725443,-0.8681342930108482,-0.4180642005276973,-1.258703129245928,-2.0569359556297915,-0.9621853597141395,0.16570474591667547,-1.6148512468776486,-1.7249390039294907,high
2024-11-28,-0.375296856552869,-1.3648884028922244,1.0555363414652654,-2.044069097892409,-1.0486554179856842,-0.8611552650109722,-0.4149794591755777,-1.2505419817867038,-2.044069097892404,-0.9767237532935625,0.1675516832765589,-1.5930746617691878,-1.7166790009641517,high
2024-11-29,-1.397507742347317,-1.713461734649033,0.610646539275716,-1.4221784099532668,-0.9353130701163705,-0.9505141170301654,-0.697657533037671,-0.9501786646498686,-1.422178409953263,1.139544765225295,-1.3105155070987278,-2.490970485668471,-0.1335960506703777,high
2024-11-30,-1.3914863625964837,-1.7045594689346515,0.6101355756944215,-1.41585158551896,-0.9337317276242953,-0.9429793324244264,-0.6929321566942085,-0.9436247796416627,-1.4158515855189564,1.1367712401610441,-1.3049533210572077,-2.470635168672563,-0.13330087610789487,high
2024-12-01,-1.3856598955785202,-1.6957305808362886,0.6096572612781195,-1.4096121545864033,-0.9322588483253099,-0.9354975553313021,-0.6882259955819718,-0.9371419834255713,-1.4096121545864,1.1334287807088925,-1.2995003640213967,-2.4511870535632188,-0.13311538747738536,high
2024-12-02,-4.3851404869160495,-2.4607059639554714,-1.794295853546614,0.979267072693718,0.8865586813986203,-1.1978019763493482,-2.21524281502664,1.2872960684142456,0.9792670726937156,1.3398054784124884,-1.3886383872808148,0.09251188532064088,1.7960469055076254,high
2024-12-03,-4.360316825679122,-2.488237375204831,-1.8303200941576425,0.9771800106246967,0.9380268639760092,-1.1856698156072025,-2.187364181112398,1.3047211313494642,0.9771800106246942,1.4754956406534494,-1.5053749059661643,-0.01504723275814444,1.8760640770324868,high
2024-12-04,-4.8450549822970395,-2.8201371983186063,-1.9647205683763318,1.093099094631057,0.9848765064145616,-1.2150311129232678,-2.2297436358937186,1.3579705628807182,1.0930990946310544,1.2016439788965254,-1.3142003799404924,0.32413285095586825,1.8191484669551254,high
2024-12-05,-4.377770075572443,-2.658230356865119,-1.8693821391725494,0.8611962481830635,0.960092807596204,-1.1620181709885178,-2.1344678727802937,1.337610287361795,0.8611962481830612,1.0170692031011477,-1.118851702832765,0.20081730361027506,1.4914860165052597,high
2024-12-06,-4.108762096649831,-2.565072789042066,-1.8231110027266697,0.740691781808473,0.9590349402491256,-1.139233753325267,-2.07261013754188,1.3057388013849847,0.7406917818084711,1.0004834489039571,-1.2182393599433585,0.07586859530081229,1.4695236124279927,high
2024-12-07,-4.033752580425804,-2.5433932859399055,-1.813023631346291,0.7405195367844849,0.9553862220131362,-1.1301059405672407,-2.046092487125712,1.3080183800233274,0.7405195367844831,0.9974579934338346,-1.2132333291568695,0.07734690195917931,1.4632406292262803,high
2024-12-08,-3.9622787329941893,-2.522079646619051,-1.803077530572454,0.740348913252899,0.9517171150356903,-1.121069584532265,-2.020320212438544,1.3103056566519935,0.7403489132528971,0.9951262905324088,-1.2083008658688703,0.07833703917713829,1.4573971667424184,high
2024-12-09,-3.976985418958925,-2.5050374071246426,-1.9183173211388012,0.8550498552428758,1.1405191352283708,-1.1115708929203323,-2.067183668676068,1.455482974153125,0.8550498552428735,1.197873483097808,-1.2044414309505547,0.052230316226313564,1.5400589905709596,high
2024-12-10,-3.948877240980773,-2.5475187559373613,-2.118702665446893,0.7913867168817299,1.5368415375578703,-1.095819273143706,-2.1035696068697565,1.5969966895461254,0.7913867168817279,0.22654348802162294,-0.5195322167365325,0.7263045733371787,0.9870144670004963,high
2024-12-11,-4.919696833160577,-3.1023761725402514,-2.3859510349755717,1.2435982159084455,1.6955105112271198,-1.192119660132541,-2.234703382782929,1.6665440226128647,1.2435982159084424,-0.26024016392382626,-0.09858961685662378,1.6124599661634216,1.024235602587498,high
2024-12-12,-3.7292249517207803,-2.338292140924469,-1.98856228431501,1.0224910704615842,1.3384873055479043,-0.7699390251968405,-1.506258645400088,1.217660425093274,1.0224910704615817,-2.3558062772133135,1.4713418318229414,2.949948759626523,-0.2982307134497672,high
2024-12-13,-3.097716167487263,-1.897289504852089,-1.7493400330938151,0.9693596468312146,1.1331122391605652,-0.846771985319001,-1.7381948095109954,1.521851311957253,0.969359646831212,-4.490160200302604,3.158056745739883,4.49422269580182,-1.5976365280519529,high
2024-12-14,-3.064244573136273,-1.8871918447895986,-1.7404396761176335,0.9683300795052158,1.128567090506378,-0.8399863883028534,-1.7199004868730712,1.5173549285574675,0.9683300795052132,-4.395420758671157,3.1217593306191573,4.398396468168456,-1.589965996348891,high
2024-12-15,-3.0310357897281737,-1.8769263263038036,-1.731729580671559,0.9672960056249635,1.1240341077480067,-0.8332381728042797,-1.701985899648868,1.5128855635647198,0.967296005624961,-4.308108928472573,3.085817967127343,4.307602796376024,-1.582240393429068,high
2024-12-16,-2.964050506433292,-1.809113346777959,-1.6853122247844408,1.02635530469628,1.0654339217190694,-0.7493428764553026,-1.6872510231460662,1.695544952740799,1.0263553046962772,-3.7386894866080658,2.759756204992934,3.9136138840986856,-1.3058179060072899,high
2024-12-17,-2.737120672855398,-1.642200539960114,-1.6616218822370095,1.0268242006269335,1.1107227194145288,-0.5589911642284426,-1.489246031173056,1.7463647951087036,1.026824200626931,-6.964035219047891,5.226336335752973,6.358714371760805,-3.2486832068847074,high
2024-12-18,-2.2867970040584495,-1.2936640416897696,-1.5498492923712648,1.0300248021917007,1.0885866155908042,-0.6145391736229378,-1.449337638499501,1.544040434639052,1.030024802191698,-4.5605238473259755,3.5865944254842517,4.510291731187709,-2.0119058209106613,high
2024-12-19,-2.2116451617256994,-1.1149297490216878,-1.4215275787383927,1.2824540726219755,0.9030870052439041,-0.7933362349451317,-1.487285812158307,1.2171179888604589,1.2824540726219722,-0.47999815470986074,0.5309158853643007,1.630283807857688,0.5501913254872375,high
2024-12-20,-2.4272444315974187,-1.3920694850401476,-1.5126220115292468,1.0920899206349182,0.9735613747693181,-0.7948634737529591,-1.5817223064778512,1.4251402651923064,1.0920899206349155,-1.3174863219150306,1.1216349647519401,2.078308786650811,-0.052337323836036516,high
2024-12-21,-2.408549126664949,-1.3864087998585854,-1.506200561949293,1.0924110525177513,0.9697028371291145,-0.7882967362163256,-1.5664864226957822,1.4247780003658295,1.0924110525177486,-1.3122460157523885,1.1196862517580206,2.069215587569011,-0.051471793163905676,high
2024-12-22,-2.390268272657639,-1.3808259147946151,-1.4999715752615017,1.0927202205321067,0.9658591875551816,-0.7817602330696091,-1.5515194978052291,1.4244159203853564,1.0927202205321043,-1.3068959380851326,1.1172424508661716,2.059701548433437,-0.05037323484970422,high
2024-12-23,-1.974310756290773,-1.1085921724263421,-1.4376502267843199,0.9773986697052499,1.0198313833630082,-0.696398170125288,-1.4746013819809898,1.4766199267261741,0.9773986697052474,-2.873168793007306,2.299598731286126,3.128915038284448,-1.066422785338523,high
2024-12-24,-1.787559826672477,-0.8718508273683787,-1.4294413231960312,1.1559603331256076,1.0781804481677908,-0.6827228923593444,-1.4610079471542399,1.4918375151175207,1.155960333125605,-2.508340623843788,1.9764127297528615,3.010270883590446,-0.6853862953834235,high
2024-12-25,-1.7781729007334472,-0.8683864285288881,-1.4239131206549918,1.1560052023264598,1.0739217177653733,-0.6766984693540312,-1.4477932437225796,1.489652251564148,1.156005202326457,-2.4877963643253613,1.9653492965812798,2.979580910436769,-0.682633644153191,high
2024-12-26,-1.4463666899076058,-0.7223535511756999,-1.2498469398892502,0.9136257943720433,0.9139079369353722,-0.6350092446353027,-1.3422054075322651,1.3725042509951135,0.913625794372041,-3.624269683218846,2.69994292100141,3.6015658414391125,-1.4554766922447409,high
2024-12-27,-1.2246530812088494,-0.4797573333357462,-1.1476541950149717,1.0388135697058398,0.8366331429727474,-0.6540065553349547,-1.3752952076877643,1.4091056775026312,1.0388135697058372,-0.5973705611097598,0.3986445993206353,1.422588538032578,0.4604817814640327,high
2024-12-28,-1.2196561578085703,-0.47702409878365437,-1.1431874903683945,1.0401505880250743,0.8332310390588505,-0.648080267829696,-1.3633585494182079,1.4077254802100443,1.0401505880250714,-0.5949543490974569,0.39844267220831914,1.4192860630901243,0.46123296539848757,high
2024-12-29,-1.2146770543404108,-0.4743099442615855,-1.1387017345643045,1.041110633184518,0.8298494692153856,-0.6421682522555207,-1.3515878179237206,1.40634795348523,1.0411106331845152,-0.5925307863214283,0.3983152152420348,1.4156673789229997,0.46175538091580887,high
2024-12-30,-0.6756677058999405,0.06286521964249148,-0.8563180411134035,1.2261001583732394,0.6078473788899199,-0.5723234475060023,-1.1757450394246414,1.1986895463567306,1.226100158373236,0.14740402572757508,-0.0987923551356499,1.0295715857216565,0.9935273871803112,high
2024-12-31,-0.01841869559597053,0.5413178425087795,-0.5802948606448418,1.099962081013141,0.4575936017142765,-0.5025685593151271,-0.9899447273282704,0.967130566960884,1.0999620810131379,0.5421629520955502,-0.33460252459624007,0.6147470259136159,1.0851504224059794,high
2025-01-01,-0.01726974334386716,0.5430676475286275,-0.5775595997138955,1.101107077740276,0.4552071016159433,-0.490287520771543,-0.9823441368814756,0.9847528864962378,1.1011070777402732,0.4801876556452741,-0.28580398224000625,0.6620446169713632,1.0461807827783292,high
2025-01-02,-0.5727756284774428,-0.09904815837261627,-0.8750309429462829,0.7399400942125121,0.6711453993111272,-0.5459171046548373,-1.15293691691269,1.2298123678849815,0.7399400942125102,0.4352839443971842,-0.23688018321911986,0.3594029978771612,0.7375280436181335,high
2025-01-03,-0.2553756943642667,-0.10721824548475672,-1.1356631209186863,0.2060669118317481,1.1746580834698992,-0.4724766329276829,-1.2927964303058808,1.7010904317935995,0.2060669118317475,0.7223127216294897,-0.4251542065670002,-0.3536334992879785,0.48949035143120806,high
2025-01-04,-0.25384460631404077,-0.1047226703757575,-1.1311124417681087,0.20919442701038427,1.1698889835433726,-0.4669868522089163,-1.2819033079059783,1.6930014197627739,0.20919442701038377,0.7215575855505436,-0.4232781966042287,-0.3511502957187478,0.49005567975158953,high
2025-01-05,-0.2525160187963235,-0.10224141859731148,-1.1265832385522607,0.21278830463319012,1.165148629153571,-0.4614934906673371,-1.271146432158165,1.6849948025859038,0.2127883046331896,0.7211106788401743,-0.4215868982925743,-0.34858125821523306,0.491224227181608,high
2025-01-06,-0.3479034953499444,-0.3329259254871831,-1.2034963970571302,-0.08702397907184667,1.259695081514074,-0.47126179639767585,-1.2515832550175605,1.623542821690902,-0.08702397907184645,0.8260476439772731,-0.45303252931771393,-0.705750586596482,0.29503279816420525,high
2025-01-07,-0.24962237733475384,-0.39953762375498125,-0.9485119793141047,-0.38155171780212943,0.893709507557572,-0.44824938574286816,-1.0061959773723173,1.1563717844506036,-0.38155171780212843,0.9026628341338058,-0.48913060637125233,-1.0351634400183012,0.10741254834465849,high
2025-01-08,0.4300884600108325,-0.13291663931943964,-0.931537587427897,-0.9795039868428721,1.101219492369279,-0.32619358720605096,-0.8847425983596449,1.1703292965118182,-0.9795039868428695,0.18799260270433357,0.05272685380994092,-1.0421082822441827,-0.7604931057760221,high
2025-01-09,0.5887585130793674,-0.112880767158629,-1.1360773340418093,-1.2071376284945359,1.489079933571672,-0.2585700511194958,-0.8978119241512881,1.3493278434097769,-1.2071376284945325,-0.24259172293492703,0.338019233682866,-0.9224709029011935,-1.151045342655086,high
2025-01-10,1.3457803542126499,0.23302105588985017,-1.2777127398297234,-1.7834634564906224,2.020544478994698,0.011714719172735462,-0.6470959110433585,1.4071402350287103,-1.7834634564906182,-1.0295433518232753,1.0530707375830128,-0.8522289888926252,-2.1320630741035194,high
2025-01-11,1.341510500432662,0.23515052096682357,-1.272388534888663,-1.7762933559553014,2.0082983795750957,0.016859718200119236,-0.6415617550550241,1.4031832625092295,-1.7762933559552971,-1.0257017669342188,1.0515504989182751,-0.8487695081816101,-2.1180234874562953,high
2025-01-12,1.337470662685063,0.23744256398698488,-1.267135501998391,-1.7692317319631743,1.9962756380105564,0.022040293966123507,-0.6360435548291833,1.399247726837377,-1.7692317319631699,-1.0218282150145082,1.0501710439290393,-0.8453166981553265,-2.104159957942251,high
2025-01-13,1.5270922489838048,0.5704899332105041,-1.1639412597800227,-1.4316991492500961,1.873113286538696,0.2325349229628355,-0.689763815321851,1.9598313069926656,-1.4316991492500923,-4.297933999472705,3.603858999144476,2.0246270367938206,-3.8476034901193685,high
2025-01-14,1.7084718846198677,0.7024562140289128,-1.0530852930755459,-1.484542582433723,1.7407407992272665,0.010086437265565639,-0.8673309622333094,1.8471354560424864,-1.484542582433719,-4.123687220890928,3.486612119197557,1.8929578786688117,-3.7720938837853937,high
2025-01-15,0.24335855584101673,-0.07318862993698755,-1.2389792729594302,-0.5576556715738071,1.5428189880094643,0.16139042831038858,-0.784200724204423,1.9840051770069222,-0.5576556715738057,-4.764016283087193,3.952094402674251,3.3001274831420866,-3.4906548086569793,high
2025-01-16,-0.3279629302305836,-0.22325619231454572,-1.1372032268805374,0.1104948245317458,1.1642009382178953,0.4017881502330514,-0.39460653643207744,1.6705247967964765,0.11049482453174551,-12.556388750742911,10.584563063058205,10.726319391410662,-8.63544441127534,high
2025-01-17,0.17793705613901037,-0.11931338531275351,-0.8826749864321402,-0.5408854482161953,0.9442665025497256,0.44698096947894017,-0.24699237110828776,1.4522034315608947,-0.5408854482161939,-14.311613546286598,12.794388029771403,12.660880157731702,-11.350871642439413,high
2025-01-18,0.17849883474405467,-0.11673004189523498,-0.8791942730760856,-0.5378250065660776,0.9405710679327841,0.45212891889172524,-0.24305788721090135,1.4488723697297188,-0.5378250065660762,-12.044896610025303,11.095162922608873,11.012709557938717,-10.11256597830189,high
2025-01-19,0.17861572397568107,-0.11437615993620112,-0.8756639280536096,-0.534761987810183,0.9368373720515877,0.45732265947136125,-0.2391184124574085,1.4455564757132413,-0.5347619878101818,-10.592797348304257,9.928396778270422,9.87471820605003,-9.203988317381683,high
2025-01-20,0.17873262104497697,-0.11201707586986429,-0.8721441616966151,-0.5316970637917893,0.933116654982105,0.46647656214186345,-0.23515599832327566,1.4504599944728074,-0.5316970637917879,-9.139421490416272,8.661965773579007,8.60830622232082,-8.126122289340898,high
2025-01-21,0.17852471527764543,-0.04822707939236431,-0.8482437147641544,-0.40446355312818877,0.8991786330845306,0.14851325888891254,-0.34347346124737915,1.0147859643729285,-0.40446355312818766,-7.810052265772985,7.469133782098636,7.441959133433329,-7.026520261170024,high
2025-01-22,0.17034518977385574,-0.021245960199498686,-0.8752414585671559,-0.33720015667479697,0.9378408790490476,0.09074289196499287,-0.504904326833727,1.2285019128021657,-0.33720015667479614,-4.652881244107445,4.494828558262834,4.406439529454406,-4.271892290754324,high
2025-01-23,0.4875566587635129,0.1328628209168216,-0.6554294981183639,-0.5771945996296002,0.7298172769068578,0.23185453937838896,-0.35235009549448415,1.2023481384810657,-0.5771945996295988,-5.814026212678154,5.570221342722786,5.472433709669359,-5.362114716626273,high
2025-01-24,0.9463929132468872,0.5032224250161064,-0.6733742994620846,-0.62871874238076,0.9043764762079431,0.2253290259622324,-0.37161275402096605,1.2265601405710955,-0.6287187423807584,-5.437537944070696,5.213640137156659,5.10960887036291,-5.054624794745432,high
2025-01-25,0.9440315397040177,0.5049383629237942,-0.6702675621605803,-0.6257459523280293,0.9007873869539412,0.23098248336852745,-0.367380362609335,1.227178961902319,-0.6257459523280277,-5.2741262438322005,5.068890504550004,4.974539898176606,-4.921773371410307,high
2025-01-26,0.9410671500613123,0.5061250608228456,-0.6671634040256166,-0.6228826932981488,0.8972409556022963,0.23668999327282775,-0.3631478616842049,1.2277983509262982,-0.6228826932981474,-5.123995143352994,4.935223757292403,4.849931137752391,-4.79843229277655,high
2025-01-27,1.2898362944247608,0.8026723615185429,-0.5100941848269874,-0.6380705456012261,0.7945029627473228,0.2898745677933369,-0.2801080660380119,1.1613214625792743,-0.6380705456012246,-5.272719910945259,5.0759544744476095,5.01499296098759,-4.936396205268654,high
2025-01-28,0.5975851234169227,0.6031000961399173,-0.5624149082722202,0.17838150940634867,0.6464414774617064,0.277103951065505,-0.255171194465261,1.0812230552150157,0.17838150940634814,-6.136022863255301,5.915211750996991,6.171588015884052,-5.481825984855069,high
2025-01-29,-1.7657195687651008,-0.7845075581301281,-0.7564159850139064,1.5414164965899446,0.125154421239085,0.14175927011201822,-0.36328191280264743,1.0283892335594116,1.5414164965899406,-6.254160414657664,6.084828202101743,6.705222199500307,-5.280833211385608,high
2025-01-30,-3.0567983340907183,-1.6401177170119132,-0.8862861122376099,2.134996659950344,-0.16198467497135507,0.2139203131877944,-0.04882605741746084,0.5272768130424926,2.1349966599503385,-7.466653226558154,7.260508994825286,7.990702031952314,-6.33592971983302,high
2025-01-31,-2.7719991271424105,-1.5230010366297706,-0.9868618706604539,1.901813316631632,0.06070822517265566,0.07791424556816584,0.25126005522258127,-0.3593167519351878,1.901813316631627,-7.00015313149515,6.826985891810158,7.385064179487672,-6.081912986000086,high
2025-02-01,-2.745326399738345,-1.5163990498700881,-0.9831840669274334,1.9041584211385694,0.058085002541745936,0.0840245864974165,0.2547803113070241,-0.35467378920360343,1.9041584211385645,-6.669634715584782,6.518741903699499,7.002489704315639,-5.85946971627738,high
2025-02-02,-2.719545436264617,-1.5096009993965054,-0.9794151958784988,1.9073196277102613,0.05550852777612574,0.09019685760238891,0.2583175795592879,-0.35002674343407403,1.9073196277102558,-6.38084542106608,6.247727243082072,6.672617269192287,-5.659221475386128,high
2025-02-03,-1.9023315567011392,-1.8313217078033777,-1.1547400862284076,-0.2809579192107959,0.6140921777150696,0.5340656230453223,0.1590238074146272,0.7283209173591667,-0.28095791921079494,-4.564825315734193,4.512074459593373,4.344449901888169,-4.524502258044236,high
2025-02-04,-1.4835980152573922,-1.3971667337003826,-1.1961747899424495,-0.15057765381633834,0.8440564437874905,1.2481139780584396,1.4996972839051046,-0.6162868103827892,-0.1505776538163379,-5.837955013338088,5.7320469874889595,5.62635525254568,-5.697713533116149,high
2025-02-05,-1.255745833453754,-1.2468805523656081,-1.251585046160442,-0.2624880954125609,1.0285913994557527,1.072391297916439,1.511244434763618,-1.001402460939919,-0.26248809541256,-4.054834762985238,4.00453499432061,3.874878919420743,-4.019420932742335,high
2025-02-06,-0.969368388576173,-0.9633266685964391,-1.0467017262018479,-0.20310359117674556,0.8106865770598242,0.5100631745995662,1.6182969689738684,-2.325681573909224,-0.20310359117674498,-3.81049009338251,3.7583810593521805,3.6569428910751234,-3.762066859304691,high
2025-02-07,-0.6477631787984542,-0.5870591029213852,-0.9265311573325226,-0.013628887453442585,0.7502777254921418,0.6837959396571436,0.8042480564932734,-0.3258910801165452,-0.013628887453442491,-3.711634428623646,3.6838541117826873,3.6089741847224728,-3.6451641891434403,high
2025-02-08,-0.6458131369934477,-0.5842823336473605,-0.9228460087042635,-0.010141231116438412,0.7470875724107859,0.6908546452892568,0.8056897219672341,-0.3208404445634991,-0.01014123111643831,-3.654480943542588,3.627867241742683,3.5561805904669783,-3.590843906001753,high
2025-02-09,-0.6439617710711683,-0.5814806950068683,-0.9191725820647874,-0.006277657313630016,0.7439003771071971,0.6980045912773883,0.8071346042790188,-0.31577811522846955,-0.006277657313630105,-3.5996445872647724,3.574121527650183,3.505555260154604,-3.538762358650671,high
2025-02-10,-0.5337346590720193,-0.4200535614337585,-0.8949347326425958,0.12969390671702957,0.7502109502411479,0.8005891415651236,0.8121811379277655,-0.1335503424092084,0.1296939067170292,-3.56771941418203,3.5568046664601067,3.5062790007738993,-3.493890910297571,high
2025-02-11,0.102575831640445,-0.0709647037647831,-0.8426940381349177,-0.35368692133542223,0.9077311864005765,1.145693744151467,0.8412248830684378,0.46734538440914947,-0.35368692133542123,-3.6401172346370707,3.632705199398395,3.4722889130802184,-3.675706946549578,high
2025-02-12,0.0009770706855642543,-0.048361081639019296,-0.9121355964769636,-0.10691183772499364,0.9782433210357184,1.126268032690535,0.8010666594211958,0.5091647166778271,-0.10691183772499342,-2.4195115212086367,2.468762795674106,2.3373624548028644,-2.4691536677112564,high
2025-02-13,-0.034656104957630746,-0.18885207863229753,-0.8877718016888336,-0.34304178437621097,0.9288893147099715,1.2000148410783025,1.0408327400456672,0.14986979055911948,-0.34304178437621,-2.3096404071871426,2.354196361776728,2.179559438693218,-2.4065015035813904,high
2025-02-14,0.1073731295005007,-0.09505377817801386,-0.794627730072728,-0.4182726503098669,0.8413310012990648,1.2836607422230049,1.0916528411255146,0.19964708880193321,-0.41827265030986566,-4.872916933145013,4.840238216045696,4.67595176923501,-4.882639590899617,high
2025-02-15,0.10838710877710077,-0.09226567784048867,-0.7913261903875104,-0.4151099293366353,0.8378975539345715,1.288273184969914,1.09138189968665,0.20335234738392824,-0.4151099293366343,-4.752732079421858,4.723238217824594,4.570453923442052,-4.7615356937758,high
2025-02-16,0.10923499774872569,-0.08950804244580543,-0.7880994425893536,-0.41189769296634593,0.834490358057011,1.2929179547264298,1.0911110676160911,0.20707590145928004,-0.4118976929663447,-4.6404748436937835,4.613658878444016,4.471268270204345,-4.6485004536308745,high
2025-02-17,0.11008340771016181,-0.08674095586005437,-0.7848809043393529,-0.4086763911109302,0.831092287429816,1.297565740016978,1.0905068742108772,0.21119694085886206,-0.4086763911109289,-3.995706310508041,3.9852026968782965,3.845934598168821,-4.022844649681136,high
2025-02-18,-0.048364659931021514,-0.22211671240060624,-1.1374464964263447,-0.38883150135641,1.3366570698181217,0.4780608287380916,0.8903990396151514,-0.9476417837284998,-0.38883150135640876,-3.7914300257109645,3.7871613709404435,3.654051004090113,-3.820851905326923,high
2025-02-19,-0.1570287084715671,-0.2659841667424523,-1.0543739738236517,-0.26863368920903913,1.1530033698592408,0.4338262690053289,0.935793157870782,-1.1307842585950005,-0.2686336892090384,-2.0502876336201767,2.080341658633983,1.9653727304724162,-2.108962424356497,high
2025-02-20,-0.4589501580754757,-0.565102570503024,-0.867635980096881,-0.3227844996368969,0.7458817078854959,0.1748210078163458,1.0391786252748123,-1.8329223400182137,-0.32278449963689626,-0.14093249436327338,0.22468582560430467,0.07528389245813158,-0.284061744593858,high
2025-02-21,-0.2505928150705337,-0.5188482590910224,-0.7368332326591185,-0.6314167620603547,0.6319797606323813,0.2776928766924416,1.1102779433174788,-1.7842820881950583,-0.631416762060353,-0.32054845471082316,0.3817144495578512,0.19140477822403276,-0.49847746966556583,high
2025-02-22,-0.24732694190327098,-0.5158138732191881,-0.7336753193821355,-0.6298436894467413,0.6290857863730955,0.2852721269756103,1.1095987526500517,-1.7661338134218876,-0.6298436894467396,-0.31985776661611814,0.3813931323236916,0.19101046440562247,-0.4978420600395334,high
2025-02-23,-0.24404704142562542,-0.5127773051056669,-0.7305234579510395,-0.6282730562430386,0.6261950468885803,0.29296493441806754,1.1089202434525383,-1.7483750159686045,-0.6282730562430369,-0.3191673608732744,0.38107190682131553,0.19061620814145364,-0.49720706186309627,high
2025-02-24,-0.04667354452080683,-0.36063607657742835,-0.6587722128171223,-0.6835207882202385,0.5956851105171005,0.44367575999699704,0.17243869750639887,0.4519448392953034,-0.6835207882202363,-0.28402964778263645,0.3432868123636755,0.14510849860573946,-0.47044539758508247,high
2025-02-25,0.289978340450211,-0.15338555379409402,-0.9380667414240166,-0.8898102754414271,1.133517909470122,0.30377767942496553,-0.04370853522157193,0.6400663791625371,-0.8898102754414245,-0.16034937412404382,0.22344839793489166,-0.017403756869898226,-0.3916290466935816,high
2025-02-26,0.41334203443127526,-0.009843485269168265,-0.9373609354543625,-0.8189854097997751,1.1777741244708595,0.08656203564464232,-0.15785379624042814,0.48096227137328507,-0.8189854097997724,0.42344357684904765,-0.33787821993813916,-0.5782623155682022,0.17672408621811148,high
2025-02-27,0.43985685452845796,0.06407507685688275,-0.7877277879079188,-0.7101070406999587,0.9536914129522259,-0.010353778675704264,-0.054801736933684675,0.0943048216631992,-0.7101070406999567,0.44126453249101466,-0.36368751199462973,-0.5743159837482831,0.22310787995649997,high
2025-02-28,0.4824320165452558,0.15099816535169913,-1.1620186070076215,-0.6049878783722871,1.5852596881289767,0.0412158045947797,-0.22641178922171298,0.539648582916633,-0.6049878783722853,0.4317447124997963,-0.36351001210257167,-0.5441877612917502,0.24311107488788886,high
2025-03-01,0.4846052652053513,0.15332975289524814,-1.1576561223001611,-0.6032411340239046,1.577838842223263,0.04890525331968557,-0.2215557754612703,0.5424795639059348,-0.6032411340239029,0.43073803073651595,-0.3622554999537123,-0.5428132393692244,0.24218882097243571,high
2025-03-02,0.4867863252248638,0.1556691309280099,-1.1533186184314383,-0.6014970554392545,1.570484338403466,0.056712724012517694,-0.216683264011535,0.5453229778463895,-0.6014970554392526,0.4297321031363919,-0.3610017003280197,-0.5414403595574231,0.24126679006306134,high
2025-03-03,0.48264894585839435,0.16378214751789913,-1.01983237205764,-0.5755167044520431,1.3367421883398352,0.06112169777062047,-0.047926358843568315,0.2058183995471885,-0.5755167044520415,-0.05445402792586908,0.09670773290502419,-0.059902413419173725,-0.20633939782857239,high
2025-03-04,0.4271607783873593,0.059293236488915435,-1.0526540446110724,-0.6889118262994959,1.3713677686221246,0.04376617324898486,-0.0637314995291859,0.2071842467517494,-0.688911826299494,0.4293820199224928,-0.3695560082234586,-0.5583256622079447,0.23283037128719464,high
2025-03-05,0.52628317580434,0.0031244959371231496,-1.086982859501288,-0.9934471645024742,1.4678728997156016,0.10656370096961738,1.0431249085208594,-1.9428525954412128,-0.9934471645024713,0.2775014347422783,-0.22872899527593127,-0.469042980116764,0.03479662510674231,high
2025-03-06,0.6548553533209144,0.061521937147849245,-1.0537075103777533,-1.1129156066073271,1.458659830858163,0.17137011846823572,0.9104171545891345,-1.5536917900682297,-1.1129156066073242,0.05943676610974012,-0.0426707181264237,-0.27829784224429843,-0.17241365437801087,high
2025-03-07,0.866817207249359,0.13254722152962667,-0.9978428049539788,-1.3639691071276043,1.4423194376172968,0.28447536140368984,0.90736295518785,-1.3552586081858753,-1.3639691071276006,0.13647492934181027,-0.09268057590607355,-0.40403904484561787,-0.1717928053026994,high
2025-03-08,0.8682386100457126,0.1349073038798248,-0.9941251408800238,-1.3584102408929966,1.4360634068774927,0.29400697393912395,0.9093900981095531,-1.3439371517288496,-1.3584102408929926,0.13628008928954372,-0.0921645607537466,-0.4031688148811795,-0.17170146437463585,high
2025-03-09,0.8696632585956579,0.13727529261410729,-0.9904240930761788,-1.3528887211666358,1.4298553458343288,0.30373915188285394,0.9114237239245625,-1.3327709902032254,-1.352888721166632,0.13608526093506354,-0.09164854987541322,-0.40229913821912716,-0.1716101272743565,high
2025-03-10,0.5050578478380442,-0.3180331729433563,-1.0483046764364707,-1.6048852284437616,1.3919504917893115,0.17870137324475732,0.9104783877521311,-1.52184398073758,-1.6048852284437571,0.21671715604730651,-0.20712180773945554,-0.5322612120560632,-0.10708062748793559,high
2025-03-11,0.37031482727201204,-0.2821782412466379,-1.1341394415925943,-1.2742532339300465,1.4897001916296981,0.06886105311566255,1.1455079848974639,-2.138160851518733,-1.2742532339300432,0.2477602402736191,-0.2138445931092601,-0.4973022038803334,-0.03657359549877593,high
2025-03-12,0.14498028384998754,-0.44788053404630224,-1.2007135545925427,-1.1909757327266677,1.5215198227302327,0.03982087359879934,0.9528424523328605,-1.7837115447572398,-1.1909757327266648,0.3126682769643043,-0.254384342163816,-0.5447143430903034,0.01939258011713686,high
2025-03-13,0.00408418425124258,-0.5027127974637274,-1.1951618796589485,-1.03853253426512,1.4568193039250428,-0.012275199833422285,0.8775150063017958,-1.698368132506452,-1.0385325342651168,0.3514957088214728,-0.3060410575253366,-0.5525746923408847,0.09996865586392166,high
2025-03-14,-0.30945731044609365,-0.6962563530635217,-1.2187970702580462,-0.8510167768082285,1.3773715440741852,-0.055682565003124566,0.8822913552269647,-1.7520894819311505,-0.8510167768082262,0.3851172697801334,-0.32468951651031425,-0.5482104269992252,0.15489283027167722,high
2025-03-15,-0.30672735105029714,-0.6931658476526255,-1.2146733699451815,-0.8488112426787833,1.3716786270182115,-0.047003298139874986,0.8940005611808188,-1.7379684517075715,-0.8488112426787807,0.3842896702876232,-0.3235931368153791,-0.5469710017960496,0.15414291915561135,high
2025-03-16,-0.3039924139649772,-0.6900799070110425,-1.2105810437689664,-0.8466114555200639,1.3660266869657787,-0.03815090217087036,0.9059655454250638,-1.7240861160502308,-0.8466114555200617,0.38346255081760183,-0.32249725790846484,-0.5457329962808948,0.1533930553147836,high
2025-03-17,-0.20224934938652928,-0.7126547439022374,-1.1126634098063968,-1.078716838926579,1.2357452000807796,0.00015862259464804866,1.022655565395318,-1.8549286073800397,-1.0787168389265758,0.41755921110747624,-0.3447249408991101,-0.6256651367630296,0.12977300372616596,high
2025-03-18,-0.34180905785032883,-0.7413740306581744,-1.1545298901142973,-0.8790045867626282,1.2549672686069016,-0.02458120712189237,1.0018035703563715,-1.8268746187531888,-0.8790045867626259,0.45780352128358015,-0.3857364597312737,-0.62523864726514,0.20934260101393795,high
2025-03-19,-0.4691029050598164,-0.7978667997966894,-1.0257827307757024,-0.7592984318539716,0.994060607552756,-0.06922672924685079,0.9279095800955192,-1.7336452270439355,-0.7592984318539695,0.4481136890343427,-0.38794231501787846,-0.5917526837583252,0.23493235940858617,high
2025-03-20,-0.7372491789397784,-1.009447885293403,-1.0096834193840072,-0.6979013568439528,0.8704053049561619,-0.1401859124863231,0.9489226987999575,-1.842566107888575,-0.697901356843951,0.42368541294519746,-0.3650233833695913,-0.5554629597617464,0.22426541462295266,high
2025-03-21,-0.9260966693713157,-1.1837651161510392,-1.0394609121642682,-0.7072704114621547,0.8483401921550995,-0.19777704251368192,0.9432563363421693,-1.881725775668095,-0.7072704114621526,0.3990080892483435,-0.3502202983808926,-0.533099272012706,0.20774586164726874,high
2025-03-22,-0.9226155105158131,-1.1792862307568772,-1.0356578539976256,-0.7055863741797006,0.8448978942988329,-0.1893616412621218,0.958213558627485,-1.8651334713991135,-0.7055863741796985,0.39832059504195977,-0.34927256919595034,-0.5320706484506038,0.20710182804600366,high
2025-03-23,-0.9191481378083941,-1.1748335829356504,-1.031873725144027,-0.703905428802464,0.8414650262191972,-0.18077760446621288,0.9735918961579716,-1.848860188121705,-0.703905428802462,0.3976334744569544,-0.34832534093952205,-0.5310430429669865,0.2064579172164709,high
2025-03-24,0.02837355146879545,-0.7041414379619214,-0.9687005706832938,-1.468671884955358,1.0895956480639086,0.10646378882360386,1.0264703753663962,-1.5395857900272876,-1.4686718849553542,0.20623735108466953,-0.14409488090444952,-0.49690280786166563,-0.14647036993436652,high
2025-03-25,-0.0313474138041158,-0.6371656811874449,-1.00153043874677,-1.222069856027626,1.1210492160315586,0.10601836369215677,1.2962949922368134,-1.9503605732960096,-1.2220698560276224,0.24245334070482183,-0.19401752172655437,-0.4832271877132751,-0.04888058819073525,high
2025-03-26,0.9065602447684621,-0.29468627095579686,-1.002266506835315,-2.207519925372331,1.4641313429503695,0.2492857031612399,1.3113900379692842,-1.769084361632134,-2.207519925372326,0.2791762433872376,-0.24158398777145576,-0.7189872465667686,-0.19816631641520893,high
2025-03-27,0.7306799177027791,-0.4058203895750325,-0.9953040317082943,-2.099154973051332,1.3865246667079039,0.1717224001370074,1.2690617283450618,-1.7708461815076528,-2.0991549730513266,0.33263887628681676,-0.28230476921241227,-0.7510205158902482,-0.13821449419460216,high
2025-03-28,-0.7750046530977113,-1.080485514052679,-0.9861570782631655,-0.7628695603042407,0.8254382029001118,-0.11920261536302648,1.2924780010209047,-2.1159038997469475,-0.7628695603042384,0.24601077696745546,-0.21983244228316093,-0.3955799766591872,0.06572477622111901,high
2025-03-29,-0.7719634122756809,-1.0767092272652112,-0.982978216169077,-0.7610006815729691,0.8220471892231046,-0.10894114340134894,1.3129410653106222,-2.093486367904081,-0.7610006815729671,0.2458307457282806,-0.219235055654811,-0.3950713604395823,0.0654276336559512,high
2025-03-30,-0.7689321047088834,-1.0729552478174116,-0.9798214024506456,-0.7591357563995554,0.8186647654536757,-0.09835552573389748,1.3341010542935068,-2.0716143126534887,-0.7591357563995536,0.2456507345622958,-0.21863779539975645,-0.3945629641829884,0.06513049520511402,high
2025-03-31,-1.1664018510114018,-1.388678003558451,-0.8306699300747233,-0.6834667053401814,0.4577218117522887,-0.16419165638787206,1.4506479306689701,-2.2682969888402584,-0.68346670534018,0.3519410788121726,-0.31886900213729025,-0.48333794648436146,0.1793886150311347,high
2025-04-01,-2.676206859253068,-2.3919399839582205,-0.7482101463241719,-0.0032419782001996567,-0.17898270763241728,-0.40924321445803585,1.5239455017779464,-2.575127741867403,-0.0032419782001996975,0.2775401606552409,-0.250733330407329,-0.2725004323889206,0.2475627544456545,high
2025-04-02,-2.2606626823065152,-2.130764212264884,-0.8159650719243771,-0.2192018121706377,0.04877434380198493,-0.2632329955871827,1.498320509017344,-2.332306457181937,-0.21920181217063733,0.18729993035827075,-0.1605209396246218,-0.2279055028670525,0.11520350751089996,high
2025-04-03,-2.0168342183137264,-2.0040934538677737,-0.6648099358739691,-0.40089733717173476,-0.06152527801730306,-0.29606022348604355,1.619275079096462,-2.4737817556249198,-0.40089733717173354,-0.010655232882657082,-0.025725695988041305,-0.07087979645905046,-0.05447230952699416,high
2025-04-04,-2.315115541574982,-2.199473210416597,-0.621696664697211,-0.2603722589624743,-0.21869978041393717,-0.3155187665679778,1.6692372567016012,-2.498673228015017,-0.26037225896247357,0.22945464151900213,-0.3281958708088667,-0.277541847042797,0.2729877724969159,high
2025-04-05,-2.300473687849666,-2.186201985296666,-0.6186364775200965,-0.2595250902235664,-0.22094442085703447,-0.3079375797178004,1.692694740050543,-2.4617409005238255,-0.25952509022356574,0.2294482308646312,-0.3275732231660811,-0.27735482876968476,0.2725534284999651,high
2025-04-06,-2.286072065176552,-2.173131871140719,-0.6155779955681017,-0.25867817305611496,-0.223196539199471,-0.300239168743208,1.7169407354571558,-2.426127241554073,-0.2586781730561144,0.22944182023707058,-0.3269508242178599,-0.2771678348773591,0.27211919360516107,high
2025-04-07,-2.2673721745666358,-1.9625944780438933,-0.6389206063913623,0.13271749210149134,-0.1921663961917808,-0.2133500026258455,1.72374169284259,-2.3029338749443777,0.13271749210149097,0.220152188272147,-0.30438294639597363,-0.1886794444845819,0.3278087246902643,high
2025-04-08,-1.953471460981,-1.710064210969314,-0.8408414827695069,0.07746805479558386,0.17476294549416926,-0.17209752680178098,1.604592868020774,-2.0753774945314714,0.07746805479558351,0.07351705928746384,-0.24722283429141795,-0.056283095231343616,0.2602010126771,high
2025-04-09,-1.909302398970508,-1.6329801531773827,-0.7868229620537229,0.15432931979561065,0.11682296303789003,-0.28770889938025296,1.668096888396761,-2.1945558791412867,0.15432931979561015,0.330700416726026,-0.33393481200542513,-0.29256852401709793,0.36136193816675766,high
2025-04-10,-2.0967615109923825,-1.764840340762383,-0.7560721548317837,0.2278874552833294,0.007446137687119967,-0.366056722991276,1.671737845461264,-2.24987133170395,0.22788745528332893,0.26065260097985415,-0.2917140263049773,-0.20905924715223723,0.3342145313011956,high
2025-04-11,-1.7022444167684712,-1.3793039893565673,-0.780739275387398,0.2922385598093877,0.18112626863200143,-0.3699937940350482,0.23182273781175905,-0.5610752374041346,0.2922385598093868,0.41292806522276915,-0.42425190956543407,-0.3451773299161303,0.47822128908704936,high
2025-04-12,-1.695642430882501,-1.3739191287127996,-0.7775575952836894,0.291115680902963,0.17878135941593323,-0.3728302356224814,0.2302174201099107,-0.5609487258848777,0.29111568090296236,0.41232971896456666,-0.4232104373349961,-0.34485079347645065,0.47693864449125084,high
2025-04-13,-1.6891174458510192,-1.3685752250903283,-0.7743840740905025,0.28999319028372755,0.17643226092465622,-0.37567805601931314,0.22861284110690355,-0.560822234685365,0.28999319028372683,0.41173167916733805,-0.4221697369514186,-0.3445243427863626,0.475657231865722,high
2025-04-14,-2.009494937746476,-1.685010669970787,-0.7173957782021672,0.23185989738630336,-0.014623145933104762,-0.5014596362925072,-0.05568988802386814,-0.324272973721587,0.23185989738630264,0.3012522883900566,-0.3092700952501365,-0.24810358523429635,0.3523097900981676,high
2025-04-15,-1.8911963255813464,-1.5783977989468796,-0.7476932387612356,0.23306859073439892,0.06564490572928176,-0.5559658034420235,-0.33400640274721627,-0.03916919766086236,0.23306859073439842,0.4298280467710675,-0.41810395145659845,-0.37385390836512267,0.46025899395339004,high
2025-04-16,-1.468920356668783,-1.400086652937184,-0.7362611376913181,-0.16867497856201286,0.20242383898573804,-0.44998161180797847,-0.32731764465601515,0.035840843763225695,-0.16867497856201247,0.4221076913963129,-0.4137289424480585,-0.44772506365377424,0.3759548133401968,high
2025-04-17,-1.3725452672168856,-1.3160566949999,-0.6762423650208128,-0.1727614597105157,0.15744533291655477,-0.43483287958383027,-0.4349005927917938,0.17481492754670563,-0.17276145971051504,0.4149687814071677,-0.3894634597991122,-0.441529813142729,0.35114402425530256,high
2025-04-18,-1.367112029648776,-1.3104663542168191,-0.6731791998628698,-0.17040392261093276,0.15440781971477135,-0.40634403543111575,-0.43371352365230376,0.1960103037940809,-0.17040392261093204,0.38698784700922334,-0.36196743229257133,-0.41356167203691435,0.32447661547280776,high
2025-04-19,-1.361858035592742,-1.304967450991556,-0.6734501412902979,-0.1681923539232662,0.15574588823421026,-0.4082223942866714,-0.4325277305889873,0.1936558384157882,-0.16819235392326573,0.3868264697366029,-0.36154828038000636,-0.4128738163072407,0.32458306938085374,high
2025-04-20,-1.3566381209366516,-1.299503959508423,-0.6737211880968362,-0.16597733580638047,0.1570858270460854,-0.410105437590278,-0.43134320761183403,0.1913012667992981,-0.16597733580637997,0.38666511737268183,-0.3611292703157075,-0.4121863505348405,0.32468953373716364,high
2025-04-21,-1.4834723703387334,-1.4246378100555834,-0.6663006872777655,-0.1881943842099207,0.10033683489805761,-0.4797070819701386,-0.424969503189224,0.13042271474632944,-0.18819438420992013,0.3962099931674997,-0.3830624337311475,-0.4259294479397774,0.34209275969666575,high
2025-04-22,-1.4485378797820125,-1.368526939083717,-0.7648605083803538,-0.1361405210635551,0.24169860418722316,-0.31544525242559873,-0.33542003166482465,0.15233170759071774,-0.13614052106355504,0.28035944446473277,-0.26040541482719126,-0.301889335362224,0.2310124437964625,high
2025-04-23,-1.2831771641801453,-1.2107096515371043,-0.7353417831551649,-0.11617615802879637,0.26300669622324563,-0.3074671487356691,-0.0346517092184433,-0.19658025535453463,-0.11617615802879593,0.27178844842118405,-0.22113993672788138,-0.2894358321671,0.1961002769837797,high
2025-04-24,-1.0904522345722738,-1.106800033281861,-0.6559295795592205,-0.25727377867934004,0.22837144851117272,-0.3003702003802113,-0.08661868151569066,-0.12945381500374975,-0.2572737786793394,0.36567116396716576,-0.32968010048948587,-0.40963113372464494,0.2757987648750419,high
2025-04-25,-1.1217045739536318,-1.1418889882856986,-0.6299722359151932,-0.2709750755409837,0.18294104121495444,-0.32543750249456727,-0.21310381933041883,0.0011346032518493366,-0.2709750755409832,0.39773917963879374,-0.3776295656772479,-0.4436077638595312,0.3207430212568856,high
2025-04-26,-1.1172954579426044,-1.1373492432978949,-0.6291233192312732,-0.2684869167953283,0.18332715741506578,-0.3281339564786308,-0.21270711052718386,-0.0010516223958758264,-0.2684869167953277,0.3983089772666322,-0.3778139075186938,-0.44348298098710637,0.321574875557123,high
2025-04-27,-1.1129079937683666,-1.1328327148891544,-0.6282752504918887,-0.26599506740856593,0.18371337880942004,-0.3308401579857492,-0.21231048412202846,-0.003240510568132557,-0.26599506740856527,0.3988791670619563,-0.3779982852079267,-0.4433582148720394,0.3224075368685244,high
2025-04-28,-1.182823116840766,-1.1876746020725162,-0.6562096736297657,-0.2476814119317607,0.19433874923838582,-0.3517631258443185,-0.4051752016283759,0.20991266238569212,-0.24768141193176024,0.46267095349600706,-0.44011893489864734,-0.5018695255456679,0.38781053525563774,high
2025-04-29,-1.2222475647639486,-1.199313599187678,-0.8980036187601811,-0.1964614214863053,0.5121335948781053,-0.39590802131615815,-0.6141873776056211,0.4252268868092248,-0.1964614214863049,0.43141231008457837,-0.4178079371553352,-0.46088895228055754,0.37593337011625494,high
2025-04-30,-1.2024966973899802,-1.2092694370737185,-0.8704114881771492,-0.25206587910110834,0.48029337069397715,-0.42997114963240596,-0.9616283249823429,0.8141210755539058,-0.25206587910110767,0.3817261680232809,-0.3972677764308784,-0.4232862883403678,0.3447430258166752,high
2025-05-01,-1.1145150777574404,-1.1182002589925122,-0.9954876200050009,-0.22700222858585448,0.7005238714457945,-0.4194623965299815,-1.1731071114905298,1.0765056582112191,-0.2270022285858539,0.34675165286974474,-0.356447553175648,-0.38400201689181535,0.30925372487738334,high
2025-05-02,-1.0425679691329883,-1.0755296003550385,-0.9366683856950055,-0.2730655658511107,0.6401747268440875,-0.42315674684115,-1.1286203516426894,1.023108456977254,-0.27306556585110997,0.381025906801112,-0.3337034238054663,-0.42655248424243775,0.27769638081610426,high
2025-05-03,-1.0386239740627605,-1.0712575261533117,-0.9359641678187255,-0.27118636720944594,0.6410842305996413,-0.4253547606601269,-1.1214139951242348,1.0152647292402444,-0.2711863672094453,0.38151417105921576,-0.33391657906779554,-0.4265551773558056,0.27834765904926206,high
2025-05-04,-1.0346969537715924,-1.0670048394592326,-0.9352606635550932,-0.26930654936665815,0.6419949872009202,-0.427559485804194,-1.1142720622734672,1.0074857992062518,-0.2693065493666575,0.38200271120085627,-0.3341297788459347,-0.4265578704770452,0.2789993722996979,high
2025-05-05,-1.1971647424807685,-1.149244640318134,-0.8589033871944122,-0.13410565624350126,0.4668907743514018,-0.4807767008704575,-1.05573603190512,0.8996608326612177,-0.1341056562435009,0.3786160738030593,-0.3070482608667948,-0.3962476460364379,0.2787258294294251,high
2025-05-06,-1.397314376063017,-1.2167195805281366,-0.8335740587000243,0.1041697735974333,0.35340204996726404,-0.5564380612680998,-0.9899625859644943,0.7660959821757868,0.10416977359743329,0.4640078944751973,-0.40461260738910965,-0.43211950771729146,0.42252547184146383,high
2025-05-07,-1.2440449951455894,-1.0812897970561441,-0.6938196520678725,0.09867537166986728,0.2204100477609313,-0.5261572251448058,-0.8829270992174156,0.6625657574930279,0.09867537166986716,0.5221811284493972,-0.4407905938206752,-0.4899442122322743,0.45743180360519203,high
2025-05-08,-1.1579572519814458,-0.9347844503275993,-0.6992952084091,0.24254143247195603,0.2596941329239665,-0.5026282459837781,-0.8592671434153761,0.6537554468794544,0.2425414324719553,0.4894688641951774,-0.3966706270752294,-0.4293951044134183,0.4418521523880499,high
2025-05-09,-1.395422929498452,-1.122540053268332,-0.7408801683795359,0.30335133687818766,0.22528728328243666,-0.5815333342642112,-0.9256442793779905,0.6760041473546557,0.3033513368781867,0.44546950341612473,-0.3552968691508371,-0.3743653641806974,0.41267890937357493,high
2025-05-10,-1.3893728964524645,-1.1180865036577006,-0.7406775193072361,0.3039711254287105,0.22661455224905663,-0.5833788990505735,-0.9209136016046272,0.670970873341997,0.3039711254287099,0.44562580018328574,-0.3554171579881089,-0.37438490522338785,0.4129323709133235,high
2025-05-11,-1.383366160625767,-1.113654854639342,-0.7404749280623275,0.304591322607032,0.22794388990926703,-0.5852295325992887,-0.9162105313670483,0.6659564050560264,0.30459132260703126,0.44578212534684786,-0.35553746115603424,-0.3744044466454324,0.4131859055610807,high
2025-05-12,-1.0917490643794108,-0.831259155547383,-0.6997976856706543,0.34132290502139706,0.28375604479552047,-0.5109272198574443,-0.8856683162080553,0.6868952451561117,0.3413229050213962,0.41847664279154045,-0.29971739847407375,-0.3404603438465439,0.36491666462707456,high
2025-05-13,-1.1870430224541924,-0.8120568765618534,-0.7511254800722535,0.5647005157782065,0.31699725510980686,-0.5418924455122734,-0.9096156986844461,0.6935676930207205,0.564700515778205,0.44216746871650714,-0.32681188669117966,-0.3192015083550719,0.4356887045750561,high
2025-05-14,-1.114950784128215,-0.7497922443491891,-0.7336990711917466,0.5591792318529213,0.32063385491398,-0.5411847214788656,-0.860858644383795,0.6358803586021234,0.5591792318529201,0.47635415038592255,-0.35004552540059836,-0.35363280957866344,0.45771587567703775,high
2025-05-15,-1.4191383135627513,-1.0012074056388847,-0.8256789519043242,0.617842810666501,0.32952543701042797,-0.6303836577813611,-0.9198496603801453,0.64128253528828,0.6178428106664995,0.42039263711403124,-0.30477081076056967,-0.2873697513027604,0.4242423250908563,high
2025-05-16,-1.3919041884524064,-0.9258034679403486,-0.7498641097317579,0.7266623217673804,0.2351238077309496,-0.6150800986769916,-0.8653406701753381,0.587653889914456,0.7266623217673787,0.4281039587188933,-0.30146869938466625,-0.27324772317760654,0.44234465924537764,high
2025-05-17,-1.3857729634435147,-0.9221663705010317,-0.7493008957579324,0.7257677821818083,0.2362997538020273,-0.616435326891272,-0.8632013607636742,0.5849405468173979,0.7257677821818067,0.4280491545366157,-0.3015315914194227,-0.2733347128951008,0.4422646829555314,high
2025-05-18,-1.379685696280222,-0.9185416339372997,-0.7487381133606678,0.7248742703021586,0.23747727144422612,-0.6177932499623454,-0.8610683138378608,0.5822343060475494,0.724874270302157,0.4279943535688488,-0.3015944868363083,-0.27342170866310905,0.44218471362252515,high
2025-05-19,-1.1986484843670757,-0.8059066472842149,-0.7993078352494352,0.6154257426991203,0.37806872342321285,-0.5885298142549256,-0.9019713816723584,0.654569461864774,0.6154257426991186,0.3960882558248824,-0.26696248594869804,-0.26403615137971803,0.386282242549627,high
2025-05-20,-1.3862158643304268,-1.0303431449653389,-0.8448995717170911,0.5098437073332068,0.36823285710261555,-0.6562448755842106,-1.0074710890813638,0.7331797553796005,0.5098437073332057,0.4253512565373512,-0.2850069761119217,-0.31358471609897176,0.3834820144933444,high
2025-05-21,-1.2942987776959045,-0.8684243743195199,-0.8197817506914793,0.6736675723152364,0.3691518215172246,-0.6275067541948784,-1.008903340017514,0.7573704835307608,0.6736675723152348,0.4150582679681285,-0.2782761866498277,-0.27093185429438954,0.40900632570563067,high
2025-05-22,-1.0873530013477637,-0.7312323173623312,-0.74700975452987,0.5639625362521193,0.34884672501114006,-0.5694600747136528,-0.9499122197413224,0.7300321827146433,0.563962536252118,0.4326964321434583,-0.29967021734921,-0.3099586774118689,0.4087195885573339,high
2025-05-23,-1.3658617255943042,-0.9359912269314604,-0.8418943115334597,0.6754543607395247,0.37233457011328297,-0.6361444565151458,-1.0052344705503649,0.748822479630363,0.675454360739523,0.39757367441275315,-0.268381317080973,-0.2534805779643154,0.3995585889222678,high
2025-05-24,-1.3599280270551537,-0.9322682000931577,-0.8408977368368278,0.6751661018164918,0.3732834661132644,-0.6369609934521135,-1.0019289278772512,0.7453236834327887,0.67516610181649,0.39750433384617156,-0.2684018635886851,-0.2534610415697038,0.3995344762606261,high
2025-05-25,-1.354035503770751,-0.928557949313478,-0.8399025167128772,0.6748779545596248,0.374233515193201,-0.6377784875385095,-0.9986383892910015,0.7418387935985309,0.6748779545596231,0.39743499812994043,-0.26842241041761994,-0.253441505445167,0.3995103641964131,high
2025-05-26,-1.3481835645859415,-0.9248603209514967,-0.8389086470185187,0.674589918862395,0.37518472163484196,-0.6385519934018538,-0.9958086739122732,0.738766884971114,0.6745899188623933,0.397365667262745,-0.2684429575678085,-0.2534219695906792,0.3994862527295729,high
2025-05-27,-1.4775094040165004,-0.7890660990527453,-0.7693801506742726,1.2088861856830335,0.22606373246294856,-0.6854142781178202,-0.9469810950757113,0.6457947828562235,1.2088861856830306,0.39717314063320514,-0.2639751505350466,-0.14654803490077606,0.5003813441203997,high
2025-05-28,-1.6678534068708863,-1.04711135774175,-0.7916568343437204,1.0447509111133124,0.18051049728736138,-0.7487303455564241,-0.9596183147582822,0.61539891572796,1.04475091111331,0.3815082382245185,-0.24605782593659986,-0.16379603650869518,0.45041194501602655,high
2025-05-29,-2.1471438798344344,-1.448317596001423,-0.8834501003384663,1.1475542083255599,0.11170997004533484,-0.8987985368644396,-1.0442890777924407,0.6089349808582437,1.147554208325557,0.41250000249064145,-0.2842619502159633,-0.17325779861636914,0.5088460020333764,high
2025-05-30,-2.173172095907979,-1.4522354932764818,-0.800648922315176,1.2011984371881401,-0.014238523967181392,-0.8974408899743948,-1.0078668066686503,0.5665605045478634,1.2011984371881372,0.41510813257724644,-0.2944379537811982,-0.16479009311908258,0.5297787685836315,high
2025-05-31,-2.1585005776769663,-1.4456907338061142,-0.7997958632411754,1.1978130680582117,-0.012747224358308409,-0.8961878229621506,-1.0048751113583458,0.5647587057256674,1.1978130680582089,0.41506415027115867,-0.2945500168066887,-0.16512264001114815,0.5294668870683292,high
2025-06-01,-2.144055405530316,-1.439196421647864,-0.7989437904625529,1.1944426536734545,-0.011254321073323574,-0.8949370078265367,-1.001895843930901,0.5629603568121431,1.1944426536734514,0.4150201699964422,-0.2946620906106612,-0.16545525715063117,0.5291551187923138,high
2025-06-02,-2.009775879958588,-1.4997909301863905,-0.9142529003825854,0.8160029708933255,0.20083777822693533,-0.8860911626212017,-1.092721786650028,0.681529583500219,0.8160029708933234,0.47005529908646415,-0.3451479388660505,-0.29507899356158945,0.5043952370079167,high
2025-06-03,-1.8578475311793985,-1.2098525854039772,-0.8359070967810988,1.1274969950693303,0.15222672394811942,-0.8807602758992373,-1.1078331090045268,0.7050797723120104,1.1274969950693274,0.47138899787540833,-0.34285859666931046,-0.2336075670086218,0.5640069801632354,high
2025-06-04,-1.7850545100494506,-1.2465136793556653,-0.8091653611695269,0.9159467732185055,0.1438552153607491,-0.8601367702820666,-1.086184691876478,0.695032859359411,0.9159467732185032,0.45043533458278645,-0.3315757595166435,-0.2555973331701556,0.5109139371278414,high
2025-06-05,-1.7763305864246426,-1.2670548438205809,-0.857388073547169,0.8638697555582396,0.21353041961585065,-0.8369712789851471,-0.9307171466664383,0.5227506417230315,0.8638697555582373,0.4304157588621478,-0.3214548825019017,-0.24649758872531835,0.49055547761450036,high
2025-06-06,-1.5885906873331495,-1.041106347528611,-0.9234153598087489,0.9692963984001296,0.38738163117681423,-0.7795488539587841,-0.9239335707030237,0.5573802530214239,0.9692963984001272,0.44291197440782887,-0.3001429340665431,-0.23745086908736335,0.49036204187496674,high
2025-06-07,-1.580884150935336,-1.0369769164745897,-0.9221205846940371,0.9693572695901376,0.38808914488184804,-0.7789430631014178,-0.921624992445065,0.5557024410395395,0.9693572695901354,0.4427170387873682,-0.30008491025860295,-0.23727517587372512,0.4903042041850889,high
2025-06-08,-1.5732469008190608,-1.0328650814463058,-0.9208281144071371,0.9694181463570793,0.38879727552845317,-0.7783377928680554,-0.9193238181823239,0.5540276256108965,0.9694181463570771,0.4425221431918156,-0.3000268891596051,-0.23709950114244963,0.4902463704166716,high
2025-06-09,-1.707740780612443,-1.1651931499729347,-0.9311359482155604,0.969088853725201,0.3453076995900367,-0.780998153328939,-0.8814085640057765,0.5063792213194642,0.9690888537251985,0.4358923451927842,-0.292805100421621,-0.23071564595018026,0.48300195598930384,high
2025-06-10,-1.5959104256346834,-1.0358935178228676,-0.8986523886209526,1.0216435469656953,0.3449542022753934,-0.7444417206339902,-0.8976162208724654,0.5547876932300128,1.0216435469656928,0.4537995314529619,-0.3100006353613469,-0.2375763228883638,0.5105494781832636,high
2025-06-11,-1.6421540600628788,-1.0838489109769167,-0.8654967506282377,1.0211368736183595,0.276175597371572,-0.7341543642066608,-0.647426249603157,0.25645225190841736,1.0211368736183566,0.45504883651866984,-0.32670019759053376,-0.23888064269567327,0.5270421290488052,high
2025-06-12,-1.987924897682972,-1.4979011676262577,-0.9347414389194223,0.8626347921488311,0.22511976060223646,-0.8172595352476043,-0.4765853449263388,-0.013557927076096847,0.862634792148829,0.4464881586817041,-0.33539597410430544,-0.26253569665368526,0.5041125561123806,high
2025-06-13,-2.0805238409955193,-1.5195158367922104,-0.8879823119762553,1.0162903639004497,0.11493096868112307,-0.8501178885671973,-0.4451864507069113,-0.07589350894296318,1.016290363900447,0.46830158969207697,-0.3562837910646215,-0.25308620127435144,0.555193594620801,high
2025-06-14,-2.067221705259457,-1.5124685125525503,-0.8868496750552732,1.0181102438429581,0.11587631070841219,-0.8505384915295496,-0.4443259628856852,-0.07700078960520888,1.0181102438429555,0.46775140320192177,-0.3558609139243488,-0.25244618034735683,0.5549080222271586,high
2025-06-15,-2.054109403994244,-1.5054798482400205,-0.8857188015309473,1.019935421008921,0.11682235470277703,-0.8509593607650462,-0.4434662027067679,-0.07810868550621347,1.0199354210089184,0.46720151590608794,-0.3554381785306768,-0.25180633520234363,0.5546225483148701,high
2025-06-16,-1.897572159735283,-1.4065299451139657,-0.8955893118859312,0.9205761575684187,0.196979119442744,-0.836012976002345,-0.42292019600407754,-0.09219218579031578,0.9205761575684165,0.46381775677509035,-0.31809814407082726,-0.2687197096999881,0.4976793699210531,high
2025-06-17,-1.8440168813994664,-1.3339638571268277,-0.9502558070529515,0.9737000983559873,0.29855780266590365,-0.8371847251528511,-0.4724677450122617,-0.031812533337980835,0.9737000983559847,0.4120670028550586,-0.28434986243313415,-0.20759858125987046,0.4746065906464,high
2025-06-18,-1.8888710679484289,-1.382562277109713,-0.8569517707706158,0.9737169621627334,0.1416716622685935,-0.8604124836381123,-0.3693799537001553,-0.17561444218091157,0.9737169621627306,0.45261252213750713,-0.3227160542413776,-0.24726316664430495,0.5126561927853152,high
2025-06-19,-1.8782374884326598,-1.3765025517273601,-0.8561046043806679,0.9752521317461206,0.14270102552440883,-0.8546166774037673,-0.3684503208875621,-0.17260563715029012,0.9752521317461181,0.4564942524997021,-0.3195127736514759,-0.2508952150919657,0.5096877404906248,high
2025-06-20,-1.8265576813900957,-1.3307616903330148,-0.8404346427263932,0.9724329833783218,0.1411114545625514,-0.8433633122023991,-0.38774147917089896,-0.14057147294236902,0.9724329833783191,0.42739087939244286,-0.32024408704217017,-0.22317436289156037,0.5096535528524405,high
2025-06-21,-1.8164348694130767,-1.325496561805167,-0.8396093150999839,0.968582055083089,0.1426061177233406,-0.8431944912813272,-0.38662187334959647,-0.14180123198581454,0.9685820550830861,0.42717680753991893,-0.3200432456281753,-0.2238672355833534,0.508533315563058,high
2025-06-22,-1.8064278040071275,-1.320265097011583,-0.8387849309209546,0.9647454678569349,0.14410319996570484,-0.8430257123401086,-0.3855032866987976,-0.14303205487882747,0.9647454678569325,0.42696278235624274,-0.31984243628868025,-0.224560554014452,0.5074141856920635,high
2025-06-23,-1.8341172500455514,-1.376943509544764,-0.6870807609056104,0.908354993936356,-0.07723775611783266,-0.8534496716840242,-0.2896392172973691,-0.26910662067955005,0.9083549939363533,0.40924200483486434,-0.3268004486607034,-0.21865806556804754,0.5030257057968814,high
2025-06-24,-1.5736581809718164,-1.1228742546977115,-0.7095276708812132,0.9066358318213007,0.06418839418964577,-0.7921203444797887,-0.1465313607057451,-0.40072927238105754,0.9066358318212984,0.5394810135875096,-0.45141126987712854,-0.3466831357764316,0.6260172564881565,high
2025-06-25,-1.503506325570709,-1.106903884039503,-0.8219077017087294,0.7966884737619502,0.2512809636054653,-0.7580959654372937,-0.20444506131340134,-0.3042158051345607,0.7966884737619481,0.45358271615822365,-0.4065831255921733,-0.2847939858912247,0.5597124867501571,high
2025-06-26,-1.5169724764210497,-1.1231349053356379,-0.8391756474084789,0.79336861425426,0.26960922414913274,-0.7697581435148698,-0.23676454015144396,-0.2729146948368697,0.7933686142542579,0.44837929976208973,-0.4013350143343653,-0.2805972242717135,0.553600207752917,high
2025-06-27,-1.2540706013668534,-0.942058521364027,-0.7719418126205403,0.6279597926581844,0.29003047135693605,-0.6849260928246257,-0.1960360788882258,-0.26090070655149566,0.6279597926581826,0.5155442755578735,-0.45236044047155033,-0.3797385333301612,0.5714338483794359,high
2025-06-28,-1.2489042695648174,-0.9385610874122268,-0.7715384019947285,0.6251419006197387,0.2919124629671094,-0.6849919835666681,-0.19595251474649353,-0.2610426982571836,0.625141900619737,0.5150562982558424,-0.4518277869877786,-0.3800121116249057,0.5701743726485248,high
2025-06-29,-1.243768959175237,-0.9350761772198807,-0.7711352191099571,0.6223274049681464,0.2937995886414295,-0.6850578804209108,-0.19586895444077226,-0.26118470539181365,0.6223274049681449,0.5145685812741408,-0.45129540661618084,-0.38028577132812263,0.568916427783098,high
2025-06-30,-1.3247962816390373,-0.9910668349057867,-0.9205807389312647,0.6743063938724613,0.47909001643028376,-0.7249909767275371,-0.34215404597179916,-0.10986762449625531,0.674306393872459,0.4672789846882475,-0.4127751777283687,-0.3237129346387473,0.5407669533343268,high
2025-07-01,-1.4961327309512922,-1.1364437269817955,0.6525430413927641,0.72586464173829,-1.3364479213838902,-0.7636941262819351,0.742207466634412,-1.4731084323631376,0.7258646417382877,0.4162469896556921,-0.36987319286804754,-0.26351877142499197,0.5082069218856778,high
2025-07-02,-1.4807086007011507,-1.1228533191683847,0.5976706904194777,0.7231372069187362,-1.2855113945562333,-0.7497673007784623,0.6917453745432612,-1.3966006606519488,0.7231372069187341,0.4078984504889326,-0.3821176134826799,-0.255939098487312,0.5197042429126842,high
2025-07-03,-1.304095932068435,-0.9503580739673835,0.6680714342002975,0.7204104020258102,-1.2820428836961637,-0.7232456162136758,0.5796646314985384,-1.236814381843657,0.7204104020258083,0.40661604433137455,-0.2950817427221334,-0.2552224744322349,0.43298836317203865,high
2025-07-04,-1.2987486947106284,-0.9466147014561919,0.6653703383891616,0.7177318119089015,-1.2769480023836597,-0.7145443377366725,0.5768993555830527,-1.2244552501419868,0.7177318119088996,-0.12180826926790402,0.21813887045125976,0.26280415487011594,-0.07560812456641422,high
2025-07-05,-1.2933695660473745,-0.9428811764391634,0.6625085614945023,0.715299260844245,-1.272318546960734,-0.7140301700480988,0.5741412688540349,-1.2181066697287177,0.7152992608442431,-0.12108130349985745,0.21745698432443047,0.26166096832086944,-0.07536368087028263,high
2025-07-06,-1.2880249052410162,-0.9391608729497336,0.6596511397570507,0.7128719577629706,-1.267722642244951,-0.7135163678974655,0.57139029961437,-1.2118113643555206,0.7128719577629686,-0.12035433529866671,0.21677524135362528,0.2605180544551753,-0.07511924333177504,high
2025-07-07,-1.332417017131767,-0.9350389378410793,0.711149372569673,0.816745870324366,-1.3232938841450153,-0.702229213550327,0.5911984870656761,-1.2250731723786799,0.816745870324364,0.4142644049048219,-0.309676999210075,-0.24329088477301344,0.4664553150238485,high
2025-07-08,-1.2681969578614245,-0.8730774999770817,0.7460302997133896,0.8143640195314008,-1.3287896106766968,-0.660009521151018,0.5839064728123328,-1.1833409767826715,0.8143640195313983,0.4034453268514453,-0.30306856434906937,-0.23311507072726534,0.45945601239078965,high
2025-07-09,-1.431350865051613,-0.9867276372354877,0.8013821080627458,0.918152451240989,-1.424132586397384,-0.7068317886547887,0.8763382849151845,-1.5663692234397657,0.9181524512409867,0.44740521967093383,-0.3696705505098979,-0.2554814605905002,0.5456850961611627,high
2025-07-10,-1.3943328084630207,-1.002377740942782,0.6642936325323688,0.8080928697810248,-1.303476473526606,-0.5925655886989709,0.8096344224922746,-1.3999392413986924,0.8080928697810225,0.4484051061684446,-0.36911941979730717,-0.27847542554544025,0.5235652545321268,high
2025-07-11,-1.5459104810265156,-1.10590140325125,0.511139057323361,0.9099724757963509,-1.229647918357068,-0.6265378472507223,2.7858180676513755,-3.754314879685775,0.9099724757963487,0.3515798143180998,-0.27029158930094105,-0.16292861691083338,0.4457697002746493,high
2025-07-12,-1.5387335781353337,-1.1015170664807474,0.5086035801200026,0.906605856519928,-1.2251644645653557,-0.6267387533695903,2.7327227728841494,-3.64124982941018,0.9066058565199255,0.35135626741988835,-0.2699276469396687,-0.16332681306135743,0.4447711871002767,high
2025-07-13,-1.531618165098304,-1.0971537114918533,0.5060694152765081,0.9032505430408686,-1.2207110103145762,-0.6269397148956736,2.6821175017351866,-3.537008325083843,0.9032505430408662,0.3511327634109769,-0.2695637843521278,-0.163725113853646,0.4437734528897396,high
2025-07-14,-1.356327323245371,-0.9007934440188565,0.5966716789952817,0.952796732056393,-1.2346013957291138,-0.5927525178713244,2.1977076733196066,-2.924368399587837,0.9527967320563905,0.31245857656658244,-0.22900783846245792,-0.11570284499191225,0.4134271351413665,high
2025-07-15,-1.2579374460825543,-0.8044042731740243,0.7657609953835351,0.9507341272429413,-1.3345680065308099,-0.6175727428082856,2.119890072359811,-2.8268991137967188,0.9507341272429386,0.4759489871016489,-0.37839375027063527,-0.2767029276139573,0.5607610564583642,high
2025-07-16,-1.3948925626992428,-0.9186275518063438,0.7491148882817826,0.9984317269425527,-1.36541997562907,-0.7071361287056422,1.3128224447552435,-1.9478136103277672,0.9984317269425498,0.4468013205345658,-0.35668263450005605,-0.2383928730203464,0.5486791881637171,high
2025-07-17,-1.3323276395635533,-0.882757802585579,0.7053816011723233,0.9430751990945286,-1.30872334372934,-0.7032276812011363,1.2961682771743137,-1.9175400232883189,0.9430751990945258,0.4447219941495158,-0.3588182642976676,-0.24740895332065596,0.5399209569308563,high
2025-07-18,-1.5773011246055688,-0.9820825002958536,0.6902627741324283,1.25365639904138,-1.3778824800892588,-0.8190200337465968,1.3753043624131116,-2.069179438853113,1.253656399041377,0.3888745526242253,-0.32163852993887837,-0.12969087962734804,0.5643628971726958,high
2025-07-19,-1.5698531520669265,-0.9783358355393851,0.687403062233463,1.2484459547264426,-1.3723565366106516,-0.81689226685217,1.3648068226154868,-2.0452766291597824,1.248445954726439,0.38870897423936096,-0.3213678507541929,-0.13035684784689625,0.5631740787356065,high
2025-07-20,-1.5624711748609208,-0.9746036294776815,0.6845484011037241,1.2432666632175355,-1.366871392139961,-0.8147705568096766,1.354444915645219,-2.0219926676895588,1.2432666632175318,0.3885434221424571,-0.32109722803598767,-0.1310231245888119,0.5619866359041855,high
2025-07-21,-1.7929762262699867,-0.99498584571369,0.6600027790548523,1.693567704724523,-1.4254044372178998,-0.9161062442123317,1.4016505768131244,-2.1249717411698437,1.6935677047245183,0.3672346695311837,-0.2985754969773741,-0.018299202748953417,0.6289462251364756,high
2025-07-22,-1.4012136598175262,-0.7563405888130271,0.7570489758859709,1.3699853561435078,-1.36619766475108,-0.7859911006915609,1.9922286132028812,-2.6855224364919814,1.3699853561435038,0.3748413726004446,-0.31850890374885565,-0.09097237782400353,0.5849815904452269,high
2025-07-23,-1.1140651293932025,-0.7106092613177963,0.7618531781950774,0.8578889695686339,-1.272917461857836,-0.6841538498684469,1.973599151675155,-2.586345604584586,0.8578889695686315,0.35461901447009386,-0.3093754153581648,-0.1749888039681161,0.4747536998097773,high
2025-07-24,-0.8640818628604244,-0.5840541238956198,0.7892861053238135,0.5956665938390098,-1.209957452515779,-0.6097727293536145,1.5446099673555256,-2.0590975004103877,0.5956665938390081,0.3374844578369295,-0.30252295876020857,-0.21143354574975792,0.41609995804581473,high
2025-07-25,-0.7497224987681557,-0.5951399014302086,0.8341677967329417,0.32874711215031327,-1.205758078682856,-0.5789472411558596,1.5610093874581639,-2.0504084589007068,0.3287471121503123,0.3917817578198783,-0.3670932735108559,-0.3191645389324549,0.42704765849168014,high
2025-07-26,-0.7467854195328629,-0.5931169157506385,0.8308256951340753,0.3267527079132016,-1.2011260906787358,-0.5784737800497679,1.5473070433925435,-2.0267925765508292,0.3267527079132008,0.3917070237419432,-0.3668126833761526,-0.31958433180032886,0.42630182915767334,high
2025-07-27,-0.7438549072793041,-0.5910969767414924,0.8274926276910398,0.32475804674138353,-1.1965216087414925,-0.5780005995295824,1.533829423773226,-2.0037828503893884,0.3247580467413827,0.3916322952251883,-0.36653216184852394,-0.32000430511303996,0.4255564633728836,high
2025-07-28,-0.6803279907271588,-0.5047809073563557,0.8721002367532523,0.3727236285543772,-1.2092107609026632,-0.5780028978495371,1.5480378229867964,-2.011177850281892,0.372723628554376,0.38310535529952205,-0.35599215266001394,-0.30201339281694134,0.4244961570101224,high
2025-07-29,-0.4888373545179003,-0.46259781625787666,0.9081382657805015,0.053393263911712716,-1.173761176985544,-0.5311432409890248,1.418284925911847,-1.8374186766063005,0.05339326391171265,0.3954054776889258,-0.3771393715076409,-0.37895366027677013,0.3824631738516431,high
2025-07-30,-0.2104712742287996,-0.3886605197429536,0.8928652357716227,-0.38204412855281383,-1.0709176382104961,-0.40161447680681167,1.4186844971003802,-1.7600041580426555,-0.38204412855281283,0.4092882164731456,-0.35007401994396936,-0.4807708156411177,0.2702503460809215,high
2025-07-31,-1.0021951456331277,-0.7762838274869668,0.9576766880387726,0.4730609369952916,-1.3748084732716255,-0.6474942688474622,0.7973740667445567,-1.2239574113413383,0.47306093699529034,0.3757513479339817,-0.30969010851468004,-0.27488246092258656,0.3982135535343887,high
2025-08-01,-1.9674838548211266,-1.5413594239476438,0.8398196899661436,0.8939944655295041,-1.6030429500113474,-0.9303509598665671,0.8669553625995581,-1.4536973269902342,0.8939944655295017,0.3730445679376942,-0.4667514486525992,-0.18721453973788504,0.6354545031457208,high
2025-08-02,-1.957626403112936,-1.5342883489768728,0.8365262674480335,0.8904144940305179,-1.5964266671252012,-0.9272636025200106,0.8621251622081233,-1.4429305154823961,0.8904144940305153,0.37305603507638607,-0.4662350431225198,-0.1880549069462422,0.63401450532043,high
2025-08-03,-1.947896057747279,-1.527277610493065,0.8332420738898567,0.8868456329001012,-1.589874775854439,-0.924189101109527,0.8573219505790589,-1.4323080872182277,0.8868456329000987,0.3730675023450052,-0.4657189032747735,-0.1888959162308075,0.6325766484653363,high
2025-08-04,-1.8935746004252683,-1.5247096069653574,0.8541637719827229,0.7779265289199657,-1.5852218652548078,-0.9098817788337026,0.866395018355749,-1.4303599694052507,0.7779265289199634,0.3780365139608902,-0.5064420075683209,-0.21590279685955513,0.6511827431797772,high
2025-08-05,-1.770562256883891,-1.4042655685544083,0.8210222578727904,0.7745254951157795,-1.5200616618868772,-0.8583431643825835,0.8792572079797344,-1.4120270073487562,0.7745254951157772,0.41770420687184256,-0.5280483766192248,-0.2558543679739373,0.6715958314562976,high
2025-08-06,-1.271544241117934,-1.1729908885795852,0.767342056863475,0.2006164694158756,-1.31442571421548,-0.6568741760105428,1.0423731241117054,-1.471174089829835,0.200616469415875,0.4006689772469327,-0.549701820407311,-0.35518387554651365,0.5806019932982512,high
2025-08-07,-1.2023518800121389,-1.1505591511286841,0.8767922718111226,0.09759611210720724,-1.3707157701653778,-0.5560290718088837,1.5011485401598903,-1.89779669696281,0.097596112107207,0.35682681738055244,-0.5285597602138382,-0.33280290634457477,0.5395809667856928,high
2025-08-08,-1.4427396029902102,-1.4570212187094251,0.9327462128196191,-0.051760687246754936,-1.486549068955313,-0.17023535908878876,1.5216291242814133,-1.7059530523136663,-0.05176068724675489,0.9670392927700846,-1.0987206364304023,-0.9659362785277675,1.0719689720822023,high
2025-08-09,-1.437367515792051,-1.4506741939441719,0.9291822133034897,-0.0536496556771608,-1.4803393364216577,-0.17168528607568184,1.5084076183687225,-1.6903870823428935,-0.05364965567716069,0.9650608818508153,-1.0958877360726444,-0.9645132512629643,1.0688167209879824,high
2025-08-10,-1.4320427800769542,-1.4443766915101834,0.9256306798642816,-0.05554246079945536,-1.4741811569971635,-0.17313694824546344,1.495395583614828,-1.6751073055816235,-0.05554246079945527,0.9630876466035478,-1.093065325919985,-0.9630930208600348,1.065676956870434,high
2025-08-11,-0.9823213753451977,-0.7161039529934768,0.9454591619829045,0.5554621903688124,-1.3420044592163012,-0.596111038019303,0.7388403781238174,-1.0981129564757959,0.5554621903688107,0.3414596541733616,-0.49302961583684213,-0.2260830478520484,0.5929403008569323,high
2025-08-12,-1.2524419838432574,-0.8379128754955838,0.8941180316630526,0.8688204915738351,-1.3901220472814098,-0.6915649979222462,0.6141331616291577,-1.0146197579880167,0.8688204915738325,0.33912606617920477,-0.5380194908669815,-0.16103730686565915,0.6975325796667506,high
2025-08-13,-1.3354587467870334,-0.896705639065136,0.8685698865566972,0.9173315070668111,-1.3967554233020232,-0.7204934032224007,0.852133359159504,-1.274194585938049,0.9173315070668083,0.3978155639829029,-0.6515679008578735,-0.2095829644108475,0.8182092590385555,high
2025-08-14,-1.4266597940399035,-1.0128455066550115,0.8640657719554267,0.863469947373519,-1.4210993818731037,-0.7429593828000419,0.7137623768451772,-1.137595975370121,0.8634699473735163,0.39930824248056995,-0.6184329650233058,-0.2217743055807944,0.7750946834973351,high
2025-08-15,-1.5169391650412234,-1.1291596885062356,0.8634988459788148,0.8079455995393381,-1.447978696497445,-0.7835509128214353,0.8360334308604945,-1.2812078999173082,0.8079455995393356,0.41716463560269074,-0.5998082131586002,-0.25052956011607924,0.74594727946858,high
2025-08-16,-1.509848354474322,-1.1246753342658784,0.8602109814429608,0.8055334523934596,-1.4415263360113426,-0.7859438566999841,0.8294678719897769,-1.270637663160309,0.8055334523934573,0.41700573776482885,-0.5989639754307998,-0.25079728172254523,0.7445454874668939,high
2025-08-17,-1.5028164669273316,-1.1202132660375337,0.8569330314532756,0.8031275474229651,-1.4351234783193045,-0.7883459239391792,0.8229424686384789,-1.2601983671713601,0.8031275474229628,0.4168468656011101,-0.5981205453945517,-0.25106506206468043,0.7431460714109402,high
2025-08-18,-1.4288474378712628,-1.0730115183866167,0.8948933538004816,0.7504059509167357,-1.4355711152908346,-0.7590158699278055,0.7867730029207225,-1.2030394973481568,0.7504059509167333,0.4341627170452961,-0.5739545518531782,-0.27884597261030736,0.7090958258810833,high
2025-08-19,-1.543863237893636,-1.1890088266574175,0.8289925997477061,0.7511629759430691,-1.4247016851219776,-0.7927012904395448,0.7469634261924235,-1.1759769229233603,0.7511629759430667,0.44696439217597034,-0.6018949536158208,-0.2914029892632914,0.736589923435456,high
2025-08-20,-1.6537894839262224,-1.2529689416479413,0.8170556560265272,0.8549576024268222,-1.450253566856124,-0.8392988362295055,0.7615510540785657,-1.2095567245636396,0.8549576024268197,0.414692892965369,-0.5677695306778312,-0.2385227221976177,0.7229975320307688,high
2025-08-21,-1.4236147262799899,-1.0501261176887526,0.9143132271714423,0.8016605197668175,-1.4408820932127357,-0.7742075112505798,0.788536013842126,-1.2005998849764181,0.8016605197668153,0.40307435149170323,-0.5083315365099148,-0.23771702697504044,0.6542425665852359,high
2025-08-22,-1.6098954078072005,-1.2389934794905182,0.7799562791097848,0.7994329137643147,-1.406165120003699,-0.8116402744652149,0.7046149019711009,-1.1340511267847848,0.7994329137643122,0.3823962527352548,-0.5276925246624241,-0.21766000757245627,0.6727805841257158,high
2025-08-23,-1.6024840311032278,-1.2341172018302604,0.7770456421990816,0.7989408634367348,-1.39997436877521,-0.8101964499373832,0.6983441407985447,-1.1252193968049744,0.7989408634367325,0.3823889420733076,-0.5270902018565813,-0.21771937408169953,0.6720349294071063,high
2025-08-24,-1.5951381056479934,-1.229269075940012,0.7741422584806075,0.7984491530510828,-1.393828692020706,-0.8087555042680665,0.6920915339352797,-1.116477998542468,0.7984491530510806,0.38238163146481174,-0.5264882713205733,-0.21777874288452695,0.671289972013879,high
2025-08-25,-1.5361013290565941,-1.1725227309658255,0.9366473226784205,0.7982399471502372,-1.4836072307288881,-0.8066680850245432,0.78487075031338,-1.2062410120009777,0.798239947150235,0.42792035727698907,-0.5346681223948118,-0.2629069778240085,0.6792091053199216,high
2025-08-26,-1.159265602919682,-0.9157729674811523,0.9610559578089511,0.5369048489386761,-1.3775265917793342,-0.720880340856699,0.7950877527562373,-1.1707451715891544,0.5369048489386744,0.39766901747166916,-0.5306379242474596,-0.28561867492415294,0.6247845489396271,high
2025-08-27,-1.1681863871471587,-0.8545324867841023,0.7932788111427617,0.693783529251466,-1.2618321654484936,-0.6839092635309205,0.6896395002276829,-1.0462487952755954,0.6937835292514641,0.4306108240190373,-0.5520467666105533,-0.28667768951824857,0.6759617287633479,high
2025-08-28,-1.1688405251998348,-0.9971367039044309,0.8851219466691652,0.3850713440285175,-1.3247513894183742,-0.6888429021597982,0.7407225773455564,-1.0975794829671204,0.3850713440285164,0.4129327526160186,-0.5180558800214903,-0.3313727525194164,0.5830348809560632,high
2025-08-29,-1.1376593271520021,-0.9420227644102107,0.8438011313778596,0.43945260850086143,-1.2841926106306305,-0.6724771288752459,0.7113728725854425,-1.0582292203343289,0.43945260850086026,0.4235943985410552,-0.5227868141365799,-0.331008445261627,0.5981006445411722,high
2025-08-30,-1.1331801494906968,-0.9383232393070324,0.8405632182741164,0.43976570444140367,-1.2788010993350425,-0.6717689824411319,0.7051074654996601,-1.0500518197371422,0.4397657044414024,0.423348571345336,-0.5219813729620921,-0.33072353273860927,0.5973177834311025,high
2025-08-31,-1.128723519284368,-0.934636732536293,0.8373346014941591,0.44007891777191616,-1.2734432227628392,-0.6710615030565414,0.6988616963118318,-1.041948312373736,0.440078917771915,0.42310280462483485,-0.5211765884942793,-0.3304386841240056,0.5965356247956395,high
2025-09-01,-1.1243893619294154,-0.9309727723044591,0.8340441194940915,0.440971429689715,-1.2681501465246114,-0.671366312487609,0.6926053368221426,-1.0350123507376106,0.44097142968971387,0.4148086282837079,-0.5148882930346597,-0.32208472712676645,0.5904727546011795,high
2025-09-02,-1.2222589386456875,-1.0735788999112734,0.20320128674124138,0.34626484663414575,-0.8117945835063669,-0.6493068664156854,0.2991961732695246,-0.639768194923875,0.34626484663414486,0.41809689182071746,-0.5008890172341542,-0.34439779535707793,0.5584863148550343,high
2025-09-03,-1.3304164048723086,-1.137044905756804,0.1736971786371731,0.44950343563378814,-0.8257326728041773,-0.650086486761996,2.063838714268948,-2.3494586238402078,0.4495034356337869,0.38721985248193963,-0.4813896708153974,-0.2931228412599096,0.5591051663982357,high
2025-09-04,-1.220271264696859,-1.005050135093348,0.2692797489624243,0.4984964738247232,-0.8670635505380091,-0.6021862881684417,1.9344997754718616,-2.190696370392616,0.49849647382472195,0.38538541532973924,-0.4795895520135485,-0.28150711102492443,0.5666765180325014,high
2025-09-05,-1.4278785826529876,-1.2593700809842208,0.20358298035493944,0.4024736546691466,-0.8867470943736833,-0.6343249819453184,1.8737986857516102,-2.141098726054025,0.4024736546691456,0.40214434574641866,-0.552817824509343,-0.31738606461404656,0.6201323113496265,high
2025-09-07,-1.4215944462514185,-1.2541309923920252,0.2019209989690406,0.40288246099238,-0.8832833137522342,-0.632634363727608,1.8561423045238583,-2.1155811574314956,0.4028824609923789,0.40203232576074516,-0.5519658333629696,-0.3172068403793182,0.6193247773129112,high
2025-09-08,-1.6747431794147039,-1.4668703072036906,0.1311790257903562,0.5024472958413692,-0.9169139076598327,-0.739403728453209,1.7974822593698636,-2.1069931808189484,0.5024472958413677,0.29714878767877784,-0.4596397624887316,-0.1933916504393333,0.5476852444020277,high
2025-09-09,-1.6826481105939881,-1.4767170798441125,0.16987072174529597,0.5028175232430893,-0.9529901666989995,-0.7545212894170722,1.061416875946862,-1.4076339001152924,0.5028175232430879,0.3870496659641437,-0.4909910885650274,-0.282332735268863,0.5784962129014897,high
2025-09-10,-1.673409305494507,-1.4692748001087965,0.12260286967942219,0.5024289279005539,-0.9107484442991111,-0.7459801091462994,0.5028344266763838,-0.8698069920334385,0.5024289279005526,0.35857751451225556,-0.47932083224985367,-0.2542125047978612,0.5669209722981609,high
2025-09-11,-1.766348066909131,-1.5875686214849816,0.08365847374074938,0.4529347201151073,-0.9134013474227395,-0.7501608966940329,0.409211117317693,-0.783195876613823,0.4529347201151061,0.3725587460803528,-0.5194312311704902,-0.2779820133575509,0.5967844153558387,high
2025-09-12,-1.584310658897666,-1.4260631350313933,0.09580453449216539,0.4048843603214195,-0.8563646946296802,-0.6921581207848989,0.4000410804236059,-0.7445820669358683,0.4048843603214183,0.39296652646703645,-0.525193903112004,-0.3078351911019863,0.5931953264818705,high
2025-09-13,-1.5766355661196423,-1.419768245837347,0.09477851916327101,0.40509988622102683,-0.8531692374337204,-0.6886099035587413,0.3940325483213817,-0.7382148832503718,0.4050998862210258,0.3928991940832114,-0.5243886923396818,-0.30773233332842925,0.5924008401155063,high
2025-09-14,-1.5690291961858274,-1.4135204187798636,0.093752249768525,0.40531546383695766,-0.8499833279865175,-0.6850747523689685,0.38800024397635313,-0.73187179260712,0.40531546383695655,0.39283186623535427,-0.5235841408684191,-0.307629484069687,0.591607070649691,high
2025-09-15,-1.5008051286200106,-1.4090393500754839,0.13130826857459754,0.26297372208787856,-0.8568219319276311,-0.6563874360733243,0.625349953231376,-0.9425503440175359,0.2629737220878777,0.3969088738330088,-0.4941693628461849,-0.3402209827242617,0.5354792885211358,high
2025-09-16,-1.4719455933557883,-1.3803796699687114,0.14716055857878613,0.26500213183377885,-0.859748605260982,-0.6353149367369993,0.6297289274179482,-0.9359007536302799,0.26500213183377813,0.43888641920003413,-0.5308687623641954,-0.38139502026822425,0.5718775813263263,high
2025-09-17,-1.3556794324733203,-1.2631942302985275,0.1781557055429449,0.2650780523756284,-0.8428149299940454,-0.5929494386348207,0.6439598611797136,-0.9267885709318014,0.2650780523756277,0.39161169585257344,-0.5245649237254357,-0.33458418326130523,0.5656814713031207,high
2025-09-18,-1.2997839281137986,-1.2088953908508375,0.15891666281246963,0.2619579268350554,-0.805759780095907,-0.5680169321064286,0.6266139439081942,-0.8975554860020449,0.2619579268350547,0.4041272837715884,-0.5853326483844954,-0.34761045225135606,0.624727996901449,high
2025-09-19,-1.303366791443809,-1.2120852544845446,0.1167565448501429,0.26573177904854944,-0.7710420121720852,-0.556310859634575,0.5948888172833472,-0.8622211992794443,0.2657317790485486,0.41919427003321647,-0.6074603163380412,-0.3617797199417265,0.6471487020083078,high
2025-09-20,-1.2978674659912157,-1.2073390986038248,0.1158395882731203,0.2667803190420669,-0.7681673267172551,-0.5507963270231114,0.5894068986976179,-0.8554278158457589,0.2667803190420662,0.4192000017112593,-0.6066012823937189,-0.3615787816162396,0.6464919907675551,high
2025-09-21,-1.2924033574737162,-1.2026207378298508,0.11492253103183005,0.26783011825034275,-0.7652996480985018,-0.545287718763795,0.5839355828033986,-0.8486761769877872,0.26783011825034203,0.4192057334245601,-0.6057430905807654,-0.3613778791914959,0.6458358152626905,high
2025-09-22,-1.3108397716310702,-1.240373089188609,0.08628162618772335,0.22834258531907548,-0.7475360447496652,-0.5356828971217983,0.5610273752772104,-0.8231860352823522,0.2283425853190748,0.3764463241683882,-0.5653552870679178,-0.32694719274209233,0.5986552622006922,high
2025-09-23,-0.9447073617034917,-0.9898513616760335,0.09021345385756582,-0.04904018362889933,-0.61261045881161,-0.3721016725909272,0.5587034956511777,-0.7349247988094703,-0.04904018362889928,0.40371195470072146,-0.6084362541180742,-0.40929708709898965,0.5882755169979947,high
2025-09-24,-0.10520054352196564,-0.47470809576534995,0.15157623665176245,-0.8222412374000936,-0.3531975464017776,-0.08028826589256215,0.5922798731620916,-0.6108998179187933,-0.8222412374000916,0.39513077994284057,-0.6074736886916042,-0.5550277330253403,0.44051484716900985,high
2025-09-25,-0.40790558015297346,-0.549149742829985,0.16401115647917328,-0.29221031344645326,-0.47700653618072786,-0.18417480114165832,1.586239070132471,-1.6254820959278309,-0.2922103134464523,0.35728297656155994,-0.5626267813361352,-0.4117249520945728,0.49730376931263115,high
2025-09-26,-0.3744993195963862,-0.5525529351754107,0.17318625896558068,-0.37559635223550597,-0.47261293462557047,-0.1560715785791873,1.6002781102283203,-1.6306954148073818,-0.37559635223550497,0.38483686763556685,-0.6012859801098316,-0.4555279819025668,0.5195742240867866,high
2025-09-27,-0.3721081674464664,-0.5496313495558806,0.17189410760902946,-0.373639655312367,-0.4703004213161948,-0.1486053182505672,1.5846852424234874,-1.6179420050015334,-0.3736396553123659,0.38482375683191167,-0.6003184717677396,-0.4550363400479546,0.5191206087379323,high
2025-09-28,-0.36971599598272503,-0.5467101111130032,0.17060170700533836,-0.37168339518856275,-0.4679890786570319,-0.14103445742139925,1.569373348753759,-1.6054566154230894,-0.3716833951885617,0.38481064620064953,-0.5993519963660604,-0.4545449356604206,0.5186672217180581,high
2025-09-29,0.0871950925904526,-0.21804932136810834,0.2889593701059901,-0.6851729117427939,-0.40658075997243565,0.06046904266591004,1.540462769549947,-1.4786600180567508,-0.6851729117427919,0.2616350610720701,-0.4405667585959487,-0.3951481504839834,0.30316954662264856,high
2025-09-30,-0.756758207673783,-0.6849611096294486,0.32311268644882873,0.20950530247744623,-0.7403598169760628,-0.20423106318813047,1.686187372684783,-1.7671889668995926,0.20950530247744567,0.22005501021729817,-0.4269418730238958,-0.17581198937673934,0.4595153974983934,high
2025-10-01,-1.2653743280990313,-1.7816043411675928,0.20661446262198763,-1.0679240829225818,-0.8284673273897933,-0.3453072430437023,1.907882837207453,-2.061198973295695,-1.0679240829225787,0.13277346799280787,-0.379245349597418,-0.3441018997696062,0.17021437728276384,high
2025-10-02,-1.4055381339258217,-1.8861556315459655,0.3428519224214854,-0.9849570525882214,-0.9890213371719507,-0.3560660843316446,2.7462674997796905,-2.895457902783398,-0.9849570525882186,0.24711699913543725,-0.458848299891227,-0.44066016190167745,0.2641810821434099,high
2025-10-03,-1.4498829894009297,-1.9406422629891398,0.2390102037845665,-1.0094940512638346,-0.9227342773118763,-0.35461388244633785,2.1639518596655956,-2.322152828963814,-1.0094940512638322,0.2143303453697019,-0.41112235237811895,-0.41322012213468445,0.212516992282237,high
2025-10-04,-1.443413347074441,-1.930201600711517,0.23733037518176006,-1.0055888588413548,-0.9190673362699965,-0.34858746091899123,2.135169594122108,-2.293710675804949,-1.0055888588413524,0.21451119084673584,-0.4104924247304575,-0.41265951006137,0.21260154907727777,high
2025-10-05,-1.4369934481699924,-1.91989078077995,0.23565008344531566,-1.0016994972203963,-0.9154126405950219,-0.3425314629269616,2.107251905349142,-2.2661900007384204,-1.001699497220394,0.21469205906065017,-0.40986283050842903,-0.4120991715507231,0.21268611050954817,high
2025-10-06,-1.289649443372245,-1.693445749469291,0.27620562597086423,-0.8349825200124196,-0.89394336097395,-0.2923822755563464,1.9487523245725051,-2.0876324531086112,-0.8349825200124172,0.21340655589016266,-0.3687096147268921,-0.377515856096351,0.2039317696717839,high
2025-10-07,-1.2559649928465375,-1.4939337569352635,0.43702487851114435,-0.46495562475511215,-1.0067821701832471,-0.2800231867104988,2.230574207781131,-2.366948920874694,-0.46495562475511104,0.1894619862027854,-0.3506477931719735,-0.27988844190875284,0.25668028303311224,high
2025-10-08,-1.2260180010459054,-1.4929518731622569,0.28747088595619896,-0.5316042749981053,-0.8788297072623362,-0.2435569711203131,3.6777316103047215,-3.8001383053092073,-0.5316042749981038,0.18538770659518702,-0.35564310489932127,-0.2891222990199646,0.24897531090522987,high
2025-10-09,-1.2623975982707916,-1.5426627748515926,0.14388488926089632,-0.5592673588740938,-0.7743132366513099,-0.07312057016940816,8.813565687532828,-8.865399675796622,-0.5592673588740925,0.040907435094451536,-0.1808627724106945,-0.15194041233118283,0.07171784661843811,high
2025-10-10,-1.2668019160036879,-1.5823307393911954,0.2335269606264247,-0.6370071191327173,-0.8495641891334298,0.11212906789461144,8.479249636064118,-8.48024039838292,-0.6370071191327158,-0.011448996547857401,-0.1479695667313291,-0.11566742664491372,0.024647656656107308,high
2025-10-11,-1.2616227512204123,-1.576273142595843,0.23249007236943325,-0.6340353822779395,-0.8464082857525878,0.11704816242704383,7.449373057751188,-7.452549546940241,-0.6340353822779379,-0.010672659182657866,-0.14802352468251484,-0.1157231472077895,0.025383108385304644,high
2025-10-12,-1.2564754404126313,-1.5702775074265878,0.23145337185275985,-0.6310666605615527,-0.8432616790576444,0.12200221024796797,6.716831409573845,-6.721043493681291,-0.6310666605615509,-0.00989610410358448,-0.14807748397548448,-0.1157788689201593,0.026118800566565695,high
2025-10-13,-1.240384908804828,-1.610673544367662,-0.08938975579887637,-0.7582733295996887,-0.5612460630872792,0.15874117975223992,6.243748910274375,-6.242568199825407,-0.7582733295996869,-0.10084455641658677,-0.06598131943852899,-0.05123269087794929,-0.07877117586136886,high
2025-10-14,-1.2893856503567378,-1.731134540813497,-0.0724027204297334,-0.9162958789158079,-0.5958295745935428,-0.07178077114799833,2.772255615290167,-2.80723820253133,-0.9162958789158054,0.040137103230027775,-0.20297973135236616,-0.22163204085477717,0.026322459891172618,high
2025-10-15,-1.2869298644021223,-1.7016829770997621,-0.1240173859332108,-0.8551775757134653,-0.5479388526806133,0.0037656678190500876,3.0318723439805084,-3.050232289902382,-0.8551775757134632,0.2607056273845594,-0.4361324899208032,-0.4269461970027787,0.26773974434890585,high
2025-10-16,-1.2922728459492703,-1.7628713591933112,-0.2620260412545038,-0.9803925583960797,-0.4198617312986775,0.029533360852349595,3.353390275657147,-3.367123151995236,-0.9803925583960772,0.07599202116658545,-0.27242755103862126,-0.26964449452554085,0.08268863987694215,high
2025-10-17,-1.3126376319913058,-1.7980439504223553,-0.027608374285287205,-1.0141904376207493,-0.6440841188799313,0.009557110872451433,2.7131910012867158,-2.725592082765118,-1.0141904376207471,0.033136113395534204,-0.19558801026441963,-0.23431090069408006,0.0003611399302135429,high
2025-10-18,-1.3078475787314916,-1.7911441270951212,-0.028157021973150575,-1.010339464236674,-0.6413945759588005,0.021205933383907975,2.6640364347729686,-2.6750600353039826,-1.0103394642366716,0.03380032295912287,-0.1955311926811431,-0.23433480684145722,0.0009063116364646464,high
2025-10-19,-1.3030937108335519,-1.7843351304895012,-0.028705777868519123,-1.006504268013451,-0.6387091219689088,0.03326549783899787,2.6170618228702156,-2.626817919565143,-1.0065042680134488,0.03446472360936886,-0.19547437684216334,-0.23435871337627845,0.0014515659819537609,high
2025-10-20,-1.2172994186764035,-1.7234542165237976,-0.1455556981248907,-1.067252299443906,-0.4989906168380976,0.08218383650014428,2.54269799106671,-2.5445054411215957,-1.0672522994439035,0.05913580752773288,-0.19541756274687874,-0.2709320985734749,-0.010307277060590342,high
2025-10-21,-1.242200551629264,-1.6989158052949247,0.22281015133457635,-0.9556517395928427,-0.8282333123440785,0.1265283521197221,2.592894678629792,-2.589480023637497,-0.9556517395928399,0.08555042939449098,-0.2337044678298882,-0.27470492118351075,0.04867581221988331,high
2025-10-22,-1.0646995659698004,-1.5039932443909272,0.1341473389883563,-0.9261732429563632,-0.6887157702462753,-0.11828507898908704,2.5273700200674063,-2.5680119776160413,-0.9261732429563607,0.25717189759801945,-0.39890613047658147,-0.43779451329620267,0.21731375466352415,high
2025-10-23,-1.1184534316642614,-1.5621011246165646,0.09462928305757742,-0.933272524925103,-0.6749491753827551,-0.08284581545120408,2.4766251965737425,-2.5119869901375584,-0.9332725249251006,-0.0007999978625202566,-0.12365924588773988,-0.1850264918207941,-0.055485151741719446,high
2025-10-24,-1.0902410051205709,-1.5328744104233971,0.1761173727844903,-0.9327494553796069,-0.7329082464019399,-0.04441101818038803,0.5988156594416921,-0.6114867246562223,-0.9327494553796046,0.3184475180533157,-0.4489021571417008,-0.4993079071046932,0.2654892483952258,high
2025-10-25,-1.0861107330696016,-1.5275425501334325,0.1753132951112573,-0.9290891186465826,-0.7301250433962176,-0.024790310742279262,0.5965465432924455,-0.6064724632743144,-0.9290891186465806,0.3184533028612184,-0.4481494749073175,-0.4985035216055878,0.26549627226095607,high
2025-10-26,-1.082001118218989,-1.5222688328475815,0.1745092953607264,-0.9254414185554745,-0.7273479239777318,-0.002665200557443351,0.5942828457774644,-0.6014721919013523,-0.9254414185554725,0.3184590876982732,-0.4473972909819724,-0.4976997619197774,0.2655032961636043,high
2025-10-27,-1.0153131136419336,-1.5343758137120045,0.26885768355585193,-1.1042611132152278,-0.7796037772879529,0.0019338549626248635,0.6153788956655604,-0.6227696814794081,-1.1042611132152254,0.3999484006458523,-0.5057005110111703,-0.6134308547817758,0.28903787993301516,high
2025-10-28,-1.0897397846873436,-1.6167398904936479,0.22144738090613122,-1.1169503102936988,-0.7675531724853959,0.0025642357637878917,0.6014882106216471,-0.6092196807399737,-1.1169503102936964,0.2929426028263124,-0.38467571970411785,-0.5106410378111902,0.1670972894254837,high
2025-10-29,-0.9077423718923517,-1.4052527232872403,0.2906204573299343,-1.0597344736880852,-0.7569514042888057,0.09540786214040975,0.17234387267817833,-0.164082245722675,-1.0597344736880825,0.4141511067373008,-0.4235508740406516,-0.618415063316213,0.21634390182937235,high
2025-10-30,-0.7974789211060651,-1.2084423671779503,0.3835697901979473,-0.8714070021257898,-0.7909646635772439,0.009227286879123602,0.1952578702617965,-0.19699990029608022,-0.8714070021257878,0.3203799493787211,-0.36728403459798414,-0.4886416163923542,0.19664795928561313,high
2025-10-31,-0.8874637539843467,-1.2636635802385792,0.4275878172483847,-0.7868962656574039,-0.8560982201231887,-0.05870911073839258,0.20612690005810308,-0.21526173161565113,-0.786896265657402,0.34359084968193326,-0.39422124355807675,-0.4945470314553974,0.23940177119685202,high
2025-11-01,-0.883956976030567,-1.2594235734813737,0.4261170861945388,-0.7839187692120768,-0.8528211802012933,-0.04606006782013706,0.20580787703760203,-0.21349590253362105,-0.7839187692120749,0.34377358463739177,-0.3938242615017673,-0.49406927387645994,0.23959890844990836,high
2025-11-02,-0.8804613730020728,-1.2552183366564278,0.42464750906064386,-0.7809487769310043,-0.8495538331348462,-0.03281674592282406,0.20548890719014096,-0.21173068533603095,-0.7809487769310022,0.34395635261374513,-0.39342741942092896,-0.4935917582006105,0.23979607539554704,high
2025-11-03,-0.7771988732787078,-1.165780705239267,0.4367664267786377,-0.8155384508726629,-0.8219231394830547,0.263603548412547,0.20855115894693982,-0.18559696091916836,-0.8155384508726613,0.4368900851571246,-0.49246802016513835,-0.5916986094078773,0.33112156526742603,high
2025-11-04,-0.7957130068703882,-1.2349715689571785,0.3577823597961535,-0.9237914243574887,-0.7657850659015277,0.05206764350787254,0.18716584806799463,-0.18509342081352326,-0.9237914243574867,0.4185981309169217,-0.4797080088775928,-0.5951946781891341,0.2978875851774096,high
2025-11-05,-0.7408656950519968,-1.1718555306900076,0.3376537618349297,-0.9062773929146091,-0.7297058887107288,0.15843028434877557,0.18007467477109562,-0.16842102877976103,-0.9062773929146071,0.3782802221574729,-0.3970509072539698,-0.5519484677880422,0.2195951989749453,high
2025-11-06,-0.7708540897997492,-1.2024703676987585,0.37502452891259047,-0.9034807081916911,-0.769220386906444,0.1659770025520125,0.18710234877489756,-0.17525338759140013,-0.9034807081916891,0.2952468018375149,-0.3692258986415806,-0.46974380410915484,0.19268492120134037,high
2025-11-07,-0.7111447473052032,-1.177303497328198,0.5289740420705227,-0.9806882844081847,-0.8660649668958226,0.42531134717422103,0.22338068021858762,-0.18924652008836731,-0.9806882844081825,0.40805297377291405,-0.46705660750524003,-0.5957217290299942,0.27475638330696683,high
2025-11-08,-0.7079900592029676,-1.1738557928768476,0.5274634563114654,-0.9768221043609951,-0.86285737528783,0.44120934830840314,0.22047194155302482,-0.18557021421914507,-0.9768221043609928,0.4077302564740146,-0.4662150761682659,-0.5945044829285308,0.27472119776532156,high
2025-11-09,-0.7048401522874734,-1.1704429854030565,0.5259546585207074,-0.9729706198075789,-0.8596595932207112,0.4577508373010559,0.2175624577525755,-0.18188819012947147,-0.9729706198075763,0.40740763746203756,-0.46537417341117643,-0.5932887546396739,0.27468601315640284,high
2025-11-10,-0.7544902864811287,-1.2189830689440613,0.34244909074413993,-0.9639912053381622,-0.7342767549445252,0.10813115214319659,0.6213604502303512,-0.6243457601800323,-0.9639912053381603,0.9586213055924379,-0.94861198655516,-1.1315875645536204,0.7550268088542416,high
2025-11-11,-0.6558909756595166,-1.177953224870023,0.4048256047623309,-1.0921115204177478,-0.7484181082966779,0.26758893408553935,0.8117092839796769,-0.8057224277476854,-1.0921115204177458,0.40874332885297576,-0.4492911394449688,-0.6177974837974651,0.23626421509451617,high
2025-11-12,-0.6963838264912395,-1.2773631787648727,0.42785949364721215,-1.212566268485476,-0.7794367310731042,0.25942268342695723,0.7615422494343101,-0.7560620070268308,-1.2125662684854734,0.400175745701441,-0.42910841292031854,-0.6331219770482142,0.19335291490789996,high
2025-11-13,-0.21446952793454788,-0.9026632104014626,0.5304586892175158,-1.4702324348603817,-0.6944762181221152,0.7937742458335296,0.7835431787518585,-0.7358403308685093,-1.4702324348603792,0.3454909673868164,-0.3413578611117363,-0.6309092231926298,0.05686976746373201,high
2025-11-14,-0.2630959365786929,-1.0596186138922885,0.5498653525202687,-1.692108743317134,-0.7252174471289597,0.7732582862694006,0.5094983999106593,-0.4593161043057444,-1.6921087433171305,0.33035049138998385,-0.308318066340824,-0.660473842695425,-0.018811651642692502,high
2025-11-15,-0.260040022145826,-1.0568651315035498,0.5482576520614769,-1.6836477635739828,-0.7224387679235303,0.8142654981602999,0.5070654635534833,-0.455967858367024,-1.6836477635739793,0.3304428782918881,-0.30811196892880055,-0.6592325587055962,-0.017987734117444552,high
2025-11-16,-0.2569739381022201,-1.0541475331840013,0.5466520106255714,-1.6752710964475594,-0.7196660034298283,0.8595679665505196,0.5046375348764214,-0.45262548771266686,-1.6752710964475561,0.33053527312545694,-0.30790590399969586,-0.6579930110128887,-0.017163569396484547,high
2025-11-17,-0.186743199046061,-0.9468167276804519,0.4856225450801103,-1.5928177883256671,-0.6484393389671866,1.0186333114015347,0.3982671557297817,-0.33526420718307437,-1.5928177883256638,0.28666294270364834,-0.25319283583148616,-0.5988889687885708,-0.056015630869543705,high
2025-11-18,-0.1957130793059398,-0.9800172345275286,0.44472066922735354,-1.6333466611928666,-0.6182917740443635,1.1819626914680643,0.3725177612688634,-0.29991160658890453,-1.6333466611928638,0.21841525725743105,-0.19074140327330405,-0.540542086929001,-0.12618168619436226,high
2025-11-19,-0.16905548887871366,-0.8666014184768841,0.6351424526361651,-1.444237892763074,-0.7552685447731096,1.1724651451548618,0.5932918791605462,-0.5282426876879602,-1.4442378927630712,0.19373915584857815,-0.1524580894531658,-0.4786121063097625,-0.1278143305274274,high
2025-11-20,0.033306265667236545,-0.8297265440488365,0.7628282179346566,-1.7958477388934582,-0.7832974260280084,1.4995475969399448,0.6084486472461975,-0.5237316085184974,-1.7958477388934548,0.200919552153317,-0.1818453139958492,-0.5565013595199501,-0.1672147584840133,high
2025-11-21,0.2876680056005375,-0.8718372351686711,0.6989350623323197,-2.4134418607646104,-0.6540367011650586,1.7875617842197136,0.6024199580067406,-0.500169083780412,-2.4134418607646055,0.16289187233154118,-0.1915793029772643,-0.6450547964975715,-0.2791370254288157,high
2025-11-22,0.2910301453829156,-0.869440890767689,0.7015163392882987,-2.395994784349702,-0.6543863857182571,1.8063127536433632,0.5992428517804952,-0.4969345243241512,-2.3959947843496967,0.16323251021564927,-0.19157480944826072,-0.643660085784447,-0.27776803228276564,high
2025-11-23,0.2944132063679899,-0.8670749954560452,0.7041091128356611,-2.3788600738034544,-0.6547362457752407,1.8255391614788232,0.5960750267820472,-0.49370690727931116,-2.3788600738034495,0.1635732216562307,-0.1915703159304313,-0.6422674410060119,-0.2763993003622558,high
2025-11-24,0.28517844398878844,-0.9142857983585053,0.5692286396756424,-2.4340945898150745,-0.5536368094296802,1.7664689281085606,0.5713216238539626,-0.4734091503771499,-2.43409458981507,0.2772615495384781,-0.3071152229979988,-0.7661310537887255,-0.17473165714824054,high
2025-11-25,0.4051361690760685,-0.8357831885941744,0.7811992867818722,-2.5036956308094145,-0.6759515669084741,2.0099978680674573,0.6558659614137075,-0.5461504637643059,-2.503695630809409,0.23114149026895156,-0.26223354932417764,-0.7373695542660641,-0.23536516919904873,high
2025-11-26,0.23966212137795134,-0.8977052208702075,0.7986970781623638,-2.261775965807138,-0.7398416751873157,1.6301577637467846,0.8060016914926406,-0.7254496867834217,-2.261775965807134,0.2775813668836199,-0.28814026006285953,-0.7342320232939575,-0.16321525858891123,high
2025-11-27,0.24365431626684453,-0.8960374324872975,0.8018154325808035,-2.2468867334217517,-0.7400621873548109,1.7871730658663632,0.8013413882409696,-0.7120504660907275,-2.246886733421748,0.29252479995728,-0.30423160212002187,-0.7469460956013015,-0.14586582222583622,high
2025-11-28,-0.13634439179459873,-1.092203883415619,0.6312607936583527,-1.832904030565072,-0.7337785163440207,1.0022527296859918,0.7093342818576199,-0.6666803360284682,-1.8329040305650683,1.148369178429386,-1.122435170438063,-1.4934478624525298,0.7495330814824817,high
2025-11-29,-0.13294637251635472,-1.0909969484978768,0.6346338266086163,-1.8239202817046964,-0.7341075658433391,1.0091957872552575,0.7053396101587437,-0.66259182696225,-1.8239202817046931,1.1452160475373283,-1.1192100471512043,-1.487161534207653,0.7486898450251914,high
2025-11-30,-0.12952987644322128,-1.0898718216364343,0.6380275670210928,-1.8150392726955555,-0.7344367753162008,1.016220148230264,0.7013609864291489,-0.6585184232898417,-1.815039272695553,1.1420758620171145,-1.1159982598939027,-1.4809232725538748,0.7478475437878197,high
2025-12-01,-2.5412983776355325,-2.212310242781384,-1.8518773075169388,0.9741750216442616,1.0641091959885713,-1.823617321665651,0.17541762937938424,-0.2907486813660659,0.97417502164426,0.9691633175641652,-0.9233193240737331,-0.7411510120418909,1.1134347413163532,high
2025-12-02,-2.4512788851522003,-2.0847004450327735,-1.8077498324141115,1.0565699244989053,1.0379003844559775,-1.7111732682928384,0.15671640985096028,-0.2630780218922887,1.0565699244989033,1.1682436639501,-1.1094757852621684,-0.9182540158622183,1.3144185894265856,high
2025-12-03,-2.4690201068378337,-2.11621190577436,-1.8856127450862976,1.0569342915437796,1.1655266631837216,-1.7525815149647215,0.17660188211793187,-0.2842995802936242,1.0569342915437783,1.2973898834952635,-1.2305421560334266,-1.044584384501917,1.4340052234536467,high
2025-12-04,-2.5997315181603233,-2.292118128912271,-1.8734792486350478,1.0166514755569813,1.0745198732781032,-2.12929519302469,0.23997830125619063,-0.36835190997878065,1.01665147555698,1.4393963490860564,-1.3397759824333921,-1.191960687820786,1.533589706918335,high
2025-12-05,-2.429885567036439,-2.097467661572602,-1.830312498860235,1.0568117519246552,1.09275218303264,-1.8974393819039352,0.25098809294741714,-0.36410421742726085,1.0568117519246536,1.4083561409143148,-1.2944204297244466,-1.1546451410651142,1.495500447894953,high
2025-12-06,-2.4169497104853437,-2.093798561223812,-1.8231249529920635,1.0558927658763535,1.0883912311556623,-1.885060844564302,0.24979354538002185,-0.3619397540759898,1.055892765876352,1.403497099473296,-1.290256499301255,-1.1510762520183968,1.4902614573690531,high
2025-12-07,-2.404252383367145,-2.0903147945142253,-1.8160330437536178,1.0549749992456081,1.084050645129616,-1.8731230849048,0.24859962915509923,-0.3597777872430109,1.0549749992456063,1.39866804282048,-1.2861147938689848,-1.1475235020417134,1.485057147460258,high
2025-12-08,-2.2824341219886137,-1.9435294261694906,-1.7432915310145853,1.095282989323323,1.0255384703167545,-1.7383329645887726,0.3348095896059273,-0.4403666083027263,1.0952829893233211,1.4124098364410471,-1.2852051264652968,-1.1536993120220105,1.49117446710386,high
2025-12-09,-2.2078377697273717,-1.8063531155041905,-1.702906311685918,1.2137190332472174,0.9985787905416992,-1.4769194731806874,0.4166941183733539,-0.5096173297396247,1.2137190332472156,1.3524078232715422,-1.2126835284035355,-1.0720628649865114,1.4416488652755621,high
2025-12-10,-2.2795853437570983,-1.8545164054739045,-1.7159367901190299,1.2950179639029336,0.9836867222660183,-1.4293607322765227,0.39309764594149593,-0.48295135078699747,1.2950179639029316,1.3207882498341723,-1.166207556055409,-1.0257799917689427,1.4105638937521074,high
2025-12-11,-2.322977623319907,-1.9841603069301113,-1.8041494356904888,1.1685930890877412,1.1132268336960673,-1.2923178162600453,0.35934529949395466,-0.4406560451982153,1.1685930890877394,1.1711147977831504,-1.0347616620850595,-0.9062250612348642,1.2547030871181841,high
2025-12-12,-2.239673720520504,-1.9226745257918212,-1.800210302808287,1.1278340085671161,1.153877479411945,-1.4934640975874676,0.24659521981548568,-0.33633015791948867,1.1278340085671144,1.212456475998553,-1.0863716721702532,-0.9556351631882906,1.2971421401976932,high
2025-12-13,-2.2286177489881625,-1.919891726229593,-1.792974341110564,1.1265523407188738,1.1492163756937162,-1.4798013815831856,0.24572368295135974,-0.33486972072374077,1.126552340718872,1.2085103892048192,-1.0832123028903795,-0.9527538444250667,1.293077670243433,high
2025-12-14,-2.2177441008240715,-1.917270253811611,-1.785829342677904,1.1252730155028718,1.1445793242772455,-1.4663573355804709,0.24485253027890916,-0.33341059620512625,1.1252730155028698,1.2045839907373195,-1.0800655727336756,-0.9498823586460615,1.2890344942208005,high
2025-12-15,-2.1886430997059834,-1.8938349081266177,-1.7630665075562864,1.1236224060335058,1.1223174528573907,-1.8398322121317885,0.22434211518911173,-0.33381722193306257,1.1236224060335038,1.0975436445011517,-0.9589902262505897,-0.8460972353722627,1.1683591137875324,high
2025-12-16,-2.2475841087492636,-2.014644220509504,-1.756124438327994,1.043852514407314,1.081253643481427,-2.101390847104838,0.2235602863983903,-0.3483993130869543,1.0438525144073125,1.187882014540271,-1.0488971020833433,-0.9512537411249868,1.2411621204057512,high
2025-12-17,-2.346785829842404,-2.183375762093635,-1.8152343693998878,0.9646012760895554,1.1324020791568303,-2.3863872152256276,0.2466804695635829,-0.38924135426757284,0.964601276089554,1.0833362576342416,-0.9644151158634452,-0.8655485424725751,1.1416618134531946,high
2025-12-18,-2.3788089946842454,-2.210055918215058,-1.7520685402375413,1.0060331733366574,1.0023059245642985,-2.3970395839980894,0.2600182164676908,-0.4048313587773792,1.0060331733366557,1.1489831359401887,-1.0511240209679655,-0.9223842861996229,1.2347699837564177,high
2025-12-19,-2.386977401611958,-2.2285077787499583,-1.7464944100446538,1.0037928488775136,0.9874184415626105,-2.185193604081022,0.22816668586353447,-0.36103560399938905,1.0037928488775119,1.1604811455280029,-1.051586388457875,-0.9346531131448541,1.234283141173225,high
2025-12-20,-2.368955168368077,-2.213545865048884,-1.739117829738817,1.000909907689523,0.9835178620932151,-2.1553453721137297,0.22535201057123336,-0.3575495796104734,1.0009099076895216,1.1570194692612505,-1.0493406819916316,-0.9323371185833654,1.2310128178149562,high
2025-12-21,-2.351258517109672,-2.198820736458629,-1.7318247356367533,0.9980372289823454,0.9796323071036687,-2.1264164697262116,0.2225369688792854,-0.3540658183454478,0.9980372289823437,1.1535731385085224,-1.0471017315181421,-0.9300278467517646,1.2277566392765757,high
2025-12-22,-2.294962953691279,-2.1605098579569346,-1.6477550008675246,0.9552544752838947,0.8666138700762245,-2.429780116150737,0.2560072165180458,-0.4079973292513423,0.9552544752838933,1.320324914124153,-1.2062440408992896,-1.1029715507026396,1.3759174940667263,high
2025-12-23,-2.2995343655957856,-2.1918807826107054,-1.7353223511219151,0.9149699533784034,1.0126912683806175,-2.989678276454814,0.2669716006508802,-0.4560952340901159,0.9149699533784019,2.2819146895886204,-2.1051817134704325,-2.057640839193598,2.253356531253605,high
2025-12-24,-2.3106696762008574,-2.1488799674842296,-1.5324929363514967,1.0247178625179745,0.6682591015152374,-2.618660297372847,0.31123717139226403,-0.48104198333604414,1.024717862517973,2.350079340207825,-2.17623825624972,-2.1057457906768358,2.3421725584747524,high
2025-12-25,-2.2939218977269236,-2.1352020745843348,-1.5266645613881151,1.0219911841292897,0.6652465850554421,-2.5727859965398205,0.3074246853914664,-0.4764752633320943,1.0219911841292881,2.332965420649427,-2.1630466609641856,-2.092586474267135,2.326302326218893,high
2025-12-26,-2.1614023725712053,-2.0462212780547824,-1.7449113174270239,0.9069037315592275,1.1057076248056954,-2.6540779387775197,0.3346620358099418,-0.5118958260245078,0.9069037315592264,1.8532140189799235,-1.7207143640744587,-1.6449289597642414,1.8673098335089893,high
2025-12-27,-2.1478469981404924,-2.0351352035384376,-1.7374239509365288,0.9045978577606826,1.1012974201149708,-2.606724950158581,0.3306246639971654,-0.5070519332417734,0.9045978577606812,1.843545350292236,-1.7133116658457694,-1.6374951207647404,1.8582978571316784,high
2025-12-28,-2.134493302238201,-2.0241994047386416,-1.7300201334815442,0.9022985119376744,1.096908306225516,-2.5614209809373967,0.32658619398036237,-0.5022145154528045,0.9022985119376734,1.8339837508133368,-1.7059747405876449,-1.630127421516258,1.849379922803596,high
2025-12-29,-1.9036240322235098,-1.7763444770054833,-1.528473126047049,0.8631050342812039,0.8813388976264789,-1.8203268777877963,0.41094344389936965,-0.5407827903103267,0.8631050342812024,1.9735324354444568,-1.8258314275901248,-1.7774395903356037,1.9584297486360203,high
2025-12-30,-1.8287008212871116,-1.6089287262442225,-1.5453882005677453,1.0140395700164262,0.9515986573252648,0.024557856823310093,0.552434637657754,-0.5638904957603784,1.0140395700164249,0.29929809985029254,-0.18722211694689603,-0.09429044829109122,0.376550934901367,high
2025-12-31,-1.6294446298535257,-1.4183829663021381,-1.2978128357106067,0.93591875028918,0.6650493733857136,0.16566828869343087,0.6375299697402168,-0.6418396202936268,0.9359187502891788,0.3817709096560876,-0.2608982463183392,-0.19112389582453257,0.43425457231580283,high
2026-01-01,-1.6214844390099736,-1.4123639013935183,-1.2934377530958991,0.9336223542206844,0.6620238681754523,0.27778476360499543,0.6324464299533006,-0.6294009318395458,0.9336223542206832,0.300727411639844,-0.18383323116213027,-0.11141478932123092,0.35822556554236157,high
2026-01-02,-1.7597348051320403,-1.5589597373682773,-1.4770992794222058,0.9703641743404607,0.8757410342378616,0.09950429551753368,0.5817709769605914,-0.5893835454117948,0.9703641743404595,0.37435752229050023,-0.26897358084654466,-0.1766958287276618,0.449024775541525,high
2026-01-03,-1.7506755128892941,-1.5523577802209843,-1.4718141927563226,0.9682657536229858,0.8722106599964348,0.10274835418099873,0.5768114836332949,-0.5842218649812427,0.9682657536229847,0.37394647090341454,-0.26937893315330674,-0.17658247322841947,0.4491669429297277,high
2026-01-04,-1.7417125170378267,-1.5458154237804178,-1.4665806400420278,0.9661731027645375,0.8686906906013535,0.1060035761093222,0.5718637083204671,-0.5790719286744548,0.9661731027645362,0.3735355612627217,-0.26978443586547407,-0.1764691236672091,0.449309133843792,high
2026-01-05,-1.9406048874549982,-1.8294089796588462,-1.5550415040767815,0.885896593450911,0.9033812828800294,-0.3979644497159062,0.36330100209896093,-0.3985058030805106,0.8858965934509097,0.374625854273784,-0.2681258579309028,-0.19345699954925227,0.4324808355674759,high
2026-01-06,-1.9047449275407187,-1.7913203184742978,-1.5310724324564304,0.8843333845989007,0.8825281600391457,-0.41556659148037445,-0.057447110252967774,0.03159260758268057,0.8843333845988997,0.3277500458037737,-0.2189337888808082,-0.14738547169173596,0.38396151039048726,high
2026-01-07,-1.878161295491546,-1.7836182626157855,-1.5598640171555935,0.8455038080351749,0.945227012554163,-0.501106879146729,-0.16958785186824496,0.14094530595889576,0.8455038080351741,0.3668871137132828,-0.25039168356937286,-0.19372781431303338,0.40754927375506594,high
2026-01-08,-1.728363257402407,-1.6483899059293663,-1.6652465403304622,0.7685586273686738,1.21908829680761,-0.286834227013597,-0.16075109537413412,0.14599286535567185,0.7685586273686729,0.4249090128198301,-0.304633679872937,-0.2663779405815324,0.4461912581169452,high
2026-01-09,-1.6191380712111383,-1.600370195486833,-1.6370914442888695,0.6192765599315392,1.233515054748262,-0.20247352218629433,-0.3123856993634399,0.30717810720840544,0.6192765599315384,0.36547178209445597,-0.21921247302104907,-0.2374420470346213,0.33378416262378524,high
2026-01-10,-1.6117575970613638,-1.5935881497767261,-1.631441073320789,0.6176469045442976,1.228574233303286,-0.19930536015352743,-0.3161456650595517,0.31132677675592824,0.6176469045442968,0.36500680896031434,-0.21965458847133676,-0.23729504719967887,0.33393879337588006,high
2026-01-11,-1.6044460563304197,-1.5868705348092915,-1.6258613304954865,0.6160197557960037,1.2236626909631196,-0.19613489767251385,-0.3199265795722104,0.3155018188188835,0.6160197557960029,0.36454200831652256,-0.22009686375956813,-0.2371480605771055,0.3340934470586658,high
2026-01-12,-1.6474971443171704,-1.6569948970440764,-1.5758116375296038,0.5837651267023813,1.1090030722801345,-0.29026499073043077,-0.29134673005695394,0.27998361592795334,0.5837651267023805,0.3750699627639398,-0.23087098629141342,-0.2539982617599161,0.3385218023203494,high
2026-01-13,-1.6345088166845074,-1.6439261116252428,-1.5682692632067337,0.5815118682272523,1.1028358895760149,-0.3307314488543986,-0.28175174677176373,0.2674742942793463,0.5815118682272514,0.42032837287278463,-0.2695173227192708,-0.2991889616075403,0.37605868609814497,high
2026-01-14,-1.7152496436835662,-1.7028680378249526,-1.5662009853687262,0.6539543035369176,1.050746628688067,-0.44653847205338054,-0.2893632757929651,0.26757325027823414,0.6539543035369167,0.43783754773791705,-0.285433094148801,-0.30199946698295166,0.4055986253797093,high
2026-01-15,-1.807353941991594,-1.7190755160456908,-1.664151533050455,0.8317409063554687,1.1710202817618067,-0.5722900477359547,-0.31817612618953034,0.2887732829603246,0.8317409063554677,0.3979566003961856,-0.2434431941874278,-0.2269193436862111,0.3985468958033335,high
2026-01-16,-1.7305141919769669,-1.610524484550354,-1.5627512978951663,0.865762713564459,1.035341987376985,-0.4893031691404287,-0.2981296315060871,0.27372354703671,0.865762713564458,0.37680820745257204,-0.22326013381492235,-0.19909873406858805,0.3853752990093849,high
2026-01-17,-1.721728194077604,-1.6034263914410984,-1.5572794506066376,0.8639048705267203,1.0312946779512533,-0.48656331140854486,-0.30181343917556663,0.2776686150101529,0.863904870526719,0.37640104586410206,-0.2236563577470549,-0.19898391968060386,0.3855158515445694,high
2026-01-18,-1.7130330390545745,-1.5963949055714044,-1.5518689212877201,0.862051372240792,1.0272647483182056,-0.48382900143444807,-0.3055169992025729,0.281636536185012,0.8620513722407911,0.3759940245126255,-0.22405270856636708,-0.19886911219057946,0.3856564249191384,high
2026-01-19,-1.7044270240461241,-1.5894290221967948,-1.546519293011048,0.8602021946080363,1.0232520028932128,-0.4497338999482878,-0.3092406191873913,0.2877494373401108,0.8602021946080352,0.3402578921957828,-0.190322733942645,-0.16380306644715248,0.3523124817770666,high
2026-01-20,-1.776841820621275,-1.7184642759893016,-1.6423286156278676,0.787526137856924,1.1511150911368353,-0.4882292916297363,-0.33788265139179097,0.3146342865736122,0.7875261378569234,0.29937885982332824,-0.1535703099628518,-0.13788985182155952,0.30235708113825327,high
2026-01-21,-1.7454757943588157,-1.6647910243541184,-1.5985741083626306,0.8201509836193087,1.0944923181998538,-0.26760547124556305,-0.33263915460655147,0.32423436158965896,0.8201509836193082,0.29104056971781134,-0.14273181905801355,-0.12299203606250139,0.2981086426008853,high
2026-01-22,-1.784362272410178,-1.6601908015992637,-1.606024810383976,0.918578010893168,1.087785125918789,-0.21718739746328747,-0.33998152173658747,0.3352714447399845,0.918578010893167,0.4209044302965194,-0.26957602325032765,-0.231579694331547,0.4416304464159832,high
2026-01-23,-1.5344702463943547,-1.2898760753353993,-1.4473034200401482,1.0468621497721042,0.9628554290134926,-0.0599519783089663,-0.5879686030187846,0.6013816441336578,1.0468621497721033,0.31770873156245233,-0.1818898881901618,-0.10348101964411976,0.38050775401683756,high
2026-01-24,-1.5274673014249587,-1.284574009205736,-1.4410203973051854,1.0431328447633037,0.959118939249538,-0.05936645316596752,-0.5909483129736758,0.6045669317835949,1.0431328447633026,0.3173060234159371,-0.18224022896557482,-0.10365525516430307,0.3802900088272442,high
2026-01-25,-1.5205236864921545,-1.2793056130439657,-1.4347858485039924,1.0394194585019516,0.9553962688567574,-0.05878093852485133,-0.5939421089390263,0.6077685249812563,1.0394194585019507,0.31690342998600957,-0.18259065408651687,-0.10382950261327929,0.3800723074090399,high
2026-01-26,-1.0125468820397852,-0.8266175126240016,-1.474481733388121,0.7391434875029201,1.3303025316308688,0.5699818465525691,-0.8371867253608649,0.9013889210000112,0.7391434875029192,0.2613898378771684,-0.12394425934499716,-0.10944919329531222,0.2645429495121231,high
2026-01-27,-1.530359021138732,-1.368660304503045,-1.3007717558665937,0.8987008458720214,0.7334762108217507,-0.05493778787637389,-1.006304134144864,1.0328373557458408,0.8987008458720204,0.2822605596140622,-0.1503459053403396,-0.09779466378327117,0.3213825176206975,high
2026-01-28,-2.365043304071849,-1.7857352313277572,-1.4839473143299595,2.0045682654598274,0.5388387635034839,-1.114795200833788,-0.9563034144249992,0.9086651597989511,2.004568265459825,0.28131229198798824,-0.1403837981128485,0.12815625512362666,0.5270625073368441,high
2026-01-29,-2.430421276914616,-1.7628497631890283,-1.3950206719096991,2.202605963630098,0.3554786488936862,-1.137403728780099,-0.8086973418382138,0.7549661065139034,2.202605963630096,0.2538913695046922,-0.13043000893760398,0.1976266298635909,0.557714343073105,high
2026-01-30,-2.7357766646042814,-2.0923359616201815,-1.4003057634779064,2.298141294916072,0.17469979575217232,-1.5846938018781946,-0.8478797990613407,0.7641590887872617,2.29814129491607,0.07904546294067533,0.033864144209421826,0.39263002681813214,0.41773405098212446,high
2026-01-31,-2.711319183673922,-2.0796783181751906,-1.394201998970636,2.281276765300349,0.17318599403830967,-1.5703804898130849,-0.8502382175361408,0.7672598034423015,2.2812767653003467,0.0791764813230979,0.033171597310560144,0.39140337764056055,0.41735992289682,high
2026-02-01,-2.687414945348647,-2.0671992402046073,-1.3881424891864076,2.2647011612568893,0.17167157490366833,-1.5563105454610364,-0.8526054987299271,0.770376166199122,2.264701161256887,0.07930750487606629,0.03247892949088578,0.39017755327425374,0.4169859272134781,high
2026-02-02,-1.7485543656299574,-1.7215796134539427,-1.6243914982893715,0.7899921132271783,1.16415265569837,-0.39085907078991483,-0.9740250817197026,0.9780924400135709,0.7899921132271776,0.22352168568859615,-0.0925109823124529,-0.057640596381956094,0.24721313576493353,high
2026-02-03,-1.5813600120790883,-1.5544904673516335,-1.409717565013475,0.7201802719726466,0.8850824594673521,0.10402225510070758,-0.9840331011386609,1.0234415730602509,0.7201802719726459,0.05174793066474554,0.06754001066052087,0.09796963425436614,0.07672975979995364,high
2026-02-04,-1.4923972316582386,-1.4467496009698828,-1.3481247149722475,0.717933416589079,0.8370290992030901,0.2107055891001799,-0.5356074950983998,0.5680291242738957,0.7179334165890784,0.050029702502130624,0.06681461912485595,0.09927076357593967,0.07706270650269238,high
2026-02-05,-1.7309756558649763,-1.7789585773937937,-1.5396715249166162,0.6494561815407708,1.0286587628452253,0.16912791146670694,-0.07050990812676686,0.08483519412771348,0.64945618154077,0.22318474489831075,-0.15564308106219185,-0.08626217073096953,0.281290862045523,high
2026-02-06,-1.424764164129382,-1.3317232134297505,-1.3196910230893437,0.7779713529427414,0.8356145320082834,0.6360345320584707,-0.6359272237663296,0.7018234384362454,0.7779713529427409,0.2214280282033853,-0.13030861243379951,-0.05781803278616249,0.2820539319735448,high
2026-02-07,-1.4184312159000725,-1.3260294128706174,-1.3140570992184255,0.7753487447045274,0.8325383006515199,0.6306042635960727,-0.6395069069540059,0.7050121000590512,0.7753487447045267,0.22142767106928804,-0.1310154195253841,-0.05829090459422264,0.2822915754948002,high
2026-02-08,-1.4121455154544635,-1.3203734408829848,-1.3084600136236104,0.7727327108243429,0.8294708658408535,0.6251892021483776,-0.6431076489693832,0.7082173185212952,0.7727327108243424,0.22142731393527168,-0.13172258418688873,-0.05876386778811763,0.2825292686738686,high
2026-02-09,-1.2788446478276765,-1.19261815937922,-1.3665401444950074,0.7063394334386484,1.0140372230033838,0.672946384717538,-0.6923763727178092,0.7623049170647377,0.7063394334386478,0.20402725822385398,-0.11169259961504743,-0.05527329698463524,0.24977963716857232,high
2026-02-10,-1.2830801555781501,-1.1997568382305281,-1.3591524472454117,0.7034879771188367,1.0017230406642008,0.40041897298418777,-0.7375061174592417,0.789230268920096,0.7034879771188359,0.20996725511454975,-0.13320184778268315,-0.06171545475405878,0.2702844384458744,high
2026-02-11,-1.2249479723265453,-1.1466291921304814,-1.3718519562807907,0.6698557599308155,1.0636463033590429,0.2964916782825284,-0.7735977668654392,0.8188514558098204,0.6698557599308149,0.35732927755274774,-0.22737197944849732,-0.21464338421424164,0.35570329273449924,high
2026-02-12,-1.1801035879983368,-1.058658023609756,-1.4033589487965739,0.7302444032869697,1.15232869819023,0.28392319630992224,-0.782837125782552,0.8273230028011954,0.730244403286969,0.3348939760346148,-0.22278825159535853,-0.17987085611874018,0.36323564218359844,high
2026-02-13,-1.4119916143198057,-1.3812205905459294,-1.5226416348920537,0.6638273518859074,1.2335686957127205,-0.19083851397110793,-0.831144741606985,0.8430509164343527,0.6638273518859067,0.3629184057386593,-0.252454510393485,-0.22149533227215407,0.3789618530272232,high
2026-02-14,-1.4057227125078005,-1.375165974529374,-1.5155137046445013,0.6614097716275552,1.2285261690970053,-0.19207279055521326,-0.8339263317159773,0.8457908849709628,0.6614097716275549,0.3622876466263324,-0.25292058758035696,-0.22138665863068582,0.3789190123127059,high
2026-02-15,-1.399499871562124,-1.3691541938590086,-1.5084453701634257,0.6589966242413898,1.2235129199241723,-0.19330832813229448,-0.8367203934079033,0.848542936966548,0.658996624241389,0.36165717633263383,-0.253386860906674,-0.22127799191418263,0.37887617339900614,high
2026-02-16,-1.3933224045162744,-1.3631846243034669,-1.5014356596549552,0.6565878669905947,1.218528571746133,-0.0551399270201432,-0.882058242046217,0.9051237674335473,0.6565878669905943,0.32385973464486834,-0.219594215257806,-0.18433360139028726,0.3453594176473368,high
2026-02-17,-1.3740224316750829,-1.377269912966192,-1.5959518328544822,0.5876266929049266,1.4239847215409214,-0.16312642639371258,-1.008764305868828,1.0278741140220937,0.5876266929049262,0.3606841758457437,-0.25376659421537895,-0.235156712299649,0.3650252293436905,high
2026-02-18,-1.3617555126929703,-1.399964752844312,-1.3042229710198847,0.5231696824660368,0.8843468925451262,-0.03748094742449653,-0.9731234490080412,1.0001175233691704,0.5231696824660363,0.4030616942550019,-0.29212694435155695,-0.29085643469564654,0.3893819264485615,high
2026-02-19,-1.247553727671641,-1.2977218481168904,-1.3066269036894884,0.45522694457901447,0.9622761016223869,0.0006169787918597846,-1.0428856580402328,1.0746541117851993,0.4552269445790141,0.3468464674731712,-0.23502128810438352,-0.2495145505536179,0.31982492377391036,high
2026-02-20,-1.1415672279248112,-1.133658293518974,-1.313996520990369,0.5200193877695917,1.0447020237848308,0.15938745228458143,-1.0698430466689866,1.1135729243323202,0.5200193877695911,0.37286409572003554,-0.2507785339684223,-0.2621473923254158,0.3478003659337598,high
2026-02-21,-1.1374568031296572,-1.1311085779172583,-1.308709548316726,0.517110820704758,1.0406121315816372,0.15603904764296017,-1.0695645123629371,1.1127269316731403,0.5171108207047576,0.3719392916653407,-0.2507303917486964,-0.262040413156395,0.34698110843057295,high
2026-02-22,-1.133366535855376,-1.1285676057347536,-1.303457975100119,0.5142015840959164,1.0365400743883788,0.15268598005566833,-1.0692860937754831,1.1118819929852468,0.514201584095916,0.37101502508670703,-0.25068225112510295,-0.2619334419100183,0.34616225900685826,high
2026-02-23,-1.1032077245945573,-1.1404308408951436,-1.4052894109880187,0.42351828648399137,1.2489068431047523,0.12264204522471171,-1.0973978528281763,1.138350304846032,0.423518286483991,0.3670359570274455,-0.2506341120972556,-0.2768533428037002,0.3280688822993383,high
2026-02-24,-1.10548700434126,-1.1133133927911398,-1.546327957547593,0.4808019114095018,1.5343201668547,0.1420480553372422,-1.0917835158705935,1.133648325875399,0.48080191140950135,0.32025489501090953,-0.19846931446077642,-0.21886017094989857,0.2882494463112968,high
2026-02-25,-1.0963246005809821,-1.086555923694303,-1.5755101444852257,0.5111525226793138,1.606571994121214,0.23940027679778708,-1.0376513901523208,1.084581580283127,0.5111525226793135,0.3716833276404234,-0.2503099726260521,-0.2638337313666099,0.34464879916891494,high
2026-02-26,-1.1338911728422625,-1.1026084709821176,-1.720888860640625,0.5698670579916444,1.9098767137369634,0.23317036469033797,-1.0763410972110712,1.123564122573035,0.5698670579916439,0.42025173728598464,-0.30927906140993744,-0.3001616164738884,0.41356244999226355,high
2026-02-27,-1.1845037591178929,-1.1340939343047665,-1.7913142789886747,0.6302807292297176,2.046306788546867,0.13033534721988524,-1.0634509940178232,1.1026684784306084,0.6302807292297172,0.27016992429186837,-0.17294566750694773,-0.13919506201165033,0.29204428609840555,high
