feature_type,metal,bucket,feature_col,signal_col,entry_z,exit_z,max_hold,cost_bp,is_sharpe,is_maxdd,is_hitrate,is_num_trades,is_carry_frac,oos_sharpe,oos_maxdd,oos_hitrate,oos_num_trades,dd_ratio,validated
gc_cal,gc_cal,2m,gc_comex_carry_2m,z_gc_comex_carry_2m,1.5,0.3,20,0.08,-0.4912201704780281,-26.651859742417493,0.358974358974359,39,0.5681879291124704,1.8441390057507767,-3.958858331923173,0.7272727272727273,22,0.14853966553120093,True
gc_cal,gc_cal,2m,gc_comex_carry_2m,z_gc_comex_carry_2m,1.5,0.3,20,0.12,-0.582418819195956,-27.611859742417494,0.358974358974359,39,0.4790558937742927,1.6814126515249956,-4.038858331923174,0.6818181818181818,22,0.14627259335663859,True
gc_cal,gc_cal,2m,gc_comex_carry_2m,z_gc_comex_carry_2m,1.5,0.3,63,0.08,-0.6103013465357657,-30.913487769137475,0.4074074074074074,27,0.5885514368748559,1.6591546783965891,-5.007453505969776,0.6666666666666666,15,0.16198280644893698,True
gc_cal,gc_cal,2m,gc_comex_carry_2m,z_gc_comex_carry_2m,1.5,0.3,63,0.12,-0.6752071008525675,-31.39348776913748,0.4074074074074074,27,0.5320885250299721,1.5670492614677949,-5.087453505969777,0.6,15,0.1620544217126198,True
gc_cal,gc_cal,2m,gc_comex_carry_2m,z_gc_comex_carry_2m,1.5,0.3,126,0.08,-0.4995897274201439,-24.42599757509688,0.4166666666666667,24,0.7519455499474389,0.8970843795314237,-13.236052026388206,0.6153846153846154,13,0.5418837853272697,False
gc_cal,gc_cal,2m,gc_comex_carry_2m,z_gc_comex_carry_2m,1.5,0.3,126,0.12,-0.5585318439797844,-24.745997575096894,0.4166666666666667,24,0.6726940644358117,0.8204429481013276,-13.316052026388206,0.5384615384615384,13,0.5381093239817012,False
gc_cal,gc_cal,2m,gc_comex_carry_2m,z_gc_comex_carry_2m,1.5,0.3,252,0.08,-0.6527183028177845,-31.622288337437464,0.43478260869565216,23,0.6385191193304048,0.08803127588456797,-24.57141342673928,0.6153846153846154,13,0.777028315109293,False
gc_cal,gc_cal,2m,gc_comex_carry_2m,z_gc_comex_carry_2m,1.5,0.3,252,0.12,-0.7043626982759363,-31.862288337437462,0.43478260869565216,23,0.5918338613518539,0.022622019554902447,-24.571413426739277,0.5384615384615384,13,0.7711754148514319,False
gc_cal,gc_cal,2m,gc_comex_carry_2m,z_gc_comex_carry_2m,1.5,0.5,20,0.08,-0.5232922637387781,-26.90034613969509,0.358974358974359,39,0.5283422224357062,1.8019030268024732,-3.958858331923173,0.7272727272727273,22,0.14716756101815895,True
gc_cal,gc_cal,2m,gc_comex_carry_2m,z_gc_comex_carry_2m,1.5,0.5,20,0.12,-0.6155670633920335,-28.260346139695088,0.358974358974359,39,0.44903116981036373,1.6381249509456226,-4.038858331923174,0.6818181818181818,22,0.1429160956471834,True
gc_cal,gc_cal,2m,gc_comex_carry_2m,z_gc_comex_carry_2m,1.5,0.5,63,0.08,-0.6516536815273936,-31.16197416641507,0.4074074074074074,27,0.5555550678480857,1.6199128783489545,-5.007453505969776,0.6666666666666666,15,0.16069115131244083,True
gc_cal,gc_cal,2m,gc_comex_carry_2m,z_gc_comex_carry_2m,1.5,0.5,63,0.12,-0.7174321949251977,-32.04197416641507,0.4074074074074074,27,0.5047993192617796,1.5271151872177529,-5.087453505969777,0.6,15,0.15877465850098002,True
gc_cal,gc_cal,2m,gc_comex_carry_2m,z_gc_comex_carry_2m,1.5,0.5,126,0.08,-0.5405819907879247,-24.674483972374478,0.4166666666666667,24,0.7008008818527488,0.8713380018242007,-13.236052026388206,0.6153846153846154,13,0.5364267006032334,False
gc_cal,gc_cal,2m,gc_comex_carry_2m,z_gc_comex_carry_2m,1.5,0.5,126,0.12,-0.6003375520273618,-25.39448397237448,0.4166666666666667,24,0.6312354772902833,0.7945162107986822,-13.316052026388206,0.5384615384615384,13,0.524367891896293,False
gc_cal,gc_cal,2m,gc_comex_carry_2m,z_gc_comex_carry_2m,1.5,0.5,252,0.08,-0.6910988087808939,-31.870774734715063,0.43478260869565216,23,0.6073215633819338,0.06516549450460779,-24.57141342673928,0.6153846153846154,13,0.7709700699548733,False
gc_cal,gc_cal,2m,gc_comex_carry_2m,z_gc_comex_carry_2m,1.5,0.5,252,0.12,-0.7433665282154597,-32.51077473471505,0.43478260869565216,23,0.5648156372495413,-0.0003184699079902403,-24.571413426739277,0.5384615384615384,13,0.7557929218002267,False
gc_cal,gc_cal,2m,gc_comex_carry_2m,z_gc_comex_carry_2m,1.5,0.75,20,0.08,-0.5796024699797866,-27.008110586162978,0.358974358974359,39,0.4718486319047676,1.6602433534564403,-3.958858331923173,0.7272727272727273,22,0.14658035108725484,True
gc_cal,gc_cal,2m,gc_comex_carry_2m,z_gc_comex_carry_2m,1.5,0.75,20,0.12,-0.6726235204739174,-28.368110586162977,0.358974358974359,39,0.4064397685009674,1.4948769212947965,-4.038858331923174,0.6818181818181818,22,0.14237318765576143,False
gc_cal,gc_cal,2m,gc_comex_carry_2m,z_gc_comex_carry_2m,1.5,0.75,63,0.08,-0.7121803833725349,-31.269738612882964,0.4074074074074074,27,0.5053664175311448,1.4916755402053135,-5.007453505969776,0.6666666666666666,15,0.16013736372924883,False
gc_cal,gc_cal,2m,gc_comex_carry_2m,z_gc_comex_carry_2m,1.5,0.75,63,0.12,-0.7784880026486096,-32.14973861288296,0.4074074074074074,27,0.46242617926075485,1.397487575000309,-5.087453505969777,0.6,15,0.15824245314178528,False
gc_cal,gc_cal,2m,gc_comex_carry_2m,z_gc_comex_carry_2m,1.5,0.75,126,0.08,-0.5939479919742091,-24.78224841884237,0.4166666666666667,24,0.6355138456312847,0.769331081830329,-13.236052026388206,0.6153846153846154,13,0.534094074221474,False
gc_cal,gc_cal,2m,gc_comex_carry_2m,z_gc_comex_carry_2m,1.5,0.75,126,0.12,-0.6540687481897726,-25.50224841884237,0.4166666666666667,24,0.5772196381207677,0.6919566199215575,-13.316052026388206,0.5384615384615384,13,0.5221520788162985,False
gc_cal,gc_cal,2m,gc_comex_carry_2m,z_gc_comex_carry_2m,1.5,0.75,252,0.08,-0.7401888571492455,-31.97853918118294,0.43478260869565216,23,0.5653958746450527,-0.02447012582849361,-24.57141342673928,0.6153846153846154,13,0.7683719787049492,False
gc_cal,gc_cal,2m,gc_comex_carry_2m,z_gc_comex_carry_2m,1.5,0.75,252,0.12,-0.792710983193801,-32.61853918118294,0.43478260869565216,23,0.5280784883846777,-0.09016526868985615,-24.571413426739277,0.5384615384615384,13,0.7532959489772029,False
gc_cal,gc_cal,2m,gc_comex_carry_2m,z_gc_comex_carry_2m,2.0,0.3,20,0.08,-0.6787356884320382,-27.31525251540633,0.3225806451612903,31,0.32228255758831403,1.0773924523136293,-2.67428623231817,0.5833333333333334,12,0.09790450338358839,False
gc_cal,gc_cal,2m,gc_comex_carry_2m,z_gc_comex_carry_2m,2.0,0.3,20,0.12,-0.7563273311039465,-28.52794433890419,0.3225806451612903,31,0.2888919655357757,0.9430186289411028,-2.8342862323181697,0.5,12,0.09935122554389558,False
gc_cal,gc_cal,2m,gc_comex_carry_2m,z_gc_comex_carry_2m,2.0,0.3,63,0.08,-0.7125297669663349,-28.250605435679006,0.30434782608695654,23,0.40403525658769285,1.209091414924912,-2.67428623231817,0.5,10,0.09466297061870006,False
gc_cal,gc_cal,2m,gc_comex_carry_2m,z_gc_comex_carry_2m,2.0,0.3,63,0.12,-0.7701334860282147,-29.010605435679004,0.30434782608695654,23,0.37359269222356295,1.0972648197884787,-2.8342862323181697,0.4,10,0.09769827929314404,False
gc_cal,gc_cal,2m,gc_comex_carry_2m,z_gc_comex_carry_2m,2.0,0.3,126,0.08,-0.5608639015785833,-25.44284809602737,0.38095238095238093,21,0.6064015590618456,1.3793831513358479,-2.67428623231817,0.4444444444444444,9,0.10510954678598783,False
gc_cal,gc_cal,2m,gc_comex_carry_2m,z_gc_comex_carry_2m,2.0,0.3,126,0.12,-0.6138697201918561,-26.082848096027366,0.38095238095238093,21,0.5539559852709867,1.2710805753150594,-2.8342862323181697,0.3333333333333333,9,0.10866475247961341,False
gc_cal,gc_cal,2m,gc_comex_carry_2m,z_gc_comex_carry_2m,2.0,0.3,252,0.08,-0.7107610944699526,-32.63913885836794,0.4,20,0.5411151433958371,1.3793831513358479,-2.67428623231817,0.4444444444444444,9,0.08193495067142505,False
gc_cal,gc_cal,2m,gc_comex_carry_2m,z_gc_comex_carry_2m,2.0,0.3,252,0.12,-0.7566950848253283,-33.19913885836793,0.4,20,0.5082520072145734,1.2710805753150594,-2.8342862323181697,0.3333333333333333,9,0.08537228162482234,False
gc_cal,gc_cal,2m,gc_comex_carry_2m,z_gc_comex_carry_2m,2.0,0.5,20,0.08,-0.678763168104553,-27.268518673366415,0.3225806451612903,31,0.3188555768144964,1.0773924523136293,-2.67428623231817,0.5833333333333334,12,0.09807229590840176,False
gc_cal,gc_cal,2m,gc_comex_carry_2m,z_gc_comex_carry_2m,2.0,0.5,20,0.12,-0.7568084996549881,-28.481210496864282,0.3225806451612903,31,0.28575541800259097,0.9430186289411028,-2.8342862323181697,0.5,12,0.09951424756437997,False
gc_cal,gc_cal,2m,gc_comex_carry_2m,z_gc_comex_carry_2m,2.0,0.5,63,0.08,-0.7126280857828635,-28.203871593639093,0.30434782608695654,23,0.4009487456866098,1.209091414924912,-2.67428623231817,0.5,10,0.09481982725099734,False
gc_cal,gc_cal,2m,gc_comex_carry_2m,z_gc_comex_carry_2m,2.0,0.5,63,0.12,-0.7706455547461254,-28.963871593639094,0.30434782608695654,23,0.37068081454284973,1.0972648197884787,-2.8342862323181697,0.4,10,0.09785591760946151,False
gc_cal,gc_cal,2m,gc_comex_carry_2m,z_gc_comex_carry_2m,2.0,0.5,126,0.08,-0.5606059660612647,-25.396114253987463,0.38095238095238093,21,0.603085273881656,1.3793831513358479,-2.67428623231817,0.4444444444444444,9,0.10530296901220935,False
gc_cal,gc_cal,2m,gc_comex_carry_2m,z_gc_comex_carry_2m,2.0,0.5,126,0.12,-0.6139432403082397,-26.036114253987453,0.38095238095238093,21,0.5508036569364427,1.2710805753150594,-2.8342862323181697,0.3333333333333333,9,0.10885980160745747,False
gc_cal,gc_cal,2m,gc_comex_carry_2m,z_gc_comex_carry_2m,2.0,0.5,252,0.08,-0.7106880793762884,-32.59240501632804,0.4,20,0.5386209868656925,1.3793831513358479,-2.67428623231817,0.4444444444444444,9,0.08205243617273456,False
gc_cal,gc_cal,2m,gc_comex_carry_2m,z_gc_comex_carry_2m,2.0,0.5,252,0.12,-0.7569248229579608,-33.15240501632802,0.4,20,0.5058526161221881,1.2710805753150594,-2.8342862323181697,0.3333333333333333,9,0.08549262808904043,False
gc_cal,gc_cal,2m,gc_comex_carry_2m,z_gc_comex_carry_2m,2.0,0.75,20,0.08,-0.678763168104553,-27.268518673366415,0.3225806451612903,31,0.3188555768144964,0.960086835347039,-2.67428623231817,0.5833333333333334,12,0.09807229590840176,False
gc_cal,gc_cal,2m,gc_comex_carry_2m,z_gc_comex_carry_2m,2.0,0.75,20,0.12,-0.7568084996549881,-28.481210496864282,0.3225806451612903,31,0.28575541800259097,0.8246168886923435,-2.8342862323181697,0.5,12,0.09951424756437997,False
gc_cal,gc_cal,2m,gc_comex_carry_2m,z_gc_comex_carry_2m,2.0,0.75,63,0.08,-0.7015118865266093,-28.20387159363909,0.30434782608695654,23,0.3951513448130549,1.0891279703689747,-2.67428623231817,0.5,10,0.09481982725099736,False
gc_cal,gc_cal,2m,gc_comex_carry_2m,z_gc_comex_carry_2m,2.0,0.75,63,0.12,-0.7597347936596481,-28.963871593639094,0.30434782608695654,23,0.36485255607160627,0.9754131992482088,-2.8342862323181697,0.4,10,0.09785591760946151,False
gc_cal,gc_cal,2m,gc_comex_carry_2m,z_gc_comex_carry_2m,2.0,0.75,126,0.08,-0.6041600582905805,-25.396114253987452,0.3333333333333333,21,0.5484757917801575,1.2647522193930705,-2.67428623231817,0.4444444444444444,9,0.1053029690122094,False
gc_cal,gc_cal,2m,gc_comex_carry_2m,z_gc_comex_carry_2m,2.0,0.75,126,0.12,-0.6577870245248221,-26.036114253987453,0.3333333333333333,21,0.5037005390145904,1.1549638076058804,-2.8342862323181697,0.3333333333333333,9,0.10885980160745747,False
gc_cal,gc_cal,2m,gc_comex_carry_2m,z_gc_comex_carry_2m,2.0,0.75,252,0.08,-0.7508671104127741,-32.592405016328016,0.35,20,0.5017989413284931,1.2647522193930705,-2.67428623231817,0.4444444444444444,9,0.08205243617273461,False
gc_cal,gc_cal,2m,gc_comex_carry_2m,z_gc_comex_carry_2m,2.0,0.75,252,0.12,-0.7972553466141465,-33.15240501632802,0.35,20,0.4726012762088277,1.1549638076058804,-2.8342862323181697,0.3333333333333333,9,0.08549262808904043,False
gc_cal,gc_cal,2m,gc_comex_carry_2m,z_gc_comex_carry_2m,2.5,0.3,20,0.08,-0.20460849614920007,-13.036269500915058,0.32,25,1.064192337303319,0.7704554131961433,-2.0334191636769408,0.5,10,0.1559816758570547,False
gc_cal,gc_cal,2m,gc_comex_carry_2m,z_gc_comex_carry_2m,2.5,0.3,20,0.12,-0.28373870913503646,-14.019170533785267,0.32,25,0.7663255746436566,0.64507220796873,-2.233419163676941,0.4,10,0.15931179082917563,False
gc_cal,gc_cal,2m,gc_comex_carry_2m,z_gc_comex_carry_2m,2.5,0.3,63,0.08,-0.490425972017137,-19.202557856623596,0.2727272727272727,22,0.5378844550508121,0.9811747298516612,-2.2447656079344656,0.4444444444444444,9,0.11689930188962674,False
gc_cal,gc_cal,2m,gc_comex_carry_2m,z_gc_comex_carry_2m,2.5,0.3,63,0.12,-0.5511267076844297,-19.80941065308174,0.2727272727272727,22,0.47823897317842434,0.8731623808227856,-2.2447656079344656,0.3333333333333333,9,0.1133181419299442,False
gc_cal,gc_cal,2m,gc_comex_carry_2m,z_gc_comex_carry_2m,2.5,0.3,126,0.08,-0.5379631276033219,-20.686102507698543,0.3,20,0.5637801269547182,1.1675002051299912,-2.2447656079344656,0.375,8,0.10851563783458258,False
gc_cal,gc_cal,2m,gc_comex_carry_2m,z_gc_comex_carry_2m,2.5,0.3,126,0.12,-0.5938237191889593,-21.212955304156694,0.3,20,0.5103421346061493,1.0637272351321332,-2.2447656079344656,0.25,8,0.10582050335507011,False
gc_cal,gc_cal,2m,gc_comex_carry_2m,z_gc_comex_carry_2m,2.5,0.3,252,0.08,-0.7696373535053941,-31.84033221242528,0.3157894736842105,19,0.4717950955808714,1.1675002051299912,-2.2447656079344656,0.375,8,0.07050069681931505,False
gc_cal,gc_cal,2m,gc_comex_carry_2m,z_gc_comex_carry_2m,2.5,0.3,252,0.12,-0.8140567049990859,-32.28718500888343,0.3157894736842105,19,0.44585814243874317,1.0637272351321332,-2.2447656079344656,0.25,8,0.06952497120194423,False
gc_cal,gc_cal,2m,gc_comex_carry_2m,z_gc_comex_carry_2m,2.5,0.5,20,0.08,-0.20346485011197435,-13.036269500915056,0.32,25,1.0566022987270511,0.7704554131961433,-2.0334191636769408,0.5,10,0.15598167585705472,False
gc_cal,gc_cal,2m,gc_comex_carry_2m,z_gc_comex_carry_2m,2.5,0.5,20,0.12,-0.28304166301886396,-13.972436691745354,0.32,25,0.7589129798880142,0.64507220796873,-2.233419163676941,0.4,10,0.15984464363301798,False
gc_cal,gc_cal,2m,gc_comex_carry_2m,z_gc_comex_carry_2m,2.5,0.5,63,0.08,-0.490115316574281,-19.202557856623596,0.2727272727272727,22,0.5333842277654217,0.9811747298516612,-2.2447656079344656,0.4444444444444444,9,0.11689930188962674,False
gc_cal,gc_cal,2m,gc_comex_carry_2m,z_gc_comex_carry_2m,2.5,0.5,63,0.12,-0.5512275806985166,-19.762676811041832,0.2727272727272727,22,0.474063102329439,0.8731623808227856,-2.2447656079344656,0.3333333333333333,9,0.11358611130453071,False
gc_cal,gc_cal,2m,gc_comex_carry_2m,z_gc_comex_carry_2m,2.5,0.5,126,0.08,-0.5377654641745114,-20.686102507698543,0.3,20,0.5598042540484852,1.1675002051299912,-2.2447656079344656,0.375,8,0.10851563783458258,False
gc_cal,gc_cal,2m,gc_comex_carry_2m,z_gc_comex_carry_2m,2.5,0.5,126,0.12,-0.5940341454139239,-21.166221462116784,0.3,20,0.5065994080471048,1.0637272351321332,-2.2447656079344656,0.25,8,0.10605414915232451,False
gc_cal,gc_cal,2m,gc_comex_carry_2m,z_gc_comex_carry_2m,2.5,0.5,252,0.08,-0.7697007855107537,-31.84033221242528,0.3157894736842105,19,0.4693152746960898,1.1675002051299912,-2.2447656079344656,0.375,8,0.07050069681931505,False
gc_cal,gc_cal,2m,gc_comex_carry_2m,z_gc_comex_carry_2m,2.5,0.5,252,0.12,-0.8144518779830761,-32.24045116684352,0.3157894736842105,19,0.443472088147533,1.0637272351321332,-2.2447656079344656,0.25,8,0.06962575046849873,False
gc_cal,gc_cal,2m,gc_comex_carry_2m,z_gc_comex_carry_2m,2.5,0.75,20,0.08,-0.20346485011197435,-13.036269500915056,0.32,25,1.0566022987270511,0.7244748508669699,-2.0334191636769408,0.5,10,0.15598167585705472,False
gc_cal,gc_cal,2m,gc_comex_carry_2m,z_gc_comex_carry_2m,2.5,0.75,20,0.12,-0.28304166301886396,-13.972436691745354,0.32,25,0.7589129798880142,0.5988794363583585,-2.233419163676941,0.4,10,0.15984464363301798,False
gc_cal,gc_cal,2m,gc_comex_carry_2m,z_gc_comex_carry_2m,2.5,0.75,63,0.08,-0.49321144186873345,-19.202557856623596,0.2727272727272727,22,0.5302071361826328,0.936888618106932,-2.2447656079344656,0.4444444444444444,9,0.11689930188962674,False
gc_cal,gc_cal,2m,gc_comex_carry_2m,z_gc_comex_carry_2m,2.5,0.75,63,0.12,-0.5543187740722003,-19.851348634572304,0.2727272727272727,22,0.4715679275421575,0.8283845339842043,-2.2447656079344656,0.3333333333333333,9,0.11307874589563516,False
gc_cal,gc_cal,2m,gc_comex_carry_2m,z_gc_comex_carry_2m,2.5,0.75,126,0.08,-0.5408261445987799,-20.686102507698543,0.3,20,0.5567916764037534,1.125472769325994,-2.2447656079344656,0.375,8,0.10851563783458258,False
gc_cal,gc_cal,2m,gc_comex_carry_2m,z_gc_comex_carry_2m,2.5,0.75,126,0.12,-0.5970897324931366,-21.254893285647256,0.3,20,0.504143695803666,1.021381928408462,-2.2447656079344656,0.25,8,0.10561170916112213,False
gc_cal,gc_cal,2m,gc_comex_carry_2m,z_gc_comex_carry_2m,2.5,0.75,252,0.08,-0.7722598209250874,-31.84033221242528,0.3157894736842105,19,0.46785255568764433,1.125472769325994,-2.2447656079344656,0.375,8,0.07050069681931505,False
gc_cal,gc_cal,2m,gc_comex_carry_2m,z_gc_comex_carry_2m,2.5,0.75,252,0.12,-0.8170065942370983,-32.32912299037399,0.3157894736842105,19,0.4421702999285321,1.021381928408462,-2.2447656079344656,0.25,8,0.06943478202618876,False
gc_cal,gc_cal,4m,gc_comex_carry_4m,z_gc_comex_carry_4m,1.5,0.3,20,0.08,-0.44362932862644144,-25.90176129209216,0.32,50,0.4722830268328481,1.076213773280495,-4.873982135160967,0.7647058823529411,17,0.18817184206886345,False
gc_cal,gc_cal,4m,gc_comex_carry_4m,z_gc_comex_carry_4m,1.5,0.3,20,0.12,-0.5652351852611718,-27.10176129209215,0.32,50,0.37028998938592694,0.9518050260803009,-5.473982135160966,0.7647058823529411,17,0.20197883363241728,False
gc_cal,gc_cal,4m,gc_comex_carry_4m,z_gc_comex_carry_4m,1.5,0.3,63,0.08,-0.432135357447338,-28.260805399775695,0.34285714285714286,35,0.5289400780802784,1.2182863574550706,-4.866661564437666,0.6,10,0.17220533865168233,False
gc_cal,gc_cal,4m,gc_comex_carry_4m,z_gc_comex_carry_4m,1.5,0.3,63,0.12,-0.5123082691838785,-29.067591965350793,0.34285714285714286,35,0.4461107428291643,1.1495353930609384,-5.226661564437665,0.6,10,0.17981061419425318,False
gc_cal,gc_cal,4m,gc_comex_carry_4m,z_gc_comex_carry_4m,1.5,0.3,126,0.08,-0.3457660450834648,-23.922595104106065,0.3225806451612903,31,0.591371238917914,0.539924316419783,-12.935247498466948,0.42857142857142855,7,0.5407125540592688,False
gc_cal,gc_cal,4m,gc_comex_carry_4m,z_gc_comex_carry_4m,1.5,0.3,126,0.12,-0.41995377147590784,-24.642595104106057,0.3225806451612903,31,0.4869399142155772,0.49548570811555065,-13.295247498466946,0.42857142857142855,7,0.5395230267875332,False
gc_cal,gc_cal,4m,gc_comex_carry_4m,z_gc_comex_carry_4m,1.5,0.3,252,0.08,-0.2515854723892525,-20.845839376500965,0.3793103448275862,29,0.49275715200274006,0.16645748350326967,-23.577876570723408,0.3333333333333333,6,1.131059111838989,False
gc_cal,gc_cal,4m,gc_comex_carry_4m,z_gc_comex_carry_4m,1.5,0.3,252,0.12,-0.3216280279656265,-21.485839376500966,0.3793103448275862,29,0.38548077735286684,0.1316258697458065,-23.937876570723418,0.3333333333333333,6,1.1141234071080435,False
gc_cal,gc_cal,4m,gc_comex_carry_4m,z_gc_comex_carry_4m,1.5,0.5,20,0.08,-0.4609303542104254,-25.90176129209216,0.32,50,0.45423503187140785,1.076213773280495,-4.873982135160967,0.7647058823529411,17,0.18817184206886345,False
gc_cal,gc_cal,4m,gc_comex_carry_4m,z_gc_comex_carry_4m,1.5,0.5,20,0.12,-0.5825669793664395,-27.390749660137924,0.32,50,0.35898530272844,0.9518050260803009,-5.473982135160966,0.7647058823529411,17,0.1998478392552839,False
gc_cal,gc_cal,4m,gc_comex_carry_4m,z_gc_comex_carry_4m,1.5,0.5,63,0.08,-0.42207618892575166,-28.26080539977569,0.34285714285714286,35,0.5791937993834293,1.2706258429788906,-4.866661564437666,0.6,10,0.17220533865168236,False
gc_cal,gc_cal,4m,gc_comex_carry_4m,z_gc_comex_carry_4m,1.5,0.5,63,0.12,-0.5038045360111012,-29.0675919653508,0.34285714285714286,35,0.4851930284342315,1.195282502435037,-5.226661564437665,0.6,10,0.17981061419425312,False
gc_cal,gc_cal,4m,gc_comex_carry_4m,z_gc_comex_carry_4m,1.5,0.5,126,0.08,-0.3313344254327415,-23.92259510410606,0.3225806451612903,31,0.6837923084243385,0.6012562376343127,-12.935247498466948,0.42857142857142855,7,0.5407125540592689,False
gc_cal,gc_cal,4m,gc_comex_carry_4m,z_gc_comex_carry_4m,1.5,0.5,126,0.12,-0.406999952659895,-24.642595104106057,0.3225806451612903,31,0.5566333242944593,0.5547726158057127,-13.295247498466946,0.42857142857142855,7,0.5395230267875332,False
gc_cal,gc_cal,4m,gc_comex_carry_4m,z_gc_comex_carry_4m,1.5,0.5,252,0.08,-0.23935600967140674,-20.84583937650097,0.36666666666666664,30,0.6079619374071619,-0.15567375443525444,-23.577876570723408,0.3333333333333333,6,1.131059111838989,False
gc_cal,gc_cal,4m,gc_comex_carry_4m,z_gc_comex_carry_4m,1.5,0.5,252,0.12,-0.3132720286761843,-21.48583937650097,0.36666666666666664,30,0.4645039260532254,-0.19295986488322311,-23.937876570723418,0.3333333333333333,6,1.1141234071080433,False
gc_cal,gc_cal,4m,gc_comex_carry_4m,z_gc_comex_carry_4m,1.5,0.75,20,0.08,-0.4776128806414348,-25.901761292092154,0.32,50,0.4198056072346658,1.076213773280495,-4.873982135160967,0.7647058823529411,17,0.1881718420688635,False
gc_cal,gc_cal,4m,gc_comex_carry_4m,z_gc_comex_carry_4m,1.5,0.75,20,0.12,-0.6002701313039165,-27.28814297074348,0.3,50,0.33368117963271837,0.9518050260803009,-5.473982135160966,0.7647058823529411,17,0.20059929109246472,False
gc_cal,gc_cal,4m,gc_comex_carry_4m,z_gc_comex_carry_4m,1.5,0.75,63,0.08,-0.47947107334974093,-28.260805399775705,0.34285714285714286,35,0.5202898664357357,1.1651847028795823,-4.866661564437666,0.6,10,0.17220533865168225,False
gc_cal,gc_cal,4m,gc_comex_carry_4m,z_gc_comex_carry_4m,1.5,0.75,63,0.12,-0.5629115268090694,-29.067591965350793,0.3142857142857143,35,0.44321514776802173,1.0871288260072751,-5.226661564437665,0.6,10,0.17981061419425318,False
gc_cal,gc_cal,4m,gc_comex_carry_4m,z_gc_comex_carry_4m,1.5,0.75,126,0.08,-0.3886292021055144,-23.922595104106065,0.3225806451612903,31,0.5957356109620577,0.48622957154801116,-12.935247498466948,0.5,8,0.5407125540592688,False
gc_cal,gc_cal,4m,gc_comex_carry_4m,z_gc_comex_carry_4m,1.5,0.75,126,0.12,-0.4659589813132707,-24.642595104106057,0.3225806451612903,31,0.496940895168194,0.43171626830474885,-13.295247498466946,0.5,8,0.5395230267875332,False
gc_cal,gc_cal,4m,gc_comex_carry_4m,z_gc_comex_carry_4m,1.5,0.75,252,0.08,-0.2864598924557283,-20.81044890276236,0.36666666666666664,30,0.5329639229251274,-0.28447770806664613,-23.577876570723408,0.42857142857142855,7,1.1329826031572872,False
gc_cal,gc_cal,4m,gc_comex_carry_4m,z_gc_comex_carry_4m,1.5,0.75,252,0.12,-0.3621226003945924,-21.370448902762348,0.36666666666666664,30,0.42173034272810733,-0.3285051785067195,-23.937876570723418,0.42857142857142855,7,1.1201391547572594,False
gc_cal,gc_cal,4m,gc_comex_carry_4m,z_gc_comex_carry_4m,2.0,0.3,20,0.08,-0.41716849365232206,-23.667282143852596,0.2894736842105263,38,0.34447519121173836,0.9378676457172997,-3.5822916575765573,0.7,10,0.15136049994261938,False
gc_cal,gc_cal,4m,gc_comex_carry_4m,z_gc_comex_carry_4m,2.0,0.3,20,0.12,-0.5169385417307457,-25.64393412363168,0.2894736842105263,38,0.277837396081403,0.8485650334656252,-3.9022916575765576,0.7,10,0.15217211363760583,False
gc_cal,gc_cal,4m,gc_comex_carry_4m,z_gc_comex_carry_4m,2.0,0.3,63,0.08,-0.3223796247576343,-25.18894133197697,0.3225806451612903,31,0.6682815864440803,0.7749901246546766,-3.496752476888715,0.5,6,0.13882093855408056,False
gc_cal,gc_cal,4m,gc_comex_carry_4m,z_gc_comex_carry_4m,2.0,0.3,63,0.12,-0.40104446517495357,-25.915727897552053,0.3225806451612903,31,0.5370514399715179,0.7199720601554124,-3.7367524768887153,0.5,6,0.14418859820031069,False
gc_cal,gc_cal,4m,gc_comex_carry_4m,z_gc_comex_carry_4m,2.0,0.3,126,0.08,-0.19407493625867633,-21.08763353425289,0.32142857142857145,28,0.868707068226569,1.5102505949148775,-3.496752476888715,0.4,5,0.16582005141586414,False
gc_cal,gc_cal,4m,gc_comex_carry_4m,z_gc_comex_carry_4m,2.0,0.3,126,0.12,-0.2692371567395533,-21.72763353425289,0.32142857142857145,28,0.6260062826376664,1.4645334395472847,-3.7367524768887153,0.4,5,0.17198156766579523,False
gc_cal,gc_cal,4m,gc_comex_carry_4m,z_gc_comex_carry_4m,2.0,0.3,252,0.08,-0.13465392893753664,-19.224896636276796,0.3333333333333333,27,0.8365285331469898,1.8103015933846016,-3.496752476888715,0.4,5,0.18188667242509118,False
gc_cal,gc_cal,4m,gc_comex_carry_4m,z_gc_comex_carry_4m,2.0,0.3,252,0.12,-0.20832717471176251,-19.784896636276798,0.3333333333333333,27,0.5405619421447116,1.7683030104044346,-3.7367524768887153,0.4,5,0.1888689410707941,False
gc_cal,gc_cal,4m,gc_comex_carry_4m,z_gc_comex_carry_4m,2.0,0.5,20,0.08,-0.41716849365232206,-23.667282143852596,0.2894736842105263,38,0.34447519121173836,0.9378676457172997,-3.5822916575765573,0.7,10,0.15136049994261938,False
gc_cal,gc_cal,4m,gc_comex_carry_4m,z_gc_comex_carry_4m,2.0,0.5,20,0.12,-0.5169385417307457,-25.64393412363168,0.2894736842105263,38,0.277837396081403,0.8485650334656252,-3.9022916575765576,0.7,10,0.15217211363760583,False
gc_cal,gc_cal,4m,gc_comex_carry_4m,z_gc_comex_carry_4m,2.0,0.5,63,0.08,-0.3615889970701034,-25.18894133197697,0.3225806451612903,31,0.6375472552607823,0.7749901246546766,-3.496752476888715,0.5,6,0.13882093855408056,False
gc_cal,gc_cal,4m,gc_comex_carry_4m,z_gc_comex_carry_4m,2.0,0.5,63,0.12,-0.44034077882685735,-25.915727897552053,0.3225806451612903,31,0.5233544173273681,0.7199720601554124,-3.7367524768887153,0.5,6,0.14418859820031069,False
gc_cal,gc_cal,4m,gc_comex_carry_4m,z_gc_comex_carry_4m,2.0,0.5,126,0.08,-0.23461662351695856,-21.08763353425289,0.32142857142857145,28,0.7851301354475251,1.6306771312269277,-3.496752476888715,0.4,5,0.16582005141586414,False
gc_cal,gc_cal,4m,gc_comex_carry_4m,z_gc_comex_carry_4m,2.0,0.5,126,0.12,-0.3098720849929328,-21.727633534252895,0.32142857142857145,28,0.5942406103460667,1.5807859268276518,-3.7367524768887153,0.4,5,0.1719815676657952,False
gc_cal,gc_cal,4m,gc_comex_carry_4m,z_gc_comex_carry_4m,2.0,0.5,252,0.08,-0.1757269252609449,-19.224896636276796,0.3333333333333333,27,0.7306919119954285,1.6306771312269277,-3.496752476888715,0.4,5,0.18188667242509118,False
gc_cal,gc_cal,4m,gc_comex_carry_4m,z_gc_comex_carry_4m,2.0,0.5,252,0.12,-0.24949891370604635,-19.784896636276798,0.3333333333333333,27,0.5144795064888845,1.5807859268276518,-3.7367524768887153,0.4,5,0.1888689410707941,False
gc_cal,gc_cal,4m,gc_comex_carry_4m,z_gc_comex_carry_4m,2.0,0.75,20,0.08,-0.4281539807287225,-23.6672821438526,0.2894736842105263,38,0.3413173625670071,0.9378676457172997,-3.5822916575765573,0.7,10,0.15136049994261935,False
gc_cal,gc_cal,4m,gc_comex_carry_4m,z_gc_comex_carry_4m,2.0,0.75,20,0.12,-0.5279203044358646,-25.643934123631684,0.2894736842105263,38,0.2766493637315177,0.8485650334656252,-3.9022916575765576,0.7,10,0.1521721136376058,False
gc_cal,gc_cal,4m,gc_comex_carry_4m,z_gc_comex_carry_4m,2.0,0.75,63,0.08,-0.3910357699916429,-25.188941331976967,0.3225806451612903,31,0.6047486534333282,0.7586682046664589,-3.496752476888715,0.5,6,0.13882093855408056,False
gc_cal,gc_cal,4m,gc_comex_carry_4m,z_gc_comex_carry_4m,2.0,0.75,63,0.12,-0.4704734238131062,-25.915727897552053,0.3225806451612903,31,0.5025649369915698,0.700932790040176,-3.7367524768887153,0.5,6,0.14418859820031069,False
gc_cal,gc_cal,4m,gc_comex_carry_4m,z_gc_comex_carry_4m,2.0,0.75,126,0.08,-0.264280908106098,-21.08763353425289,0.32142857142857145,28,0.7192030821117524,1.226305048909652,-3.496752476888715,0.4,5,0.16582005141586414,False
gc_cal,gc_cal,4m,gc_comex_carry_4m,z_gc_comex_carry_4m,2.0,0.75,126,0.12,-0.34022076315555494,-21.727633534252895,0.32142857142857145,28,0.5585799934547997,1.1742937431630915,-3.7367524768887153,0.4,5,0.1719815676657952,False
gc_cal,gc_cal,4m,gc_comex_carry_4m,z_gc_comex_carry_4m,2.0,0.75,252,0.08,-0.20538179275795418,-19.2248966362768,0.3333333333333333,27,0.6519801263911978,1.226305048909652,-3.496752476888715,0.4,5,0.18188667242509116,False
gc_cal,gc_cal,4m,gc_comex_carry_4m,z_gc_comex_carry_4m,2.0,0.75,252,0.12,-0.27983601617523973,-19.784896636276798,0.3333333333333333,27,0.4784584519030252,1.1742937431630915,-3.7367524768887153,0.4,5,0.1888689410707941,False
gc_cal,gc_cal,4m,gc_comex_carry_4m,z_gc_comex_carry_4m,2.5,0.3,20,0.08,-0.020696185477995434,-10.801401405358,0.25,28,5.901405720174267,1.3645205524513941,-0.2963941143452731,0.75,4,0.027440338824760994,False
gc_cal,gc_cal,4m,gc_comex_carry_4m,z_gc_comex_carry_4m,2.5,0.3,20,0.12,-0.1037069984030487,-11.956981865659156,0.25,28,1.1767018819479487,1.2864981327627731,-0.32280675806153775,0.75,4,0.026997344454343396,False
gc_cal,gc_cal,4m,gc_comex_carry_4m,z_gc_comex_carry_4m,2.5,0.3,63,0.08,-0.03661270922182919,-12.449922676269924,0.2692307692307692,26,3.4409056266196782,1.3645205524513941,-0.2963941143452731,0.75,4,0.023806904030834884,False
gc_cal,gc_cal,4m,gc_comex_carry_4m,z_gc_comex_carry_4m,2.5,0.3,63,0.12,-0.11184368178554456,-13.129922676269935,0.2692307692307692,26,1.1256047418589858,1.2864981327627731,-0.32280675806153775,0.75,4,0.024585579520963605,False
gc_cal,gc_cal,4m,gc_comex_carry_4m,z_gc_comex_carry_4m,2.5,0.3,126,0.08,-0.2544910234278945,-16.3486220447209,0.24,25,0.4239406462027773,1.3645205524513941,-0.2963941143452731,0.75,4,0.01812960832628589,False
gc_cal,gc_cal,4m,gc_comex_carry_4m,z_gc_comex_carry_4m,2.5,0.3,126,0.12,-0.3246801040116314,-16.9086220447209,0.24,25,0.3319695642248665,1.2864981327627731,-0.32280675806153775,0.75,4,0.01909125162344748,False
gc_cal,gc_cal,4m,gc_comex_carry_4m,z_gc_comex_carry_4m,2.5,0.3,252,0.08,-0.3550322463244653,-19.224896636276803,0.25,24,0.5752648152088115,1.3645205524513941,-0.2963941143452731,0.75,4,0.015417201972674655,False
gc_cal,gc_cal,4m,gc_comex_carry_4m,z_gc_comex_carry_4m,2.5,0.3,252,0.12,-0.4230750073342908,-19.784896636276798,0.25,24,0.4823205483170731,1.2864981327627731,-0.32280675806153775,0.75,4,0.016315817261822442,False
gc_cal,gc_cal,4m,gc_comex_carry_4m,z_gc_comex_carry_4m,2.5,0.5,20,0.08,-0.020696185477995434,-10.801401405358,0.25,28,5.901405720174267,1.2401031551711488,-0.2963941143452731,0.75,4,0.027440338824760994,False
gc_cal,gc_cal,4m,gc_comex_carry_4m,z_gc_comex_carry_4m,2.5,0.5,20,0.12,-0.1037069984030487,-11.956981865659156,0.25,28,1.1767018819479487,1.1474449625710772,-0.32280675806153775,0.75,4,0.026997344454343396,False
gc_cal,gc_cal,4m,gc_comex_carry_4m,z_gc_comex_carry_4m,2.5,0.5,63,0.08,-0.05314468901282503,-12.449922676269924,0.2692307692307692,26,2.366281790065169,1.2401031551711488,-0.2963941143452731,0.75,4,0.023806904030834884,False
gc_cal,gc_cal,4m,gc_comex_carry_4m,z_gc_comex_carry_4m,2.5,0.5,63,0.12,-0.1284056590797557,-13.316873505428696,0.2692307692307692,26,0.9785540432571141,1.1474449625710772,-0.32280675806153775,0.75,4,0.024240431354247215,False
gc_cal,gc_cal,4m,gc_comex_carry_4m,z_gc_comex_carry_4m,2.5,0.5,126,0.08,-0.27074499163574306,-16.348622044720905,0.24,25,0.397627567057869,1.2401031551711488,-0.2963941143452731,0.75,4,0.018129608326285886,False
gc_cal,gc_cal,4m,gc_comex_carry_4m,z_gc_comex_carry_4m,2.5,0.5,126,0.12,-0.34093188096489746,-17.095572873879668,0.24,25,0.31542637572240534,1.1474449625710772,-0.32280675806153775,0.75,4,0.018882476793436638,False
gc_cal,gc_cal,4m,gc_comex_carry_4m,z_gc_comex_carry_4m,2.5,0.5,252,0.08,-0.37119810540030046,-19.22489663627681,0.25,24,0.5497753152934378,1.2401031551711488,-0.2963941143452731,0.75,4,0.01541720197267465,False
gc_cal,gc_cal,4m,gc_comex_carry_4m,z_gc_comex_carry_4m,2.5,0.5,252,0.12,-0.4392284036080669,-19.971847465435566,0.25,24,0.4641638555327771,1.1474449625710772,-0.32280675806153775,0.75,4,0.01616308949986754,False
gc_cal,gc_cal,4m,gc_comex_carry_4m,z_gc_comex_carry_4m,2.5,0.75,20,0.08,-0.020696185477995434,-10.801401405358,0.25,28,5.901405720174267,1.1587420538449662,-0.2963941143452731,0.75,4,0.027440338824760994,False
gc_cal,gc_cal,4m,gc_comex_carry_4m,z_gc_comex_carry_4m,2.5,0.75,20,0.12,-0.1037069984030487,-11.956981865659156,0.25,28,1.1767018819479487,1.061400068186671,-0.32280675806153775,0.75,4,0.026997344454343396,False
gc_cal,gc_cal,4m,gc_comex_carry_4m,z_gc_comex_carry_4m,2.5,0.75,63,0.08,-0.050340749888090446,-12.449922676269924,0.2692307692307692,26,2.4030733481759547,1.1587420538449662,-0.2963941143452731,0.75,4,0.023806904030834884,False
gc_cal,gc_cal,4m,gc_comex_carry_4m,z_gc_comex_carry_4m,2.5,0.75,63,0.12,-0.12602991543272435,-13.232415028783263,0.2692307692307692,26,0.959390139506309,1.061400068186671,-0.32280675806153775,0.75,4,0.024395150647811885,False
gc_cal,gc_cal,4m,gc_comex_carry_4m,z_gc_comex_carry_4m,2.5,0.75,126,0.08,-0.26906327673917957,-16.348622044720905,0.24,25,0.3824215303685615,1.1587420538449662,-0.2963941143452731,0.75,4,0.018129608326285886,False
gc_cal,gc_cal,4m,gc_comex_carry_4m,z_gc_comex_carry_4m,2.5,0.75,126,0.12,-0.3396960926277202,-17.01111439723423,0.24,25,0.30266761672215625,1.061400068186671,-0.32280675806153775,0.75,4,0.018976226396668145,False
gc_cal,gc_cal,4m,gc_comex_carry_4m,z_gc_comex_carry_4m,2.5,0.75,252,0.08,-0.3699970852390795,-19.224896636276807,0.25,24,0.5400463665928775,1.1587420538449662,-0.2963941143452731,0.75,4,0.015417201972674653,False
gc_cal,gc_cal,4m,gc_comex_carry_4m,z_gc_comex_carry_4m,2.5,0.75,252,0.12,-0.43848356478777767,-19.88738898879013,0.25,24,0.4553817925482662,1.061400068186671,-0.32280675806153775,0.75,4,0.016231731487903887,False
si_cal,si_cal,2m,si_comex_carry_2m,z_si_comex_carry_2m,1.5,0.3,20,0.08,0.32461483243002814,-12.017015288151244,0.4772727272727273,44,-0.48175691469030524,-0.4200900555044074,-10.8487372513934,0.4444444444444444,9,0.9027813472194078,False
si_cal,si_cal,2m,si_comex_carry_2m,z_si_comex_carry_2m,1.5,0.3,20,0.12,0.26698889918956,-12.097015288151242,0.4318181818181818,44,-0.586819819485089,-0.45952690531325124,-11.268397980391834,0.3333333333333333,9,0.9315023344170673,False
si_cal,si_cal,2m,si_comex_carry_2m,z_si_comex_carry_2m,1.5,0.3,63,0.08,0.16857264323629442,-11.721549467856022,0.5384615384615384,26,-0.9845141174629249,-0.5468248870893481,-7.680548012231624,0.6,5,0.6552502323429145,False
si_cal,si_cal,2m,si_comex_carry_2m,z_si_comex_carry_2m,1.5,0.3,63,0.12,0.1285682033009458,-11.80154946785602,0.5,26,-1.2923690712742637,-0.5935410398164499,-7.8602087412300605,0.6,5,0.6660319276412794,False
si_cal,si_cal,2m,si_comex_carry_2m,z_si_comex_carry_2m,1.5,0.3,126,0.08,0.4508824830375147,-7.78886253339609,0.5,22,-0.49914780279836257,-0.05524535200361948,-5.429461628651762,0.6666666666666666,3,0.6970801712537626,False
si_cal,si_cal,2m,si_comex_carry_2m,z_si_comex_carry_2m,1.5,0.3,126,0.12,0.40982074055029155,-7.828862533396091,0.5,22,-0.5510695696337898,-0.09541424540255782,-5.529122357650198,0.6666666666666666,3,0.7062484919187506,False
si_cal,si_cal,2m,si_comex_carry_2m,z_si_comex_carry_2m,1.5,0.3,252,0.08,0.4824375850068379,-7.78886253339609,0.5454545454545454,22,-0.4369811557722857,0.4900482900172481,-4.618575269855653,0.6666666666666666,3,0.5929717272647599,False
si_cal,si_cal,2m,si_comex_carry_2m,z_si_comex_carry_2m,1.5,0.3,252,0.12,0.44159768751819084,-7.828862533396091,0.5454545454545454,22,-0.4790425704815121,0.46764727978566034,-4.63823599885409,0.6666666666666666,3,0.5924533709805816,False
si_cal,si_cal,2m,si_comex_carry_2m,z_si_comex_carry_2m,1.5,0.5,20,0.08,0.2902790742352816,-12.017015288151244,0.5,44,-0.5350527131149391,-0.4200900555044074,-10.8487372513934,0.4444444444444444,9,0.9027813472194078,False
si_cal,si_cal,2m,si_comex_carry_2m,z_si_comex_carry_2m,1.5,0.5,20,0.12,0.23198195455414036,-12.097015288151242,0.45454545454545453,44,-0.6711652401828071,-0.45952690531325124,-11.268397980391834,0.3333333333333333,9,0.9315023344170673,False
si_cal,si_cal,2m,si_comex_carry_2m,z_si_comex_carry_2m,1.5,0.5,63,0.08,0.16729240007455287,-11.721549467856022,0.5555555555555556,27,-0.9889452476158404,-0.5638133415979857,-7.680548012231624,0.6,5,0.6552502323429145,False
si_cal,si_cal,2m,si_comex_carry_2m,z_si_comex_carry_2m,1.5,0.5,63,0.12,0.1253778915826776,-11.80154946785602,0.5185185185185185,27,-1.321392535975591,-0.6105661710070133,-7.8602087412300605,0.4,5,0.6660319276412794,False
si_cal,si_cal,2m,si_comex_carry_2m,z_si_comex_carry_2m,1.5,0.5,126,0.08,0.45423768098242606,-7.78886253339609,0.5217391304347826,23,-0.49721514411057727,-0.07163350024581502,-5.429461628651762,0.6666666666666666,3,0.6970801712537626,False
si_cal,si_cal,2m,si_comex_carry_2m,z_si_comex_carry_2m,1.5,0.5,126,0.12,0.4107622238270093,-7.828862533396091,0.5217391304347826,23,-0.5519791947569174,-0.11210942925472536,-5.529122357650198,0.3333333333333333,3,0.7062484919187506,False
si_cal,si_cal,2m,si_comex_carry_2m,z_si_comex_carry_2m,1.5,0.5,252,0.08,0.48625427015177236,-7.78886253339609,0.5652173913043478,23,-0.434706640614385,0.481973356030815,-4.618575269855653,0.6666666666666666,3,0.5929717272647599,False
si_cal,si_cal,2m,si_comex_carry_2m,z_si_comex_carry_2m,1.5,0.5,252,0.12,0.4430255152381997,-7.828862533396091,0.5652173913043478,23,-0.47896564427990473,0.4593190427116456,-4.63823599885409,0.3333333333333333,3,0.5924533709805816,False
si_cal,si_cal,2m,si_comex_carry_2m,z_si_comex_carry_2m,1.5,0.75,20,0.08,0.2902790742352816,-12.017015288151244,0.5,44,-0.5350527131149391,-0.4200900555044074,-10.8487372513934,0.4444444444444444,9,0.9027813472194078,False
si_cal,si_cal,2m,si_comex_carry_2m,z_si_comex_carry_2m,1.5,0.75,20,0.12,0.23198195455414036,-12.097015288151242,0.45454545454545453,44,-0.6711652401828071,-0.45952690531325124,-11.268397980391834,0.3333333333333333,9,0.9315023344170673,False
si_cal,si_cal,2m,si_comex_carry_2m,z_si_comex_carry_2m,1.5,0.75,63,0.08,0.15522142442995773,-11.721549467856022,0.5714285714285714,28,-1.0592646926895082,-0.55304177869502,-7.680548012231624,0.4,5,0.6552502323429145,False
si_cal,si_cal,2m,si_comex_carry_2m,z_si_comex_carry_2m,1.5,0.75,63,0.12,0.11245676385487166,-11.80154946785602,0.5357142857142857,28,-1.4640292257871956,-0.6047010880453004,-7.8602087412300605,0.4,5,0.6660319276412794,False
si_cal,si_cal,2m,si_comex_carry_2m,z_si_comex_carry_2m,1.5,0.75,126,0.08,0.4935502237247552,-7.78886253339609,0.52,25,-0.45008174639421145,-0.2505736156889057,-5.429461628651762,0.3333333333333333,3,0.6970801712537626,False
si_cal,si_cal,2m,si_comex_carry_2m,z_si_comex_carry_2m,1.5,0.75,126,0.12,0.44720672100682857,-7.828862533396091,0.52,25,-0.4986869757334486,-0.29821873272517774,-5.529122357650198,0.3333333333333333,3,0.7062484919187506,False
si_cal,si_cal,2m,si_comex_carry_2m,z_si_comex_carry_2m,1.5,0.75,252,0.08,0.5149087691145121,-7.78886253339609,0.56,25,-0.4106489383766466,0.15176147131912232,-4.618575269855653,0.3333333333333333,3,0.5929717272647599,False
si_cal,si_cal,2m,si_comex_carry_2m,z_si_comex_carry_2m,1.5,0.75,252,0.12,0.46878551580429884,-7.828862533396091,0.56,25,-0.45284022129482665,0.12266569306760751,-4.63823599885409,0.3333333333333333,3,0.5924533709805816,False
si_cal,si_cal,2m,si_comex_carry_2m,z_si_comex_carry_2m,2.0,0.3,20,0.08,0.6153403919921206,-8.892514405968157,0.42857142857142855,28,-0.34487179564273146,-0.7297554198050252,-6.315738055115941,0.3333333333333333,3,0.7102308488673542,False
si_cal,si_cal,2m,si_comex_carry_2m,z_si_comex_carry_2m,2.0,0.3,20,0.12,0.5571181385635904,-8.972514405968159,0.39285714285714285,28,-0.38138100813215414,-0.7674581051230888,-6.4153987841143785,0.3333333333333333,3,0.7150056822251644,False
si_cal,si_cal,2m,si_comex_carry_2m,z_si_comex_carry_2m,2.0,0.3,63,0.08,0.7026105173156686,-6.940710619025777,0.47619047619047616,21,-0.30477037336660184,-0.40379291065181716,-2.6650827027348702,0.5,2,0.38397836317067935,False
si_cal,si_cal,2m,si_comex_carry_2m,z_si_comex_carry_2m,2.0,0.3,63,0.12,0.6505321398342524,-6.9407106190257775,0.47619047619047616,21,-0.33008810297796637,-0.4417911354235286,-2.764743431733308,0.5,2,0.39833722848992326,False
si_cal,si_cal,2m,si_comex_carry_2m,z_si_comex_carry_2m,2.0,0.3,126,0.08,0.5015408995885953,-9.69152309369291,0.47368421052631576,19,-0.45923250821178385,-0.6489146017968754,-4.342136204628748,0.5,2,0.44803444852280666,False
si_cal,si_cal,2m,si_comex_carry_2m,z_si_comex_carry_2m,2.0,0.3,126,0.12,0.4528245064691491,-9.69152309369291,0.47368421052631576,19,-0.509870810703475,-0.6809035327715394,-4.441796933627185,0.5,2,0.4583177371282164,False
si_cal,si_cal,2m,si_comex_carry_2m,z_si_comex_carry_2m,2.0,0.3,252,0.08,0.5617011828994187,-9.69152309369291,0.47368421052631576,19,-0.36583595842436184,0.12895293230642904,-4.618575269855653,0.5,2,0.4765582483997122,False
si_cal,si_cal,2m,si_comex_carry_2m,z_si_comex_carry_2m,2.0,0.3,252,0.12,0.5133212906648215,-9.69152309369291,0.47368421052631576,19,-0.40126408228423577,0.1113916014409117,-4.63823599885409,0.5,2,0.47858690053295966,False
si_cal,si_cal,2m,si_comex_carry_2m,z_si_comex_carry_2m,2.0,0.5,20,0.08,0.5761421822065815,-8.892514405968157,0.4642857142857143,28,-0.3704361858788291,-0.7297554198050252,-6.315738055115941,0.3333333333333333,3,0.7102308488673542,False
si_cal,si_cal,2m,si_comex_carry_2m,z_si_comex_carry_2m,2.0,0.5,20,0.12,0.5166277893586464,-8.972514405968154,0.42857142857142855,28,-0.41408703940484926,-0.7674581051230888,-6.4153987841143785,0.3333333333333333,3,0.7150056822251647,False
si_cal,si_cal,2m,si_comex_carry_2m,z_si_comex_carry_2m,2.0,0.5,63,0.08,0.7194763984346337,-6.940710619025777,0.5,22,-0.30105780917648745,-0.40379291065181716,-2.6650827027348702,0.5,2,0.38397836317067935,False
si_cal,si_cal,2m,si_comex_carry_2m,z_si_comex_carry_2m,2.0,0.5,63,0.12,0.6638106513697044,-6.9407106190257775,0.5,22,-0.32743873627959447,-0.4417911354235286,-2.764743431733308,0.5,2,0.39833722848992326,False
si_cal,si_cal,2m,si_comex_carry_2m,z_si_comex_carry_2m,2.0,0.5,126,0.08,0.5133192169509818,-9.69152309369291,0.5,20,-0.4547496792077476,-0.6489146017968754,-4.342136204628748,0.5,2,0.44803444852280666,False
si_cal,si_cal,2m,si_comex_carry_2m,z_si_comex_carry_2m,2.0,0.5,126,0.12,0.4608690053351159,-9.69152309369291,0.5,20,-0.5080816910275977,-0.6809035327715394,-4.441796933627185,0.5,2,0.4583177371282164,False
si_cal,si_cal,2m,si_comex_carry_2m,z_si_comex_carry_2m,2.0,0.5,252,0.08,0.5750858545118652,-9.69152309369291,0.5,20,-0.36140938371469844,0.12895293230642904,-4.618575269855653,0.5,2,0.4765582483997122,False
si_cal,si_cal,2m,si_comex_carry_2m,z_si_comex_carry_2m,2.0,0.5,252,0.12,0.5230447592671374,-9.69152309369291,0.5,20,-0.3985810685944909,0.1113916014409117,-4.63823599885409,0.5,2,0.47858690053295966,False
si_cal,si_cal,2m,si_comex_carry_2m,z_si_comex_carry_2m,2.0,0.75,20,0.08,0.5761421822065815,-8.892514405968157,0.4642857142857143,28,-0.3704361858788291,-0.7297554198050252,-6.315738055115941,0.3333333333333333,3,0.7102308488673542,False
si_cal,si_cal,2m,si_comex_carry_2m,z_si_comex_carry_2m,2.0,0.75,20,0.12,0.5166277893586464,-8.972514405968154,0.42857142857142855,28,-0.41408703940484926,-0.7674581051230888,-6.4153987841143785,0.3333333333333333,3,0.7150056822251647,False
si_cal,si_cal,2m,si_comex_carry_2m,z_si_comex_carry_2m,2.0,0.75,63,0.08,0.7028666484110867,-6.940710619025777,0.5217391304347826,23,-0.30622921582409957,-0.42642496160077964,-2.6650827027348702,0.5,2,0.38397836317067935,False
si_cal,si_cal,2m,si_comex_carry_2m,z_si_comex_carry_2m,2.0,0.75,63,0.12,0.6455093637449507,-6.9407106190257775,0.5217391304347826,23,-0.3345483065782615,-0.4663039288589952,-2.764743431733308,0.5,2,0.39833722848992326,False
si_cal,si_cal,2m,si_comex_carry_2m,z_si_comex_carry_2m,2.0,0.75,126,0.08,0.6123623794227012,-9.69152309369291,0.5,22,-0.368855663375127,-0.7627965846271376,-4.342136204628748,0.5,2,0.44803444852280666,False
si_cal,si_cal,2m,si_comex_carry_2m,z_si_comex_carry_2m,2.0,0.75,126,0.12,0.5557093428080507,-9.69152309369291,0.5,22,-0.4077811028496515,-0.7970181267810577,-4.441796933627185,0.5,2,0.4583177371282164,False
si_cal,si_cal,2m,si_comex_carry_2m,z_si_comex_carry_2m,2.0,0.75,252,0.08,0.6455416178635277,-9.69152309369291,0.5,22,-0.3396056628887121,-0.04988707879801386,-4.618575269855653,0.5,2,0.4765582483997122,False
si_cal,si_cal,2m,si_comex_carry_2m,z_si_comex_carry_2m,2.0,0.75,252,0.12,0.5891618325759962,-9.69152309369291,0.5,22,-0.3733280235960974,-0.06967279915540618,-4.63823599885409,0.5,2,0.47858690053295966,False
si_cal,si_cal,2m,si_comex_carry_2m,z_si_comex_carry_2m,2.5,0.3,20,0.08,0.7627517460261334,-8.791471566248946,0.5,20,-0.10895229208835706,-0.8359492333755235,-6.315738055115941,0.0,2,0.7183937305061062,False
si_cal,si_cal,2m,si_comex_carry_2m,z_si_comex_carry_2m,2.5,0.3,20,0.12,0.7176900791323039,-9.191471566248945,0.5,20,-0.11601527141189744,-0.8604260174173741,-6.4153987841143785,0.0,2,0.6979729783065101,False
si_cal,si_cal,2m,si_comex_carry_2m,z_si_comex_carry_2m,2.5,0.3,63,0.08,0.7101018584039257,-8.261900766415053,0.5,18,-0.11443757760946893,-0.6386315148614508,-2.4294781109983097,0.0,1,0.2940580115503484,False
si_cal,si_cal,2m,si_comex_carry_2m,z_si_comex_carry_2m,2.5,0.3,63,0.12,0.6688139389225638,-8.581900766415046,0.5,18,-0.12171816096388056,-0.6579691035986608,-2.4891388399967473,0.0,1,0.29004516688632676,False
si_cal,si_cal,2m,si_comex_carry_2m,z_si_comex_carry_2m,2.5,0.3,126,0.08,0.7013900359870878,-8.261900766415046,0.47058823529411764,17,-0.11492373464008479,-0.9560350687701056,-4.106531612892187,0.0,1,0.4970444125382625,False
si_cal,si_cal,2m,si_comex_carry_2m,z_si_comex_carry_2m,2.5,0.3,126,0.12,0.6614240999462271,-8.581900766415044,0.47058823529411764,17,-0.12209028080810894,-0.9719418684879422,-4.166192341890625,0.0,1,0.48546265626781265,False
si_cal,si_cal,2m,si_comex_carry_2m,z_si_comex_carry_2m,2.5,0.3,252,0.08,0.7562928891544732,-8.26190076641505,0.47058823529411764,17,-0.07715448955178014,-0.14174094587683067,-4.618575269855653,0.0,1,0.5590209081946788,False
si_cal,si_cal,2m,si_comex_carry_2m,z_si_comex_carry_2m,2.5,0.3,252,0.12,0.7165494752841084,-8.581900766415057,0.47058823529411764,17,-0.08157922218214936,-0.1526796172710723,-4.63823599885409,0.0,1,0.5404672140938346,False
si_cal,si_cal,2m,si_comex_carry_2m,z_si_comex_carry_2m,2.5,0.5,20,0.08,0.9671285675046992,-3.240628659688788,0.5238095238095238,21,-0.08795587762428175,-0.8359492333755235,-6.315738055115941,0.0,2,1.948923717696945,False
si_cal,si_cal,2m,si_comex_carry_2m,z_si_comex_carry_2m,2.5,0.5,20,0.12,0.9172458878605398,-3.320628659688788,0.5238095238095238,21,-0.09306889448018117,-0.8604260174173741,-6.4153987841143785,0.0,2,1.9319832000473172,False
si_cal,si_cal,2m,si_comex_carry_2m,z_si_comex_carry_2m,2.5,0.5,63,0.08,0.9063207848941696,-3.887521448803028,0.5263157894736842,19,-0.09140453028766651,-0.6386315148614508,-2.4294781109983097,0.0,1,0.6249426898329651,False
si_cal,si_cal,2m,si_comex_carry_2m,z_si_comex_carry_2m,2.5,0.5,63,0.12,0.8602486986478709,-3.887521448803028,0.5263157894736842,19,-0.09659846345697781,-0.6579691035986608,-2.4891388399967473,0.0,1,0.6402894164772147,False
si_cal,si_cal,2m,si_comex_carry_2m,z_si_comex_carry_2m,2.5,0.5,126,0.08,0.8959556472110887,-3.887521448803028,0.5,18,-0.09163433441939245,-0.9560350687701056,-4.106531612892187,0.0,1,1.0563367088705304,False
si_cal,si_cal,2m,si_comex_carry_2m,z_si_comex_carry_2m,2.5,0.5,126,0.12,0.8513469471083308,-3.887521448803028,0.5,18,-0.09673933805362556,-0.9719418684879422,-4.166192341890625,0.0,1,1.0716834355147802,False
si_cal,si_cal,2m,si_comex_carry_2m,z_si_comex_carry_2m,2.5,0.5,252,0.08,0.9545119724017459,-3.887521448803028,0.5,18,-0.06066780404111197,-0.14174094587683067,-4.618575269855653,0.0,1,1.1880513923023415,False
si_cal,si_cal,2m,si_comex_carry_2m,z_si_comex_carry_2m,2.5,0.5,252,0.12,0.9102370038004304,-3.887521448803028,0.5,18,-0.06381526854355775,-0.1526796172710723,-4.63823599885409,0.0,1,1.193108786649192,False
si_cal,si_cal,2m,si_comex_carry_2m,z_si_comex_carry_2m,2.5,0.75,20,0.08,0.967673998232128,-3.240628659688788,0.5238095238095238,21,-0.08756912349207953,-0.8359492333755235,-6.315738055115941,0.0,2,1.948923717696945,False
si_cal,si_cal,2m,si_comex_carry_2m,z_si_comex_carry_2m,2.5,0.75,20,0.12,0.917879021950265,-3.320628659688788,0.5238095238095238,21,-0.09265774293221779,-0.8604260174173741,-6.4153987841143785,0.0,2,1.9319832000473172,False
si_cal,si_cal,2m,si_comex_carry_2m,z_si_comex_carry_2m,2.5,0.75,63,0.08,1.0363384255499681,-3.240628659688788,0.55,20,-0.07472570297329133,-0.6386315148614508,-2.4294781109983097,0.0,1,0.7496934595497972,False
si_cal,si_cal,2m,si_comex_carry_2m,z_si_comex_carry_2m,2.5,0.75,63,0.12,0.9872457870316779,-3.320628659688788,0.55,20,-0.07871576225345901,-0.6579691035986608,-2.4891388399967473,0.0,1,0.7495986739541155,False
si_cal,si_cal,2m,si_comex_carry_2m,z_si_comex_carry_2m,2.5,0.75,126,0.08,1.0296266505897902,-3.240628659688788,0.55,20,-0.06792699087423569,-0.9560350687701056,-4.106531612892187,0.0,1,1.2672021524633914,False
si_cal,si_cal,2m,si_comex_carry_2m,z_si_comex_carry_2m,2.5,0.75,126,0.12,0.9806250068834588,-3.320628659688788,0.55,20,-0.07156987841704465,-0.9719418684879422,-4.166192341890625,0.0,1,1.2546396387125935,False
si_cal,si_cal,2m,si_comex_carry_2m,z_si_comex_carry_2m,2.5,0.75,252,0.08,1.0614397659136332,-3.240628659688788,0.55,20,-0.06007773866444646,-0.14174094587683067,-4.618575269855653,0.0,1,1.4252096598748205,False
si_cal,si_cal,2m,si_comex_carry_2m,z_si_comex_carry_2m,2.5,0.75,252,0.12,1.0127078281428497,-3.320628659688788,0.55,20,-0.06319047466941785,-0.1526796172710723,-4.63823599885409,0.0,1,1.396794545310221,False
gc_cal,gc_cal,curvature,gc_cal_curvature,z_gc_cal_curvature,1.5,0.3,20,0.08,0.09616463400699776,-9.466837692015906,0.5454545454545454,33,-0.5691756510612387,1.1765751972872611,-1.473224046652482,0.7368421052631579,19,0.15561944701924724,False
gc_cal,gc_cal,curvature,gc_cal_curvature,z_gc_cal_curvature,1.5,0.3,20,0.12,-0.011992075541038734,-9.866837692015906,0.5151515151515151,33,4.562831273232688,1.047236507351979,-1.6332240466524819,0.6842105263157895,19,0.16552659500764483,False
gc_cal,gc_cal,curvature,gc_cal_curvature,z_gc_cal_curvature,1.5,0.3,63,0.08,0.09652692865984823,-9.466837692015906,0.6666666666666666,24,-0.5999619560981592,1.282048535585706,-1.2942728432136708,1.0,11,0.1367164923832198,False
gc_cal,gc_cal,curvature,gc_cal_curvature,z_gc_cal_curvature,1.5,0.3,63,0.12,0.01787409925854468,-9.866837692015906,0.6666666666666666,24,-3.240503163422347,1.213848485465417,-1.2942728432136708,1.0,11,0.1311740279523374,False
gc_cal,gc_cal,curvature,gc_cal_curvature,z_gc_cal_curvature,1.5,0.3,126,0.08,0.09652692865984823,-9.466837692015906,0.6666666666666666,24,-0.5999619560981592,1.31650908295301,-1.2942728432136708,1.0,11,0.1367164923832198,False
gc_cal,gc_cal,curvature,gc_cal_curvature,z_gc_cal_curvature,1.5,0.3,126,0.12,0.01787409925854468,-9.866837692015906,0.6666666666666666,24,-3.240503163422347,1.2513001614265555,-1.2942728432136708,1.0,11,0.1311740279523374,False
gc_cal,gc_cal,curvature,gc_cal_curvature,z_gc_cal_curvature,1.5,0.3,252,0.08,0.09652692865984823,-9.466837692015906,0.6666666666666666,24,-0.5999619560981592,1.31650908295301,-1.2942728432136708,1.0,11,0.1367164923832198,False
gc_cal,gc_cal,curvature,gc_cal_curvature,z_gc_cal_curvature,1.5,0.3,252,0.12,0.01787409925854468,-9.866837692015906,0.6666666666666666,24,-3.240503163422347,1.2513001614265555,-1.2942728432136708,1.0,11,0.1311740279523374,False
gc_cal,gc_cal,curvature,gc_cal_curvature,z_gc_cal_curvature,1.5,0.5,20,0.08,0.06074155323643766,-9.466837692015908,0.5454545454545454,33,-0.8908784454885661,1.1711242784851668,-1.473224046652482,0.7368421052631579,19,0.1556194470192472,False
gc_cal,gc_cal,curvature,gc_cal_curvature,z_gc_cal_curvature,1.5,0.5,20,0.12,-0.04775209340178387,-10.155194545876665,0.5151515151515151,33,1.133503418032411,1.042235732107087,-1.6332240466524819,0.6842105263157895,19,0.16082646563532585,False
gc_cal,gc_cal,curvature,gc_cal_curvature,z_gc_cal_curvature,1.5,0.5,63,0.08,0.08702135888806455,-9.466837692015906,0.68,25,-0.6438999126078983,1.293138441137602,-1.2942728432136708,1.0,11,0.1367164923832198,False
gc_cal,gc_cal,curvature,gc_cal_curvature,z_gc_cal_curvature,1.5,0.5,63,0.12,0.004700824300100549,-9.866837692015906,0.68,25,-11.928191195961288,1.2255778933460164,-1.2942728432136708,1.0,11,0.1311740279523374,False
gc_cal,gc_cal,curvature,gc_cal_curvature,z_gc_cal_curvature,1.5,0.5,126,0.08,0.08702135888806455,-9.466837692015906,0.68,25,-0.6438999126078983,1.293138441137602,-1.2942728432136708,1.0,11,0.1367164923832198,False
gc_cal,gc_cal,curvature,gc_cal_curvature,z_gc_cal_curvature,1.5,0.5,126,0.12,0.004700824300100549,-9.866837692015906,0.68,25,-11.928191195961288,1.2255778933460164,-1.2942728432136708,1.0,11,0.1311740279523374,False
gc_cal,gc_cal,curvature,gc_cal_curvature,z_gc_cal_curvature,1.5,0.5,252,0.08,0.08702135888806455,-9.466837692015906,0.68,25,-0.6438999126078983,1.293138441137602,-1.2942728432136708,1.0,11,0.1367164923832198,False
gc_cal,gc_cal,curvature,gc_cal_curvature,z_gc_cal_curvature,1.5,0.5,252,0.12,0.004700824300100549,-9.866837692015906,0.68,25,-11.928191195961288,1.2255778933460164,-1.2942728432136708,1.0,11,0.1311740279523374,False
gc_cal,gc_cal,curvature,gc_cal_curvature,z_gc_cal_curvature,1.5,0.75,20,0.08,0.03383649193817347,-9.466837692015908,0.5454545454545454,33,-1.5964304611056535,1.1413493804827333,-1.4732240466524829,0.7,20,0.1556194470192473,False
gc_cal,gc_cal,curvature,gc_cal_curvature,z_gc_cal_curvature,1.5,0.75,20,0.12,-0.07500082085643453,-10.247970088774975,0.5151515151515151,33,0.7205064231929939,1.0031240537655797,-1.6332240466524819,0.65,20,0.15937049313223695,False
gc_cal,gc_cal,curvature,gc_cal_curvature,z_gc_cal_curvature,1.5,0.75,63,0.08,0.06027671466719289,-9.466837692015908,0.68,25,-0.9280979619276453,1.218426331575029,-1.065101117145728,1.0,13,0.11250864880085644,False
gc_cal,gc_cal,curvature,gc_cal_curvature,z_gc_cal_curvature,1.5,0.75,63,0.12,-0.0223119049122774,-9.866837692015906,0.68,25,2.509391415331337,1.1380335026147668,-1.065101117145728,1.0,13,0.10794756642319064,False
gc_cal,gc_cal,curvature,gc_cal_curvature,z_gc_cal_curvature,1.5,0.75,126,0.08,0.06027671466719289,-9.466837692015908,0.68,25,-0.9280979619276453,1.218426331575029,-1.065101117145728,1.0,13,0.11250864880085644,False
gc_cal,gc_cal,curvature,gc_cal_curvature,z_gc_cal_curvature,1.5,0.75,126,0.12,-0.0223119049122774,-9.866837692015906,0.68,25,2.509391415331337,1.1380335026147668,-1.065101117145728,1.0,13,0.10794756642319064,False
gc_cal,gc_cal,curvature,gc_cal_curvature,z_gc_cal_curvature,1.5,0.75,252,0.08,0.06027671466719289,-9.466837692015908,0.68,25,-0.9280979619276453,1.218426331575029,-1.065101117145728,1.0,13,0.11250864880085644,False
gc_cal,gc_cal,curvature,gc_cal_curvature,z_gc_cal_curvature,1.5,0.75,252,0.12,-0.0223119049122774,-9.866837692015906,0.68,25,2.509391415331337,1.1380335026147668,-1.065101117145728,1.0,13,0.10794756642319064,False
gc_cal,gc_cal,curvature,gc_cal_curvature,z_gc_cal_curvature,2.0,0.3,20,0.08,-0.08062078632435599,-8.82554104844369,0.5,22,0.5986581112028072,1.0128803026054891,-1.1211937667784855,0.75,8,0.12703966370154707,False
gc_cal,gc_cal,curvature,gc_cal_curvature,z_gc_cal_curvature,2.0,0.3,20,0.12,-0.15964459562746952,-9.734490491750295,0.45454545454545453,22,0.3014176637443695,0.9465219126133937,-1.2734206674249444,0.75,8,0.1308153383584002,False
gc_cal,gc_cal,curvature,gc_cal_curvature,z_gc_cal_curvature,2.0,0.3,63,0.08,-0.13172662577965866,-8.80994664003888,0.5294117647058824,17,0.39357655635460553,1.099555017536065,-1.0537090408667007,1.0,5,0.11960447479646147,False
gc_cal,gc_cal,curvature,gc_cal_curvature,z_gc_cal_curvature,2.0,0.3,63,0.12,-0.19207918829730491,-9.84994664003888,0.5294117647058824,17,0.2690601744376276,1.0686759030042046,-1.0537090408667014,1.0,5,0.10697611666072357,False
gc_cal,gc_cal,curvature,gc_cal_curvature,z_gc_cal_curvature,2.0,0.3,126,0.08,-0.13172662577965866,-8.80994664003888,0.5294117647058824,17,0.39357655635460553,1.099555017536065,-1.0537090408667007,1.0,5,0.11960447479646147,False
gc_cal,gc_cal,curvature,gc_cal_curvature,z_gc_cal_curvature,2.0,0.3,126,0.12,-0.19207918829730491,-9.84994664003888,0.5294117647058824,17,0.2690601744376276,1.0686759030042046,-1.0537090408667014,1.0,5,0.10697611666072357,False
gc_cal,gc_cal,curvature,gc_cal_curvature,z_gc_cal_curvature,2.0,0.3,252,0.08,-0.13172662577965866,-8.80994664003888,0.5294117647058824,17,0.39357655635460553,1.099555017536065,-1.0537090408667007,1.0,5,0.11960447479646147,False
gc_cal,gc_cal,curvature,gc_cal_curvature,z_gc_cal_curvature,2.0,0.3,252,0.12,-0.19207918829730491,-9.84994664003888,0.5294117647058824,17,0.2690601744376276,1.0686759030042046,-1.0537090408667014,1.0,5,0.10697611666072357,False
gc_cal,gc_cal,curvature,gc_cal_curvature,z_gc_cal_curvature,2.0,0.5,20,0.08,-0.11568568166289557,-9.14342963669834,0.5,22,0.4112580613240109,1.0128803026054891,-1.1211937667784855,0.75,8,0.12262289002350157,False
gc_cal,gc_cal,curvature,gc_cal_curvature,z_gc_cal_curvature,2.0,0.5,20,0.12,-0.19502108952483446,-10.26342963669834,0.45454545454545453,22,0.24338669284046813,0.9465219126133937,-1.2734206674249444,0.75,8,0.12407360039490592,False
gc_cal,gc_cal,curvature,gc_cal_curvature,z_gc_cal_curvature,2.0,0.5,63,0.08,-0.16670072523711585,-9.338885784986925,0.5294117647058824,17,0.30698153294798286,1.099555017536065,-1.0537090408667007,1.0,5,0.11283027388134782,False
gc_cal,gc_cal,curvature,gc_cal_curvature,z_gc_cal_curvature,2.0,0.5,63,0.12,-0.22730758853831187,-10.378885784986924,0.5294117647058824,17,0.22456598745544223,1.0686759030042046,-1.0537090408667014,1.0,5,0.10152429294393944,False
gc_cal,gc_cal,curvature,gc_cal_curvature,z_gc_cal_curvature,2.0,0.5,126,0.08,-0.16670072523711585,-9.338885784986925,0.5294117647058824,17,0.30698153294798286,1.099555017536065,-1.0537090408667007,1.0,5,0.11283027388134782,False
gc_cal,gc_cal,curvature,gc_cal_curvature,z_gc_cal_curvature,2.0,0.5,126,0.12,-0.22730758853831187,-10.378885784986924,0.5294117647058824,17,0.22456598745544223,1.0686759030042046,-1.0537090408667014,1.0,5,0.10152429294393944,False
gc_cal,gc_cal,curvature,gc_cal_curvature,z_gc_cal_curvature,2.0,0.5,252,0.08,-0.16670072523711585,-9.338885784986925,0.5294117647058824,17,0.30698153294798286,1.099555017536065,-1.0537090408667007,1.0,5,0.11283027388134782,False
gc_cal,gc_cal,curvature,gc_cal_curvature,z_gc_cal_curvature,2.0,0.5,252,0.12,-0.22730758853831187,-10.378885784986924,0.5294117647058824,17,0.22456598745544223,1.0686759030042046,-1.0537090408667014,1.0,5,0.10152429294393944,False
gc_cal,gc_cal,curvature,gc_cal_curvature,z_gc_cal_curvature,2.0,0.75,20,0.08,-0.1201056361766491,-9.236205179596656,0.5,22,0.39476070892757487,0.9348509657348777,-1.1211937667784855,0.75,8,0.12139117147974055,False
gc_cal,gc_cal,curvature,gc_cal_curvature,z_gc_cal_curvature,2.0,0.75,20,0.12,-0.19955978993540507,-10.356205179596655,0.45454545454545453,22,0.23701756196685814,0.8679103447835117,-1.2734206674249444,0.75,8,0.1229620932900965,False
gc_cal,gc_cal,curvature,gc_cal_curvature,z_gc_cal_curvature,2.0,0.75,63,0.08,-0.1711744027744058,-9.43166132788524,0.5294117647058824,17,0.2980430569841107,1.0161584348192494,-1.0537090408667007,1.0,6,0.11172040685465988,False
gc_cal,gc_cal,curvature,gc_cal_curvature,z_gc_cal_curvature,2.0,0.75,63,0.12,-0.23186226166560897,-10.471661327885236,0.5294117647058824,17,0.21946631226228583,0.9807416604663517,-1.0537090408667014,1.0,6,0.10062482044379667,False
gc_cal,gc_cal,curvature,gc_cal_curvature,z_gc_cal_curvature,2.0,0.75,126,0.08,-0.1711744027744058,-9.43166132788524,0.5294117647058824,17,0.2980430569841107,1.0161584348192494,-1.0537090408667007,1.0,6,0.11172040685465988,False
gc_cal,gc_cal,curvature,gc_cal_curvature,z_gc_cal_curvature,2.0,0.75,126,0.12,-0.23186226166560897,-10.471661327885236,0.5294117647058824,17,0.21946631226228583,0.9807416604663517,-1.0537090408667014,1.0,6,0.10062482044379667,False
gc_cal,gc_cal,curvature,gc_cal_curvature,z_gc_cal_curvature,2.0,0.75,252,0.08,-0.1711744027744058,-9.43166132788524,0.5294117647058824,17,0.2980430569841107,1.0161584348192494,-1.0537090408667007,1.0,6,0.11172040685465988,False
gc_cal,gc_cal,curvature,gc_cal_curvature,z_gc_cal_curvature,2.0,0.75,252,0.12,-0.23186226166560897,-10.471661327885236,0.5294117647058824,17,0.21946631226228583,0.9807416604663517,-1.0537090408667014,1.0,6,0.10062482044379667,False
gc_cal,gc_cal,curvature,gc_cal_curvature,z_gc_cal_curvature,2.5,0.3,20,0.08,-0.09863513150927469,-9.430122743123267,0.5,18,0.3958219798831535,-0.04427388828903706,-0.743510127673752,0.3333333333333333,3,0.0788441622582211,False
gc_cal,gc_cal,curvature,gc_cal_curvature,z_gc_cal_curvature,2.5,0.3,20,0.12,-0.1647362367236382,-10.070122743123267,0.4444444444444444,18,0.2361301531360956,-0.1567192783091041,-0.823510127673752,0.3333333333333333,3,0.0817775660416964,False
gc_cal,gc_cal,curvature,gc_cal_curvature,z_gc_cal_curvature,2.5,0.3,63,0.08,-0.17911355235320683,-10.173520726413336,0.4666666666666667,15,0.25672924316681134,0.5216590656738012,-1.0537090408667007,1.0,2,0.10357368596409049,False
gc_cal,gc_cal,curvature,gc_cal_curvature,z_gc_cal_curvature,2.5,0.3,63,0.12,-0.23328984253082902,-10.733520726413337,0.4666666666666667,15,0.19641677467942917,0.5027424836491137,-1.0537090408667014,1.0,2,0.0981699358229873,False
gc_cal,gc_cal,curvature,gc_cal_curvature,z_gc_cal_curvature,2.5,0.3,126,0.08,-0.17911355235320683,-10.173520726413336,0.4666666666666667,15,0.25672924316681134,0.5216590656738012,-1.0537090408667007,1.0,2,0.10357368596409049,False
gc_cal,gc_cal,curvature,gc_cal_curvature,z_gc_cal_curvature,2.5,0.3,126,0.12,-0.23328984253082902,-10.733520726413337,0.4666666666666667,15,0.19641677467942917,0.5027424836491137,-1.0537090408667014,1.0,2,0.0981699358229873,False
gc_cal,gc_cal,curvature,gc_cal_curvature,z_gc_cal_curvature,2.5,0.3,252,0.08,-0.17911355235320683,-10.173520726413336,0.4666666666666667,15,0.25672924316681134,0.5216590656738012,-1.0537090408667007,1.0,2,0.10357368596409049,False
gc_cal,gc_cal,curvature,gc_cal_curvature,z_gc_cal_curvature,2.5,0.3,252,0.12,-0.23328984253082902,-10.733520726413337,0.4666666666666667,15,0.19641677467942917,0.5027424836491137,-1.0537090408667014,1.0,2,0.0981699358229873,False
gc_cal,gc_cal,curvature,gc_cal_curvature,z_gc_cal_curvature,2.5,0.5,20,0.08,-0.11925099494478887,-9.430122743123267,0.5,18,0.32618975051780574,-0.04427388828903706,-0.743510127673752,0.3333333333333333,3,0.0788441622582211,False
gc_cal,gc_cal,curvature,gc_cal_curvature,z_gc_cal_curvature,2.5,0.5,20,0.12,-0.1855279386547064,-10.070122743123267,0.4444444444444444,18,0.20902722426324083,-0.1567192783091041,-0.823510127673752,0.3333333333333333,3,0.0817775660416964,False
gc_cal,gc_cal,curvature,gc_cal_curvature,z_gc_cal_curvature,2.5,0.5,63,0.08,-0.1996700649851785,-10.173520726413336,0.4666666666666667,15,0.22965404054441874,0.5216590656738012,-1.0537090408667007,1.0,2,0.10357368596409049,False
gc_cal,gc_cal,curvature,gc_cal_curvature,z_gc_cal_curvature,2.5,0.5,63,0.12,-0.2540388436654195,-10.733520726413335,0.4666666666666667,15,0.17997928732821517,0.5027424836491137,-1.0537090408667014,1.0,2,0.09816993582298732,False
gc_cal,gc_cal,curvature,gc_cal_curvature,z_gc_cal_curvature,2.5,0.5,126,0.08,-0.1996700649851785,-10.173520726413336,0.4666666666666667,15,0.22965404054441874,0.5216590656738012,-1.0537090408667007,1.0,2,0.10357368596409049,False
gc_cal,gc_cal,curvature,gc_cal_curvature,z_gc_cal_curvature,2.5,0.5,126,0.12,-0.2540388436654195,-10.733520726413335,0.4666666666666667,15,0.17997928732821517,0.5027424836491137,-1.0537090408667014,1.0,2,0.09816993582298732,False
gc_cal,gc_cal,curvature,gc_cal_curvature,z_gc_cal_curvature,2.5,0.5,252,0.08,-0.1996700649851785,-10.173520726413336,0.4666666666666667,15,0.22965404054441874,0.5216590656738012,-1.0537090408667007,1.0,2,0.10357368596409049,False
gc_cal,gc_cal,curvature,gc_cal_curvature,z_gc_cal_curvature,2.5,0.5,252,0.12,-0.2540388436654195,-10.733520726413335,0.4666666666666667,15,0.17997928732821517,0.5027424836491137,-1.0537090408667014,1.0,2,0.09816993582298732,False
gc_cal,gc_cal,curvature,gc_cal_curvature,z_gc_cal_curvature,2.5,0.75,20,0.08,-0.11925099494478887,-9.430122743123267,0.5,18,0.32618975051780574,-0.04427388828903706,-0.743510127673752,0.3333333333333333,3,0.0788441622582211,False
gc_cal,gc_cal,curvature,gc_cal_curvature,z_gc_cal_curvature,2.5,0.75,20,0.12,-0.1855279386547064,-10.070122743123267,0.4444444444444444,18,0.20902722426324083,-0.1567192783091041,-0.823510127673752,0.3333333333333333,3,0.0817775660416964,False
gc_cal,gc_cal,curvature,gc_cal_curvature,z_gc_cal_curvature,2.5,0.75,63,0.08,-0.1996700649851785,-10.173520726413336,0.4666666666666667,15,0.22965404054441874,0.5216590656738012,-1.0537090408667007,1.0,2,0.10357368596409049,False
gc_cal,gc_cal,curvature,gc_cal_curvature,z_gc_cal_curvature,2.5,0.75,63,0.12,-0.2540388436654195,-10.733520726413335,0.4666666666666667,15,0.17997928732821517,0.5027424836491137,-1.0537090408667014,1.0,2,0.09816993582298732,False
gc_cal,gc_cal,curvature,gc_cal_curvature,z_gc_cal_curvature,2.5,0.75,126,0.08,-0.1996700649851785,-10.173520726413336,0.4666666666666667,15,0.22965404054441874,0.5216590656738012,-1.0537090408667007,1.0,2,0.10357368596409049,False
gc_cal,gc_cal,curvature,gc_cal_curvature,z_gc_cal_curvature,2.5,0.75,126,0.12,-0.2540388436654195,-10.733520726413335,0.4666666666666667,15,0.17997928732821517,0.5027424836491137,-1.0537090408667014,1.0,2,0.09816993582298732,False
gc_cal,gc_cal,curvature,gc_cal_curvature,z_gc_cal_curvature,2.5,0.75,252,0.08,-0.1996700649851785,-10.173520726413336,0.4666666666666667,15,0.22965404054441874,0.5216590656738012,-1.0537090408667007,1.0,2,0.10357368596409049,False
gc_cal,gc_cal,curvature,gc_cal_curvature,z_gc_cal_curvature,2.5,0.75,252,0.12,-0.2540388436654195,-10.733520726413335,0.4666666666666667,15,0.17997928732821517,0.5027424836491137,-1.0537090408667014,1.0,2,0.09816993582298732,False
xm_cal,gc_si,ratio,gc_si_cal_ratio,z_gc_si_cal_ratio,1.5,0.3,20,0.08,-0.06512387068962025,-14.964601101635566,0.6875,16,-0.029014394553757813,0.7583164923968189,-0.33062615393888106,1.0,3,0.02209388353844895,False
xm_cal,gc_si,ratio,gc_si_cal_ratio,z_gc_si_cal_ratio,1.5,0.3,20,0.12,-0.10014044039858076,-15.284601101635563,0.5,16,-0.01884855695374261,0.6113674532749153,-0.3306261539388813,0.6666666666666666,3,0.021631323692412354,False
xm_cal,gc_si,ratio,gc_si_cal_ratio,z_gc_si_cal_ratio,1.5,0.3,63,0.08,-0.04158695974053688,-14.964601101635566,0.7857142857142857,14,-0.35713744869272,0.2530462840257348,-1.3591439101736684,1.0,2,0.09082393182034902,False
xm_cal,gc_si,ratio,gc_si_cal_ratio,z_gc_si_cal_ratio,1.5,0.3,63,0.12,-0.07229912955313972,-15.284601101635563,0.6428571428571429,14,-0.20521444440583653,0.19730395979533122,-1.3591439101736682,0.5,2,0.08892243252774389,False
xm_cal,gc_si,ratio,gc_si_cal_ratio,z_gc_si_cal_ratio,1.5,0.3,126,0.08,-0.009965805389119323,-14.964601101635566,0.7857142857142857,14,-1.7994835944174465,0.2530462840257348,-1.3591439101736684,1.0,2,0.09082393182034902,False
xm_cal,gc_si,ratio,gc_si_cal_ratio,z_gc_si_cal_ratio,1.5,0.3,126,0.12,-0.04063403828088209,-15.284601101635563,0.6428571428571429,14,-0.440984125635382,0.19730395979533122,-1.3591439101736682,0.5,2,0.08892243252774389,False
xm_cal,gc_si,ratio,gc_si_cal_ratio,z_gc_si_cal_ratio,1.5,0.3,252,0.08,-0.009965805389119323,-14.964601101635566,0.7857142857142857,14,-1.7994835944174465,0.2530462840257348,-1.3591439101736684,1.0,2,0.09082393182034902,False
xm_cal,gc_si,ratio,gc_si_cal_ratio,z_gc_si_cal_ratio,1.5,0.3,252,0.12,-0.04063403828088209,-15.284601101635563,0.6428571428571429,14,-0.440984125635382,0.19730395979533122,-1.3591439101736682,0.5,2,0.08892243252774389,False
xm_cal,gc_si,ratio,gc_si_cal_ratio,z_gc_si_cal_ratio,1.5,0.5,20,0.08,-0.06557813095800995,-14.980982840107497,0.6875,16,-0.03028582446219343,0.7583164923968189,-0.33062615393888106,1.0,3,0.022069723827045556,False
xm_cal,gc_si,ratio,gc_si_cal_ratio,z_gc_si_cal_ratio,1.5,0.5,20,0.12,-0.1005967190189309,-15.300982840107494,0.5,16,-0.01972188339908625,0.6113674532749153,-0.3306261539388813,0.6666666666666666,3,0.021608164481580358,False
xm_cal,gc_si,ratio,gc_si_cal_ratio,z_gc_si_cal_ratio,1.5,0.5,63,0.08,-0.042040316569310336,-14.980982840107497,0.7857142857142857,14,-0.3556092747279385,0.6983432072117102,-0.5809084993307427,1.0,3,0.03877639441489237,False
xm_cal,gc_si,ratio,gc_si_cal_ratio,z_gc_si_cal_ratio,1.5,0.5,63,0.12,-0.07275422195801502,-15.300982840107494,0.6428571428571429,14,-0.2052717420280552,0.5874468296965724,-0.580908499330743,1.0,3,0.03796543695271943,False
xm_cal,gc_si,ratio,gc_si_cal_ratio,z_gc_si_cal_ratio,1.5,0.5,126,0.08,-0.010415600668522498,-14.980982840107497,0.7857142857142857,14,-1.7311447095604273,0.6983432072117102,-0.5809084993307427,1.0,3,0.03877639441489237,False
xm_cal,gc_si,ratio,gc_si_cal_ratio,z_gc_si_cal_ratio,1.5,0.5,126,0.12,-0.04108567092653663,-15.300982840107496,0.6428571428571429,14,-0.4385103561735818,0.5874468296965724,-0.580908499330743,1.0,3,0.03796543695271943,False
xm_cal,gc_si,ratio,gc_si_cal_ratio,z_gc_si_cal_ratio,1.5,0.5,252,0.08,-0.010415600668522498,-14.980982840107497,0.7857142857142857,14,-1.7311447095604273,0.6983432072117102,-0.5809084993307427,1.0,3,0.03877639441489237,False
xm_cal,gc_si,ratio,gc_si_cal_ratio,z_gc_si_cal_ratio,1.5,0.5,252,0.12,-0.04108567092653663,-15.300982840107496,0.6428571428571429,14,-0.4385103561735818,0.5874468296965724,-0.580908499330743,1.0,3,0.03796543695271943,False
xm_cal,gc_si,ratio,gc_si_cal_ratio,z_gc_si_cal_ratio,1.5,0.75,20,0.08,-0.0684685444678085,-15.007213446240677,0.625,16,-0.01724850329992659,0.6121577342318473,-0.3306261539388814,1.0,3,0.02203114889538028,False
xm_cal,gc_si,ratio,gc_si_cal_ratio,z_gc_si_cal_ratio,1.5,0.75,20,0.12,-0.10352842021931737,-15.327213446240673,0.5,16,-0.011396264497129077,0.42815115822665556,-0.36502856765580644,0.6666666666666666,3,0.023815716335922592,False
xm_cal,gc_si,ratio,gc_si_cal_ratio,z_gc_si_cal_ratio,1.5,0.75,63,0.08,-0.05767081060602809,-15.007213446240677,0.7142857142857143,14,-0.05782905591790855,0.5168621886134623,-0.580908499330743,1.0,3,0.038708618452832175,False
xm_cal,gc_si,ratio,gc_si_cal_ratio,z_gc_si_cal_ratio,1.5,0.75,63,0.12,-0.08841724666124555,-15.327213446240673,0.5714285714285714,14,-0.03768329427814029,0.3886199328039131,-0.5810261875429112,1.0,3,0.037908142245218115,False
xm_cal,gc_si,ratio,gc_si_cal_ratio,z_gc_si_cal_ratio,1.5,0.75,126,0.08,-0.05767081060602809,-15.007213446240677,0.7142857142857143,14,-0.05782905591790855,0.5168621886134623,-0.580908499330743,1.0,3,0.038708618452832175,False
xm_cal,gc_si,ratio,gc_si_cal_ratio,z_gc_si_cal_ratio,1.5,0.75,126,0.12,-0.08841724666124555,-15.327213446240673,0.5714285714285714,14,-0.03768329427814029,0.3886199328039131,-0.5810261875429112,1.0,3,0.037908142245218115,False
xm_cal,gc_si,ratio,gc_si_cal_ratio,z_gc_si_cal_ratio,1.5,0.75,252,0.08,-0.05767081060602809,-15.007213446240677,0.7142857142857143,14,-0.05782905591790855,0.5168621886134623,-0.580908499330743,1.0,3,0.038708618452832175,False
xm_cal,gc_si,ratio,gc_si_cal_ratio,z_gc_si_cal_ratio,1.5,0.75,252,0.12,-0.08841724666124555,-15.327213446240673,0.5714285714285714,14,-0.03768329427814029,0.3886199328039131,-0.5810261875429112,1.0,3,0.037908142245218115,False
xm_cal,gc_si,ratio,gc_si_cal_ratio,z_gc_si_cal_ratio,2.0,0.3,20,0.08,-0.16590887888225955,-14.995124878110063,0.6,10,0.04897254901139961,0.8430804733275237,-0.18578429884445213,1.0,1,0.012389646658805804,False
xm_cal,gc_si,ratio,gc_si_cal_ratio,z_gc_si_cal_ratio,2.0,0.3,20,0.12,-0.18793017890228012,-15.235124878110062,0.4,10,0.04317366486400663,0.7971796885570882,-0.18578429884445224,1.0,1,0.012194471678495297,False
xm_cal,gc_si,ratio,gc_si_cal_ratio,z_gc_si_cal_ratio,2.0,0.3,63,0.08,-0.11119997738816446,-14.995124878110063,0.7,10,0.07906757799488037,0.8430804733275237,-0.18578429884445213,1.0,1,0.012389646658805804,False
xm_cal,gc_si,ratio,gc_si_cal_ratio,z_gc_si_cal_ratio,2.0,0.3,63,0.12,-0.1331773599548127,-15.235124878110062,0.6,10,0.06595174424652221,0.7971796885570882,-0.18578429884445224,1.0,1,0.012194471678495297,False
xm_cal,gc_si,ratio,gc_si_cal_ratio,z_gc_si_cal_ratio,2.0,0.3,126,0.08,-0.11119997738816446,-14.995124878110063,0.7,10,0.07906757799488037,0.8430804733275237,-0.18578429884445213,1.0,1,0.012389646658805804,False
xm_cal,gc_si,ratio,gc_si_cal_ratio,z_gc_si_cal_ratio,2.0,0.3,126,0.12,-0.1331773599548127,-15.235124878110062,0.6,10,0.06595174424652221,0.7971796885570882,-0.18578429884445224,1.0,1,0.012194471678495297,False
xm_cal,gc_si,ratio,gc_si_cal_ratio,z_gc_si_cal_ratio,2.0,0.3,252,0.08,-0.11119997738816446,-14.995124878110063,0.7,10,0.07906757799488037,0.8430804733275237,-0.18578429884445213,1.0,1,0.012389646658805804,False
xm_cal,gc_si,ratio,gc_si_cal_ratio,z_gc_si_cal_ratio,2.0,0.3,252,0.12,-0.1331773599548127,-15.235124878110062,0.6,10,0.06595174424652221,0.7971796885570882,-0.18578429884445224,1.0,1,0.012194471678495297,False
xm_cal,gc_si,ratio,gc_si_cal_ratio,z_gc_si_cal_ratio,2.0,0.5,20,0.08,-0.16590887888225955,-14.995124878110063,0.6,10,0.04897254901139961,0.8430804733275237,-0.18578429884445213,1.0,1,0.012389646658805804,False
xm_cal,gc_si,ratio,gc_si_cal_ratio,z_gc_si_cal_ratio,2.0,0.5,20,0.12,-0.18793017890228012,-15.235124878110062,0.4,10,0.04317366486400663,0.7971796885570882,-0.18578429884445224,1.0,1,0.012194471678495297,False
xm_cal,gc_si,ratio,gc_si_cal_ratio,z_gc_si_cal_ratio,2.0,0.5,63,0.08,-0.11119997738816446,-14.995124878110063,0.7,10,0.07906757799488037,0.8430804733275237,-0.18578429884445213,1.0,1,0.012389646658805804,False
xm_cal,gc_si,ratio,gc_si_cal_ratio,z_gc_si_cal_ratio,2.0,0.5,63,0.12,-0.1331773599548127,-15.235124878110062,0.6,10,0.06595174424652221,0.7971796885570882,-0.18578429884445224,1.0,1,0.012194471678495297,False
xm_cal,gc_si,ratio,gc_si_cal_ratio,z_gc_si_cal_ratio,2.0,0.5,126,0.08,-0.11119997738816446,-14.995124878110063,0.7,10,0.07906757799488037,0.8430804733275237,-0.18578429884445213,1.0,1,0.012389646658805804,False
xm_cal,gc_si,ratio,gc_si_cal_ratio,z_gc_si_cal_ratio,2.0,0.5,126,0.12,-0.1331773599548127,-15.235124878110062,0.6,10,0.06595174424652221,0.7971796885570882,-0.18578429884445224,1.0,1,0.012194471678495297,False
xm_cal,gc_si,ratio,gc_si_cal_ratio,z_gc_si_cal_ratio,2.0,0.5,252,0.08,-0.11119997738816446,-14.995124878110063,0.7,10,0.07906757799488037,0.8430804733275237,-0.18578429884445213,1.0,1,0.012389646658805804,False
xm_cal,gc_si,ratio,gc_si_cal_ratio,z_gc_si_cal_ratio,2.0,0.5,252,0.12,-0.1331773599548127,-15.235124878110062,0.6,10,0.06595174424652221,0.7971796885570882,-0.18578429884445224,1.0,1,0.012194471678495297,False
xm_cal,gc_si,ratio,gc_si_cal_ratio,z_gc_si_cal_ratio,2.0,0.75,20,0.08,-0.16590887888225955,-14.995124878110063,0.6,10,0.04897254901139961,0.7447016603030441,-0.1125346993695124,1.0,1,0.007504752396813377,False
xm_cal,gc_si,ratio,gc_si_cal_ratio,z_gc_si_cal_ratio,2.0,0.75,20,0.12,-0.18793017890228012,-15.235124878110062,0.4,10,0.04317366486400663,0.6416881543867632,-0.15253469936951236,1.0,1,0.010012041292072067,False
xm_cal,gc_si,ratio,gc_si_cal_ratio,z_gc_si_cal_ratio,2.0,0.75,63,0.08,-0.11490901991564134,-14.995124878110063,0.7,10,0.07679049158128162,0.7447016603030441,-0.1125346993695124,1.0,1,0.007504752396813377,False
xm_cal,gc_si,ratio,gc_si_cal_ratio,z_gc_si_cal_ratio,2.0,0.75,63,0.12,-0.13687993585647135,-15.235124878110062,0.5,10,0.06439709739650577,0.6416881543867632,-0.15253469936951236,1.0,1,0.010012041292072067,False
xm_cal,gc_si,ratio,gc_si_cal_ratio,z_gc_si_cal_ratio,2.0,0.75,126,0.08,-0.11490901991564134,-14.995124878110063,0.7,10,0.07679049158128162,0.7447016603030441,-0.1125346993695124,1.0,1,0.007504752396813377,False
xm_cal,gc_si,ratio,gc_si_cal_ratio,z_gc_si_cal_ratio,2.0,0.75,126,0.12,-0.13687993585647135,-15.235124878110062,0.5,10,0.06439709739650577,0.6416881543867632,-0.15253469936951236,1.0,1,0.010012041292072067,False
xm_cal,gc_si,ratio,gc_si_cal_ratio,z_gc_si_cal_ratio,2.0,0.75,252,0.08,-0.11490901991564134,-14.995124878110063,0.7,10,0.07679049158128162,0.7447016603030441,-0.1125346993695124,1.0,1,0.007504752396813377,False
xm_cal,gc_si,ratio,gc_si_cal_ratio,z_gc_si_cal_ratio,2.0,0.75,252,0.12,-0.13687993585647135,-15.235124878110062,0.5,10,0.06439709739650577,0.6416881543867632,-0.15253469936951236,1.0,1,0.010012041292072067,False
xm_cal,gc_si,ratio,gc_si_cal_ratio,z_gc_si_cal_ratio,2.5,0.3,20,0.08,-0.009588019933803812,-11.169200094753812,0.75,8,0.44026435873546543,,0.0,,0,0.0,False
xm_cal,gc_si,ratio,gc_si_cal_ratio,z_gc_si_cal_ratio,2.5,0.3,20,0.12,-0.028723611697136667,-11.289200094753811,0.625,8,0.14680296767038914,,0.0,,0,0.0,False
xm_cal,gc_si,ratio,gc_si_cal_ratio,z_gc_si_cal_ratio,2.5,0.3,63,0.08,-0.009588019933803812,-11.169200094753812,0.75,8,0.44026435873546543,,0.0,,0,0.0,False
xm_cal,gc_si,ratio,gc_si_cal_ratio,z_gc_si_cal_ratio,2.5,0.3,63,0.12,-0.028723611697136667,-11.289200094753811,0.625,8,0.14680296767038914,,0.0,,0,0.0,False
xm_cal,gc_si,ratio,gc_si_cal_ratio,z_gc_si_cal_ratio,2.5,0.3,126,0.08,-0.009588019933803812,-11.169200094753812,0.75,8,0.44026435873546543,,0.0,,0,0.0,False
xm_cal,gc_si,ratio,gc_si_cal_ratio,z_gc_si_cal_ratio,2.5,0.3,126,0.12,-0.028723611697136667,-11.289200094753811,0.625,8,0.14680296767038914,,0.0,,0,0.0,False
xm_cal,gc_si,ratio,gc_si_cal_ratio,z_gc_si_cal_ratio,2.5,0.3,252,0.08,-0.009588019933803812,-11.169200094753812,0.75,8,0.44026435873546543,,0.0,,0,0.0,False
xm_cal,gc_si,ratio,gc_si_cal_ratio,z_gc_si_cal_ratio,2.5,0.3,252,0.12,-0.028723611697136667,-11.289200094753811,0.625,8,0.14680296767038914,,0.0,,0,0.0,False
xm_cal,gc_si,ratio,gc_si_cal_ratio,z_gc_si_cal_ratio,2.5,0.5,20,0.08,-0.02560194117703702,-11.169200094753812,0.75,8,0.16368166866965397,,0.0,,0,0.0,False
xm_cal,gc_si,ratio,gc_si_cal_ratio,z_gc_si_cal_ratio,2.5,0.5,20,0.12,-0.044726731396142555,-11.289200094753811,0.625,8,0.0935789104425415,,0.0,,0,0.0,False
xm_cal,gc_si,ratio,gc_si_cal_ratio,z_gc_si_cal_ratio,2.5,0.5,63,0.08,-0.02560194117703702,-11.169200094753812,0.75,8,0.16368166866965397,,0.0,,0,0.0,False
xm_cal,gc_si,ratio,gc_si_cal_ratio,z_gc_si_cal_ratio,2.5,0.5,63,0.12,-0.044726731396142555,-11.289200094753811,0.625,8,0.0935789104425415,,0.0,,0,0.0,False
xm_cal,gc_si,ratio,gc_si_cal_ratio,z_gc_si_cal_ratio,2.5,0.5,126,0.08,-0.02560194117703702,-11.169200094753812,0.75,8,0.16368166866965397,,0.0,,0,0.0,False
xm_cal,gc_si,ratio,gc_si_cal_ratio,z_gc_si_cal_ratio,2.5,0.5,126,0.12,-0.044726731396142555,-11.289200094753811,0.625,8,0.0935789104425415,,0.0,,0,0.0,False
xm_cal,gc_si,ratio,gc_si_cal_ratio,z_gc_si_cal_ratio,2.5,0.5,252,0.08,-0.02560194117703702,-11.169200094753812,0.75,8,0.16368166866965397,,0.0,,0,0.0,False
xm_cal,gc_si,ratio,gc_si_cal_ratio,z_gc_si_cal_ratio,2.5,0.5,252,0.12,-0.044726731396142555,-11.289200094753811,0.625,8,0.0935789104425415,,0.0,,0,0.0,False
xm_cal,gc_si,ratio,gc_si_cal_ratio,z_gc_si_cal_ratio,2.5,0.75,20,0.08,-0.028058681918914887,-11.169200094753812,0.75,8,0.14394702670421167,,0.0,,0,0.0,False
xm_cal,gc_si,ratio,gc_si_cal_ratio,z_gc_si_cal_ratio,2.5,0.75,20,0.12,-0.04723803728172577,-11.289200094753811,0.625,8,0.08545552226724351,,0.0,,0,0.0,False
xm_cal,gc_si,ratio,gc_si_cal_ratio,z_gc_si_cal_ratio,2.5,0.75,63,0.08,-0.028058681918914887,-11.169200094753812,0.75,8,0.14394702670421167,,0.0,,0,0.0,False
xm_cal,gc_si,ratio,gc_si_cal_ratio,z_gc_si_cal_ratio,2.5,0.75,63,0.12,-0.04723803728172577,-11.289200094753811,0.625,8,0.08545552226724351,,0.0,,0,0.0,False
xm_cal,gc_si,ratio,gc_si_cal_ratio,z_gc_si_cal_ratio,2.5,0.75,126,0.08,-0.028058681918914887,-11.169200094753812,0.75,8,0.14394702670421167,,0.0,,0,0.0,False
xm_cal,gc_si,ratio,gc_si_cal_ratio,z_gc_si_cal_ratio,2.5,0.75,126,0.12,-0.04723803728172577,-11.289200094753811,0.625,8,0.08545552226724351,,0.0,,0,0.0,False
xm_cal,gc_si,ratio,gc_si_cal_ratio,z_gc_si_cal_ratio,2.5,0.75,252,0.08,-0.028058681918914887,-11.169200094753812,0.75,8,0.14394702670421167,,0.0,,0,0.0,False
xm_cal,gc_si,ratio,gc_si_cal_ratio,z_gc_si_cal_ratio,2.5,0.75,252,0.12,-0.04723803728172577,-11.289200094753811,0.625,8,0.08545552226724351,,0.0,,0,0.0,False
gc_basis,gc,basis,gc_comex_lbma_basis,z_gc_comex_lbma_basis,1.5,0.3,20,0.08,-0.18196988768387906,-21.52746694247846,0.5294117647058824,51,1.2669051908133142,0.8516732599396254,-6.634622069777557,0.4,20,0.30819334608689974,False
gc_basis,gc,basis,gc_comex_lbma_basis,z_gc_comex_lbma_basis,1.5,0.3,20,0.12,-0.2855469251220618,-24.287466942478442,0.49019607843137253,51,0.8060968318819001,0.7459377838498815,-7.074622069777557,0.4,20,0.2912869459187669,False
gc_basis,gc,basis,gc_comex_lbma_basis,z_gc_comex_lbma_basis,1.5,0.3,63,0.08,-0.5403542643777604,-37.68205515441913,0.5641025641025641,39,0.5479031738997558,0.5120477746711468,-10.072561189605961,0.5,14,0.2673039235341364,False
gc_basis,gc,basis,gc_comex_lbma_basis,z_gc_comex_lbma_basis,1.5,0.3,63,0.12,-0.6158409071390609,-39.762055154419116,0.5128205128205128,39,0.48024776713299616,0.43224894708909845,-10.192561189605962,0.5,14,0.2563388926961229,False
gc_basis,gc,basis,gc_comex_lbma_basis,z_gc_comex_lbma_basis,1.5,0.3,126,0.08,-0.43301671465847513,-32.205818957796765,0.5945945945945946,37,0.5634900450047867,0.5367313115327725,-9.841086849359336,0.5,14,0.30556859498761135,False
gc_basis,gc,basis,gc_comex_lbma_basis,z_gc_comex_lbma_basis,1.5,0.3,126,0.12,-0.5095307120844383,-34.12581895779674,0.5405405405405406,37,0.4785254672576871,0.4592164565226525,-9.961086849359335,0.5,14,0.2918929758631777,False
gc_basis,gc,basis,gc_comex_lbma_basis,z_gc_comex_lbma_basis,1.5,0.3,252,0.08,-0.4342598198549525,-33.068923200659,0.6111111111111112,36,0.5633140014715924,0.5781311029558129,-9.841086849359336,0.5,14,0.29759320524725225,False
gc_basis,gc,basis,gc_comex_lbma_basis,z_gc_comex_lbma_basis,1.5,0.3,252,0.12,-0.5057719063532065,-34.86892320065898,0.5555555555555556,36,0.48346245446285113,0.5009227391514293,-9.961086849359335,0.5,14,0.2856723390061865,False
gc_basis,gc,basis,gc_comex_lbma_basis,z_gc_comex_lbma_basis,1.5,0.5,20,0.08,-0.13412802110796657,-21.121466326331443,0.5686274509803921,51,1.7516497691568853,0.7101379298797343,-6.634622069777557,0.4,20,0.3141174938932336,False
gc_basis,gc,basis,gc_comex_lbma_basis,z_gc_comex_lbma_basis,1.5,0.5,20,0.12,-0.24098403920483705,-23.881466326331434,0.5294117647058824,51,0.9732513961893869,0.6024556330233695,-7.074622069777557,0.4,20,0.29623901535632086,False
gc_basis,gc,basis,gc_comex_lbma_basis,z_gc_comex_lbma_basis,1.5,0.5,63,0.08,-0.5232095975588542,-36.217564877074295,0.5952380952380952,42,0.5793564324070131,0.32965444139969713,-10.072561189605961,0.5,14,0.27811260154549733,False
gc_basis,gc,basis,gc_comex_lbma_basis,z_gc_comex_lbma_basis,1.5,0.5,63,0.12,-0.6072548559455688,-38.37756487707429,0.5476190476190477,42,0.4985165581963953,0.2473267696722144,-10.192561189605962,0.5,14,0.26558644932927256,False
gc_basis,gc,basis,gc_comex_lbma_basis,z_gc_comex_lbma_basis,1.5,0.5,126,0.08,-0.43288042105162994,-31.51260175233074,0.625,40,0.5742496896553042,0.35894336608144933,-9.841086849359336,0.5,14,0.3122905219538551,False
gc_basis,gc,basis,gc_comex_lbma_basis,z_gc_comex_lbma_basis,1.5,0.5,126,0.12,-0.5187332136306546,-33.51260175233073,0.575,40,0.4786171328596885,0.27900632592688457,-9.961086849359335,0.5,14,0.29723406505335154,False
gc_basis,gc,basis,gc_comex_lbma_basis,z_gc_comex_lbma_basis,1.5,0.5,252,0.08,-0.4444348878298657,-32.77037826029597,0.6410256410256411,39,0.5625529375232455,0.37838299864122293,-9.841086849359336,0.5,14,0.30030434104822734,False
gc_basis,gc,basis,gc_comex_lbma_basis,z_gc_comex_lbma_basis,1.5,0.5,252,0.12,-0.5246641309714019,-34.650378260295945,0.5897435897435898,39,0.47607450809539875,0.29861179453234055,-9.961086849359335,0.5,14,0.2874741157089538,False
gc_basis,gc,basis,gc_comex_lbma_basis,z_gc_comex_lbma_basis,1.5,0.75,20,0.08,-0.23224391447356724,-23.18068645731727,0.5769230769230769,52,1.035918879309738,0.7905239102742012,-4.8758190108399635,0.45,20,0.21033971620373867,False
gc_basis,gc,basis,gc_comex_lbma_basis,z_gc_comex_lbma_basis,1.5,0.75,20,0.12,-0.34253092028352566,-25.940686457317263,0.5384615384615384,52,0.7013587324237627,0.6804029520291978,-5.315819010839965,0.45,20,0.2049220640165633,False
gc_basis,gc,basis,gc_comex_lbma_basis,z_gc_comex_lbma_basis,1.5,0.75,63,0.08,-0.5305158874784032,-34.87020256597763,0.6136363636363636,44,0.5828368438543653,0.39395557301875056,-8.569959735335702,0.5,14,0.24576742045362515,False
gc_basis,gc,basis,gc_comex_lbma_basis,z_gc_comex_lbma_basis,1.5,0.75,63,0.12,-0.6185934294628095,-37.11020256597763,0.5681818181818182,44,0.49940819604412745,0.3096585794896767,-8.689959735335703,0.5,14,0.23416632447332952,False
gc_basis,gc,basis,gc_comex_lbma_basis,z_gc_comex_lbma_basis,1.5,0.75,126,0.08,-0.44088266283548116,-30.16523944123407,0.6428571428571429,42,0.5788401091621826,0.40861190136451325,-8.569959735335702,0.5,14,0.2841005042254391,False
gc_basis,gc,basis,gc_comex_lbma_basis,z_gc_comex_lbma_basis,1.5,0.75,126,0.12,-0.53100141967318,-32.245239441234055,0.5952380952380952,42,0.4802439007292567,0.32538266117366615,-8.689959735335703,0.5,14,0.26949589725245754,False
gc_basis,gc,basis,gc_comex_lbma_basis,z_gc_comex_lbma_basis,1.5,0.75,252,0.08,-0.465064338815043,-31.748186094100056,0.6585365853658537,41,0.5810418072243767,0.40861190136451325,-8.569959735335702,0.5,14,0.2699354133157329,False
gc_basis,gc,basis,gc_comex_lbma_basis,z_gc_comex_lbma_basis,1.5,0.75,252,0.12,-0.5502505995661393,-33.70818609410004,0.6097560975609756,41,0.49085504244660755,0.32538266117366615,-8.689959735335703,0.5,14,0.257799684357881,False
gc_basis,gc,basis,gc_comex_lbma_basis,z_gc_comex_lbma_basis,2.0,0.3,20,0.08,-0.45804091557459525,-25.035969030402335,0.3939393939393939,33,0.4789845592374599,0.17073656722728875,-2.759048694164724,0.18181818181818182,11,0.110203391401159,False
gc_basis,gc,basis,gc_comex_lbma_basis,z_gc_comex_lbma_basis,2.0,0.3,20,0.12,-0.545366915273229,-27.035969030402327,0.3333333333333333,33,0.40016058977936214,0.05370243332283242,-3.599048694164724,0.18181818181818182,11,0.1331207581321588,False
gc_basis,gc,basis,gc_comex_lbma_basis,z_gc_comex_lbma_basis,2.0,0.3,63,0.08,-0.5601574979325937,-29.491120519829757,0.4074074074074074,27,0.389614371214782,-0.5685628773058344,-9.345389131274906,0.3,10,0.3168882350533643,False
gc_basis,gc,basis,gc_comex_lbma_basis,z_gc_comex_lbma_basis,2.0,0.3,63,0.12,-0.6237278884398848,-30.971120519829753,0.3333333333333333,27,0.3487009003067225,-0.6738241108490127,-9.465389131274907,0.3,10,0.30561984753553045,False
gc_basis,gc,basis,gc_comex_lbma_basis,z_gc_comex_lbma_basis,2.0,0.3,126,0.08,-0.6045511654691698,-31.176808885300936,0.44,25,0.43824008641774503,-0.4247834991385643,-8.741530501711647,0.3,10,0.28038567173027945,False
gc_basis,gc,basis,gc_comex_lbma_basis,z_gc_comex_lbma_basis,2.0,0.3,126,0.12,-0.6638769687328442,-32.57680888530095,0.36,25,0.39798447070385357,-0.5251837925076996,-8.861530501711648,0.3,10,0.2720195993693562,False
gc_basis,gc,basis,gc_comex_lbma_basis,z_gc_comex_lbma_basis,2.0,0.3,252,0.08,-0.7332283626885798,-37.92227644150763,0.44,25,0.4199228681776127,-0.3506627976821911,-8.741530501711647,0.3,10,0.23051175514726355,False
gc_basis,gc,basis,gc_comex_lbma_basis,z_gc_comex_lbma_basis,2.0,0.3,252,0.12,-0.7862237632522118,-39.24227644150764,0.36,25,0.39077855911333925,-0.4504759421940113,-8.861530501711648,0.3,10,0.22581591348096622,False
gc_basis,gc,basis,gc_comex_lbma_basis,z_gc_comex_lbma_basis,2.0,0.5,20,0.08,-0.4839624667299917,-23.84497033323119,0.42424242424242425,33,0.4861268861644609,0.17073656722728875,-2.759048694164724,0.18181818181818182,11,0.11570778472806975,False
gc_basis,gc,basis,gc_comex_lbma_basis,z_gc_comex_lbma_basis,2.0,0.5,20,0.12,-0.5761061831214267,-25.804970333231186,0.36363636363636365,33,0.40569961002040256,0.05370243332283242,-3.599048694164724,0.18181818181818182,11,0.13947114248490078,False
gc_basis,gc,basis,gc_comex_lbma_basis,z_gc_comex_lbma_basis,2.0,0.5,63,0.08,-0.5484789871487138,-28.773967992031366,0.4482758620689655,29,0.4241448707601717,-0.6161233887042168,-9.345389131274906,0.3,10,0.32478624894081376,False
gc_basis,gc,basis,gc_comex_lbma_basis,z_gc_comex_lbma_basis,2.0,0.5,63,0.12,-0.620372841883481,-30.25396799203137,0.3793103448275862,29,0.3734271808095519,-0.7236662944128615,-9.465389131274907,0.3,10,0.3128643863762931,False
gc_basis,gc,basis,gc_comex_lbma_basis,z_gc_comex_lbma_basis,2.0,0.5,126,0.08,-0.6198830437679069,-31.230929429381362,0.48148148148148145,27,0.4509548111076651,-0.4680570332542976,-8.741530501711647,0.3,10,0.279899787211834,False
gc_basis,gc,basis,gc_comex_lbma_basis,z_gc_comex_lbma_basis,2.0,0.5,126,0.12,-0.6868971492052756,-32.63092942938135,0.4074074074074074,27,0.40547063268547034,-0.5703026024139342,-8.861530501711648,0.3,10,0.2715684369606893,False
gc_basis,gc,basis,gc_comex_lbma_basis,z_gc_comex_lbma_basis,2.0,0.5,252,0.08,-0.750087997221272,-37.976396985588046,0.48148148148148145,27,0.42903049869417026,-0.4338555290830435,-8.741530501711647,0.3,10,0.23018325053398397,False
gc_basis,gc,basis,gc_comex_lbma_basis,z_gc_comex_lbma_basis,2.0,0.5,252,0.12,-0.8094816586255734,-39.296396985588046,0.4074074074074074,27,0.39642351114874813,-0.5355937109908839,-8.861530501711648,0.3,10,0.22550491091999134,False
gc_basis,gc,basis,gc_comex_lbma_basis,z_gc_comex_lbma_basis,2.0,0.75,20,0.08,-0.5327274102579476,-23.844970333231192,0.42424242424242425,33,0.4517839532318208,0.17073656722728875,-2.759048694164724,0.18181818181818182,11,0.11570778472806972,False
gc_basis,gc,basis,gc_comex_lbma_basis,z_gc_comex_lbma_basis,2.0,0.75,20,0.12,-0.6258898847588713,-25.804970333231186,0.36363636363636365,33,0.3821179576563686,0.05370243332283242,-3.599048694164724,0.18181818181818182,11,0.13947114248490078,False
gc_basis,gc,basis,gc_comex_lbma_basis,z_gc_comex_lbma_basis,2.0,0.75,63,0.08,-0.5902839732645148,-28.66766450162792,0.4482758620689655,29,0.39076201640320046,-0.5416414036155788,-7.470403387688024,0.3,10,0.26058639646992554,False
gc_basis,gc,basis,gc_comex_lbma_basis,z_gc_comex_lbma_basis,2.0,0.75,63,0.12,-0.6630928440559889,-30.147664501627915,0.3793103448275862,29,0.3464504956260317,-0.6670764557209079,-7.590403387688024,0.3,10,0.251774175982294,False
gc_basis,gc,basis,gc_comex_lbma_basis,z_gc_comex_lbma_basis,2.0,0.75,126,0.08,-0.6618429480664487,-31.124625938977903,0.48148148148148145,27,0.42028722921247935,-0.48428389542592093,-7.470403387688024,0.3,10,0.24001584476338106,False
gc_basis,gc,basis,gc_comex_lbma_basis,z_gc_comex_lbma_basis,2.0,0.75,126,0.12,-0.7297133659583135,-32.524625938977906,0.4074074074074074,27,0.37985578121476365,-0.6044542232891709,-7.590403387688024,0.3,10,0.2333740410090802,False
gc_basis,gc,basis,gc_comex_lbma_basis,z_gc_comex_lbma_basis,2.0,0.75,252,0.08,-0.788608164437985,-37.870093495184605,0.48148148148148145,27,0.40667512520374505,-0.48428389542592093,-7.470403387688024,0.3,10,0.19726392776500348,False
gc_basis,gc,basis,gc_comex_lbma_basis,z_gc_comex_lbma_basis,2.0,0.75,252,0.12,-0.8486615913149167,-39.1900934951846,0.4074074074074074,27,0.3768756097966432,-0.6044542232891709,-7.590403387688024,0.3,10,0.19368168612868145,False
gc_basis,gc,basis,gc_comex_lbma_basis,z_gc_comex_lbma_basis,2.5,0.3,20,0.08,-0.013280557059907015,-6.560152099802588,0.38095238095238093,21,8.916234125489355,0.7300651945829484,-0.9437078359378861,0.25,8,0.1438545664156605,False
gc_basis,gc,basis,gc_comex_lbma_basis,z_gc_comex_lbma_basis,2.5,0.3,20,0.12,-0.11179489017272715,-7.280152099802586,0.3333333333333333,21,1.0558184618918365,0.6408624762797555,-1.5037078359378857,0.25,8,0.20654895877500434,False
gc_basis,gc,basis,gc_comex_lbma_basis,z_gc_comex_lbma_basis,2.5,0.3,63,0.08,-0.14181704662577013,-11.894962711326242,0.35,20,0.929771208174011,1.0326190172106142,-0.9030589271568417,0.375,8,0.07591944162186903,False
gc_basis,gc,basis,gc_comex_lbma_basis,z_gc_comex_lbma_basis,2.5,0.3,63,0.12,-0.21550217164405833,-12.574962711326243,0.3,20,0.6113477875874984,0.9481290574333513,-1.343058927156842,0.375,8,0.10680420753432149,False
gc_basis,gc,basis,gc_comex_lbma_basis,z_gc_comex_lbma_basis,2.5,0.3,126,0.08,-0.2833300619403146,-15.702745444879262,0.35,20,0.7654733584917264,1.0250106620477326,-1.0418307487972038,0.375,8,0.0663470443722279,False
gc_basis,gc,basis,gc_comex_lbma_basis,z_gc_comex_lbma_basis,2.5,0.3,126,0.12,-0.3524845195165527,-16.342745444879267,0.3,20,0.6153956662781151,0.9442382687389049,-1.4818307487972042,0.375,8,0.09067208161536358,False
gc_basis,gc,basis,gc_comex_lbma_basis,z_gc_comex_lbma_basis,2.5,0.3,252,0.08,-0.6758757216839227,-28.1527556916381,0.35,20,0.5821649786286613,1.0998838139686165,-1.0418307487972038,0.375,8,0.037006350646755594,False
gc_basis,gc,basis,gc_comex_lbma_basis,z_gc_comex_lbma_basis,2.5,0.3,252,0.12,-0.7323527003910049,-28.79275569163809,0.3,20,0.5374532949217697,1.0197171990021312,-1.4818307487972042,0.375,8,0.05146540208471791,False
gc_basis,gc,basis,gc_comex_lbma_basis,z_gc_comex_lbma_basis,2.5,0.5,20,0.08,0.025465245000421428,-6.560152099802586,0.38095238095238093,21,-4.7603374614585485,0.7300651945829484,-0.9437078359378861,0.25,8,0.14385456641566055,False
gc_basis,gc,basis,gc_comex_lbma_basis,z_gc_comex_lbma_basis,2.5,0.5,20,0.12,-0.0735129018031101,-7.280152099802585,0.3333333333333333,21,1.6437406824634113,0.6408624762797555,-1.5037078359378857,0.25,8,0.20654895877500437,False
gc_basis,gc,basis,gc_comex_lbma_basis,z_gc_comex_lbma_basis,2.5,0.5,63,0.08,-0.12072219650738665,-11.177810183527855,0.35,20,1.1516412885535419,1.0326190172106142,-0.9030589271568417,0.375,8,0.08079032586254073,False
gc_basis,gc,basis,gc_comex_lbma_basis,z_gc_comex_lbma_basis,2.5,0.5,63,0.12,-0.195703871859427,-11.857810183527855,0.3,20,0.7102232319860724,0.9481290574333513,-1.343058927156842,0.375,8,0.1132636554616583,False
gc_basis,gc,basis,gc_comex_lbma_basis,z_gc_comex_lbma_basis,2.5,0.5,126,0.08,-0.29971665051587676,-15.756865988959682,0.35,20,0.7408920509211665,1.0250106620477326,-1.0418307487972038,0.375,8,0.06611916034109705,False
gc_basis,gc,basis,gc_comex_lbma_basis,z_gc_comex_lbma_basis,2.5,0.5,126,0.12,-0.36993835000493114,-16.396865988959682,0.3,20,0.6003479122567619,0.9442382687389049,-1.4818307487972042,0.375,8,0.09037280354641848,False
gc_basis,gc,basis,gc_comex_lbma_basis,z_gc_comex_lbma_basis,2.5,0.5,252,0.08,-0.6924738352803481,-28.206876235718507,0.35,20,0.5761246670153654,1.0591994309542323,-1.0418307487972038,0.375,8,0.03693534654780129,False
gc_basis,gc,basis,gc_comex_lbma_basis,z_gc_comex_lbma_basis,2.5,0.5,252,0.12,-0.7495259117135936,-28.846876235718508,0.3,20,0.5324507512913922,0.9783655537091488,-1.4818307487972042,0.375,8,0.05136884620326362,False
gc_basis,gc,basis,gc_comex_lbma_basis,z_gc_comex_lbma_basis,2.5,0.75,20,0.08,0.012058014557345656,-6.560152099802586,0.38095238095238093,21,-10.38882012538707,0.7300651945829484,-0.9437078359378861,0.25,8,0.14385456641566055,False
gc_basis,gc,basis,gc_comex_lbma_basis,z_gc_comex_lbma_basis,2.5,0.75,20,0.12,-0.08953374478445206,-7.280152099802587,0.3333333333333333,21,1.395436697150823,0.6408624762797555,-1.5037078359378857,0.25,8,0.20654895877500432,False
gc_basis,gc,basis,gc_comex_lbma_basis,z_gc_comex_lbma_basis,2.5,0.75,63,0.08,-0.1297881368091552,-11.071506693124402,0.35,20,1.0196330002296188,0.9219126233910062,-0.9030589271568417,0.375,8,0.08156603723300433,False
gc_basis,gc,basis,gc_comex_lbma_basis,z_gc_comex_lbma_basis,2.5,0.75,63,0.12,-0.20669286686109567,-11.751506693124403,0.3,20,0.6402610664294032,0.8354360065787017,-1.3696455028572359,0.375,8,0.11655062951702959,False
gc_basis,gc,basis,gc_comex_lbma_basis,z_gc_comex_lbma_basis,2.5,0.75,126,0.08,-0.3118693310966042,-15.65056249855623,0.35,20,0.6971135082520629,0.9234489588401222,-1.0418307487972038,0.375,8,0.06656826225212756,False
gc_basis,gc,basis,gc_comex_lbma_basis,z_gc_comex_lbma_basis,2.5,0.75,126,0.12,-0.38371110635413663,-16.29056249855623,0.3,20,0.5668198483194423,0.8401699194090468,-1.508417324497597,0.375,8,0.0925945512704845,False
gc_basis,gc,basis,gc_comex_lbma_basis,z_gc_comex_lbma_basis,2.5,0.75,252,0.08,-0.7067588681959718,-28.100572745315056,0.35,20,0.5616604764112295,0.9234489588401222,-1.0418307487972038,0.375,8,0.037075071680554926,False
gc_basis,gc,basis,gc_comex_lbma_basis,z_gc_comex_lbma_basis,2.5,0.75,252,0.12,-0.7647410844748697,-28.740572745315056,0.3,20,0.5193356387570862,0.8401699194090468,-1.508417324497597,0.375,8,0.05248389925505159,False
si_basis,si,basis,si_comex_lbma_basis,z_si_comex_lbma_basis,1.5,0.3,20,0.08,0.6056847707803117,-13.182616559246984,0.4523809523809524,42,-0.30515360605640174,0.5850145838176272,-7.5247082917742105,0.45454545454545453,22,0.5708053676563916,False
si_basis,si,basis,si_comex_lbma_basis,z_si_comex_lbma_basis,1.5,0.3,20,0.12,0.5438218693248857,-13.502616559246984,0.4523809523809524,42,-0.3402389491480467,0.5577132039495946,-7.764708291774205,0.45454545454545453,22,0.5750521210244031,False
si_basis,si,basis,si_comex_lbma_basis,z_si_comex_lbma_basis,1.5,0.3,63,0.08,0.46208964434579497,-12.24422373886313,0.5555555555555556,27,-0.30560370972658085,0.3931357349076814,-13.23785194773594,0.4,15,1.0811507719937392,False
si_basis,si,basis,si_comex_lbma_basis,z_si_comex_lbma_basis,1.5,0.3,63,0.12,0.41799044414448244,-12.324223738863132,0.5555555555555556,27,-0.33863319417531873,0.3564165866389292,-13.397851947735939,0.4,15,1.087115280574405,False
si_basis,si,basis,si_comex_lbma_basis,z_si_comex_lbma_basis,1.5,0.3,126,0.08,0.5190672859494523,-12.244223738863134,0.6153846153846154,26,-0.2561898796110014,0.30598495835812245,-13.237851947735944,0.4,15,1.0811507719937392,False
si_basis,si,basis,si_comex_lbma_basis,z_si_comex_lbma_basis,1.5,0.3,126,0.12,0.4767691179845164,-12.32422373886314,0.6153846153846154,26,-0.27956559316351876,0.2687566535021343,-13.397851947735944,0.4,15,1.0871152805744049,False
si_basis,si,basis,si_comex_lbma_basis,z_si_comex_lbma_basis,1.5,0.3,252,0.08,0.25632376640769494,-12.244223738863134,0.6666666666666666,24,-0.5765048707634717,0.3322627972373348,-13.237851947735942,0.42857142857142855,14,1.081150771993739,False
si_basis,si,basis,si_comex_lbma_basis,z_si_comex_lbma_basis,1.5,0.3,252,0.12,0.20605495879988295,-12.324223738863132,0.6666666666666666,24,-0.7184117192621071,0.2977985391111589,-13.397851947735944,0.42857142857142855,14,1.0871152805744055,False
si_basis,si,basis,si_comex_lbma_basis,z_si_comex_lbma_basis,1.5,0.5,20,0.08,0.5319000502029864,-13.182616559246984,0.4418604651162791,43,-0.3560853855733159,0.6023248241536625,-6.374015588926007,0.45454545454545453,22,0.48351672524791256,False
si_basis,si,basis,si_comex_lbma_basis,z_si_comex_lbma_basis,1.5,0.5,20,0.12,0.46681978088342246,-13.502616559246984,0.4418604651162791,43,-0.40606209946419103,0.5750440560614205,-6.5740155889260095,0.45454545454545453,22,0.4868697529904996,False
si_basis,si,basis,si_comex_lbma_basis,z_si_comex_lbma_basis,1.5,0.5,63,0.08,0.36745162098291173,-12.24422373886313,0.5357142857142857,28,-0.3949301408691597,0.6403118240477782,-6.374015588925996,0.4375,16,0.5205732698835688,False
si_basis,si,basis,si_comex_lbma_basis,z_si_comex_lbma_basis,1.5,0.5,63,0.12,0.31994430153398146,-12.324223738863132,0.5357142857142857,28,-0.45451450819386274,0.5988598072470906,-6.574015588926001,0.4375,16,0.5334222851047031,False
si_basis,si,basis,si_comex_lbma_basis,z_si_comex_lbma_basis,1.5,0.5,126,0.08,0.42570885891413596,-12.244223738863134,0.5555555555555556,27,-0.3217673654619551,0.6351463741007902,-6.374015588925996,0.5,16,0.5205732698835687,False
si_basis,si,basis,si_comex_lbma_basis,z_si_comex_lbma_basis,1.5,0.5,126,0.12,0.37999978623088987,-12.32422373886314,0.5555555555555556,27,-0.36122695377712294,0.5937086754972923,-6.574015588926001,0.5,16,0.5334222851047029,False
si_basis,si,basis,si_comex_lbma_basis,z_si_comex_lbma_basis,1.5,0.5,252,0.08,0.12109756377131126,-12.244223738863134,0.6,25,-1.3128811966259775,0.6773184843748462,-6.374015588925996,0.5,16,0.5205732698835687,False
si_basis,si,basis,si_comex_lbma_basis,z_si_comex_lbma_basis,1.5,0.5,252,0.12,0.06555277355703008,-12.324223738863132,0.6,25,-2.4284046215479638,0.6363792394691749,-6.574015588926002,0.5,16,0.5334222851047034,False
si_basis,si,basis,si_comex_lbma_basis,z_si_comex_lbma_basis,1.5,0.75,20,0.08,0.5274850570222451,-12.244223738863134,0.46511627906976744,43,-0.36688478736349633,0.6039673879148145,-6.374015588926014,0.45454545454545453,22,0.5205732698835701,False
si_basis,si,basis,si_comex_lbma_basis,z_si_comex_lbma_basis,1.5,0.75,20,0.12,0.460678313614951,-12.324223738863132,0.46511627906976744,43,-0.42089644519739366,0.5767686858483367,-6.5740155889260095,0.45454545454545453,22,0.5334222851047039,False
si_basis,si,basis,si_comex_lbma_basis,z_si_comex_lbma_basis,1.5,0.75,63,0.08,0.38795866434186754,-12.244223738863136,0.6071428571428571,28,-0.3318715383124043,0.604433340768407,-6.374015588925998,0.4375,16,0.5205732698835687,False
si_basis,si,basis,si_comex_lbma_basis,z_si_comex_lbma_basis,1.5,0.75,63,0.12,0.3402672268746635,-12.324223738863132,0.6071428571428571,28,-0.3792788993833383,0.5629535775175912,-6.574015588926001,0.4375,16,0.5334222851047031,False
si_basis,si,basis,si_comex_lbma_basis,z_si_comex_lbma_basis,1.5,0.75,126,0.08,0.43372719184609376,-12.244223738863136,0.6666666666666666,27,-0.29554804829881215,0.5945988624477185,-6.374015588925998,0.5,16,0.5205732698835687,False
si_basis,si,basis,si_comex_lbma_basis,z_si_comex_lbma_basis,1.5,0.75,126,0.12,0.38799976903781824,-12.32422373886314,0.6666666666666666,27,-0.331173620959005,0.5531067284015504,-6.574015588926001,0.5,16,0.5334222851047029,False
si_basis,si,basis,si_comex_lbma_basis,z_si_comex_lbma_basis,1.5,0.75,252,0.08,0.28661738436070094,-12.244223738863132,0.6923076923076923,26,-0.4930922507456618,0.6371552224642657,-6.374015588925996,0.5,16,0.5205732698835687,False
si_basis,si,basis,si_comex_lbma_basis,z_si_comex_lbma_basis,1.5,0.75,252,0.12,0.23821594172093372,-12.324223738863132,0.6923076923076923,26,-0.5945816641242211,0.5961745428805917,-6.574015588926001,0.5,16,0.5334222851047031,False
si_basis,si,basis,si_comex_lbma_basis,z_si_comex_lbma_basis,2.0,0.3,20,0.08,0.4024613839947175,-6.698710277813614,0.5416666666666666,24,-0.31076013609553693,0.49492726638992063,-3.955650023461452,0.35294117647058826,17,0.5905091964587148,False
si_basis,si,basis,si_comex_lbma_basis,z_si_comex_lbma_basis,2.0,0.3,20,0.12,0.34454858434150654,-6.924520466040983,0.5,24,-0.36261858321112933,0.4718616911471073,-4.195650023461457,0.35294117647058826,17,0.6059119969444285,False
si_basis,si,basis,si_comex_lbma_basis,z_si_comex_lbma_basis,2.0,0.3,63,0.08,0.5503966934429304,-6.151617786884142,0.55,20,-0.272438371504045,0.09289051306786292,-13.237851947735946,0.3076923076923077,13,2.151930176149818,False
si_basis,si,basis,si_comex_lbma_basis,z_si_comex_lbma_basis,2.0,0.3,63,0.12,0.5061174392476422,-6.231617786884142,0.55,20,-0.29665164628985635,0.05083736698421728,-13.397851947735948,0.3076923076923077,13,2.1499797333422435,False
si_basis,si,basis,si_comex_lbma_basis,z_si_comex_lbma_basis,2.0,0.3,126,0.08,0.3029463635290568,-12.986171438990628,0.5263157894736842,19,-0.6890530266738034,-0.06943701388962663,-13.237851947735944,0.25,12,1.0193806550242863,False
si_basis,si,basis,si_comex_lbma_basis,z_si_comex_lbma_basis,2.0,0.3,126,0.12,0.25933788426059334,-13.226171438990626,0.5263157894736842,19,-0.8054808826207521,-0.10903516987698783,-13.397851947735942,0.25,12,1.0129803631789622,False
si_basis,si,basis,si_comex_lbma_basis,z_si_comex_lbma_basis,2.0,0.3,252,0.08,0.5093112050916115,-8.80308641998317,0.631578947368421,19,-0.34284338996299585,0.011399497216300108,-13.237851947735944,0.3333333333333333,12,1.5037739397497873,False
si_basis,si,basis,si_comex_lbma_basis,z_si_comex_lbma_basis,2.0,0.3,252,0.12,0.4746456449265332,-8.80308641998317,0.631578947368421,19,-0.368670338957664,-0.027850813499146566,-13.397851947735944,0.3333333333333333,12,1.5219493832665973,False
si_basis,si,basis,si_comex_lbma_basis,z_si_comex_lbma_basis,2.0,0.5,20,0.08,0.28095183908665716,-6.698710277813614,0.52,25,-0.47562612282303063,0.5137736123497635,-2.839687063083794,0.35294117647058826,17,0.42391549198491935,False
si_basis,si,basis,si_comex_lbma_basis,z_si_comex_lbma_basis,2.0,0.5,20,0.12,0.2165855120366349,-6.924520466040983,0.48,25,-0.6156780117545415,0.4907284390904998,-3.354290958661501,0.35294117647058826,17,0.48440768932830947,False
si_basis,si,basis,si_comex_lbma_basis,z_si_comex_lbma_basis,2.0,0.5,63,0.08,0.4319051412640171,-6.151617786884142,0.5238095238095238,21,-0.3658467490121082,0.6114893958270099,-3.7642027665136384,0.35714285714285715,14,0.6119045260808127,False
si_basis,si,basis,si_comex_lbma_basis,z_si_comex_lbma_basis,2.0,0.5,63,0.12,0.38226908039583185,-6.231617786884142,0.5238095238095238,21,-0.4136245379572733,0.556893118459497,-4.284202766513639,0.35714285714285715,14,0.6874944698198145,False
si_basis,si,basis,si_comex_lbma_basis,z_si_comex_lbma_basis,2.0,0.5,126,0.08,0.16683319845863395,-12.986171438990628,0.5,20,-1.3241443984221404,0.603626215509527,-4.32069719056223,0.42857142857142855,14,0.33271524335413083,False
si_basis,si,basis,si_comex_lbma_basis,z_si_comex_lbma_basis,2.0,0.5,126,0.12,0.11791842877995587,-13.226171438990626,0.5,20,-1.8733823443464812,0.5490918029571926,-4.84069719056223,0.42857142857142855,14,0.3659938337327082,False
si_basis,si,basis,si_comex_lbma_basis,z_si_comex_lbma_basis,2.0,0.5,252,0.08,0.4034819475626538,-8.80308641998317,0.6,20,-0.4510019781276498,0.6637842247465201,-3.023678523042289,0.42857142857142855,14,0.34347936380341354,False
si_basis,si,basis,si_comex_lbma_basis,z_si_comex_lbma_basis,2.0,0.5,252,0.12,0.3650899854554786,-8.80308641998317,0.6,20,-0.49933040190001593,0.6103352264636387,-3.489383420893824,0.42857142857142855,14,0.3963818204684278,False
si_basis,si,basis,si_comex_lbma_basis,z_si_comex_lbma_basis,2.0,0.75,20,0.08,0.3389963427196789,-6.698710277813614,0.52,25,-0.40748962232975333,0.5062196568785948,-2.839687063083794,0.35294117647058826,17,0.42391549198491935,False
si_basis,si,basis,si_comex_lbma_basis,z_si_comex_lbma_basis,2.0,0.75,20,0.12,0.2738490798774436,-6.858710277813614,0.48,25,-0.5045342047583212,0.48321610474150406,-3.354290958661501,0.35294117647058826,17,0.4890556420661007,False
si_basis,si,basis,si_comex_lbma_basis,z_si_comex_lbma_basis,2.0,0.75,63,0.08,0.5285421919352923,-6.151617786884142,0.5714285714285714,21,-0.270286241222898,0.5601271142138162,-3.7642027665136384,0.35714285714285715,14,0.6119045260808127,False
si_basis,si,basis,si_comex_lbma_basis,z_si_comex_lbma_basis,2.0,0.75,63,0.12,0.4788168431577837,-6.231617786884142,0.5714285714285714,21,-0.2991488956050916,0.5053608827803242,-4.284202766513639,0.35714285714285715,14,0.6874944698198145,False
si_basis,si,basis,si_comex_lbma_basis,z_si_comex_lbma_basis,2.0,0.75,126,0.08,0.528456664376254,-6.034531300131248,0.5714285714285714,21,-0.30316042590976416,0.5453053250106661,-4.32069719056223,0.42857142857142855,14,0.7159954892384529,False
si_basis,si,basis,si_comex_lbma_basis,z_si_comex_lbma_basis,2.0,0.75,126,0.12,0.4790373013003768,-6.114531300131248,0.5714285714285714,21,-0.335294414657862,0.4905524127719577,-4.84069719056223,0.42857142857142855,14,0.7916710133544208,False
si_basis,si,basis,si_comex_lbma_basis,z_si_comex_lbma_basis,2.0,0.75,252,0.08,0.5807251654440186,-5.539907325161279,0.6190476190476191,21,-0.28416214174692617,0.6066596327465438,-3.023678523042289,0.42857142857142855,14,0.5457994774225331,False
si_basis,si,basis,si_comex_lbma_basis,z_si_comex_lbma_basis,2.0,0.75,252,0.12,0.5327627876377183,-5.659907325161278,0.6190476190476191,21,-0.31070052962347383,0.5530408634313599,-3.489383420893824,0.42857142857142855,14,0.6165089321130174,False
si_basis,si,basis,si_comex_lbma_basis,z_si_comex_lbma_basis,2.5,0.3,20,0.08,0.28942682959473315,-2.8372256435123866,0.42857142857142855,14,-0.35336434541389977,-0.1385367823768711,-6.198411758307465,0.2727272727272727,11,2.1846735286919396,False
si_basis,si,basis,si_comex_lbma_basis,z_si_comex_lbma_basis,2.5,0.3,20,0.12,0.21650808632463495,-3.2772256435123888,0.42857142857142855,14,-0.47240854864015175,-0.19809381582225447,-6.318411758307464,0.2727272727272727,11,1.927975808078831,False
si_basis,si,basis,si_comex_lbma_basis,z_si_comex_lbma_basis,2.5,0.3,63,0.08,0.12707843667491367,-5.518753469141047,0.3076923076923077,13,-1.0284216845423568,-0.34436340393834075,-7.2216301456095575,0.2,10,1.3085618312161262,False
si_basis,si,basis,si_comex_lbma_basis,z_si_comex_lbma_basis,2.5,0.3,63,0.12,0.08378731907909213,-5.678753469141047,0.3076923076923077,13,-1.56064255450053,-0.39833000220382625,-7.981630145609556,0.2,10,1.4055250309742422,False
si_basis,si,basis,si_comex_lbma_basis,z_si_comex_lbma_basis,2.5,0.3,126,0.08,0.2728979222388783,-8.699325366583217,0.38461538461538464,13,-0.5861910532897839,-0.4015328440315396,-8.10145971417466,0.2,10,0.9312744808114496,False
si_basis,si,basis,si_comex_lbma_basis,z_si_comex_lbma_basis,2.5,0.3,126,0.12,0.2435142342985709,-8.699325366583217,0.38461538461538464,13,-0.6584856325019438,-0.45462281751402994,-8.861459714174655,0.2,10,1.018637577140665,False
si_basis,si,basis,si_comex_lbma_basis,z_si_comex_lbma_basis,2.5,0.3,252,0.08,0.3281944689840043,-8.699325366583217,0.46153846153846156,13,-0.501869831249664,-0.2579451221236783,-6.26559415462411,0.3,10,0.7202390864344703,False
si_basis,si,basis,si_comex_lbma_basis,z_si_comex_lbma_basis,2.5,0.3,252,0.12,0.29965631071934046,-8.699325366583217,0.46153846153846156,13,-0.551240798633375,-0.31099696778065367,-6.897772490222489,0.3,10,0.7929088980530552,False
si_basis,si,basis,si_comex_lbma_basis,z_si_comex_lbma_basis,2.5,0.5,20,0.08,0.013493792430059829,-2.8372256435123893,0.4,15,-10.594756885068982,-0.1385367823768711,-6.198411758307465,0.2727272727272727,11,2.1846735286919374,False
si_basis,si,basis,si_comex_lbma_basis,z_si_comex_lbma_basis,2.5,0.5,20,0.12,-0.09451768736253689,-3.2772256435123888,0.4,15,1.5024665333364045,-0.19809381582225447,-6.318411758307464,0.2727272727272727,11,1.927975808078831,False
si_basis,si,basis,si_comex_lbma_basis,z_si_comex_lbma_basis,2.5,0.5,63,0.08,-0.06927780911475845,-5.518753469141047,0.2857142857142857,14,2.1090300080586455,-0.34436340393834075,-7.2216301456095575,0.2,10,1.3085618312161262,False
si_basis,si,basis,si_comex_lbma_basis,z_si_comex_lbma_basis,2.5,0.5,63,0.12,-0.12126327342457988,-5.678753469141047,0.2857142857142857,14,1.203384583675079,-0.39833000220382625,-7.981630145609556,0.2,10,1.4055250309742422,False
si_basis,si,basis,si_comex_lbma_basis,z_si_comex_lbma_basis,2.5,0.5,126,0.08,0.14942592885905243,-8.699325366583217,0.35714285714285715,14,-1.125702341135576,-0.3535349729169829,-7.363997980651291,0.3,10,0.8465021907260385,False
si_basis,si,basis,si_comex_lbma_basis,z_si_comex_lbma_basis,2.5,0.5,126,0.12,0.11572075906695538,-8.699325366583217,0.35714285714285715,14,-1.4561942896280922,-0.40732229433336764,-8.12399798065129,0.3,10,0.9338652870552541,False
si_basis,si,basis,si_comex_lbma_basis,z_si_comex_lbma_basis,2.5,0.5,252,0.08,0.20972741756884045,-8.699325366583217,0.42857142857142855,14,-0.8241436989586609,-0.2526527211258795,-6.26559415462411,0.3,10,0.7202390864344703,False
si_basis,si,basis,si_comex_lbma_basis,z_si_comex_lbma_basis,2.5,0.5,252,0.12,0.1769387625270582,-8.699325366583217,0.42857142857142855,14,-0.979170598349787,-0.30640600881298463,-6.772684210982887,0.3,10,0.7785298199098115,False
si_basis,si,basis,si_comex_lbma_basis,z_si_comex_lbma_basis,2.5,0.75,20,0.08,-0.003539171113901937,-2.8372256435123893,0.4,15,41.3543788466151,-0.15220001438654232,-6.198411758307465,0.2727272727272727,11,2.1846735286919374,False
si_basis,si,basis,si_comex_lbma_basis,z_si_comex_lbma_basis,2.5,0.75,20,0.12,-0.11361626243320601,-3.2772256435123888,0.4,15,1.2805462935732017,-0.2119044708699678,-6.318411758307464,0.2727272727272727,11,1.927975808078831,False
si_basis,si,basis,si_comex_lbma_basis,z_si_comex_lbma_basis,2.5,0.75,63,0.08,0.130569752732923,-5.013494290036603,0.35714285714285715,14,-0.8313297126831569,-0.3708749383699518,-7.366213921049222,0.2,10,1.469277413098528,False
si_basis,si,basis,si_comex_lbma_basis,z_si_comex_lbma_basis,2.5,0.75,63,0.12,0.07562545323878841,-5.093494290036603,0.35714285714285715,14,-1.4394146804290295,-0.4254702077086073,-8.126213921049219,0.2,10,1.5954104310953927,False
si_basis,si,basis,si_comex_lbma_basis,z_si_comex_lbma_basis,2.5,0.75,126,0.08,0.13391940235646296,-4.896407803283709,0.35714285714285715,14,-1.0157696106156335,-0.3898783153518101,-7.646659869173859,0.3,10,1.561687705841358,False
si_basis,si,basis,si_comex_lbma_basis,z_si_comex_lbma_basis,2.5,0.75,126,0.12,0.0799460455285064,-4.976407803283709,0.35714285714285715,14,-1.7059856655395536,-0.4442156670987573,-8.406659869173856,0.3,10,1.6893028468500264,False
si_basis,si,basis,si_comex_lbma_basis,z_si_comex_lbma_basis,2.5,0.75,252,0.08,0.22532496789480255,-3.330215303615244,0.42857142857142855,14,-0.6289952853123121,-0.28749604898078646,-6.391521974296088,0.3,10,1.919251877606089,False
si_basis,si,basis,si_comex_lbma_basis,z_si_comex_lbma_basis,2.5,0.75,252,0.12,0.17457468175199836,-3.330215303615244,0.42857142857142855,14,-0.8149971547662622,-0.3417421312140969,-7.055346099505454,0.3,10,2.118585573685356,False
xm_basis,gc_si,basis_spread,gc_si_comex_basis_spread,z_gc_si_comex_basis_spread,1.5,0.3,20,0.08,0.3766319414300807,-8.1306980528351,0.5428571428571428,35,-0.21551802594546757,0.4328584838225037,-6.786390910730353,0.44,25,0.834662764086289,False
xm_basis,gc_si,basis_spread,gc_si_comex_basis_spread,z_gc_si_comex_basis_spread,1.5,0.3,20,0.12,0.3136483786044623,-8.650698052835097,0.5428571428571428,35,-0.2588659384084856,0.36504703727170884,-7.186390910730353,0.4,25,0.8307295974080559,False
xm_basis,gc_si,basis_spread,gc_si_comex_basis_spread,z_gc_si_comex_basis_spread,1.5,0.3,63,0.08,0.37498669686935826,-8.1306980528351,0.5384615384615384,26,-0.17049456304080654,0.08492158037180046,-7.051050119800334,0.4117647058823529,17,0.8672133774961299,False
xm_basis,gc_si,basis_spread,gc_si_comex_basis_spread,z_gc_si_comex_basis_spread,1.5,0.3,63,0.12,0.3203743779634691,-8.650698052835097,0.5384615384615384,26,-0.19972246775963226,0.006917163075109552,-7.291050119800335,0.4117647058823529,17,0.842827951602222,False
xm_basis,gc_si,basis_spread,gc_si_comex_basis_spread,z_gc_si_comex_basis_spread,1.5,0.3,126,0.08,0.013524702361175232,-22.086178684341334,0.5833333333333334,24,-4.266922381078072,0.2732313073599552,-4.184927662428541,0.375,16,0.1894817443180233,False
xm_basis,gc_si,basis_spread,gc_si_comex_basis_spread,z_gc_si_comex_basis_spread,1.5,0.3,126,0.12,-0.02427589218193976,-22.24617868434133,0.5833333333333334,24,2.3767309106137473,0.1926772832944474,-4.344927662428543,0.375,16,0.1953111913771895,False
xm_basis,gc_si,basis_spread,gc_si_comex_basis_spread,z_gc_si_comex_basis_spread,1.5,0.3,252,0.08,-0.09649135771524339,-22.08617868434133,0.6086956521739131,23,0.6961410096869308,0.48075271544041137,-4.1849276624285405,0.5,16,0.1894817443180233,False
xm_basis,gc_si,basis_spread,gc_si_comex_basis_spread,z_gc_si_comex_basis_spread,1.5,0.3,252,0.12,-0.13482374846619413,-22.246178684341334,0.6086956521739131,23,0.4979727582517786,0.4114943583687747,-4.344927662428545,0.5,16,0.19531119137718955,False
xm_basis,gc_si,basis_spread,gc_si_comex_basis_spread,z_gc_si_comex_basis_spread,1.5,0.5,20,0.08,0.3170194689781912,-8.1306980528351,0.5428571428571428,35,-0.2611931408246049,0.3709247876765526,-6.786390910730352,0.44,25,0.8346627640862889,False
xm_basis,gc_si,basis_spread,gc_si_comex_basis_spread,z_gc_si_comex_basis_spread,1.5,0.5,20,0.12,0.25363325942701653,-8.6506980528351,0.5428571428571428,35,-0.32679854122059826,0.3028293316909827,-7.186390910730353,0.4,25,0.8307295974080555,False
xm_basis,gc_si,basis_spread,gc_si_comex_basis_spread,z_gc_si_comex_basis_spread,1.5,0.5,63,0.08,0.3059289237110467,-8.1306980528351,0.5384615384615384,26,-0.21499742643608974,0.03402384468333632,-7.051050119800334,0.4117647058823529,17,0.8672133774961299,False
xm_basis,gc_si,basis_spread,gc_si_comex_basis_spread,z_gc_si_comex_basis_spread,1.5,0.5,63,0.12,0.25083222681628303,-8.650698052835097,0.5384615384615384,26,-0.262707587519358,-0.04547607204840389,-7.291050119800334,0.4117647058823529,17,0.8428279516022219,False
xm_basis,gc_si,basis_spread,gc_si_comex_basis_spread,z_gc_si_comex_basis_spread,1.5,0.5,126,0.08,-0.009284844373564164,-22.086178684341334,0.5833333333333334,24,5.634886418694198,0.3533988132221921,-4.184927662428541,0.4375,16,0.1894817443180233,False
xm_basis,gc_si,basis_spread,gc_si_comex_basis_spread,z_gc_si_comex_basis_spread,1.5,0.5,126,0.12,-0.0474289771777933,-22.24617868434133,0.5833333333333334,24,1.1035271237729543,0.27141971347595606,-4.3449276624285424,0.4375,16,0.19531119137718947,False
xm_basis,gc_si,basis_spread,gc_si_comex_basis_spread,z_gc_si_comex_basis_spread,1.5,0.5,252,0.08,-0.1667281478720541,-22.086178684341327,0.5652173913043478,23,0.34285039611886436,0.4244800691763003,-4.184927662428542,0.5,16,0.18948174431802342,False
xm_basis,gc_si,basis_spread,gc_si_comex_basis_spread,z_gc_si_comex_basis_spread,1.5,0.5,252,0.12,-0.20568181623846024,-22.24617868434133,0.5652173913043478,23,0.27789643773738004,0.3445323691999996,-4.344927662428542,0.5,16,0.1953111913771894,False
xm_basis,gc_si,basis_spread,gc_si_comex_basis_spread,z_gc_si_comex_basis_spread,1.5,0.75,20,0.08,0.31525983979359173,-8.747068981226384,0.5428571428571428,35,-0.26113701047008964,0.3343924373693012,-6.786390910730352,0.44,25,0.7758474210385004,False
xm_basis,gc_si,basis_spread,gc_si_comex_basis_spread,z_gc_si_comex_basis_spread,1.5,0.75,20,0.12,0.251764728033486,-9.267068981226382,0.5428571428571428,35,-0.32734642568666095,0.26613557588419684,-7.186390910730353,0.4,25,0.7754761430274065,False
xm_basis,gc_si,basis_spread,gc_si_comex_basis_spread,z_gc_si_comex_basis_spread,1.5,0.75,63,0.08,0.34091560910903185,-8.747068981226384,0.5925925925925926,27,-0.18580759005026715,0.25058772319271616,-6.56944529035889,0.4444444444444444,18,0.7510453278073748,False
xm_basis,gc_si,basis_spread,gc_si_comex_basis_spread,z_gc_si_comex_basis_spread,1.5,0.75,63,0.12,0.28336873769651705,-9.267068981226377,0.5925925925925926,27,-0.22395531241337666,0.16974121919270577,-6.755180221058983,0.4444444444444444,18,0.7289446355416059,False
xm_basis,gc_si,basis_spread,gc_si_comex_basis_spread,z_gc_si_comex_basis_spread,1.5,0.75,126,0.08,0.3928078643315701,-8.747068981226382,0.6153846153846154,26,-0.15813683582586743,0.350972138836848,-6.5694452903588925,0.5,18,0.7510453278073753,False
xm_basis,gc_si,basis_spread,gc_si_comex_basis_spread,z_gc_si_comex_basis_spread,1.5,0.75,126,0.12,0.3377658546746536,-9.26706898122638,0.6153846153846154,26,-0.18426337786706515,0.27134871442799796,-6.755180221058985,0.5,18,0.7289446355416059,False
xm_basis,gc_si,basis_spread,gc_si_comex_basis_spread,z_gc_si_comex_basis_spread,1.5,0.75,252,0.08,0.21930298505702042,-8.747068981226384,0.6,25,-0.3293396635267188,0.350972138836848,-6.5694452903588925,0.5,18,0.7510453278073751,False
xm_basis,gc_si,basis_spread,gc_si_comex_basis_spread,z_gc_si_comex_basis_spread,1.5,0.75,252,0.12,0.1589559307289536,-9.267068981226384,0.6,25,-0.4550186481140883,0.27134871442799796,-6.755180221058985,0.5,18,0.7289446355416056,False
xm_basis,gc_si,basis_spread,gc_si_comex_basis_spread,z_gc_si_comex_basis_spread,2.0,0.3,20,0.08,0.24716688797339859,-9.399529088986357,0.5,24,-0.3766238456515376,0.800394825231226,-2.996249461051571,0.3684210526315789,19,0.31876591185428055,False
xm_basis,gc_si,basis_spread,gc_si_comex_basis_spread,z_gc_si_comex_basis_spread,2.0,0.3,20,0.12,0.18236867271385554,-10.279529088986358,0.5,24,-0.5093549676028089,0.7156665480621875,-3.2362494610515675,0.3684210526315789,19,0.314824680492313,False
xm_basis,gc_si,basis_spread,gc_si_comex_basis_spread,z_gc_si_comex_basis_spread,2.0,0.3,63,0.08,-0.0872510178860346,-12.17690723153104,0.45,20,1.4048008643796301,0.12342834721973488,-3.3586014892953124,0.3333333333333333,15,0.2758172847534312,False
xm_basis,gc_si,basis_spread,gc_si_comex_basis_spread,z_gc_si_comex_basis_spread,2.0,0.3,63,0.12,-0.14368795165579346,-13.136907231531026,0.45,20,0.851049485605225,0.0019612187351403373,-4.180148297087188,0.3333333333333333,15,0.31819881372489656,False
xm_basis,gc_si,basis_spread,gc_si_comex_basis_spread,z_gc_si_comex_basis_spread,2.0,0.3,126,0.08,0.09167742085064072,-7.8567496376758585,0.5263157894736842,19,-1.5044331389396204,0.03799377483924018,-4.184927662428542,0.2857142857142857,14,0.5326538142898626,False
xm_basis,gc_si,basis_spread,gc_si_comex_basis_spread,z_gc_si_comex_basis_spread,2.0,0.3,126,0.12,0.044482378721389486,-8.696749637675858,0.5263157894736842,19,-3.100729938036494,-0.06762125959891022,-4.918515499858357,0.2857142857142857,14,0.5655579043635426,False
xm_basis,gc_si,basis_spread,gc_si_comex_basis_spread,z_gc_si_comex_basis_spread,2.0,0.3,252,0.08,0.14113701872708728,-7.856749637675859,0.5263157894736842,19,-1.0138706573158678,0.3491129247660994,-4.184927662428541,0.42857142857142855,14,0.5326538142898625,False
xm_basis,gc_si,basis_spread,gc_si_comex_basis_spread,z_gc_si_comex_basis_spread,2.0,0.3,252,0.12,0.0948787589273484,-8.696749637675858,0.5263157894736842,19,-1.5091811767999472,0.26849409670383273,-4.3449276624285424,0.42857142857142855,14,0.4996036270384912,False
xm_basis,gc_si,basis_spread,gc_si_comex_basis_spread,z_gc_si_comex_basis_spread,2.0,0.5,20,0.08,0.22763791491598934,-9.399529088986357,0.5,24,-0.4095726003100761,0.7362553160976151,-2.996249461051571,0.3684210526315789,19,0.31876591185428055,False
xm_basis,gc_si,basis_spread,gc_si_comex_basis_spread,z_gc_si_comex_basis_spread,2.0,0.5,20,0.12,0.16278891812849008,-10.279529088986358,0.5,24,-0.5714773304614109,0.651757158413817,-3.2362494610515675,0.3684210526315789,19,0.314824680492313,False
xm_basis,gc_si,basis_spread,gc_si_comex_basis_spread,z_gc_si_comex_basis_spread,2.0,0.5,63,0.08,-0.013800407078215773,-9.509996131123657,0.5,20,8.606487446264152,0.06853998829765326,-3.4202163658740377,0.3333333333333333,15,0.35964434882161417,False
xm_basis,gc_si,basis_spread,gc_si_comex_basis_spread,z_gc_si_comex_basis_spread,2.0,0.5,63,0.12,-0.0713151224146044,-10.469996131123652,0.5,20,1.6623999534097038,-0.054941499315031686,-4.500216365874038,0.3333333333333333,15,0.42982025107883864,False
xm_basis,gc_si,basis_spread,gc_si_comex_basis_spread,z_gc_si_comex_basis_spread,2.0,0.5,126,0.08,0.031220880409618037,-7.959997340472365,0.5263157894736842,19,-3.2393877140733527,0.18155842094343055,-4.184927662428542,0.35714285714285715,14,0.5257448568670249,False
xm_basis,gc_si,basis_spread,gc_si_comex_basis_spread,z_gc_si_comex_basis_spread,2.0,0.5,126,0.12,-0.025082645968360153,-8.919997340472364,0.5263157894736842,19,4.0244950514943865,0.0712538659705386,-4.344927662428541,0.35714285714285715,14,0.4870996589555544,False
xm_basis,gc_si,basis_spread,gc_si_comex_basis_spread,z_gc_si_comex_basis_spread,2.0,0.5,252,0.08,0.09101465834698927,-7.8567496376758585,0.5263157894736842,19,-1.1827766300242986,0.2892045849067978,-4.184927662428543,0.42857142857142855,14,0.5326538142898628,False
xm_basis,gc_si,basis_spread,gc_si_comex_basis_spread,z_gc_si_comex_basis_spread,2.0,0.5,252,0.12,0.03610449143701797,-8.696749637675858,0.5263157894736842,19,-2.9788646792321156,0.18348325502075666,-4.3449276624285424,0.42857142857142855,14,0.4996036270384912,False
xm_basis,gc_si,basis_spread,gc_si_comex_basis_spread,z_gc_si_comex_basis_spread,2.0,0.75,20,0.08,0.22506598092010374,-9.399529088986357,0.5,24,-0.41180214899001416,0.6973831278237811,-2.895258321985704,0.3684210526315789,19,0.30802163540066535,False
xm_basis,gc_si,basis_spread,gc_si_comex_basis_spread,z_gc_si_comex_basis_spread,2.0,0.75,20,0.12,0.15996063557527093,-10.279529088986358,0.5,24,-0.57820462056926,0.6135021253116051,-3.0627315905539607,0.3684210526315789,19,0.2979447369661532,False
xm_basis,gc_si,basis_spread,gc_si_comex_basis_spread,z_gc_si_comex_basis_spread,2.0,0.75,63,0.08,-0.0798194092893207,-10.287323167419546,0.5,20,1.467849253386625,0.47589014383363565,-3.3171453200193843,0.375,16,0.3224498021530951,False
xm_basis,gc_si,basis_spread,gc_si_comex_basis_spread,z_gc_si_comex_basis_spread,2.0,0.75,63,0.12,-0.13752220162045534,-11.24732316741954,0.5,20,0.8502630300562727,0.3576107427221247,-3.837145320019385,0.375,16,0.34116076002284346,False
xm_basis,gc_si,basis_spread,gc_si_comex_basis_spread,z_gc_si_comex_basis_spread,2.0,0.75,126,0.08,-0.03646305258550904,-8.737324376768253,0.5263157894736842,19,2.7258083694134485,0.6276673438855875,-3.082667248926123,0.4375,16,0.352815932658132,False
xm_basis,gc_si,basis_spread,gc_si_comex_basis_spread,z_gc_si_comex_basis_spread,2.0,0.75,126,0.12,-0.09296461791921606,-9.697324376768252,0.5263157894736842,19,1.066939529020909,0.5132829796327328,-3.6026672489261236,0.4375,16,0.3715114715103255,False
xm_basis,gc_si,basis_spread,gc_si_comex_basis_spread,z_gc_si_comex_basis_spread,2.0,0.75,252,0.08,0.02546037849775194,-8.4605718026687,0.5263157894736842,19,-4.16219163378508,0.6276673438855875,-3.082667248926123,0.4375,16,0.3643568450011575,False
xm_basis,gc_si,basis_spread,gc_si_comex_basis_spread,z_gc_si_comex_basis_spread,2.0,0.75,252,0.12,-0.029698988345519872,-9.340571802668702,0.5263157894736842,19,3.5643796268806605,0.5132829796327328,-3.6026672489261236,0.4375,16,0.3857009319169093,False
xm_basis,gc_si,basis_spread,gc_si_comex_basis_spread,z_gc_si_comex_basis_spread,2.5,0.3,20,0.08,0.014029023608375867,-9.741533335552743,0.42105263157894735,19,-4.739361610962762,0.21779289540659164,-6.445549609955497,0.3076923076923077,13,0.661656577864574,False
xm_basis,gc_si,basis_spread,gc_si_comex_basis_spread,z_gc_si_comex_basis_spread,2.5,0.3,20,0.12,-0.061689214936477846,-10.061533335552742,0.42105263157894735,19,1.074001224566809,0.16587951883735017,-6.605549609955497,0.3076923076923077,13,0.6565152039614659,False
xm_basis,gc_si,basis_spread,gc_si_comex_basis_spread,z_gc_si_comex_basis_spread,2.5,0.3,63,0.08,0.03968189132158006,-8.912509678074173,0.5,18,-2.2624454400438965,0.18827243814237507,-6.694934944626622,0.3333333333333333,12,0.7511840308119893,False
xm_basis,gc_si,basis_spread,gc_si_comex_basis_spread,z_gc_si_comex_basis_spread,2.5,0.3,63,0.12,-0.015288024353159417,-9.152509678074171,0.5,18,5.865199402295966,0.1457733803621703,-6.854934944626621,0.3333333333333333,12,0.7489677897908549,False
xm_basis,gc_si,basis_spread,gc_si_comex_basis_spread,z_gc_si_comex_basis_spread,2.5,0.3,126,0.08,0.16451283253556176,-6.33622154923999,0.5,18,-0.8431146066978978,0.4419504313882425,-10.008880696140324,0.25,12,1.5796292188269299,False
xm_basis,gc_si,basis_spread,gc_si_comex_basis_spread,z_gc_si_comex_basis_spread,2.5,0.3,126,0.12,0.11890352793225367,-6.53622154923999,0.5,18,-1.167296308746068,0.4139242459276366,-10.008880696140324,0.25,12,1.5312945898084074,False
xm_basis,gc_si,basis_spread,gc_si_comex_basis_spread,z_gc_si_comex_basis_spread,2.5,0.3,252,0.08,0.21356725384521152,-6.336221549239989,0.5,18,-0.6738623260434711,0.4763340347667147,-10.008880696140324,0.3333333333333333,12,1.57962921882693,False
xm_basis,gc_si,basis_spread,gc_si_comex_basis_spread,z_gc_si_comex_basis_spread,2.5,0.3,252,0.12,0.1689805034953629,-6.53622154923999,0.5,18,-0.8527672357199377,0.4485671196963153,-10.008880696140324,0.3333333333333333,12,1.5312945898084074,False
xm_basis,gc_si,basis_spread,gc_si_comex_basis_spread,z_gc_si_comex_basis_spread,2.5,0.5,20,0.08,0.014029023608375867,-9.741533335552743,0.42105263157894735,19,-4.739361610962762,0.16820812822717643,-6.4455496099554965,0.3076923076923077,13,0.661656577864574,False
xm_basis,gc_si,basis_spread,gc_si_comex_basis_spread,z_gc_si_comex_basis_spread,2.5,0.5,20,0.12,-0.061689214936477846,-10.061533335552742,0.42105263157894735,19,1.074001224566809,0.11615340598337044,-6.605549609955497,0.3076923076923077,13,0.6565152039614659,False
xm_basis,gc_si,basis_spread,gc_si_comex_basis_spread,z_gc_si_comex_basis_spread,2.5,0.5,63,0.08,0.13708692544947162,-6.3362215492399905,0.5,18,-0.613590238432609,0.3343367012844012,-6.694934944626622,0.3333333333333333,12,1.0566131396446607,False
xm_basis,gc_si,basis_spread,gc_si_comex_basis_spread,z_gc_si_comex_basis_spread,2.5,0.5,63,0.12,0.08116851531549092,-6.53622154923999,0.5,18,-1.035252704391981,0.289719364933631,-6.854934944626622,0.3333333333333333,12,1.0487611065484295,False
xm_basis,gc_si,basis_spread,gc_si_comex_basis_spread,z_gc_si_comex_basis_spread,2.5,0.5,126,0.08,0.1399438429655636,-6.336221549239989,0.5,18,-0.7248490547408675,0.543613976350539,-4.1849276624285405,0.25,12,0.660476852001886,False
xm_basis,gc_si,basis_spread,gc_si_comex_basis_spread,z_gc_si_comex_basis_spread,2.5,0.5,126,0.12,0.08488019011436199,-6.53622154923999,0.5,18,-1.1938316668168756,0.4903272542497231,-4.344927662428542,0.25,12,0.6647460814625776,False
xm_basis,gc_si,basis_spread,gc_si_comex_basis_spread,z_gc_si_comex_basis_spread,2.5,0.5,252,0.08,0.19839383202589309,-6.336221549239989,0.5,18,-0.544627894113813,0.6024343925207317,-4.184927662428542,0.3333333333333333,12,0.6604768520018862,False
xm_basis,gc_si,basis_spread,gc_si_comex_basis_spread,z_gc_si_comex_basis_spread,2.5,0.5,252,0.12,0.1449303259273787,-6.53622154923999,0.5,18,-0.7454919354838613,0.5501690003178288,-4.34492766242854,0.3333333333333333,12,0.6647460814625773,False
xm_basis,gc_si,basis_spread,gc_si_comex_basis_spread,z_gc_si_comex_basis_spread,2.5,0.75,20,0.08,-0.016815917713480392,-9.741533335552743,0.42105263157894735,19,3.9662150753435257,0.11969230336699321,-6.4455496099554965,0.3076923076923077,13,0.661656577864574,False
xm_basis,gc_si,basis_spread,gc_si_comex_basis_spread,z_gc_si_comex_basis_spread,2.5,0.75,20,0.12,-0.09264418846839535,-10.061533335552742,0.42105263157894735,19,0.7172436212582086,0.06747968870176557,-6.605549609955497,0.3076923076923077,13,0.6565152039614659,False
xm_basis,gc_si,basis_spread,gc_si_comex_basis_spread,z_gc_si_comex_basis_spread,2.5,0.75,63,0.08,0.06696463152638707,-6.940043714232832,0.5,18,-1.2275599353295048,0.2746939773128617,-6.204891490539172,0.3333333333333333,12,0.8940709520048138,False
xm_basis,gc_si,basis_spread,gc_si_comex_basis_spread,z_gc_si_comex_basis_spread,2.5,0.75,63,0.12,0.010747338416464788,-7.1800437142328315,0.5,18,-7.639719858411171,0.22966872344422098,-6.36489149053917,0.3333333333333333,12,0.8864697408348915,False
xm_basis,gc_si,basis_spread,gc_si_comex_basis_spread,z_gc_si_comex_basis_spread,2.5,0.75,126,0.08,0.0709208889663844,-6.940043714232831,0.5,18,-1.40520141588556,0.2854888667836107,-6.204891490539172,0.3333333333333333,12,0.8940709520048139,False
xm_basis,gc_si,basis_spread,gc_si_comex_basis_spread,z_gc_si_comex_basis_spread,2.5,0.75,126,0.12,0.015575317297963428,-7.1800437142328315,0.5,18,-6.39082005566307,0.2404962363212403,-6.36489149053917,0.3333333333333333,12,0.8864697408348915,False
xm_basis,gc_si,basis_spread,gc_si_comex_basis_spread,z_gc_si_comex_basis_spread,2.5,0.75,252,0.08,0.13163012099947463,-6.940043714232832,0.5,18,-0.8078792485131545,0.2854888667836107,-6.204891490539172,0.3333333333333333,12,0.8940709520048138,False
xm_basis,gc_si,basis_spread,gc_si_comex_basis_spread,z_gc_si_comex_basis_spread,2.5,0.75,252,0.12,0.07783790506825737,-7.180043714232831,0.5,18,-1.3659229699762947,0.2404962363212403,-6.36489149053917,0.3333333333333333,12,0.8864697408348916,False
gc_slope,gc,comex_slope,gc_comex_curve_slope,z_gc_comex_curve_slope,1.5,0.3,20,0.08,-0.04734349533351057,-6.539157365058552,0.5151515151515151,33,1.0891095445776435,0.9257247274473797,-0.8966120233262411,0.7368421052631579,19,0.13711430590693743,False
gc_slope,gc,comex_slope,gc_comex_curve_slope,z_gc_comex_curve_slope,1.5,0.3,20,0.12,-0.2186871623690427,-7.459157365058552,0.5151515151515151,33,0.23493212601072078,0.6522584051562873,-1.1560329709549033,0.5789473684210527,19,0.15498171098657723,False
gc_slope,gc,comex_slope,gc_comex_curve_slope,z_gc_comex_curve_slope,1.5,0.3,63,0.08,-0.0003728700903751584,-6.359801026784842,0.6666666666666666,24,145.35960323244927,1.1819316699133073,-0.6471364216068353,1.0,11,0.10175419307638169,False
gc_slope,gc,comex_slope,gc_comex_curve_slope,z_gc_comex_curve_slope,1.5,0.3,63,0.12,-0.12565549851796087,-6.855084554130593,0.6666666666666666,24,0.430474093874367,1.034604392918897,-0.6471364216068348,0.9090909090909091,11,0.09440239817565736,False
gc_slope,gc,comex_slope,gc_comex_curve_slope,z_gc_comex_curve_slope,1.5,0.3,126,0.08,-0.0003728700903751584,-6.359801026784842,0.6666666666666666,24,145.35960323244927,1.2217519871576263,-0.6471364216068353,1.0,11,0.10175419307638169,False
gc_slope,gc,comex_slope,gc_comex_curve_slope,z_gc_comex_curve_slope,1.5,0.3,126,0.12,-0.12565549851796087,-6.855084554130593,0.6666666666666666,24,0.430474093874367,1.079719400560297,-0.6471364216068348,0.9090909090909091,11,0.09440239817565736,False
gc_slope,gc,comex_slope,gc_comex_curve_slope,z_gc_comex_curve_slope,1.5,0.3,252,0.08,-0.0003728700903751584,-6.359801026784842,0.6666666666666666,24,145.35960323244927,1.2217519871576263,-0.6471364216068353,1.0,11,0.10175419307638169,False
gc_slope,gc,comex_slope,gc_comex_curve_slope,z_gc_comex_curve_slope,1.5,0.3,252,0.12,-0.12565549851796087,-6.855084554130593,0.6666666666666666,24,0.430474093874367,1.079719400560297,-0.6471364216068348,0.9090909090909091,11,0.09440239817565736,False
gc_slope,gc,comex_slope,gc_comex_curve_slope,z_gc_comex_curve_slope,1.5,0.5,20,0.08,-0.08661913426775981,-6.64003505222738,0.5151515151515151,33,0.5857853916675708,0.9209502275131222,-0.8966120233262413,0.7368421052631579,19,0.13503121840079377,False
gc_slope,gc,comex_slope,gc_comex_curve_slope,z_gc_comex_curve_slope,1.5,0.5,20,0.12,-0.2588872309764655,-7.56003505222738,0.5151515151515151,33,0.19543469996613563,0.6468450982836272,-1.0944614814412272,0.5789473684210527,19,0.14476936599900697,False
gc_slope,gc,comex_slope,gc_comex_curve_slope,z_gc_comex_curve_slope,1.5,0.5,63,0.08,-0.02410729970434767,-6.359801026784842,0.68,25,2.1713587959478584,1.1946690620383715,-0.6471364216068353,1.0,11,0.10175419307638169,False
gc_slope,gc,comex_slope,gc_comex_curve_slope,z_gc_comex_curve_slope,1.5,0.5,63,0.12,-0.1554303505484914,-6.955962241299423,0.68,25,0.33631511702018435,1.0473515547024754,-0.6471364216068348,1.0,11,0.0930333430743214,False
gc_slope,gc,comex_slope,gc_comex_curve_slope,z_gc_comex_curve_slope,1.5,0.5,126,0.08,-0.02410729970434767,-6.359801026784842,0.68,25,2.1713587959478584,1.1946690620383715,-0.6471364216068353,1.0,11,0.10175419307638169,False
gc_slope,gc,comex_slope,gc_comex_curve_slope,z_gc_comex_curve_slope,1.5,0.5,126,0.12,-0.1554303505484914,-6.955962241299423,0.68,25,0.33631511702018435,1.0473515547024754,-0.6471364216068348,1.0,11,0.0930333430743214,False
gc_slope,gc,comex_slope,gc_comex_curve_slope,z_gc_comex_curve_slope,1.5,0.5,252,0.08,-0.02410729970434767,-6.359801026784842,0.68,25,2.1713587959478584,1.1946690620383715,-0.6471364216068353,1.0,11,0.10175419307638169,False
gc_slope,gc,comex_slope,gc_comex_curve_slope,z_gc_comex_curve_slope,1.5,0.5,252,0.12,-0.1554303505484914,-6.955962241299423,0.68,25,0.33631511702018435,1.0473515547024754,-0.6471364216068348,1.0,11,0.0930333430743214,False
gc_slope,gc,comex_slope,gc_comex_curve_slope,z_gc_comex_curve_slope,1.5,0.75,20,0.08,-0.11169000715108522,-6.679246461362459,0.5151515151515151,33,0.4530660986511849,0.871971303978593,-0.8966120233262413,0.7,20,0.13423849958418016,False
gc_slope,gc,comex_slope,gc_comex_curve_slope,z_gc_comex_curve_slope,1.5,0.75,20,0.12,-0.28474945265516854,-7.7192464613624585,0.48484848484848486,33,0.17721825145046138,0.5747618466330809,-1.0566120233262413,0.55,20,0.13688020308911703,False
gc_slope,gc,comex_slope,gc_comex_curve_slope,z_gc_comex_curve_slope,1.5,0.75,63,0.08,-0.04884394760929056,-6.359801026784842,0.68,25,1.0690305950480616,1.0955530842781216,-0.5477157340787029,1.0,13,0.08612152043310027,False
gc_slope,gc,comex_slope,gc_comex_curve_slope,z_gc_comex_curve_slope,1.5,0.75,63,0.12,-0.1807865500718366,-6.9559622412994235,0.64,25,0.28845421623502376,0.919212991202996,-0.5900759516547143,1.0,13,0.08483024076112348,False
gc_slope,gc,comex_slope,gc_comex_curve_slope,z_gc_comex_curve_slope,1.5,0.75,126,0.08,-0.04884394760929056,-6.359801026784842,0.68,25,1.0690305950480616,1.0955530842781216,-0.5477157340787029,1.0,13,0.08612152043310027,False
gc_slope,gc,comex_slope,gc_comex_curve_slope,z_gc_comex_curve_slope,1.5,0.75,126,0.12,-0.1807865500718366,-6.9559622412994235,0.64,25,0.28845421623502376,0.919212991202996,-0.5900759516547143,1.0,13,0.08483024076112348,False
gc_slope,gc,comex_slope,gc_comex_curve_slope,z_gc_comex_curve_slope,1.5,0.75,252,0.08,-0.04884394760929056,-6.359801026784842,0.68,25,1.0690305950480616,1.0955530842781216,-0.5477157340787029,1.0,13,0.08612152043310027,False
gc_slope,gc,comex_slope,gc_comex_curve_slope,z_gc_comex_curve_slope,1.5,0.75,252,0.12,-0.1807865500718366,-6.9559622412994235,0.64,25,0.28845421623502376,0.919212991202996,-0.5900759516547143,1.0,13,0.08483024076112348,False
gc_slope,gc,comex_slope,gc_comex_curve_slope,z_gc_comex_curve_slope,2.0,0.3,20,0.08,-0.16657031480837503,-5.718442086243951,0.45454545454545453,22,0.2855612512011866,0.8877786596885389,-0.7167103337124722,0.75,8,0.12533314544472893,False
gc_slope,gc,comex_slope,gc_comex_curve_slope,z_gc_comex_curve_slope,2.0,0.3,20,0.12,-0.2961462389412063,-6.518442086243951,0.45454545454545453,22,0.1594352636777169,0.7467982835699049,-0.8767103337124724,0.75,8,0.13449691231630614,False
gc_slope,gc,comex_slope,gc_comex_curve_slope,z_gc_comex_curve_slope,2.0,0.3,63,0.08,-0.17884263637342196,-5.191585525577451,0.5294117647058824,17,0.2828724125303629,1.0451261825206695,-0.5268545204333507,1.0,5,0.10148239258270711,False
gc_slope,gc,comex_slope,gc_comex_curve_slope,z_gc_comex_curve_slope,2.0,0.3,63,0.12,-0.27820513287109144,-6.057414062161989,0.5294117647058824,17,0.18060617018713848,0.977974373991144,-0.5268545204333507,1.0,5,0.0869768047927217,False
gc_slope,gc,comex_slope,gc_comex_curve_slope,z_gc_comex_curve_slope,2.0,0.3,126,0.08,-0.17884263637342196,-5.191585525577451,0.5294117647058824,17,0.2828724125303629,1.0451261825206695,-0.5268545204333507,1.0,5,0.10148239258270711,False
gc_slope,gc,comex_slope,gc_comex_curve_slope,z_gc_comex_curve_slope,2.0,0.3,126,0.12,-0.27820513287109144,-6.057414062161989,0.5294117647058824,17,0.18060617018713848,0.977974373991144,-0.5268545204333507,1.0,5,0.0869768047927217,False
gc_slope,gc,comex_slope,gc_comex_curve_slope,z_gc_comex_curve_slope,2.0,0.3,252,0.08,-0.17884263637342196,-5.191585525577451,0.5294117647058824,17,0.2828724125303629,1.0451261825206695,-0.5268545204333507,1.0,5,0.10148239258270711,False
gc_slope,gc,comex_slope,gc_comex_curve_slope,z_gc_comex_curve_slope,2.0,0.3,252,0.12,-0.27820513287109144,-6.057414062161989,0.5294117647058824,17,0.18060617018713848,0.977974373991144,-0.5268545204333507,1.0,5,0.0869768047927217,False
gc_slope,gc,comex_slope,gc_comex_curve_slope,z_gc_comex_curve_slope,2.0,0.5,20,0.08,-0.2089497217161538,-5.819319773412781,0.45454545454545453,22,0.22320209696278218,0.8877786596885389,-0.7167103337124722,0.75,8,0.1231605001304392,False
gc_slope,gc,comex_slope,gc_comex_curve_slope,z_gc_comex_curve_slope,2.0,0.5,20,0.12,-0.33942586946341896,-6.708470176037701,0.45454545454545453,22,0.13651960878089817,0.7467982835699049,-0.8767103337124724,0.75,8,0.13068707331278526,False
gc_slope,gc,comex_slope,gc_comex_curve_slope,z_gc_comex_curve_slope,2.0,0.5,63,0.08,-0.22106522092192718,-5.445475519941206,0.5294117647058824,17,0.22475515731647516,1.0451261825206695,-0.5268545204333507,1.0,5,0.096750874832514,False
gc_slope,gc,comex_slope,gc_comex_curve_slope,z_gc_comex_curve_slope,2.0,0.5,63,0.12,-0.3211192322530922,-6.485475519941204,0.5294117647058824,17,0.15381659078227813,0.977974373991144,-0.5268545204333507,1.0,5,0.0812360664709019,False
gc_slope,gc,comex_slope,gc_comex_curve_slope,z_gc_comex_curve_slope,2.0,0.5,126,0.08,-0.22106522092192718,-5.445475519941206,0.5294117647058824,17,0.22475515731647516,1.0451261825206695,-0.5268545204333507,1.0,5,0.096750874832514,False
gc_slope,gc,comex_slope,gc_comex_curve_slope,z_gc_comex_curve_slope,2.0,0.5,126,0.12,-0.3211192322530922,-6.485475519941204,0.5294117647058824,17,0.15381659078227813,0.977974373991144,-0.5268545204333507,1.0,5,0.0812360664709019,False
gc_slope,gc,comex_slope,gc_comex_curve_slope,z_gc_comex_curve_slope,2.0,0.5,252,0.08,-0.22106522092192718,-5.445475519941206,0.5294117647058824,17,0.22475515731647516,1.0451261825206695,-0.5268545204333507,1.0,5,0.096750874832514,False
gc_slope,gc,comex_slope,gc_comex_curve_slope,z_gc_comex_curve_slope,2.0,0.5,252,0.12,-0.3211192322530922,-6.485475519941204,0.5294117647058824,17,0.15381659078227813,0.977974373991144,-0.5268545204333507,1.0,5,0.0812360664709019,False
gc_slope,gc,comex_slope,gc_comex_curve_slope,z_gc_comex_curve_slope,2.0,0.75,20,0.08,-0.2170133122891251,-5.819319773412781,0.45454545454545453,22,0.21406310823870364,0.8104967784246644,-0.7167103337124722,0.75,8,0.1231605001304392,False
gc_slope,gc,comex_slope,gc_comex_curve_slope,z_gc_comex_curve_slope,2.0,0.75,20,0.12,-0.3480144958003419,-6.801245718936015,0.45454545454545453,22,0.13259756459891212,0.6676637671443426,-0.8767103337124724,0.75,8,0.1289043757486275,False
gc_slope,gc,comex_slope,gc_comex_curve_slope,z_gc_comex_curve_slope,2.0,0.75,63,0.08,-0.2291375865752442,-5.53825106283952,0.5294117647058824,17,0.21610062691201756,0.9542621010239186,-0.5268545204333507,1.0,6,0.09513012582048362,False
gc_slope,gc,comex_slope,gc_comex_curve_slope,z_gc_comex_curve_slope,2.0,0.75,63,0.12,-0.32957079039094267,-6.57825106283952,0.5294117647058824,17,0.14933127628249915,0.8772132249973091,-0.5268545204333507,1.0,6,0.08009036374569937,False
gc_slope,gc,comex_slope,gc_comex_curve_slope,z_gc_comex_curve_slope,2.0,0.75,126,0.08,-0.2291375865752442,-5.53825106283952,0.5294117647058824,17,0.21610062691201756,0.9542621010239186,-0.5268545204333507,1.0,6,0.09513012582048362,False
gc_slope,gc,comex_slope,gc_comex_curve_slope,z_gc_comex_curve_slope,2.0,0.75,126,0.12,-0.32957079039094267,-6.57825106283952,0.5294117647058824,17,0.14933127628249915,0.8772132249973091,-0.5268545204333507,1.0,6,0.08009036374569937,False
gc_slope,gc,comex_slope,gc_comex_curve_slope,z_gc_comex_curve_slope,2.0,0.75,252,0.08,-0.2291375865752442,-5.53825106283952,0.5294117647058824,17,0.21610062691201756,0.9542621010239186,-0.5268545204333507,1.0,6,0.09513012582048362,False
gc_slope,gc,comex_slope,gc_comex_curve_slope,z_gc_comex_curve_slope,2.0,0.75,252,0.12,-0.32957079039094267,-6.57825106283952,0.5294117647058824,17,0.14933127628249915,0.8772132249973091,-0.5268545204333507,1.0,6,0.08009036374569937,False
gc_slope,gc,comex_slope,gc_comex_curve_slope,z_gc_comex_curve_slope,2.5,0.3,20,0.08,-0.23329083437614026,-5.980103481746828,0.4444444444444444,18,0.16617663803216495,-0.261628586775362,-0.48295550778179547,0.3333333333333333,3,0.08076039306943915,False
gc_slope,gc,comex_slope,gc_comex_curve_slope,z_gc_comex_curve_slope,2.5,0.3,20,0.12,-0.3420821486329424,-6.884755924200409,0.4444444444444444,18,0.11240634438654395,-0.4432063081804231,-0.6829555077817953,0.3333333333333333,3,0.0991982163639466,False
gc_slope,gc,comex_slope,gc_comex_curve_slope,z_gc_comex_curve_slope,2.5,0.3,63,0.08,-0.28155813758483544,-6.240306822547236,0.4666666666666667,15,0.15861656426219733,0.4830490690525471,-0.5268545204333507,1.0,2,0.08442766284018924,False
gc_slope,gc,comex_slope,gc_comex_curve_slope,z_gc_comex_curve_slope,2.5,0.3,63,0.12,-0.37109729647526996,-7.159944897924115,0.4666666666666667,15,0.11944926694792019,0.4413198809490485,-0.5268545204333507,1.0,2,0.07358359986626459,False
gc_slope,gc,comex_slope,gc_comex_curve_slope,z_gc_comex_curve_slope,2.5,0.3,126,0.08,-0.28155813758483544,-6.240306822547236,0.4666666666666667,15,0.15861656426219733,0.4830490690525471,-0.5268545204333507,1.0,2,0.08442766284018924,False
gc_slope,gc,comex_slope,gc_comex_curve_slope,z_gc_comex_curve_slope,2.5,0.3,126,0.12,-0.37109729647526996,-7.159944897924115,0.4666666666666667,15,0.11944926694792019,0.4413198809490485,-0.5268545204333507,1.0,2,0.07358359986626459,False
gc_slope,gc,comex_slope,gc_comex_curve_slope,z_gc_comex_curve_slope,2.5,0.3,252,0.08,-0.28155813758483544,-6.240306822547236,0.4666666666666667,15,0.15861656426219733,0.4830490690525471,-0.5268545204333507,1.0,2,0.08442766284018924,False
gc_slope,gc,comex_slope,gc_comex_curve_slope,z_gc_comex_curve_slope,2.5,0.3,252,0.12,-0.37109729647526996,-7.159944897924115,0.4666666666666667,15,0.11944926694792019,0.4413198809490485,-0.5268545204333507,1.0,2,0.07358359986626459,False
gc_slope,gc,comex_slope,gc_comex_curve_slope,z_gc_comex_curve_slope,2.5,0.5,20,0.08,-0.2509157130932383,-5.98010348174683,0.4444444444444444,18,0.15411983333157928,-0.261628586775362,-0.48295550778179547,0.3333333333333333,3,0.08076039306943913,False
gc_slope,gc,comex_slope,gc_comex_curve_slope,z_gc_comex_curve_slope,2.5,0.5,20,0.12,-0.36012692074260794,-6.940085852215157,0.4444444444444444,18,0.10659892362294389,-0.4432063081804231,-0.6829555077817953,0.3333333333333333,3,0.09840735724671296,False
gc_slope,gc,comex_slope,gc_comex_curve_slope,z_gc_comex_curve_slope,2.5,0.5,63,0.08,-0.29916255624995114,-6.300822585092944,0.4666666666666667,15,0.14900632773182065,0.4830490690525471,-0.5268545204333507,1.0,2,0.08361678389101619,False
gc_slope,gc,comex_slope,gc_comex_curve_slope,z_gc_comex_curve_slope,2.5,0.5,63,0.12,-0.38910769631135483,-7.260822585092946,0.4666666666666667,15,0.11380496166074469,0.4413198809490485,-0.5268545204333507,1.0,2,0.07256127170976819,False
gc_slope,gc,comex_slope,gc_comex_curve_slope,z_gc_comex_curve_slope,2.5,0.5,126,0.08,-0.29916255624995114,-6.300822585092944,0.4666666666666667,15,0.14900632773182065,0.4830490690525471,-0.5268545204333507,1.0,2,0.08361678389101619,False
gc_slope,gc,comex_slope,gc_comex_curve_slope,z_gc_comex_curve_slope,2.5,0.5,126,0.12,-0.38910769631135483,-7.260822585092946,0.4666666666666667,15,0.11380496166074469,0.4413198809490485,-0.5268545204333507,1.0,2,0.07256127170976819,False
gc_slope,gc,comex_slope,gc_comex_curve_slope,z_gc_comex_curve_slope,2.5,0.5,252,0.08,-0.29916255624995114,-6.300822585092944,0.4666666666666667,15,0.14900632773182065,0.4830490690525471,-0.5268545204333507,1.0,2,0.08361678389101619,False
gc_slope,gc,comex_slope,gc_comex_curve_slope,z_gc_comex_curve_slope,2.5,0.5,252,0.12,-0.38910769631135483,-7.260822585092946,0.4666666666666667,15,0.11380496166074469,0.4413198809490485,-0.5268545204333507,1.0,2,0.07256127170976819,False
gc_slope,gc,comex_slope,gc_comex_curve_slope,z_gc_comex_curve_slope,2.5,0.75,20,0.08,-0.2509157130932383,-5.98010348174683,0.4444444444444444,18,0.15411983333157928,-0.261628586775362,-0.48295550778179547,0.3333333333333333,3,0.08076039306943913,False
gc_slope,gc,comex_slope,gc_comex_curve_slope,z_gc_comex_curve_slope,2.5,0.75,20,0.12,-0.36012692074260794,-6.940085852215157,0.4444444444444444,18,0.10659892362294389,-0.4432063081804231,-0.6829555077817953,0.3333333333333333,3,0.09840735724671296,False
gc_slope,gc,comex_slope,gc_comex_curve_slope,z_gc_comex_curve_slope,2.5,0.75,63,0.08,-0.29916255624995114,-6.300822585092944,0.4666666666666667,15,0.14900632773182065,0.4830490690525471,-0.5268545204333507,1.0,2,0.08361678389101619,False
gc_slope,gc,comex_slope,gc_comex_curve_slope,z_gc_comex_curve_slope,2.5,0.75,63,0.12,-0.38910769631135483,-7.260822585092946,0.4666666666666667,15,0.11380496166074469,0.4413198809490485,-0.5268545204333507,1.0,2,0.07256127170976819,False
gc_slope,gc,comex_slope,gc_comex_curve_slope,z_gc_comex_curve_slope,2.5,0.75,126,0.08,-0.29916255624995114,-6.300822585092944,0.4666666666666667,15,0.14900632773182065,0.4830490690525471,-0.5268545204333507,1.0,2,0.08361678389101619,False
gc_slope,gc,comex_slope,gc_comex_curve_slope,z_gc_comex_curve_slope,2.5,0.75,126,0.12,-0.38910769631135483,-7.260822585092946,0.4666666666666667,15,0.11380496166074469,0.4413198809490485,-0.5268545204333507,1.0,2,0.07256127170976819,False
gc_slope,gc,comex_slope,gc_comex_curve_slope,z_gc_comex_curve_slope,2.5,0.75,252,0.08,-0.29916255624995114,-6.300822585092944,0.4666666666666667,15,0.14900632773182065,0.4830490690525471,-0.5268545204333507,1.0,2,0.08361678389101619,False
gc_slope,gc,comex_slope,gc_comex_curve_slope,z_gc_comex_curve_slope,2.5,0.75,252,0.12,-0.38910769631135483,-7.260822585092946,0.4666666666666667,15,0.11380496166074469,0.4413198809490485,-0.5268545204333507,1.0,2,0.07256127170976819,False
slope_basis,gc,slope_basis,comex_lbma_slope_basis,z_comex_lbma_slope_basis,1.5,0.3,20,0.08,0.5238901731402799,-5.3794512579330105,0.56,25,-0.10488276330349858,0.4065313396585153,-5.005083675659022,0.375,24,0.9304078493653208,False
slope_basis,gc,slope_basis,comex_lbma_slope_basis,z_comex_lbma_slope_basis,1.5,0.3,20,0.12,0.45228768811201947,-5.65945125793301,0.56,25,-0.12196930860438554,0.2838575398514863,-5.73578537848212,0.375,24,1.0134879014007074,False
slope_basis,gc,slope_basis,comex_lbma_slope_basis,z_comex_lbma_slope_basis,1.5,0.3,63,0.08,0.6219457415651046,-5.3794512579330105,0.6666666666666666,18,-0.0906719613540087,0.38102008967910916,-5.005083675659021,0.38095238095238093,21,0.9304078493653206,False
slope_basis,gc,slope_basis,comex_lbma_slope_basis,z_comex_lbma_slope_basis,1.5,0.3,63,0.12,0.5700320780505551,-5.65945125793301,0.6666666666666666,18,-0.09942484869708533,0.26402821382752745,-5.73578537848212,0.38095238095238093,21,1.0134879014007074,False
slope_basis,gc,slope_basis,comex_lbma_slope_basis,z_comex_lbma_slope_basis,1.5,0.3,126,0.08,0.6219457415651046,-5.3794512579330105,0.6666666666666666,18,-0.0906719613540087,0.4609306602832956,-5.005083675659022,0.42857142857142855,21,0.9304078493653208,False
slope_basis,gc,slope_basis,comex_lbma_slope_basis,z_comex_lbma_slope_basis,1.5,0.3,126,0.12,0.5700320780505551,-5.65945125793301,0.6666666666666666,18,-0.09942484869708533,0.34606263793871345,-5.73578537848212,0.42857142857142855,21,1.0134879014007074,False
slope_basis,gc,slope_basis,comex_lbma_slope_basis,z_comex_lbma_slope_basis,1.5,0.3,252,0.08,0.6219457415651046,-5.3794512579330105,0.6666666666666666,18,-0.0906719613540087,0.4609306602832956,-5.005083675659022,0.42857142857142855,21,0.9304078493653208,False
slope_basis,gc,slope_basis,comex_lbma_slope_basis,z_comex_lbma_slope_basis,1.5,0.3,252,0.12,0.5700320780505551,-5.65945125793301,0.6666666666666666,18,-0.09942484869708533,0.34606263793871345,-5.73578537848212,0.42857142857142855,21,1.0134879014007074,False
slope_basis,gc,slope_basis,comex_lbma_slope_basis,z_comex_lbma_slope_basis,1.5,0.5,20,0.08,0.5238901731402799,-5.3794512579330105,0.56,25,-0.10488276330349858,0.4164962171139537,-5.005083675659022,0.375,24,0.9304078493653208,False
slope_basis,gc,slope_basis,comex_lbma_slope_basis,z_comex_lbma_slope_basis,1.5,0.5,20,0.12,0.45228768811201947,-5.65945125793301,0.56,25,-0.12196930860438554,0.2937384758961859,-5.73578537848212,0.375,24,1.0134879014007074,False
slope_basis,gc,slope_basis,comex_lbma_slope_basis,z_comex_lbma_slope_basis,1.5,0.5,63,0.08,0.5998972150496572,-5.3794512579330105,0.6666666666666666,18,-0.09393499852901224,0.35954900366845227,-5.005083675659021,0.38095238095238093,21,0.9304078493653206,False
slope_basis,gc,slope_basis,comex_lbma_slope_basis,z_comex_lbma_slope_basis,1.5,0.5,63,0.12,0.5478538438438278,-5.659451257933009,0.6666666666666666,18,-0.10338676667974082,0.24207949888760288,-5.73578537848212,0.38095238095238093,21,1.0134879014007077,False
slope_basis,gc,slope_basis,comex_lbma_slope_basis,z_comex_lbma_slope_basis,1.5,0.5,126,0.08,0.5998972150496572,-5.3794512579330105,0.6666666666666666,18,-0.09393499852901224,0.35954900366845227,-5.005083675659021,0.38095238095238093,21,0.9304078493653206,False
slope_basis,gc,slope_basis,comex_lbma_slope_basis,z_comex_lbma_slope_basis,1.5,0.5,126,0.12,0.5478538438438278,-5.659451257933009,0.6666666666666666,18,-0.10338676667974082,0.24207949888760288,-5.73578537848212,0.38095238095238093,21,1.0134879014007077,False
slope_basis,gc,slope_basis,comex_lbma_slope_basis,z_comex_lbma_slope_basis,1.5,0.5,252,0.08,0.5998972150496572,-5.3794512579330105,0.6666666666666666,18,-0.09393499852901224,0.35954900366845227,-5.005083675659021,0.38095238095238093,21,0.9304078493653206,False
slope_basis,gc,slope_basis,comex_lbma_slope_basis,z_comex_lbma_slope_basis,1.5,0.5,252,0.12,0.5478538438438278,-5.659451257933009,0.6666666666666666,18,-0.10338676667974082,0.24207949888760288,-5.73578537848212,0.38095238095238093,21,1.0134879014007077,False
slope_basis,gc,slope_basis,comex_lbma_slope_basis,z_comex_lbma_slope_basis,1.5,0.75,20,0.08,0.6610410977536579,-4.3181516705767065,0.5769230769230769,26,-0.08364467747000143,0.4167462186977482,-5.005083675659022,0.375,24,1.1590801012764271,False
slope_basis,gc,slope_basis,comex_lbma_slope_basis,z_comex_lbma_slope_basis,1.5,0.75,20,0.12,0.5871845582495913,-4.518151670576706,0.5769230769230769,26,-0.09455627096642574,0.29405722093356335,-5.73578537848212,0.375,24,1.2694981923327053,False
slope_basis,gc,slope_basis,comex_lbma_slope_basis,z_comex_lbma_slope_basis,1.5,0.75,63,0.08,0.747509406582246,-4.3181516705767065,0.7,20,-0.07341290674837611,0.3595823522737419,-5.005083675659021,0.38095238095238093,21,1.159080101276427,False
slope_basis,gc,slope_basis,comex_lbma_slope_basis,z_comex_lbma_slope_basis,1.5,0.75,63,0.12,0.6899737795558215,-4.518151670576706,0.7,20,-0.07996821435008218,0.24210569081423133,-5.73578537848212,0.38095238095238093,21,1.2694981923327053,False
slope_basis,gc,slope_basis,comex_lbma_slope_basis,z_comex_lbma_slope_basis,1.5,0.75,126,0.08,0.747509406582246,-4.3181516705767065,0.7,20,-0.07341290674837611,0.3595823522737419,-5.005083675659021,0.38095238095238093,21,1.159080101276427,False
slope_basis,gc,slope_basis,comex_lbma_slope_basis,z_comex_lbma_slope_basis,1.5,0.75,126,0.12,0.6899737795558215,-4.518151670576706,0.7,20,-0.07996821435008218,0.24210569081423133,-5.73578537848212,0.38095238095238093,21,1.2694981923327053,False
slope_basis,gc,slope_basis,comex_lbma_slope_basis,z_comex_lbma_slope_basis,1.5,0.75,252,0.08,0.747509406582246,-4.3181516705767065,0.7,20,-0.07341290674837611,0.3595823522737419,-5.005083675659021,0.38095238095238093,21,1.159080101276427,False
slope_basis,gc,slope_basis,comex_lbma_slope_basis,z_comex_lbma_slope_basis,1.5,0.75,252,0.12,0.6899737795558215,-4.518151670576706,0.7,20,-0.07996821435008218,0.24210569081423133,-5.73578537848212,0.38095238095238093,21,1.2694981923327053,False
slope_basis,gc,slope_basis,comex_lbma_slope_basis,z_comex_lbma_slope_basis,2.0,0.3,20,0.08,0.7259963396774639,-2.9338631156503503,0.5555555555555556,18,-0.07063324665436421,0.296737129649082,-5.9224377727732325,0.3181818181818182,22,2.0186482938418906,False
slope_basis,gc,slope_basis,comex_lbma_slope_basis,z_comex_lbma_slope_basis,2.0,0.3,20,0.12,0.6640521162799439,-3.229165708766647,0.5555555555555556,18,-0.0776039643855615,0.19081040251677203,-7.213139475596332,0.3181818181818182,22,2.2337470808679343,False
slope_basis,gc,slope_basis,comex_lbma_slope_basis,z_comex_lbma_slope_basis,2.0,0.3,63,0.08,0.7240726692833855,-1.8331330759829707,0.6153846153846154,13,-0.07469910020279578,0.3376904470717415,-5.9224377727732325,0.35,20,3.2307735048626935,False
slope_basis,gc,slope_basis,comex_lbma_slope_basis,z_comex_lbma_slope_basis,2.0,0.3,63,0.12,0.6786731591465012,-1.9228519829352138,0.6153846153846154,13,-0.08022767507717352,0.24214377788527366,-7.213139475596332,0.35,20,3.7512713092900416,False
slope_basis,gc,slope_basis,comex_lbma_slope_basis,z_comex_lbma_slope_basis,2.0,0.3,126,0.08,0.7240726692833855,-1.8331330759829707,0.6153846153846154,13,-0.07469910020279578,0.3376904470717415,-5.9224377727732325,0.35,20,3.2307735048626935,False
slope_basis,gc,slope_basis,comex_lbma_slope_basis,z_comex_lbma_slope_basis,2.0,0.3,126,0.12,0.6786731591465012,-1.9228519829352138,0.6153846153846154,13,-0.08022767507717352,0.24214377788527366,-7.213139475596332,0.35,20,3.7512713092900416,False
slope_basis,gc,slope_basis,comex_lbma_slope_basis,z_comex_lbma_slope_basis,2.0,0.3,252,0.08,0.7240726692833855,-1.8331330759829707,0.6153846153846154,13,-0.07469910020279578,0.3376904470717415,-5.9224377727732325,0.35,20,3.2307735048626935,False
slope_basis,gc,slope_basis,comex_lbma_slope_basis,z_comex_lbma_slope_basis,2.0,0.3,252,0.12,0.6786731591465012,-1.9228519829352138,0.6153846153846154,13,-0.08022767507717352,0.24214377788527366,-7.213139475596332,0.35,20,3.7512713092900416,False
slope_basis,gc,slope_basis,comex_lbma_slope_basis,z_comex_lbma_slope_basis,2.0,0.5,20,0.08,0.6983019952391677,-2.9338631156503503,0.5555555555555556,18,-0.07337846529726112,0.22802243737441985,-5.922437772773233,0.3181818181818182,22,2.0186482938418906,False
slope_basis,gc,slope_basis,comex_lbma_slope_basis,z_comex_lbma_slope_basis,2.0,0.5,20,0.12,0.63615620677273,-3.229165708766647,0.5555555555555556,18,-0.08096136749533328,0.1207854329490534,-7.213139475596331,0.3181818181818182,22,2.233747080867934,False
slope_basis,gc,slope_basis,comex_lbma_slope_basis,z_comex_lbma_slope_basis,2.0,0.5,63,0.08,0.6948541355010776,-1.8331330759829707,0.6153846153846154,13,-0.07780792561061048,0.2328963104971088,-5.922437772773233,0.35,20,3.230773504862694,False
slope_basis,gc,slope_basis,comex_lbma_slope_basis,z_comex_lbma_slope_basis,2.0,0.5,63,0.12,0.6492466473324152,-1.9228519829352138,0.6153846153846154,13,-0.08384889283146382,0.1354041634006722,-7.213139475596331,0.35,20,3.751271309290041,False
slope_basis,gc,slope_basis,comex_lbma_slope_basis,z_comex_lbma_slope_basis,2.0,0.5,126,0.08,0.6948541355010776,-1.8331330759829707,0.6153846153846154,13,-0.07780792561061048,0.2328963104971088,-5.922437772773233,0.35,20,3.230773504862694,False
slope_basis,gc,slope_basis,comex_lbma_slope_basis,z_comex_lbma_slope_basis,2.0,0.5,126,0.12,0.6492466473324152,-1.9228519829352138,0.6153846153846154,13,-0.08384889283146382,0.1354041634006722,-7.213139475596331,0.35,20,3.751271309290041,False
slope_basis,gc,slope_basis,comex_lbma_slope_basis,z_comex_lbma_slope_basis,2.0,0.5,252,0.08,0.6948541355010776,-1.8331330759829707,0.6153846153846154,13,-0.07780792561061048,0.2328963104971088,-5.922437772773233,0.35,20,3.230773504862694,False
slope_basis,gc,slope_basis,comex_lbma_slope_basis,z_comex_lbma_slope_basis,2.0,0.5,252,0.12,0.6492466473324152,-1.9228519829352138,0.6153846153846154,13,-0.08384889283146382,0.1354041634006722,-7.213139475596331,0.35,20,3.751271309290041,False
slope_basis,gc,slope_basis,comex_lbma_slope_basis,z_comex_lbma_slope_basis,2.0,0.75,20,0.08,0.6957735658898706,-2.9338631156503503,0.5555555555555556,18,-0.07366738728334743,0.2271505614659981,-5.922437772773233,0.3181818181818182,22,2.0186482938418906,False
slope_basis,gc,slope_basis,comex_lbma_slope_basis,z_comex_lbma_slope_basis,2.0,0.75,20,0.12,0.6337397983902684,-3.229165708766647,0.5555555555555556,18,-0.0813161790697875,0.11962793730674519,-7.213139475596331,0.3181818181818182,22,2.233747080867934,False
slope_basis,gc,slope_basis,comex_lbma_slope_basis,z_comex_lbma_slope_basis,2.0,0.75,63,0.08,0.7751275670464218,-1.8331330759829707,0.6428571428571429,14,-0.06804098505905629,0.2320508542317062,-5.922437772773233,0.35,20,3.230773504862694,False
slope_basis,gc,slope_basis,comex_lbma_slope_basis,z_comex_lbma_slope_basis,2.0,0.75,63,0.12,0.725950651928919,-1.9228519829352138,0.6428571428571429,14,-0.0731793787081151,0.1343620716784529,-7.213139475596331,0.35,20,3.751271309290041,False
slope_basis,gc,slope_basis,comex_lbma_slope_basis,z_comex_lbma_slope_basis,2.0,0.75,126,0.08,0.7751275670464218,-1.8331330759829707,0.6428571428571429,14,-0.06804098505905629,0.2320508542317062,-5.922437772773233,0.35,20,3.230773504862694,False
slope_basis,gc,slope_basis,comex_lbma_slope_basis,z_comex_lbma_slope_basis,2.0,0.75,126,0.12,0.725950651928919,-1.9228519829352138,0.6428571428571429,14,-0.0731793787081151,0.1343620716784529,-7.213139475596331,0.35,20,3.751271309290041,False
slope_basis,gc,slope_basis,comex_lbma_slope_basis,z_comex_lbma_slope_basis,2.0,0.75,252,0.08,0.7751275670464218,-1.8331330759829707,0.6428571428571429,14,-0.06804098505905629,0.2320508542317062,-5.922437772773233,0.35,20,3.230773504862694,False
slope_basis,gc,slope_basis,comex_lbma_slope_basis,z_comex_lbma_slope_basis,2.0,0.75,252,0.12,0.725950651928919,-1.9228519829352138,0.6428571428571429,14,-0.0731793787081151,0.1343620716784529,-7.213139475596331,0.35,20,3.751271309290041,False
slope_basis,gc,slope_basis,comex_lbma_slope_basis,z_comex_lbma_slope_basis,2.5,0.3,20,0.08,0.5712004694989307,-2.9338631156503503,0.46153846153846156,13,-0.06950835080064703,0.2924269394231753,-5.299952548128391,0.4375,16,1.806475741781003,False
slope_basis,gc,slope_basis,comex_lbma_slope_basis,z_comex_lbma_slope_basis,2.5,0.3,20,0.12,0.5095582621258015,-3.1738631156503505,0.46153846153846156,13,-0.0781412603489643,0.2000042169546145,-6.099952548128391,0.375,16,1.9219330909545103,False
slope_basis,gc,slope_basis,comex_lbma_slope_basis,z_comex_lbma_slope_basis,2.5,0.3,63,0.08,0.6802252688744264,-1.8331330759829707,0.5454545454545454,11,-0.07078811507774016,0.46782361474982936,-5.005083675659022,0.4375,16,2.7303438802309397,False
slope_basis,gc,slope_basis,comex_lbma_slope_basis,z_comex_lbma_slope_basis,2.5,0.3,63,0.12,0.6361372849615493,-1.9228519829352138,0.5454545454545454,11,-0.07620534895714534,0.37952805573990617,-5.73578537848212,0.4375,16,2.9829573099675115,False
slope_basis,gc,slope_basis,comex_lbma_slope_basis,z_comex_lbma_slope_basis,2.5,0.3,126,0.08,0.6802252688744264,-1.8331330759829707,0.5454545454545454,11,-0.07078811507774016,0.46782361474982936,-5.005083675659022,0.4375,16,2.7303438802309397,False
slope_basis,gc,slope_basis,comex_lbma_slope_basis,z_comex_lbma_slope_basis,2.5,0.3,126,0.12,0.6361372849615493,-1.9228519829352138,0.5454545454545454,11,-0.07620534895714534,0.37952805573990617,-5.73578537848212,0.4375,16,2.9829573099675115,False
slope_basis,gc,slope_basis,comex_lbma_slope_basis,z_comex_lbma_slope_basis,2.5,0.3,252,0.08,0.6802252688744264,-1.8331330759829707,0.5454545454545454,11,-0.07078811507774016,0.46782361474982936,-5.005083675659022,0.4375,16,2.7303438802309397,False
slope_basis,gc,slope_basis,comex_lbma_slope_basis,z_comex_lbma_slope_basis,2.5,0.3,252,0.12,0.6361372849615493,-1.9228519829352138,0.5454545454545454,11,-0.07620534895714534,0.37952805573990617,-5.73578537848212,0.4375,16,2.9829573099675115,False
slope_basis,gc,slope_basis,comex_lbma_slope_basis,z_comex_lbma_slope_basis,2.5,0.5,20,0.08,0.5424838338527712,-2.9338631156503503,0.46153846153846156,13,-0.07306905796457273,0.3026391931470474,-5.299952548128391,0.4375,16,1.806475741781003,False
slope_basis,gc,slope_basis,comex_lbma_slope_basis,z_comex_lbma_slope_basis,2.5,0.5,20,0.12,0.4806824052818523,-3.1738631156503487,0.46153846153846156,13,-0.0827217908256543,0.21009642863249775,-6.099952548128391,0.375,16,1.9219330909545114,False
slope_basis,gc,slope_basis,comex_lbma_slope_basis,z_comex_lbma_slope_basis,2.5,0.5,63,0.08,0.6543486708750789,-1.8331330759829707,0.5454545454545454,11,-0.07351382799231373,0.3526103600366894,-5.005083675659022,0.4375,16,2.7303438802309397,False
slope_basis,gc,slope_basis,comex_lbma_slope_basis,z_comex_lbma_slope_basis,2.5,0.5,63,0.12,0.6101003053419717,-1.9228519829352155,0.5454545454545454,11,-0.07939595307298772,0.2617083772848194,-5.73578537848212,0.4375,16,2.9829573099675084,False
slope_basis,gc,slope_basis,comex_lbma_slope_basis,z_comex_lbma_slope_basis,2.5,0.5,126,0.08,0.6543486708750789,-1.8331330759829707,0.5454545454545454,11,-0.07351382799231373,0.3526103600366894,-5.005083675659022,0.4375,16,2.7303438802309397,False
slope_basis,gc,slope_basis,comex_lbma_slope_basis,z_comex_lbma_slope_basis,2.5,0.5,126,0.12,0.6101003053419717,-1.9228519829352155,0.5454545454545454,11,-0.07939595307298772,0.2617083772848194,-5.73578537848212,0.4375,16,2.9829573099675084,False
slope_basis,gc,slope_basis,comex_lbma_slope_basis,z_comex_lbma_slope_basis,2.5,0.5,252,0.08,0.6543486708750789,-1.8331330759829707,0.5454545454545454,11,-0.07351382799231373,0.3526103600366894,-5.005083675659022,0.4375,16,2.7303438802309397,False
slope_basis,gc,slope_basis,comex_lbma_slope_basis,z_comex_lbma_slope_basis,2.5,0.5,252,0.12,0.6101003053419717,-1.9228519829352155,0.5454545454545454,11,-0.07939595307298772,0.2617083772848194,-5.73578537848212,0.4375,16,2.9829573099675084,False
slope_basis,gc,slope_basis,comex_lbma_slope_basis,z_comex_lbma_slope_basis,2.5,0.75,20,0.08,0.5394763242656699,-2.933863115650351,0.46153846153846156,13,-0.07351188916946756,0.3024510569101909,-5.299952548128391,0.4375,16,1.8064757417810025,False
slope_basis,gc,slope_basis,comex_lbma_slope_basis,z_comex_lbma_slope_basis,2.5,0.75,20,0.12,0.47780013676893046,-3.1738631156503487,0.46153846153846156,13,-0.08329577379482539,0.20993458002770332,-6.099952548128391,0.375,16,1.9219330909545114,False
slope_basis,gc,slope_basis,comex_lbma_slope_basis,z_comex_lbma_slope_basis,2.5,0.75,63,0.08,0.6516717745663207,-1.8331330759829707,0.5454545454545454,11,-0.07384775348921903,0.35273710500839445,-5.005083675659022,0.4375,16,2.7303438802309397,False
slope_basis,gc,slope_basis,comex_lbma_slope_basis,z_comex_lbma_slope_basis,2.5,0.75,63,0.12,0.6075771666272262,-1.9228519829352155,0.5454545454545454,11,-0.07978817284790099,0.2620393036061494,-5.73578537848212,0.4375,16,2.9829573099675084,False
slope_basis,gc,slope_basis,comex_lbma_slope_basis,z_comex_lbma_slope_basis,2.5,0.75,126,0.08,0.6516717745663207,-1.8331330759829707,0.5454545454545454,11,-0.07384775348921903,0.35273710500839445,-5.005083675659022,0.4375,16,2.7303438802309397,False
slope_basis,gc,slope_basis,comex_lbma_slope_basis,z_comex_lbma_slope_basis,2.5,0.75,126,0.12,0.6075771666272262,-1.9228519829352155,0.5454545454545454,11,-0.07978817284790099,0.2620393036061494,-5.73578537848212,0.4375,16,2.9829573099675084,False
slope_basis,gc,slope_basis,comex_lbma_slope_basis,z_comex_lbma_slope_basis,2.5,0.75,252,0.08,0.6516717745663207,-1.8331330759829707,0.5454545454545454,11,-0.07384775348921903,0.35273710500839445,-5.005083675659022,0.4375,16,2.7303438802309397,False
slope_basis,gc,slope_basis,comex_lbma_slope_basis,z_comex_lbma_slope_basis,2.5,0.75,252,0.12,0.6075771666272262,-1.9228519829352155,0.5454545454545454,11,-0.07978817284790099,0.2620393036061494,-5.73578537848212,0.4375,16,2.9829573099675084,False
