date,sofr_ois_1m,cal_12_norm,si_cal_12_norm,fly_123_norm,si_fly_123_norm,cal_12_norm_fv,cal_12_norm_resid,cal_12_norm_beta,si_cal_12_norm_fv,si_cal_12_norm_resid,si_cal_12_norm_beta,fly_123_norm_fv,fly_123_norm_resid,fly_123_norm_beta,si_fly_123_norm_fv,si_fly_123_norm_resid,si_fly_123_norm_beta
2018-01-02,1.4556,-36.43097847536493,-44.21175101803403,-1.7257178074868097e-12,-2.90866783013322,,,,,,,,,,,,
2018-01-03,1.4571,-37.31314869670571,-44.934640522876826,-0.7614928305460393,-2.3342670401501726,,,,,,,,,,,,
2018-01-04,1.4571,-36.280904906237915,-44.69338595931261,-0.7558521855493443,-0.5804335838878731,,,,,,,,,,,,
2018-01-05,1.45815,-36.37493463878898,-46.45167284086719,1.7230630380893465e-12,2.0628686688114762e-12,,,,,,,,,,,,
2018-01-08,1.4576,-36.35262041805479,-46.69079024162592,0.7573462587087931,-2.073487614567819e-12,,,,,,,,,,,,
2018-01-09,1.4576,-36.561678790417446,-47.13507143909165,0.7617016414680766,0.5891883929893782,,,,,,,,,,,,
2018-01-10,1.4594,-36.449513626802194,-47.713015050216185,1.5187297344504511,1.178099137043822,,,,,,,,,,,,
2018-01-11,1.4596,-36.29654275430231,-47.68211920529773,1.5123559480962876,1.1773362766733724,,,,,,,,,,,,
2018-01-12,1.4596,-36.63167967464985,-48.234781345344736,2.2427558984493725,2.3245677756779215,,,,,,,,,,,,
2018-01-15,1.4596,-36.56743707042488,-47.8248343416894,2.238822677782535,2.304811293574061,,,,,,,,,,,,
2018-01-16,1.4596,-36.610605121002465,-49.43872506252594,2.24146561965283,1.7448961786753685,,,,,,,,,,,,
2018-01-17,1.4597,-36.17617798679535,-49.99705899653011,2.2610111241743884,2.352802776305972,,,,,,,,,,,,
2018-01-18,1.4596,-36.17099839491161,-50.126791295630625,1.5071249331216738,2.358907825675404,,,,,,,,,,,,
2018-01-19,1.45895,-36.79120615088968,-49.34935228975098,2.252522825564291,2.349969156653517,,,,,,,,,,,,
2018-01-22,1.4596,-37.483507256807,-50.53472793512664,1.4993402902709163,1.76283934657637,,,,,,,,,,,,
2018-01-23,1.4596,-37.27976976014196,-50.435445561973154,1.4911907904060175,1.759376007977988,,,,,,,,,,,,
2018-01-24,1.46235,-37.54251137317357,-50.13130985137261,0.7361276739814324,1.7090219267493614,,,,,,,,,,,,
2018-01-25,1.4676,-37.826531974544295,-50.87146284359971,2.2250901161510535,2.31233922016437,,,,,,,,,,,,
2018-01-26,1.4666,-37.80241935483973,-49.40597927246942,1.482447817835464,2.2979525242995744,,,,,,,,,,,,
2018-01-29,1.4666,-35.812076130504835,-50.09757376285328,3.730424596929319,2.330119709898805,,,,,,,,,,,,
2018-01-30,1.4676,-34.364517888224995,-50.17063850888108,4.482328420204368,2.916897587727187,,,,,,,,,,,,
2018-01-31,1.46085,-30.480098725782508,-51.31013807615729,8.921004505109302,1.729555216052386,,,,,,,,,,,,
2018-02-01,1.4626,-38.55307349550203,-51.63011950342188,2.224215778588082,1.74034110685701,,,,,,,,,,,,
2018-02-02,1.4611,-38.998342570441096,-51.83533240913873,1.4999362527096007,3.616418540170378,,,,,,,,,,,,
2018-02-05,1.4606,-38.81552919748927,-51.38623326959971,2.239357453700945,3.5850860420630224,,,,,,,,,,,,
2018-02-06,1.461,-39.270178830353174,-51.669340254622945,1.510391493473735,3.004031410151827,,,,,,,,,,,,
2018-02-07,1.4606,-39.44204673882573,-51.308049866537765,0.7585008988228751,2.443240469835958,,,,,,,,,,,,
2018-02-08,1.4609,-39.430980618156795,-51.15338708498748,0.7582880888100113,1.826906681606773,,,,,,,,,,,,
2018-02-09,1.4621,-39.49417081228911,-50.10693553315048,-1.7269105338794065e-12,3.055300947142686,,,,,,,,,,,,
2018-02-12,1.4646,-38.55749603084531,-48.95295077508809,0.0,3.0217870848813972,,,,,,,,,,,,
2018-02-13,1.4646,-37.606709036892184,-48.848737772740634,0.0,2.4122833467984357,,,,,,,,,,,,
2018-02-14,1.4641,-37.75736083451103,-48.044129422580454,1.6833391976429936e-12,2.37254960111589,,,,,,,,,,,,
2018-02-15,1.4656,-39.89155407152475,-49.20413789015144,-1.6796831978490477e-12,2.371283753740868,,,,,,,,,,,,
2018-02-16,1.46375,-40.09027736532535,-50.46621166971044,1.4848250876067055,2.403152936653691,,,,,,,,,,,,
2018-02-19,1.4626,-40.10516465398054,-50.37632312812956,1.4853764686680098,2.3988725299117433,,,,,,,,,,,,
2018-02-20,1.4619,-40.626246059629274,-45.59021086992373,0.75233788999418,6.686564260919268,,,,,,,,,,,,
2018-02-21,1.4696,-40.76610072246658,-36.94730466384006,2.2647833734699843,17.565112053300975,,,,,,,,,,,,
2018-02-22,1.4956,-40.53901880559937,-30.705319245011548,2.25216771142361,23.48053824618317,,,,,,,,,,,,
2018-02-23,1.50565,-41.393532072461255,-39.316022186332376,1.5052193480898426,15.726408874535531,,,,,,,,,,,,
2018-02-26,1.5256,-41.98908283846302,-43.21728691476542,2.2494151520584182,11.404561824731037,,,,,,,,,,,,
2018-02-27,1.53865,-42.47701689978562,-53.56675452426085,2.2755544767721045,3.0435655979687275,,,,,,,,,,,,
2018-02-28,1.5406,-43.99572179532852,-50.56350898568286,0.0,5.482790130977972,,,,,,,,,,,,
2018-03-01,1.5613,-44.03848052056487,-55.26539536013669,0.0,3.643872221545411,,,,,,,,,,,,
2018-03-02,1.5686,-43.84804384804351,-56.28517823639773,1.5120015120018555,3.026084851418632,,,,,,,,,,,,
2018-03-05,1.5896,-43.935732628341235,-55.39491705980892,0.7575126315224417,4.261147466137816,,,,,,,,,,,,
2018-03-06,1.5926,-43.460016784557865,-52.501267786296545,0.7493106342175431,5.966053157532445,,,,,,,,,,,,
2018-03-07,1.5981,-43.754762102342255,-53.33010120598809,-1.715289840923015e-12,5.454214896064958,,,,,,,,,,,,
2018-03-08,1.6216,-44.629687062684766,-53.34626576139729,1.7199349120888362e-12,7.274490785643128,,,,,,,,,,,,
2018-03-09,1.6307,-44.564289652776885,-54.85694995358324,-1.7174146325200885e-12,6.02823625863425,,,,,,,,,,,,
2018-03-12,1.6436,-44.59224548409109,-54.431972130830175,-0.7558007709178175,6.047996903424382,,,,,,,,,,,,
2018-03-13,1.6506,-44.47761419062119,-54.24954792043391,0.0,6.02772754671583,,,,,,,,,,,,
2018-03-14,1.6566,-43.77854096690329,-53.78943551311628,0.7548024304614234,6.043756799225197,,,,,,,,,,,,
2018-03-15,1.6836,-43.3097788921818,-51.80873434309624,1.519641364638291,7.923688781884085,,,,,,,,,,,,
2018-03-16,1.6974,-43.37107377647953,-52.02499648066253,1.5217920623329488,7.344705385505502,,,,,,,,,,,,
2018-03-19,1.7053,-42.52572426624245,-52.06259761737106,2.2781637999751463,7.350013781276119,,,,,,,,,,,,
2018-03-20,1.7166,-43.467982399278725,-52.45618365835649,1.525192364889102,8.022710441865048,,,,,,,,,,,,
2018-03-21,1.72395,-43.53569927340385,-52.50452625226297,2.2518465141429616,7.242003621002085,,,,,,,,,,,,
2018-03-22,1.7226,-43.640850846105465,-53.0779086083825,2.2572853885913378,7.321090842535816,,,,,,,,,,,,
2018-03-23,1.717,-43.04810254354876,-53.7212530934983,2.226625993631512,6.639705438524045,,,,,,,,,,,,
2018-03-26,1.7196,-43.59069080162608,-53.88318126302169,2.216475803470463,6.585722154368868,,,,,,,,,,,,
2018-03-27,1.7186,-43.864540351660466,-54.45469671759181,2.2304003568620288,6.655574043260767,,,,,,,,,,,,
2018-03-28,1.7171,-43.77325454147481,-53.99435513560005,2.2641338555931996,6.749294391949462,,,,,,,,,,,,
2018-03-29,1.7217,-33.949453036589965,-52.507860915223326,11.31648434552999,7.326678267243037,,,,,,,,,,,,
2018-03-30,1.7217,-33.94996529559103,-52.542186488103795,11.316655098530344,7.331467882063569,,,,,,,,,,,,
2018-04-02,1.7206,-44.733055491355344,-52.430168439449034,0.7455509248552443,6.629101756711504,,,,,,,,,,,,
2018-04-03,1.7241,-45.770367813678114,-49.94670321303532,-1.706061763308913e-12,8.52748591442019,,,,,,,,,,,,
2018-04-04,1.72845,-45.7549186537546,-48.41427914815203,1.7054859055590878e-12,9.80542362494582,,,,,,,,,,,,
2018-04-05,1.7296,-46.73707380688577,-48.05235882338667,-0.7538237710798257,7.907350186125718,,,,,,,,,,,,
2018-04-06,1.7289,-46.51058115721361,-48.83110541414994,0.0,7.324665812120431,,,,,,,,,,,,
2018-04-09,1.729,-45.64672428630326,-46.07456805092483,-1.7014530283476039e-12,7.2749317975146734,,,,,,,,,,,,
2018-04-10,1.7306,-45.53462124152689,-41.01697982326591,0.7464692006817982,9.651054076061309,,,,,,,,,,,,
2018-04-11,1.7306,-45.81122818425013,-39.574751308664446,0.0,11.392731437344118,,,,,,,,,,,,
2018-04-12,1.7306,-45.69493760019108,-40.077726499880065,0.0,12.144765606021387,,,,,,,,,,,,
2018-04-13,1.7307,-46.05556380923947,-39.026381834118496,1.689003680309256e-12,13.809335110536669,,,,,,,,,,,,
2018-04-16,1.7316,-46.064802775776194,-36.586097283032416,-1.6893425025315733e-12,14.994302165178514,,,,,,,,,,,,
2018-04-17,1.7336,-46.01044882450758,-34.55980932518983,0.0,16.088187099657993,,,,,,,,,,,,
2018-04-18,1.7362,-45.94600603226629,-38.96662828162996,0.0,11.050237870909,,,,,,,,,,,,
2018-04-19,1.7376,-46.07849694915792,-38.26175679435984,0.0,11.594471755866556,,,,,,,,,,,,
2018-04-20,1.73745,-46.39468406716788,-33.881077418261796,0.0,16.356382201918773,,,,,,,,,,,,
2018-04-23,1.7418,-46.7984571605417,-42.71318995337735,-0.7548138251710517,9.625507595126027,,,,,,,,,,,,
2018-04-24,1.7436,-46.604277069944345,-50.215208034433054,0.7516818882242197,1.7934002869441137,,,,,,,,,,,,
2018-04-25,1.7476,-46.858585324193726,-45.29313718385561,0.7557836342604963,8.45471894098352,,,,,,,,,,,,
2018-04-26,1.7487,-47.84325637910051,-46.010412882915915,-0.759416767921545,8.475602373168268,,,,,,,,,,,,
2018-04-27,1.74775,-47.58308157099663,-55.11811023622112,0.0,-2.422774076318192,,,,,,,,,,,,
2018-04-30,1.7506,-46.37407917043545,-54.49491176722629,1.5204616121457928,-2.4492095176268283,,,,,,,,,,,,
2018-05-01,1.7476,-47.55148214902056,-51.95929854946935,-0.7669593895013723,29.07246466458454,,,,,,,,,,,,
2018-05-02,1.7457,-47.51103482099104,-51.297083394401064,0.0,30.53397821095358,,,,,,,,,,,,
2018-05-03,1.7441,-48.016096824839984,-51.730538667056685,-1.5243205341222617,29.821134055126183,,,,,,,,,,,,
2018-05-04,1.74715,-47.92696842906013,-52.02535933794831,0.0,29.642355901851097,,,,,,,,,,,,
2018-05-07,1.7496,-47.93754422809278,-52.80984812616075,-1.7301167655339105e-12,29.13646793167393,,,,,,,,,,,,
2018-05-08,1.7508,-47.9222290682546,-53.383805294701304,0.0,30.331707553811036,,,,,,,,,,,,
2018-05-09,1.7486,-47.99195563410289,-53.961305499808184,0.0,30.315340168432456,,,,,,,,,,,,
2018-05-10,1.7476,-47.66949152542338,-53.82678540456801,-0.7566585956409583,29.305694275820105,,,,,,,,,,,,
2018-05-11,1.7566,-47.75259607367509,-53.99406065332804,-0.7579777154544762,30.596634370220432,,,,,,,,,,,,
2018-05-14,1.7778,-46.44080700418659,-53.25425882780173,1.5226494099737,30.258101606703477,,,,,,,,,,,,
2018-05-15,1.7787,-45.717650887620515,-52.86614415245249,3.099501755091812,30.73613032119082,,,,,,,,,,,,
2018-05-16,1.7773,-45.71056688850565,-53.11841743749413,3.09902148396538,31.74893915804449,,,,,,,,,,,,
2018-05-17,1.8035,-44.93372275893022,-52.94128385655939,3.873596789562981,30.42602520491755,,,,,,,,,,,,
2018-05-18,1.8116,-43.30879168471306,-52.299982972099826,4.640227680502395,30.406966844241627,,,,,,,,,,,,
2018-05-21,1.8302,-42.54989942751045,-50.27164860723425,6.189076280364803,30.284125667006148,,,,,,,,,,,,
2018-05-22,1.8307,-41.82350480970375,-50.166213357511005,6.196074786620561,30.220610456329496,,,,,,,,,,,,
2018-05-23,1.8226,-40.20380235192278,-51.66231082477196,8.50465049752135,28.56621892664204,,,,,,,,,,,,
2018-05-24,1.8537,-41.39104573710449,-51.000510005098434,6.89850762285162,27.600276002761785,,,,,,,,,,,,
2018-05-25,1.854,-40.69879055480863,-51.48083096117791,6.911115377232413,28.465871237357277,,,,,,,,,,,,
2018-05-28,1.8526,-40.799359527035,-51.59614182261905,6.928193127233118,28.529631360742375,,,,,,,,,,,,
2018-05-29,1.8421,-39.26792272688705,-52.55117629086375,7.699592691548369,28.108768713720092,,,,,,,,,,,,
2018-05-30,1.8634,-38.42075335413176,-52.10068760791114,9.220980804991973,29.07945354860317,,,,,,,,,,,,
2018-05-31,1.87855,-35.42521813463228,-51.74250494597526,11.551701565638869,29.219296910667037,,,,,,,,,,,,
2018-06-01,1.8909,-47.162517396011566,-52.40164029320672,1.54631204576943,28.028784342874793,,,,,,,,,,,,
2018-06-04,1.9016,-47.21289144131001,-51.781906792566126,0.7739818269042404,29.24154736521802,,,,,,,,,,,,
2018-06-05,1.9111,-47.05337858685521,-50.95850521718006,0.7713668620806574,28.512496966756,,,,,,,,,,,,
2018-06-06,1.9171,-46.282011724776304,-47.96450626536475,1.542733724157807,27.579591102581585,,,,,,,,,,,,
2018-06-07,1.9347,-45.48327911315385,-46.680032316945095,2.312709107446362,28.72617373350386,,,,,,,,,,,,
2018-06-08,1.93995,-46.98922329124775,-46.458437567007,1.5406302718445617,29.185428727993617,,,,,,,,,,,,
2018-06-11,1.9506,-46.905397196440646,-46.67430786136968,2.306822812941137,28.9498871545233,,,,,,,,,,,,
2018-06-12,1.9576,-47.06899079453929,-46.84951816160156,2.314868399732879,29.058561897701697,,,,,,,,,,,,
2018-06-13,1.9536,-46.947995474522145,-46.96213677722445,2.308917810220249,28.177282066333003,,,,,,,,,,,,
2018-06-14,1.9516,-46.84200422346045,-46.58068648286606,2.3037051257418097,27.948411889721285,,,,,,,,,,,,
2018-06-15,1.9506,-45.350055514722776,-46.47737698585046,4.691385053248287,27.76570573180919,,,,,,,,,,,,
2018-06-18,1.9501,-46.154327554916534,-46.141703600265295,3.129106952874582,27.320745552792943,,,,,,,,,,,,
2018-06-19,1.9528,-45.50233003310829,-44.7720916539917,3.92261465802467,30.05249987733642,,,,,,,,,,,,
2018-06-20,1.9659,-45.74637578281479,-44.82845440086487,3.1549224677810717,29.476243989608555,,,,,,,,,,,,
2018-06-21,1.9736,-45.77056321467147,-47.80144017159456,2.3674429248982545,25.73923701547516,,,,,,,,,,,,
2018-06-22,1.9748,-44.86210804684585,-48.60651205745402,3.935272635686411,25.51841883016158,,,,,,,,,,,,
2018-06-25,1.9706,-45.82661736354694,-48.37514619704032,3.160456369900532,25.718432155387116,,,,,,,,,,,,
2018-06-26,1.96875,-45.27258863896158,-49.70087436723394,3.971279705174001,22.702868538120928,,,,,,,,,,,,
2018-06-27,1.9661,-46.31293168842722,-53.554859480766034,2.395496466640533,19.9273895742411,,,,,,,,,,,,
2018-06-28,1.9626,-45.663929501302185,-56.23840082982876,3.204486280792018,17.49639136927927,,,,,,,,,,,,
2018-06-29,1.9636,-45.505348874341735,-58.31808170735564,3.193357815742165,14.889722989110249,,,,,,,,,,,,
2018-07-02,1.96315,-43.476860648609254,-72.55062772064754,4.02563524524353,1.2617500473171688,,,,,,,,,,,,
2018-07-03,1.9616,-43.9041134162988,-71.78302799538217,2.394769822706845,0.6242002434366403,,,,,,,,,,,,
2018-07-04,1.964,-43.82505039880796,-71.50007150007274,2.3904572944800715,0.6217397521730857,,,,,,,,,,,,
2018-07-05,1.9601,-42.9283494049661,-71.648858291018,3.1798777337000543,1.2460671007148962,,,,,,,,,,,,
2018-07-06,1.9606,-44.60445407334355,-71.66359240241412,1.593016216903639,4.3621317114499085,,,,,,,,,,,,
2018-07-09,1.9586,-45.3215444310162,-72.59956067958207,0.7951148145785021,2.48203626254842,,,,,,,,,,,,
2018-07-10,1.95775,-45.39879255141069,-72.86087931249277,0.7964700447645141,3.113712791131526,,,,,,,,,,,,
2018-07-11,1.9566,-45.09001900222156,-73.40378409162795,0.0,1.898373726507697,,,,,,,,,,,,
2018-07-12,1.9566,-43.29039033502025,-73.3611311408602,0.8016738950922249,2.5080728595151793,,,,,,,,,,,,
2018-07-13,1.9566,-41.78989327504216,-73.34808725893119,2.4109553812520454,3.161555485300384,,,,,,,,,,,,
2018-07-16,1.9611,-41.098208601612576,-72.83782499920842,3.2233889099311885,3.800234347782674,,,,,,,,,,,,
2018-07-17,1.9638,-40.73187024455415,-71.91242094449152,4.073187024455415,3.852451122027676,,,,,,,,,,,,
2018-07-18,1.9646,-40.732865720034866,-70.70544753334369,4.073286572003487,3.856660774547327,,,,,,,,,,,,
2018-07-19,1.9651,-38.43103265002449,-69.20867067119343,4.90608927447042,4.570383912249575,,,,,,,,,,,,
2018-07-20,1.9626,-35.786032061032195,-66.3912183110846,4.066594552389938,5.801174415531897,,,,,,,,,,,,
2018-07-23,1.9621,-33.483054307881886,-65.02288805659569,4.899959167006198,7.152517686225052,,,,,,,,,,,,
2018-07-24,1.9641,-36.749093522359786,-63.36889751050808,0.8166465227183636,7.112835434852397,,,,,,,,,,,,
2018-07-25,1.9641,-37.3488791276612,-63.42088404868687,-1.8461199828132805e-12,5.1249199231256375,,,,,,,,,,,,
2018-07-26,1.9651,-39.257702279399965,-64.36387041407437,0.0,4.55098073634847,,,,,,,,,,,,
2018-07-27,1.9646,-39.20863897011938,-63.19726575095053,0.8168466452119424,4.514090410783162,,,,,,,,,,,,
2018-07-30,1.9621,-41.753653444677525,-63.28010486417311,-1.861506205274322e-12,4.520007490299062,,,,,,,,,,,,
2018-07-31,1.9691,-39.210881019482535,-64.42053726728173,2.45068006371731,5.153642981380752,,,,,,,,,,,,
2018-08-01,1.9596,-42.76456462383481,-66.95615996671678,4.934372841214874,3.9003588330127847,,,,,,,,,,,,
2018-08-02,1.9541,-43.05241631686428,-64.64377362925829,4.139655415085131,3.917804462379431,,,,,,,,,,,,
2018-08-03,1.9597,-41.978763684254965,-64.8592554157476,5.761791093915697,3.8915553249450174,,,,,,,,,,,,
2018-08-06,1.9567,-42.23112848199907,-64.08579649489862,5.7964293994884075,4.577556892493755,,,,,,,,,,,,
2018-08-07,1.9566,-41.28921443140623,-64.34713655242354,4.954705731769874,5.849739686584169,,,,,,,,,,,,
2018-08-08,1.9556,-39.542623653079005,-63.52416511097217,6.590437275512855,7.130263430824135,,,,,,,,,,,,
2018-08-09,1.9541,-39.588608377940744,-64.10463949234318,6.598101396320957,8.417780943438922,,,,,,,,,,,,
2018-08-10,1.9566,-39.65074303840303,-63.99791027231812,6.608457173066858,9.142558610330664,,,,,,,,,,,,
2018-08-13,1.9546,-39.379974863846215,-64.6752900386727,6.7029744449095485,8.667822376315591,,,,,,,,,,,,
2018-08-14,1.9536,-38.523059400883824,-64.42186358504318,8.374578130624766,8.633858006242876,,,,,,,,,,,,
2018-08-15,1.9556,-38.302762054730394,-65.77808551151037,8.511724901051199,8.308810801455586,,,,,,,,,,,,
2018-08-16,1.9576,-37.473598146761006,-64.82871570902186,9.368399536689283,6.824075337791584,,,,,,,,,,,,
2018-08-17,1.9626,-37.15431707832038,-63.49721017576529,9.288579269579134,7.430524595037091,,,,,,,,,,,,
2018-08-20,1.9576,-36.959881728377326,-62.3348465343184,9.239970432095763,6.097974117486662,,,,,,,,,,,,
2018-08-21,1.9606,-37.62573265662756,-63.5779506256337,8.361273923695014,6.08725059181626,,,,,,,,,,,,
2018-08-22,1.9626,-38.46797123264684,-67.7483825073674,7.526342197692683,2.032451475221106,,,,,,,,,,,,
2018-08-23,1.9632,-39.64371267586664,-68.95220233334229,6.7478659873811075,1.379044046667311,,,,,,,,,,,,
2018-08-24,1.9686,-38.99282366117763,-72.19778143639802,6.6370763678595806,-1.349491241801093,,,,,,,,,,,,
2018-08-27,1.9691,-39.624230216777185,-75.85165296190604,6.60403836946255,-4.698774962241767,,,,,,,,,,,,
2018-08-28,1.9708,-40.79933388842707,-84.98776176230623,5.828476269773673,-10.198531411475926,,,,,,,,,,,,
2018-08-29,1.9716,-41.43875352229406,-76.57382936911387,4.972650422674533,-2.0329335230750765,,,,,,,,,,,,
2018-08-30,2.0176,-41.66736112268538,-80.41679267588535,4.166736112268538,-4.123938085941805,,,,,,,,,,,,
2018-08-31,2.0251,-42.45930982808255,-81.84037687837403,4.1626774341237365,-6.18960833533946,,,,,,,,,,,,
2018-09-03,2.0241,-42.45506838595933,-81.97116543709903,4.162261606464597,-6.199499907007737,,,,,,,,,,,,
2018-09-04,2.0486,-42.802470793607405,-73.46708109635559,4.196320666041925,-21.898841480645913,,,,,,,,,,,,
2018-09-05,2.0516,-43.45173932298886,-71.89173949816643,3.342441486384489,-21.1446292641652,,,,,,,,,,,,
2018-09-06,2.0656,-44.167402790046125,-71.35892834433217,3.333388889815588,-22.608769376421897,,,,,,,,,,,,
2018-09-07,2.0736,-44.27994953756846,-71.26326484533816,3.341882983964277,-19.05057575073452,,,,,,,,,,,,
2018-09-10,2.0806,-44.31882797605072,-74.06623637710325,3.3448172057404664,-21.867174549430803,,,,,,,,,,,,
2018-09-11,2.0972,-45.05293720121218,-75.6648964380922,2.5029409556224778,-22.628754074942368,,,,,,,,,,,,
2018-09-12,2.1046,-44.76721050537282,-76.46976287357934,3.3160896670634665,-23.151396099340168,,,,,,,,,,,,
2018-09-13,2.1246,-44.94494244550501,-78.34556747600273,3.3292549959621427,-24.70355731225432,,,,,,,,,,,,
2018-09-14,2.1336,-41.009331715276936,-77.51552088296577,6.695401096373453,-23.46800173520945,,,,,,,,,,,,
2018-09-17,2.1416,-38.28675111947055,-78.26105349248685,9.15552744161384,-23.971854222923383,,,,,,,,,,,,
2018-09-18,2.1586,-36.71684635668823,-77.72478360713615,10.848159150837205,-24.02402402402326,,,,,,,,,,,,
2018-09-19,2.1656,-36.543636424037935,-73.71524852569533,10.796983488922145,-21.763549564729416,,,,,,,,,,,,
2018-09-20,2.1886,-38.93371328219524,-73.31122359923228,8.283768783445716,-21.644266015011755,,,,,,,,,,,,
2018-09-21,2.1966,-39.16536115462856,-73.41117248129792,7.499750008333814,-21.673774732573992,,,,,,,,,,,,
2018-09-24,2.2056,-40.03235949058975,-72.95429834099188,7.506067404482258,-21.04450913682518,,,,,,,,,,,,
2018-09-25,2.2166,-44.95429646525918,-73.97932727209826,2.4974609147381988,-20.74186745946649,,,,,,,,,,,,
2018-09-26,2.2216,-39.34898362412359,-74.68676927372304,7.534911757813856,-20.94021568421986,,,,,,,,,,,,
2018-09-27,2.2201,-43.116931427171586,-73.67645510998872,3.3817201119337823,-19.647054695997245,,,,,,,,,,,,
2018-09-28,2.2236,-39.46661292489625,-73.6929732385336,8.397151686148058,-20.470270344037782,,,,,,,,,,,,
2018-10-01,2.2271,-47.93984810637638,-73.84912692387402,-0.8410499667796736,-18.634826420043495,,,,,,,,,,,,
2018-10-02,2.2296,-47.36894591629863,-73.51439656932853,0.0,-19.05928799945577,,,,,,,,,,,,
2018-10-03,2.2296,-47.60512799097856,-74.47898872565766,1.8989741967113386e-12,-19.13221728732523,,,,,,,,,,,,
2018-10-04,2.2326,-48.33655577038621,-76.05344295991823,-0.8333888925958713,-19.18465227817778,,,,,,,,,,,,
2018-10-05,2.2316,-49.01838604886959,-80.63469068396006,0.0,-22.550379598056207,,,,,,,,,,,,
2018-10-08,2.2316,-49.65995555854901,-81.41679134337645,0.0,-23.659580390382324,,,,,,,,,,,,
2018-10-09,2.2311,-49.58941644183406,-81.33472367048948,-1.9110725219431667e-12,-22.940563086546888,,,,,,,,,,,,
2018-10-10,2.2296,-49.38106278090597,-82.51748251748275,1.9030430070826844e-12,-23.776223776224263,,,,,,,,,,,,
2018-10-11,2.2296,-49.01600372521629,-82.2819528250144,0.8169333954213859,-24.68458584750505,,,,,,,,,,,,
2018-10-12,2.2296,-48.47787683332724,-81.62201462337255,-1.868236107335213e-12,-26.064172736874276,,,,,,,,,,,,
2018-10-15,2.2296,-48.89736443205711,-81.66431881750013,-0.8149560738668774,-26.540903615686304,,,,,,,,,,,,
2018-10-16,2.2296,-48.16523123392866,-80.47192007365248,-1.8561873990222625e-12,-25.91468612541483,,,,,,,,,,,,
2018-10-17,2.2316,-48.270050479017776,-81.45106091717986,1.860226913770317e-12,-26.694045174537784,,,,,,,,,,,,
2018-10-18,2.2386,-48.94722673171209,-80.95777160303271,-0.8157871121944597,-27.443312407807035,,,,,,,,,,,,
2018-10-19,2.2416,-48.10475421731823,-78.66528945406303,1.630669634487626,-23.941609833845323,,,,,,,,,,,,
2018-10-22,2.2416,-49.095818672776375,-78.9661612832346,0.0,-23.34651724895675,,,,,,,,,,,,
2018-10-23,2.2426,-49.58140290986049,-82.11907945190634,-1.8481157070895885e-12,-26.468133046481913,,,,,,,,,,,,
2018-10-24,2.2436,-49.441152870424766,-81.03231078274473,-0.8105107027949362,-25.875863947431316,,,,,,,,,,,,
2018-10-25,2.2436,-50.31773213111679,-81.94594299293846,-1.6231526493894357,-26.632431472704965,,,,,,,,,,,,
2018-10-26,2.2396,-49.45157393821096,-81.65264962848113,-1.843276413571069e-12,-26.53711112925715,,,,,,,,,,,,
2018-10-29,2.2414,-49.61689251842443,-82.99903167796322,-0.8133916806310002,-26.283026698020805,,,,,,,,,,,,
2018-10-30,2.2426,-49.06249744466159,-82.22490931076163,0.8177082907454754,-25.565728105026107,,,,,,,,,,,,
2018-10-31,2.2446,-47.746056834271414,-82.11390672702326,1.6464157529062982,-22.458504403971123,,,,,,,,,,,,
2018-11-01,2.2446,-47.83408867953667,-82.05893323386826,2.43224179726417,-25.77057407344631,,,,,,,,,,,,
2018-11-02,2.2446,-48.666142153801225,-82.91085044785443,0.811102369231127,-24.465496853464984,,,,,,,,,,,,
2018-11-05,2.2419,-49.53349194877861,-84.6925115427701,0.8120244581740954,-25.271152637762487,,,,,,,,,,,,
2018-11-06,2.2446,-49.70705432736688,-85.2995803810969,-1.8527992848966505e-12,-26.140193987755556,,,,,,,,,,,,
2018-11-07,2.2466,-49.735423851804,-85.74446776693968,1.8538567411330876e-12,-25.380362459014695,,,,,,,,,,,,
2018-11-08,2.2526,-49.836601307190655,-85.85652267235389,0.8169934640515446,-22.84891329183688,,,,,,,,,,,,
2018-11-09,2.2551,-49.60112429215062,-85.47733084671914,1.65337080973873,-19.779878212463228,,,,,,,,,,,,
2018-11-12,2.2556,-49.15151161725211,-87.86592945008866,0.8330764680882482,-20.002000200021605,,,,,,,,,,,,
2018-11-13,2.2516,-49.075468088467794,-86.42425021606094,1.6635751894418942,-18.570500046427377,,,,,,,,,,,,
2018-11-14,2.2506,-48.7248942917555,-87.00757602552174,0.8258456659611938,-19.806602672475677,,,,,,,,,,,,
2018-11-15,2.2516,-50.27362035999134,-86.02722097105801,1.8739176785391977e-12,-20.98224901733089,,,,,,,,,,,,
2018-11-16,2.2506,-49.045252419565784,-88.04464626156931,-0.8174208736586864,-23.57100766057797,,,,,,,,,,,,
2018-11-19,2.2546,-47.37904049274165,-85.95293383703516,1.6337600169914757,-22.18140228052421,,,,,,,,,,,,
2018-11-20,2.2706,-47.47638459145715,-83.79010578500801,0.8185583550262464,-20.249275564709095,,,,,,,,,,,,
2018-11-21,2.2856,-47.30677628788584,-84.81120887001083,0.8156340739301852,-19.996138676669272,,,,,,,,,,,,
2018-11-22,2.2926,-47.20666753483489,-84.76912474155709,0.8139080609465459,-19.986216402480988,,,,,,,,,,,,
2018-11-23,2.2921,-48.24005559870704,-86.77396780965749,1.859070973739684e-12,-20.293911826453247,,,,,,,,,,,,
2018-11-26,2.3016,-51.53795811518287,-96.99866451114072,-3.2722513089012675,-30.224221550572334,,,,,,,,,,,,
2018-11-27,2.3156,-53.49574091601168,-96.82184074574052,-5.7610797909554785,-31.80279440553505,,,,,,,,,,,,
2018-11-28,2.3196,-50.7684875084959,-90.74093463162724,-2.456539718152637,-27.222280389489047,,,,,,,,,,,,
2018-11-29,2.3366,-51.46175901193571,-90.13541273634311,-3.2674132706015984,-27.25024105982331,,,,,,,,,,,,
2018-11-30,2.3366,-47.52072886966174,-86.59044829916725,0.0,-23.231583690021154,,,,,,,,,,,,
2018-12-03,2.3556,-47.94136527257584,-63.94350730137461,1.6251310261875085,-0.695038122839418,,,,,,,,,,,,
2018-12-04,2.3524,-47.63673357340167,-63.32381181814967,3.2296090558226913,-2.06490690711246,,,,,,,,,,,,
2018-12-05,2.3531,-48.493077613170726,-62.74780210308519,1.6164359204393914,-0.6895362868467131,,,,,,,,,,,,
2018-12-06,2.3671,-48.47388065730583,-60.8100170682656,2.4236940328667607,0.6910229212311418,,,,,,,,,,,,
2018-12-07,2.3706,-48.82695247776883,-58.80341880341901,2.401325531691311,0.0,,,,,,,,,,,,
2018-12-10,2.3761,-49.82080581135447,-59.187887130075914,0.8035613840570512,-0.6882312456993959,,,,,,,,,,,,
2018-12-11,2.3846,-49.86929418861891,-58.35507345873889,0.8043434546544062,-0.686530275983571,,,,,,,,,,,,
2018-12-12,2.3936,-49.77281120048846,-56.999389292257334,1.6055745548529945,1.3571283164827763,,,,,,,,,,,,
2018-12-13,2.4116,-49.91988663354631,-56.2692790074914,1.6103189236650284,0.6779431205718082,,,,,,,,,,,,
2018-12-14,2.4146,-49.232457910283195,-58.29464169369874,2.4212684218187106,-2.057457942129426,,,,,,,,,,,,
2018-12-17,2.4066,-49.76522053216716,-57.96706107000312,1.6053296945863909,-0.681965424351396,,,,,,,,,,,,
2018-12-18,2.4086,-49.62302508363917,-58.74517572321479,0.8003713723160271,-0.6830834386428649,,,,,,,,,,,,
2018-12-19,2.4446,-49.87611416803278,-58.91217975065098,0.8044534543260595,-2.055076037813477,,,,,,,,,,,,
2018-12-20,2.4462,-50.005556172907745,-58.91594658287492,0.0,-2.7087791532353385,-48.862396168044285,-1.1431600048634607,-9.652114748211874,-82.23637044498864,23.320423862113714,-38.53486700068777,2.503241356725005,-2.503241356725005,0.3688750269413358,-15.844273267669408,13.135494114434069,-32.06807562464094
2018-12-21,2.4446,-48.53055834009687,-58.6914535689183,1.5911658472148082,-0.6824587624301143,-48.84456257816828,0.3140042380714121,-9.617790527100931,-81.75452257897864,23.06306901006034,-37.921935415815746,2.4402530157377993,-0.849087168522991,0.2546554913088034,-15.706828708360433,15.024369945930319,-32.14437860527811
2018-12-24,2.4456,-48.84889932399462,-57.52961082910259,0.7878854729669328,1.2022719725213202e-12,-48.832355015573896,-0.01654430842072685,-9.563803604023983,-81.3870202409612,23.85740941185862,-37.335125517970056,2.4018434912599234,-1.6139580182929905,0.16608674492036118,-15.618251511591865,15.618251511593067,-32.16660607544324
2018-12-25,2.4456,-48.87508474309084,-57.53584144475819,0.7883078184362263,1.2024021818946557e-12,-48.807998422032,-0.06708632105883794,-9.494105502689115,-80.96946724875133,23.433625803993138,-36.72377184305434,2.349662840342407,-1.5613550219061807,0.056635201429263156,-15.477142990014286,15.477142990015489,-32.14263351954294
2018-12-26,2.4451,-48.929084394779146,-59.19324265904054,0.7891787805602305,-2.6603704565857864,-48.78027073062478,-0.1488136641543676,-9.426368293620222,-80.5590553717143,21.36581271267375,-36.16449722037002,2.3044866902579635,-1.515307909697733,-0.03536164714502575,-15.321418624844682,12.661048168258896,-32.11639863011412
2018-12-27,2.4451,-49.384264448818165,-57.79018223608549,0.7838772134707862,-1.9701198489563865,-48.758206756027604,-0.6260576927905603,-9.358794729797523,-80.20883897064446,22.418656734558972,-35.66661906736641,2.2661370730830703,-1.482259859612284,-0.10984568712007939,-15.234582700216215,13.264462851259829,-32.17129550737383
2018-12-28,2.4416,-49.191464109751266,-55.252569244470415,0.7808168906320434,-1.1546856384923529e-12,-48.71292425456794,-0.4785398551833282,-9.306474313573155,-79.72501394597546,24.472444701505047,-35.15486768380183,2.229114598802534,-1.4482977081704904,-0.1840624979884858,-15.02390521830931,15.023905218308155,-32.20619543491006
2018-12-31,2.4436,-49.90292321967494,-55.50177476605376,0.7797331753067006,-0.6453694740235211,-48.715146742503215,-1.1877764771717239,-9.24621101963442,-79.41093841580432,23.909163649750568,-34.6102237432288,2.1979073661119743,-1.4181741908052738,-0.24029449062379343,-14.960351376054234,14.314981902030713,-32.19222253222456
2019-01-01,2.4441,-49.89864338063381,-55.44809800128969,0.779666302821683,-0.644745325596032,-48.71338727049638,-1.1852561101374235,-9.198214912072519,-79.05522439122656,23.607126389936873,-34.078481844179315,2.1674204859506565,-1.3877541831289735,-0.29644928693083433,-14.863083519727894,14.218338194131862,-32.202319390360145
2019-01-02,2.4436,-49.82134377505734,-55.40630214473949,0.0,-1.2885186545281069,-48.70447121559196,-1.116872559465385,-9.156266798861479,-78.67799821377443,23.271696069034938,-33.56845622591706,2.1434718201528553,-2.1434718201528553,-0.33524676869887415,-14.72984869606217,13.441330041534064,-32.19611476964847
2019-01-03,2.4406,-49.448341935285185,-55.90318584632925,0.7726303427381173,0.635263475527251,-48.67071944706257,-0.7776224882226188,-9.109492784623995,-78.22463662303872,22.32145077670947,-33.0594197925457,2.1086546167973186,-1.3360242740592012,-0.39238294506154037,-14.532364304393951,15.167627779921203,-32.2174800536757
2019-01-04,2.4436,-49.76478363982809,-57.32922261574124,0.7775747443715956,0.0,-48.686043096144616,-1.0787405436834732,-9.05379631254932,-78.0019645445706,20.67274192882936,-32.616042216669115,2.0845697469156566,-1.306995002544061,-0.4300859957119606,-14.50988106075178,14.50988106075178,-32.22128766185845
2019-01-07,2.4446,-50.41847332862761,-57.49512888491383,0.0,-0.6388347653875783,-48.68393476202962,-1.7345385665979904,-8.993184745096352,-77.74395212237323,20.248823237459398,-32.2239087873949,2.0618412671411086,-2.0618412671411086,-0.4669613958048565,-14.431129738830322,13.792294973442743,-32.23248737114681
2019-01-08,2.4466,-50.56831000707956,-59.40859699890763,-0.7779740001099776,-0.6388021182674701,-48.70018935761958,-1.868120649459982,-8.945879642654482,-77.52711633532299,18.118519336415353,-31.846227241246694,2.021043292705576,-2.7990172928155537,-0.5400317725668615,-14.399052310207793,13.760250191940322,-32.268399619371905
2019-01-09,2.4446,-50.24892544605585,-60.93883898816141,-0.7730603914770793,-4.443457009553225,-48.686936010657924,-1.5619894353979262,-8.914867841749391,-77.21160006392881,16.272761075767406,-31.500454610764265,1.9769236172369016,-2.749984008713981,-0.6131319226681193,-14.241742872066055,9.79828586251283,-32.31362821028053
2019-01-10,2.4456,-51.29600124353872,-61.66297331149441,-0.7772121400529207,-3.8539358319685433,-48.70053437199577,-2.5954668715429463,-8.89167959447905,-77.03114120469094,15.368167893196528,-31.229294981728074,1.9262961452061018,-2.7035082852590224,-0.7035612844764176,-14.249595163048085,10.39565933107954,-32.47454126116105
2019-01-11,2.4459,-51.1528773493502,-60.90914919535735,1.7622451109725406e-12,-3.2057446944918926,-48.721297930821784,-2.4315794185284147,-8.885940034531215,-76.8431725209823,15.934023325624942,-30.977954322109117,1.876748299899414,-1.876748299897652,-0.7940352676310519,-14.229011458051716,11.023266763559823,-32.630892704677024
2019-01-14,2.4446,-51.86882606137589,-60.70559066539759,-0.774161583006661,-3.195031087652982,-48.726820979456654,-3.142005081919237,-8.881157034208202,-76.59627328582899,15.890682620431399,-30.705175645601827,1.8351251404005096,-2.6092867234071706,-0.8849680130069142,-14.148696171108185,10.953665083455203,-32.779412509018826
2019-01-15,2.4446,-50.40674364681158,-58.40746588618958,-0.7754883637981592,-0.6418402844643984,-48.75572505308954,-1.6510185937220356,-8.897452666710514,-76.39681782021229,17.989351934022714,-30.449515065786567,1.7933829427869092,-2.5688713065850686,-0.9561874683887754,-14.107643045109043,13.465802760644644,-32.9167882840094
2019-01-16,2.4446,-50.244652809449086,-58.36139169472458,-1.5459893172141694,1.1392379922400197e-12,-48.76229241537857,-1.4823603940705183,-8.878200632956531,-76.15820575128335,17.796814056558766,-30.112446894718396,1.7466764850458207,-3.2926658022599904,-1.045672723949078,-14.034280066994697,14.034280066995835,-33.00899831935198
2019-01-17,2.4451,-49.533686776828226,-59.248573526192075,-0.773963855888986,-1.28801246796112,-48.75503145039793,-0.7786553264302967,-8.803149743326507,-75.94458612876888,16.6960126025768,-29.79802624890614,1.7064224114810025,-2.4803862673699886,-1.0953596488438948,-13.972653834902687,12.684641366941566,-33.097558050999766
2019-01-18,2.4456,-49.137749491074736,-58.67511588335494,-1.77343344520542e-12,-1.1580882600221992e-12,-48.72577366798558,-0.4119758230891577,-8.672363639750321,-75.74836728082937,17.07325139747443,-29.50985942899051,1.6838390980125415,-1.683839098014315,-1.107245476343551,-13.928627717598602,13.928627717597443,-33.2095412980691
2019-01-21,2.4456,-49.20068412379971,-58.93909626719165,-1.7757048227856338e-12,-1.1632985195810417e-12,-48.65480846338318,-0.5458756604165274,-8.426871929199477,-75.54468482722459,16.605588560032935,-29.250056386442264,1.7087616115172732,-1.708761611519049,-0.9835287999337128,-13.867449667780619,13.867449667779455,-33.345931608805586
2019-01-22,2.4456,-47.46269121239872,-58.675880953157,2.334230715365322,-1.3039084656249904,-48.648050791256736,1.1853595788580193,-8.39090589989138,-75.351482354975,16.675601401818007,-29.009130235332215,1.6813804444844873,0.6528502708808346,-1.0334297490131226,-13.809855248279248,12.505946782654258,-33.4920702864959
2019-01-23,2.4496,-48.334788574280005,-59.20239411879468,2.3387800923035,-1.9517272786416715,-48.65392414380848,0.319135569528477,-8.327409688447725,-75.27652787882005,16.07413376002537,-28.775614001792743,1.6766353351433771,0.6621447571601227,-1.051164217952144,-13.895613608898799,11.943886330257127,-33.63268613920552
2019-01-24,2.4506,-47.61124249732781,-60.05417931394546,2.3415365162598416,-3.263814093148605,-48.64475497338766,1.0335124760598546,-8.276747401178696,-75.11945300756064,15.065273693615175,-28.542518623471338,1.6808861491185905,0.6606503671412511,-1.0494103161760635,-13.89215212318463,10.628338030036025,-33.79624628232966
2019-01-25,2.4496,-46.73434208006233,-58.347867448866666,2.298410266230432,-1.9026478515935397,-48.61260346009017,1.878261380027837,-8.221251245880154,-74.92281427012682,16.574946821260156,-28.340043504763898,1.6811591395763053,0.6172511266541267,-1.0679962133331693,-13.847176421383693,11.944528569790155,-34.015462368338014
2019-01-28,2.4471,-47.569359194697135,-59.0701219512195,3.068990915787587,-1.905487804878121,-48.55811886587114,0.9887596711740017,-8.150821961917998,-74.66318546226745,15.593063511047951,-28.097275880645956,1.6760834390388162,1.3929074767487708,-1.109530034345511,-13.74148531014896,11.83599750527084,-34.235465639684456
2019-01-29,2.4471,-48.02597976810278,-59.349054519051315,1.524634278352827,-1.26274584083243,-48.53596809122348,0.5099883231207016,-8.09846102773055,-74.48879322925393,15.139738710202614,-27.874692119424527,1.6782627805342911,-0.15362850218146407,-1.1358460631760048,-13.73195363035147,12.46920778951904,-34.49006839804822
2019-01-30,2.4451,-42.42713518345879,-58.50865181127922,6.06101931192416,-1.2448649321563827,-48.50433845389603,6.077203270437245,-8.056940270318107,-74.2577545552093,15.74910274393008,-27.632152474021048,1.6556915956421254,4.405327716282034,-1.2190380949477069,-13.638097842174446,12.393232910018064,-34.70857274188927
2019-01-31,2.4436,-41.627246925260174,-58.526866322147555,6.811731315041541,-1.8678787124090117,-48.39632811177145,6.769081186511279,-7.866318011969447,-74.02526157102295,15.498395248875397,-27.342515868491645,1.6918891209286469,5.119842194112895,-1.205744775106537,-13.565210880837427,11.697332168428415,-34.94059343852483
2019-02-01,2.4441,-49.317895567459296,-59.708621925006376,-3.0349474195349213,-1.885535429213019,-48.28746435599642,-1.0304312114628758,-7.630245278144938,-73.85159606439242,14.142974139386048,-27.05516825856221,1.7339628334104225,-4.768910252945344,-1.1793905926909423,-13.58068988141008,11.69515445219706,-35.22132185955711
2019-02-04,2.4436,-49.53324442751,-61.75757002867364,-2.2861497428078073,-3.7810757160413577,-48.27169800511898,-1.2615464223910209,-7.5618372787693104,-73.66244231221415,11.904872283540513,-26.771606601797227,1.6495379620764257,-3.935687704884233,-1.367843951905506,-13.566113201033971,9.785037484992614,-35.52045722375789
2019-02-05,2.4436,-50.17790347595953,-62.45859752058307,-2.2808137943614826,-4.416264471151003,-48.27959572046791,-1.8983077554916221,-7.5593454665235695,-73.52524357404135,11.066646053458285,-26.567728040884514,1.5747215247767108,-3.8555353191381934,-1.5421354842221788,-13.59730870794479,9.181044236793788,-35.87524309591731
2019-02-06,2.4446,-49.74743609367825,-63.16313314660878,-1.5306903413442945,-4.466080121478304,-48.304586938599236,-1.442849155079017,-7.576131331984791,-73.43681635279563,10.273683206186853,-26.421276129050348,1.5109016519025165,-3.041591993246811,-1.6738888749568943,-13.678347947672236,9.212267826193933,-36.264582238393615
2019-02-07,2.4426,-49.61415453664197,-62.27758007117485,-2.2898840555369744,-1.9064565327911245,-48.30110521355431,-1.313049323087661,-7.5834779047810565,-73.2795087473783,11.001928676203448,-26.290291917659555,1.4619595585856162,-3.7518436141225906,-1.7913275858586064,-13.655614615490578,11.749158082699452,-36.6754071015784
2019-02-08,2.4426,-49.456360468389775,-61.93046093957404,-3.043468336516986,-0.6319434789760128,-48.31537732477611,-1.140983143613667,-7.6040307444327535,-73.12653539836101,11.196074458786974,-25.994386010043087,1.3942375130100784,-4.437705849527065,-1.949865550436377,-13.643513576937792,13.01157009796178,-36.919788011259755
2019-02-11,2.4426,-49.68963092071064,-62.39057774948321,-3.057823441275197,-1.1308972397900689e-12,-48.32817775869003,-1.3614531620206094,-7.623654133709419,-72.89603995637901,10.505462206895807,-25.40821744579792,1.330774622879189,-4.388598064154386,-2.0775139737401997,-13.522968115827794,13.522968115826663,-36.79142998011034
2019-02-12,2.4426,-48.82514494964976,-62.39455002705934,-2.288678669516188,-1.273358163817953,-48.34030146174497,-0.48484348790479004,-7.635170105413128,-72.62236776183293,10.227817734773595,-24.6236348540424,1.2686476557069044,-3.5573263252230922,-2.2036532181781903,-13.340016728420252,12.0666585646023,-36.435522810893715
2019-02-13,2.44255,-49.76000367458489,-61.65109334360857,-3.827692590352683,0.0,-48.34744061399532,-1.4125630605895694,-7.651901892838719,-72.41642774347665,10.765334399868074,-24.089911043632704,1.2111487783802302,-5.038841368732913,-2.335944062795787,-13.231249688744342,13.231249688744342,-36.33402381146628
2019-02-14,2.4446,-49.52116839482847,-60.17347885926411,-3.809320645756036,0.6401433921206172,-48.38520023640753,-1.135968158420944,-7.701845362294954,-72.28179004719014,12.108311187926034,-23.646168126676713,1.1370014517744096,-4.946322097530445,-2.476626906239606,-13.210936819363113,13.85108021148373,-36.31348651312149
2019-02-15,2.4426,-48.393560631839115,-61.44101346001554,-2.2684481546188016,-1.266825019793439,-48.3912111660719,-0.0023494657672173958,-7.758032860405895,-72.10859583708884,10.667582377073302,-23.467882741134765,1.0744777192889199,-3.3429258739077214,-2.615392853885071,-13.092593712249524,11.825768692456085,-36.513515663198184
2019-02-18,2.4436,-48.23308638998026,-61.35357368753923,-2.2609259245316635,-1.265022137886712,-48.417999146456495,0.18491275647623695,-7.836534401730294,-72.00226768229543,10.648693994756194,-23.229918500395172,1.0069783867092337,-3.267904311240897,-2.7899155339245354,-13.093128312627542,11.82810617474083,-36.695229899294375
2019-02-19,2.4437,-48.4734589168792,-62.53322077353572,-2.982982087191549,-3.1266610386783964,-48.43411353624391,-0.03934538063528947,-7.90705253944758,-71.90450437825788,9.371283604722166,-23.114073910152328,0.9440362916096428,-3.9270183788011916,-2.9612235927831563,-13.06486704595656,9.938206007278165,-36.90327074299647
2019-02-20,2.4446,-48.56399988045784,-64.80114149703049,-2.9885538387980852,-6.230878990097894,-48.45763097715751,-0.10636890330033566,-7.976383275968776,-71.84650927197595,7.045367774945461,-23.050667155046007,0.8813415423356528,-3.869895381133738,-3.103872128371039,-13.09181241922063,6.860933429122737,-37.16822496039391
2019-02-21,2.4441,-49.10737895031088,-66.39602382668768,-3.777490688485453,-6.9557739247023465,-48.469611933255266,-0.6377670170556158,-8.044151202174003,-71.77357508662291,5.377551259935231,-22.994268784687193,0.8198967720188373,-4.59738746050429,-3.265044136932274,-13.085554495078142,6.129780570375796,-37.434171823866635
2019-02-22,2.4486,-49.646457048293485,-61.54348549646172,-3.7610952309329577,-2.5119789998541693,-48.52523940744375,-1.1212176408497356,-8.110434174192678,-71.81630340072276,10.27281790426104,-22.889674228927845,0.7329876064320473,-4.494082837365005,-3.443862017232788,-13.266024547184642,10.754045547330474,-37.673090874627846
2019-02-25,2.4466,-49.71451814579843,-61.637158401208055,-3.766251374680039,-1.2579011918629166,-48.53562535951009,-1.178892786288337,-8.19549984828426,-71.65735418293788,10.020195781729825,-22.699220315809413,0.6642665208716583,-4.430517895551697,-3.644870953674438,-13.150629693796034,11.892728501933117,-37.827339136086024
2019-02-26,2.4466,-50.41536238863506,-58.99334755867918,-4.514808572117569,0.627588803816507,-48.56604914738473,-1.8493132412503286,-8.299516752788474,-71.54472752645424,12.551379967775055,-22.49943091223283,0.5916721174912531,-5.106480689608822,-3.8400803463832265,-13.077795056008412,13.70538385982492,-37.875442285034936
2019-02-27,2.4466,-50.762959707848154,-59.72235458559638,-4.545936690256061,1.9060325931574151,-48.60303627847403,-2.1599234293741247,-8.414576165880494,-71.41140032430569,11.68904573870931,-22.281726111562183,0.512102496711643,-5.058039186967704,-4.0498341104242925,-12.989563619541144,14.895596212698559,-37.91215345027617
2019-02-28,2.4466,-50.254317302714774,-61.49116064565724,-3.045716200165161,0.0,-48.64253959239131,-1.6117777103234658,-8.534081542754695,-71.28446793211376,9.793307286456518,-22.061953759405142,0.4301158149856761,-3.475832015150837,-4.277966551971574,-12.88420634105971,12.88420634105971,-37.909335718865826
2019-03-01,2.4466,-51.026719445818195,-61.83315572746013,-3.092528451260697,1.1684866923210129e-12,-48.67473047566403,-2.351988970154167,-8.638515655778988,-71.1777000860933,9.344544358633165,-21.872205457249045,0.37056275920221005,-3.463091210462907,-4.4537703721836355,-12.800666701793332,12.800666701794501,-37.94475654110367
2019-03-04,2.4466,-50.515255607193374,-62.290845233755945,-2.331473335716264,0.0,-48.7110166924743,-1.8042389147190718,-8.739190221656791,-71.0734433745927,8.782598140836754,-21.675513268586634,0.315575114138932,-2.647048449855196,-4.6099481621401805,-12.717471521084747,12.717471521084747,-37.979014612814844
2019-03-05,2.4476,-50.46544669684241,-62.758051197356814,-2.3291744629308355,-1.9818331957049296,-48.74567139151742,-1.719775305324994,-8.808791214905423,-70.98536955317357,8.227318355816756,-21.42466069130706,0.270775348515512,-2.5999498114463475,-4.723689725803219,-12.655099883991582,10.673266688286652,-37.929843307766546
2019-03-06,2.4461,-51.30756553375522,-62.34455314209877,-3.8869367828619312,-0.6632399270432404,-48.75671458616186,-2.5508509475933607,-8.875001780051111,-70.8506336386586,8.50608049655984,-21.183249269446907,0.23928391730438392,-4.126220700166315,-4.834470064630068,-12.519509608408029,11.856269681364788,-37.921572694201075
2019-03-07,2.4436,-52.11533824410238,-61.903842697676254,-3.889204346574778,1.1824012296900482e-12,-48.76334540265067,-3.351992841451711,-8.935461177018144,-70.69329408476847,8.789451387092214,-20.93335496914406,0.20056183580779852,-4.089766182382577,-4.956704519215004,-12.332481347397234,12.332481347398417,-37.883760178584204
2019-03-08,2.4446,-51.605946237387705,-60.64360470803037,-3.08095201417308,0.6520817710537288,-48.81267622779306,-2.793270009594643,-9.032031926570822,-70.60883142795012,9.965226719919755,-20.683291307843625,0.14301715675561866,-3.2239691709286986,-5.094328537372509,-12.268816050866377,12.920897821920105,-37.81072692843566
2019-03-11,2.4446,-50.25708431592377,-60.74857926709893,-1.5463718251039404,1.3064210595055947,-48.84689497831873,-1.4101893376050398,-9.117719177691264,-70.4914415514651,9.742862284366169,-20.406445519285825,0.10297155055156892,-1.6493433756555094,-5.196616286457763,-12.163190672977649,13.469611732483244,-37.73841844712628
2019-03-12,2.4436,-49.171007544677174,-60.23121012920564,-1.536593985771489,1.2952948414887262,-48.85787162362498,-0.31313592105219357,-9.179489216743505,-70.35908901730522,10.12787888809958,-20.146773573490087,0.08471644817618795,-1.621310433947677,-5.268548349747601,-12.015805112453194,13.31109995394192,-37.65984984224671
2019-03-13,2.4446,-49.6516744072354,-60.8237083050252,-2.2916157418720555,-1.1494107472905954e-12,-48.873795713412186,-0.7778786938232116,-9.207236337821186,-70.26657677418198,9.442868469156785,-19.89652552167562,0.05583115217597623,-2.3474468940480318,-5.342855924600006,-11.951711510374167,11.951711510373018,-37.61510674785773
2019-03-14,2.4436,-48.60473548994485,-60.56815563382634,-0.771503737938417,1.3166990355172268,-48.87814698941661,0.2734114994717558,-9.257631369207722,-70.1422201944011,9.574064560574762,-19.66099728485969,0.030271494148934153,-0.8017752320873511,-5.432280521175597,-11.827006113380435,13.143705148897661,-37.599335385279986
2019-03-15,2.4426,-46.06879606879607,-61.48733949514932,2.303439803439454,1.1619516600929182e-12,-48.87298058304034,2.8041845142442696,-9.295633276565495,-70.02006212228953,8.53272262714021,-19.43712397650463,0.020589677100973702,2.2828501263384804,-5.492338486001763,-11.69205491013993,11.692054910141092,-37.5662764322085
2019-03-18,2.4441,-47.556588505112686,-61.23858291313319,0.0,-1.1572508041800221e-12,-48.865584790132914,1.3089962850202284,-9.28382288910114,-69.95572878004086,8.717145866907664,-19.2216422991318,0.028063589333136463,-0.028063589333136463,-5.493158021432023,-11.667498803352359,11.667498803351203,-37.56776184107899
2019-03-19,2.4446,-47.45285329414681,-61.14616535484253,0.0,-0.6504911207958406,-48.82379636106546,1.3709430669186489,-9.045554784242672,-69.86384840540211,8.717683050559579,-18.960063008703592,0.054786530931060895,-0.054786530931060895,-5.303904054864403,-11.602918894505564,10.952427773709722,-37.552449384588265
2019-03-20,2.4466,-46.4751281875455,-60.09693053311791,0.7618873473378622,0.6462035541203375,-48.79377481919698,2.3186466316514824,-8.800357135901093,-69.80009082598622,9.703160292868304,-18.696466954232008,0.07435616197041917,0.6875311853674431,-5.110102030380412,-11.603036788490087,12.249240342610424,-37.555891734739276
2019-03-21,2.4546,-48.115109671900434,-60.104698507076826,-1.527463799106572,0.6462870807220462,-48.851076409290734,0.7359667373902994,-8.817358582760143,-69.83537005823146,9.730671551154636,-18.407165705547953,0.02704661699190858,-1.5545104160984806,-5.177658490175859,-11.81992263885985,12.466209719581897,-37.55873783413967
2019-03-22,2.4496,-48.71810486572141,-60.29564315352695,-2.283661165582043,-1.2966804979257442,-48.81374997426264,0.09564510854123398,-8.892538189381861,-69.61855705378032,9.322913900253369,-18.042212037608248,0.021297398194390027,-2.304958563776433,-5.310228120231461,-11.536862843546714,10.24018234562097,-37.50103568549087
2019-03-25,2.4496,-48.41515999697474,-59.85133700164106,-2.2694606248595344,-0.6435627634581496,-48.826713758002654,0.41155376102791763,-8.98042026216065,-69.49268479676863,9.641347795127565,-17.64195909526272,-0.01739018593835162,-2.2520704389211827,-5.4580177494486035,-11.459559512455826,10.815996748997676,-37.454734205011874
2019-03-26,2.4486,-48.64293803345792,-60.270243997278094,-3.0401836270917673,-0.6480671397553195,-48.8317434258805,0.188805392422573,-9.09066327018808,-69.3449598263702,9.074715829092106,-17.219484877562223,-0.05313077375828179,-2.9870528533334855,-5.62760527746116,-11.347859403427407,10.699792263672087,-37.450846593198534
2019-03-27,2.4467,-49.63537092894506,-61.46080565962444,-3.054484364858852,-1.961515074242259,-48.82997993911774,-0.8053909898273162,-9.202686222987843,-69.19155537891118,7.7307497192867345,-16.822757238918726,-0.08759800905471415,-2.966886355804138,-5.794463213226164,-11.20769165993893,9.246176585696672,-37.47225671464933
2019-03-28,2.4486,-42.62178205545481,-61.27410170168754,4.649648951505219,-1.3320456891664003,-48.86946117641102,6.247679120956214,-9.312919119652594,-69.10351087180206,7.829409170114516,-16.36942438255663,-0.1439652930273052,4.793614244532524,-5.963806866543592,-11.225733181184026,9.893687492017627,-37.52983968149577
2019-03-29,2.4491,-42.557142636066786,-62.17630289119888,3.868831148733344,-1.984350092273529,-48.828659518623176,6.271516882556391,-9.28764269321961,-68.96869641098132,6.792393519782443,-15.762826432791663,-0.11550382556935368,3.9843349743026977,-5.967367811318269,-11.175703187959911,9.191353095686383,-37.511140513344124
2019-04-01,2.4516,-47.37054639207211,-62.88891831060548,-0.7765663342955692,-1.3239772275921275,-48.80792318823548,1.4373767961633703,-9.27196826309097,-68.86603648378718,5.977118173181701,-15.12090026475832,-0.1104283833068802,-0.666137950988689,-6.009883023655458,-11.20088261996051,9.876905392368382,-37.46052300345621
2019-04-02,2.4486,-46.42310013462699,-60.84535359748188,-0.773718335578172,0.6613625391026936,-48.78167137542306,2.358571240796067,-9.347165073325481,-68.68864942917799,7.8432958316961034,-14.492188127435007,-0.11654516236952439,-0.6571731732086477,-6.144053345684119,-11.010892954385355,11.672255493488048,-37.37679132182278
2019-04-03,2.4501,-46.51415193072492,-60.78505216282501,0.0,0.6607070887259887,-48.79083461994722,2.276682689222298,-9.418735351313114,-68.55433694763867,7.769284784813664,-13.78273821357556,-0.15037267766416917,0.15037267766416917,-6.281625858680401,-10.966725886213837,11.627432974939826,-37.21496651097779
2019-04-04,2.4496,-46.43208147282562,-60.06204210943243,-0.7738680245463898,-1.1724353768069768e-12,-48.78239025655653,2.3503087837309096,-9.494812592770277,-68.38038731354492,8.318345204112482,-12.98479861432207,-0.16461294282628636,-0.6092550817201035,-6.407459933433572,-10.84356545531196,10.843565455310788,-37.01769879715036
2019-04-05,2.4501,-47.22239425280343,-60.23059714334836,-0.7741376107027343,1.3237493877663504,-48.782852053896804,1.5604578010933707,-9.570387190796158,-68.20446348403803,7.973866340689668,-12.097681436112977,-0.19250856772288572,-0.5816290429798486,-6.550659853104825,-10.760332049416277,12.084081437182627,-36.800498749279924
2019-04-08,2.4486,-46.24348737552794,-60.333803324917554,0.0,1.9674066301604185,-48.771244370665116,2.5277569951371746,-9.660951908494056,-68.02592035197993,7.69211702706238,-11.328806957552487,-0.20706093600471576,0.20706093600471576,-6.69626367679448,-10.613801694344275,12.581208324504694,-36.70672660134806
2019-04-09,2.4496,-46.008741660915575,-61.09658516075626,0.0,0.6569525286099186,-48.77593978314514,2.7671981222295656,-9.74051222434345,-67.87444006694909,6.777854906192829,-10.525633142814796,-0.23142513484064509,0.23142513484064509,-6.830697522705769,-10.553288873893749,11.210241402503668,-36.58958994006958
2019-04-10,2.4501,-45.871910335705934,-60.36943469273961,0.0,1.312379015058822,-48.77564988112647,2.9037395454205353,-9.829142542905803,-67.703413612701,7.333978919961389,-9.581614235139034,-0.25288841117387406,0.25288841117387406,-6.96922262394299,-10.46677102372469,11.779150038783511,-36.35330858874198
2019-04-11,2.4506,-46.42094513044285,-60.11502007173716,-0.7736824188400107,2.0038340023913177,-48.77601796430439,2.3550728338615343,-9.929234629110066,-67.5638073033348,7.448787231597635,-8.880109164628145,-0.27757615396962265,-0.496106264870388,-7.133018707486848,-10.40364125602241,12.40747525841373,-36.3079846283254
2019-04-12,2.4496,-46.49612919724433,-60.10297643295622,0.774935486620034,1.3356216985081877,-48.76591096224648,2.2697817650021506,-10.037031889195406,-67.44112262757477,7.338146194618552,-8.393710486776863,-0.2920746702615098,1.0670101568815438,-7.268076957869221,-10.314633040806044,11.650254739314232,-36.49771917085889
2019-04-15,2.4501,-47.362087037541336,-57.99420057994184,-0.7764276563541784,3.333000033330521,-48.77280582442225,1.4107187868809135,-10.15675177483266,-67.3111210680502,9.316920488108359,-7.744542312328218,-0.3035836640861369,-0.4728439922680415,-7.37601728734721,-10.259197807706556,13.592197841037077,-36.49671524199958
2019-04-16,2.4521,-46.99284925477173,-55.32226887955754,0.0,5.332266879957938,-48.807618724928304,1.8147694701565769,-10.328294184744971,-67.17539424074448,11.85312536118694,-7.064126984142058,-0.3469934937825876,0.3469934937825876,-7.564613877324579,-10.24214250413523,15.574409384093169,-36.46264604810946
2019-04-17,2.4586,-47.09650072999576,-52.69898871307777,0.0,6.670758064945174,-48.8865164874156,1.7900157574198374,-10.49097839250587,-67.08283064044915,14.383841927371378,-6.6115686642368185,-0.416083678750482,0.416083678750482,-7.7200658348585005,-10.422727972176972,17.093486037122148,-36.75136460788326
2019-04-18,2.4596,-47.02857769904846,-55.30015324138863,0.0,3.997601439136669,-48.90370244371327,1.8751247446648094,-10.617920673587541,-66.92319237979439,11.623039138405758,-6.075835491038594,-0.43643933233807175,0.43643933233807175,-7.827906819993766,-10.3893021839054,14.38690362304207,-37.01539326860984
2019-04-19,2.4586,-47.03963873557451,-55.21554018094744,0.0,3.991484832357788,-48.905566678969464,1.8659279433949507,-10.79027407343958,-66.7629750042996,11.547434823352162,-5.494713958033127,-0.4525348077943576,0.4525348077943576,-8.017770588496376,-10.16177774385261,14.153262576210398,-36.29812413935471
2019-04-22,2.4681,-47.84351249813831,-55.289102051692105,-1.7833369316091268e-12,3.996802557953788,-49.02346378827043,1.1799512901321236,-10.970465861284964,-66.65141938128468,11.362317329592578,-4.877197953679257,-0.5515872597027851,0.5515872597010018,-8.189591777594753,-10.302497195520331,14.29929975347412,-35.518486604008174
2019-04-23,2.4666,-47.15424152402508,-49.853471216357214,0.0,10.779128911644836,-49.03199916706656,1.8777576430414769,-11.189752817486607,-66.48129181348871,16.627820597131496,-4.252547781271213,-0.5698752782935799,0.5698752782935799,-8.420211738933105,-10.0439395250594,20.823068436704236,-34.7297707641037
2019-04-24,2.4626,-47.03078949018624,-53.52495266387003,0.0,5.352495266386409,-49.00519570684453,1.974406216658295,-11.398318473726022,-66.2576313437987,12.732678679928675,-3.520591241706706,-0.5585981400482822,0.5585981400482822,-8.603084220231352,-9.644084069683274,14.996579336069683,-33.797992779470235
2019-04-25,2.4646,-46.97886733950844,-54.19510236852756,0.0,4.014452027297238,-49.04640581096754,2.067538471459102,-11.612677300154834,-66.09563863043604,11.900536261908485,-2.880969596691757,-0.5992512176447278,0.5992512176447278,-8.791869612241662,-9.503415941688715,13.517867968985954,-32.98017556001564
2019-04-26,2.4616,-46.650494495241645,-55.02154458070826,0.7775082415884215,1.9887305270148423,-49.02931964611817,2.378825150876523,-11.832605369745114,-65.92844923343556,10.906904652727299,-2.259845530901903,-0.5961055985375019,1.3736138401259232,-8.986503036734108,-9.203329553718518,11.192060080733361,-32.12227132901361
2019-04-29,2.4616,-46.878662395499646,-59.661471426177584,-0.7813110399242834,-2.0110608345903223,-49.046545790607425,2.167883395107779,-12.061784705582,-65.78026088493091,6.1187894587533265,-1.6626355775130541,-0.613946158736713,-0.16736488118757042,-9.17610272763025,-9.020543230371572,7.00948239578125,-31.28656407941868
2019-04-30,2.4616,-46.74608306778961,-56.17789667279694,0.0,0.668784484200784,-49.06550181228191,2.319418744492296,-12.294649144824646,-65.67106133301375,9.493164660216813,-1.1344016974997577,-0.6503215003195422,0.6503215003195422,-9.433827251585654,-8.876384736649115,9.5451692208499,-30.54253865825882
2019-05-01,2.4386,-46.99395344465678,-58.5990733169803,0.0,29.98092123194364,-48.79490810745,1.8009546627932167,-12.528955046751403,-65.52136356108588,6.922290244105575,-0.5362841528909859,-0.4566394899392243,0.4566394899392243,-9.677969280445922,-8.019975420715653,38.00089665265929,-29.675025417685404
2019-05-02,2.4446,-45.64449236241691,-56.05496120586456,2.360922018747152,30.761868954439414,-48.88046055810344,3.2359681956865245,-12.716152514473578,-65.42119843387202,9.366237228007464,0.025645627281147387,-0.5293736610288917,2.8902956797760435,-9.833073315554342,-7.8235028035235175,38.58537175796293,-28.31653442070303
2019-05-03,2.4396,-46.1258218605131,-56.22301797128585,1.5635871817108624,28.11150898564412,-48.81275152103224,2.686929660519141,-12.856829014888934,-65.29825302062312,9.075235049337273,0.6674696457693148,-0.4692819937686217,2.032869175479484,-9.890387255864518,-7.302589623019131,35.41409860866325,-26.877802874531007
2019-05-06,2.43345,-46.834751385528065,-55.69909069556768,0.0,27.514008656846872,-48.73406022220736,1.899308836679296,-13.01718641719853,-65.18551924018108,9.486428544613396,1.312998744623411,-0.4044877038099912,0.4044877038099912,-9.968949017965471,-6.788384650447433,34.30239330729431,-25.434497558033616
2019-05-07,2.4336,-46.71332809105985,-55.6624841563111,0.0,24.813396551607863,-48.736976697732814,2.023648606672964,-13.146697983821834,-65.07032282303037,9.407838666719265,1.9576770452211514,-0.40982863787453994,0.40982863787453994,-10.035771718062723,-6.465503855719405,31.278900407327267,-24.064224627851075
2019-05-08,2.4298,-46.84279557804009,-55.25978839544493,0.0,22.238695329872428,-48.680975096083756,1.8381795180436669,-13.213105948756326,-64.96456394577675,9.704775550331817,2.634227535788445,-0.372488823690059,0.372488823690059,-10.072610256591084,-6.075915962327272,28.3146112921997,-22.72040763881988
2019-05-09,2.4244,-46.72606068157748,-54.19319875355648,0.0,23.03210947026195,-48.60140607417388,1.875345392596401,-13.246288307442153,-64.86581147932831,10.672612725771835,3.380139325890316,-0.31403774921878735,0.31403774921878735,-10.047651329965735,-5.690511170443216,28.722620640705166,-21.429750706272934
2019-05-10,2.42005,-45.8769099179648,-54.101575708392545,0.7775747443733636,22.99316967606729,-48.533626187324735,2.656716269359933,-13.255161662723788,-64.76388247400784,10.662306765615298,4.1624399327046095,-0.2667617719509643,1.044336516324328,-10.022695246204249,-5.33935587056957,28.33252554663686,-20.11656383216361
2019-05-13,2.419,-45.387757613989365,-54.18512347435016,-1.7491493675964646e-12,21.674049389740063,-48.50058875877679,3.112831144787428,-13.197263144472384,-64.65395984467959,10.468836370329427,4.921715298764324,-0.24165793435421534,0.24165793435246619,-9.900835273836552,-5.06716039267625,26.741209782416313,-18.837339094747826
2019-05-14,2.411,-44.72133978965514,-54.09974640743876,1.7531819652964876e-12,20.963651732882894,-48.37515785300508,3.653818063349938,-13.16047526740547,-64.59237979948018,10.492633392041427,5.672365598959036,-0.1578622686945046,0.15786226869625777,-9.842087920185808,-4.6973327837631444,25.66098451664604,-17.63040886879525
2019-05-15,2.4341,-45.50748559572454,-52.03933362619536,-1.5426266303638705,20.950900550806328,-48.65340325403902,3.145917658314481,-13.092878703256515,-64.3446770667633,12.305343440567938,6.419210617129656,-0.37970868019520765,-1.1629179501686628,-9.782294124547757,-4.8652297394118875,25.816130290218215,-16.3990497745296
2019-05-16,2.427,-45.07585177816428,-52.19959476630414,-0.777169858243511,22.665613516947335,-48.53774297879748,3.461891200633204,-13.029945378393203,-64.2612353602032,12.061640593899064,7.239368316991998,-0.3142241020823562,-0.46294575616115485,-9.742457117361436,-4.505863652404713,27.17147716935205,-15.074276228188221
2019-05-17,2.43195,-44.61734753782726,-54.16704282668588,0.7827604831190583,20.83347801026475,-48.573279226435275,3.9559316886080182,-12.909116815090107,-64.09401204561343,9.926969218927546,8.054255360829044,-0.35874428797522384,1.141504771094282,-9.660686618968516,-4.3207192188822034,25.154197229146952,-13.70661695323832
2019-05-20,2.417,-43.824638838022075,-53.9091009620697,1.5651656727850412,22.116554240849293,-48.347752475409806,4.5231136373877305,-12.73726971827116,-64.11280253514535,10.203701573075648,8.83978777952999,-0.19805101668574565,1.7632166894707868,-9.489116673454422,-3.8927143450020374,26.00926858585133,-12.326394620880373
2019-05-21,2.43105,-43.93259484733352,-53.274293423738165,1.5690212445480078,22.831840038744577,-48.48196993262901,4.549375085295495,-12.446412344630422,-63.8794032559172,10.605109832179032,9.621520092018306,-0.3036826658017695,1.8727039103497773,-9.220062655797076,-3.828747287743248,26.660587326487825,-10.959505842968305
2019-05-22,2.424,-41.6228187286974,-54.00353100010344,4.712017214570629,22.155294769274622,-48.37407914389388,6.751260415196477,-12.563231532992631,-63.8429508229753,9.839419822871854,10.396438625775966,-0.2321636000185947,4.944180814589224,-9.300562082183273,-3.520619120183884,25.675913889458506,-9.583192798854594
2019-05-23,2.4322,-43.632397054812486,-54.142964841340984,2.337449842223553,20.560619560002305,-48.44295707213958,4.8105600173270915,-12.645230291202989,-63.65485509108533,9.511890249744347,11.171908108654799,-0.2832092939618285,2.6206591361853815,-9.356961098721253,-3.368270573406047,23.928890133408352,-8.19083193343837
2019-05-24,2.4356,-43.58214066136005,-55.61277033985549,2.3347575354278223,20.597322348095528,-48.46359253053059,4.88145186917054,-12.745541997587932,-63.51307486407022,7.900304524214732,11.97792636371894,-0.3048881959972505,2.6396457314250727,-9.446084791183669,-3.1742575449178236,23.771579893013353,-6.824812037441733
2019-05-27,2.4339,-43.56756083898781,-55.49807812210914,2.3339764735150244,20.554843748930217,-48.41691198714655,4.849351148158739,-12.815955565345796,-63.43728934680517,7.939211224696031,12.870374224141454,-0.27656705932380987,2.6105435328388342,-9.50699626385036,-2.946979092475477,23.501822841405694,-5.470632232700373
2019-05-28,2.4339,-42.20959408440427,-56.43616094756978,3.908295748555885,21.59902456018156,-48.389630671600315,6.180036587196042,-12.850061401649425,-63.345323607764584,6.909162660194802,13.781212729420497,-0.26235911639173537,4.17065486494762,-9.535132466114263,-2.739793895346785,24.338818455528347,-4.103814818594528
2019-05-29,2.4395,-41.41336792261134,-53.377699213198824,4.6883058025608815,22.182939932757986,-48.427931701977656,7.014563779366313,-12.911430244015694,-63.17936130663048,9.80166209343166,14.689861636411168,-0.2922851255706469,4.980590928131528,-9.562116674393259,-2.543775602813274,24.72671553557126,-2.6942451332940642
2019-05-30,2.462,-41.12831257517698,-53.698667859971216,4.656035385866462,22.030222711781526,-48.678391274006316,7.5500786988293385,-12.946900882197848,-62.72255994661941,9.023892086648196,15.636633665355632,-0.4759301935192717,5.131965579385733,-9.543842231506567,-2.3542952288621444,24.384517940643672,-1.275876395177207
2019-05-31,2.46695,-40.59498460454323,-54.13109317400105,3.829715528732267,21.241315042961453,-48.695357803932175,8.100373199388947,-12.959073292158264,-62.519123616401856,8.388030442400805,16.585158893623355,-0.4880343648474792,4.317749893579746,-9.509169796822691,-2.098676436676251,23.339991479637703,0.20090166004833182
2019-06-03,2.4142,-43.76334593415846,-53.42349957734616,-1.5090808942816811,18.934911242602663,-47.960370150292306,4.197024216133848,-12.960596084903914,-63.3206511482582,9.897151570912037,17.555354791565705,0.041336086169756925,-1.550416980451438,-9.492312050739374,-1.9304626652355203,20.865373907838183,1.680412141252389
2019-06-04,2.42875,-43.75641257770501,-51.28551184290472,-1.5088418130246657,21.593899723326977,-48.1289966938665,4.372584116161491,-13.065931920897661,-62.97378184021644,11.688269997311721,18.544642950877655,-0.10894541185655982,-1.3998964011681059,-9.587183697583516,-1.7398012325540009,23.33370095588098,3.0255127172131315
2019-06-05,2.4241,-42.84683384448888,-47.94867465811226,-0.7516988393763084,24.3120040520004,-48.04449972492784,5.1976658804389615,-13.11647957327423,-62.958915984468106,15.010241326355846,19.60948078972308,-0.07293735084410002,-0.6787614885322084,-9.601982272990226,-1.5734321075101274,25.885436159510526,4.469393968278817
2019-06-06,2.4194,-42.686077598796146,-49.014670829556785,-0.7488785543658603,22.157316950347116,-47.95515716130479,5.269079562508644,-13.188981970097064,-62.93484448933066,13.920173659773873,20.759970562468105,-0.03322245820498537,-0.7156560961608749,-9.659942570691975,-1.4071511283913924,23.564468078738507,5.959682725964066
2019-06-07,2.40535,-42.51003087570698,-50.599201065245495,-0.7457900153625961,23.302263648469985,-47.74082336869875,5.2307924929917675,-13.242193938529546,-63.13443597327155,12.535234908026055,21.953922150295988,0.09812565682842944,-0.8439156721910256,-9.690104251215061,-1.3402787292636305,24.642542377733616,7.5231798122648925
2019-06-10,2.4265,-42.922333167668526,-50.32986465347198,0.0,25.164932326736594,-47.99395428541639,5.071621117747867,-13.305161244332432,-62.569611189403254,12.239746535931275,23.085931119063282,-0.11292729382496347,0.11292729382496347,-9.742798876858187,-1.0037618169517621,26.168694143688356,9.028624917301569
2019-06-11,2.4315,-43.71288173404445,-50.86469989827012,-0.7536703747242249,23.73685995252758,-48.032802829524385,4.319921095479934,-13.356777279731894,-62.352068551630005,11.487368653359887,24.138011738590386,-0.16292170922997684,-0.5907486654942481,-9.807139637746463,-0.7640121708759651,24.500872123403546,10.487980496020754
2019-06-12,2.4054,-42.74209271284846,-50.07036916747852,0.0,22.328678142253622,-47.65924315239523,4.9171504395467664,-13.389110202110302,-62.912022302435794,12.841653134957276,25.177256227053675,0.08954404420197903,-0.08954404420197903,-9.829719947282921,-0.8908235234635065,23.21950166571713,11.952619036792164
2019-06-13,2.4102,-43.20909476946424,-48.29783665940027,-1.4899687851542898,22.136508468891147,-47.69761301416638,4.488518244702142,-13.467033613948551,-62.711291408722886,14.413454749322618,26.250313134811126,0.04145466906902584,-1.5314234542233156,-9.873661067076881,-0.6938845456793601,22.830393014570507,13.385371798586279
2019-06-14,2.40215,-43.97406275620549,-50.40830728904075,-2.9812923902518516,20.835433679470768,-47.56492857259646,3.5908658163909664,-13.534408286990741,-62.84187657948699,12.433569290446243,27.337887597181705,0.11252923173320184,-3.0938216219850534,-9.909869448634637,-0.6745111501648964,21.509944829635664,14.7572954113788
2019-06-17,2.4031,-44.04102533478542,-49.18971732758237,-3.732290282607323,22.23644755904535,-47.559256113139185,3.518230778353768,-13.662518042395224,-62.7462512587273,13.556533931144926,28.28238363511259,0.08625974647787515,-3.8185500290851984,-10.024380465276263,-0.54141154105357,22.77785910009892,16.03213534491807
2019-06-18,2.38235,-43.81372483495492,-49.29882415642373,-2.9704220227078637,19.31980946670658,-47.255434569624285,3.4417097346693666,-13.775986223255046,-63.2756997029708,13.97687554654707,29.177569218657695,0.27566846787268773,-3.2460904905805514,-10.121902862296634,-0.7735569355124667,20.093366402219047,17.27752744723034
2019-06-19,2.4327,-43.3702347873395,-48.82232631787282,-3.675443626047335,19.133073827274472,-47.9360126019194,4.565777814579903,-13.897048528314073,-61.70894196556388,12.886615647691059,29.984289789337872,-0.2530916004898067,-3.422352025557528,-10.20583765145975,0.23438042481928534,18.898693402455187,18.367747908056977
2019-06-20,2.4306,-43.21396675405491,-49.27385892116101,-4.321396675406473,16.208506224067772,-47.881690619274316,4.667723865219408,-13.90592561107382,-61.68940835526247,12.415549434101464,30.317101181012358,-0.25312828508551277,-4.06826839032096,-10.280556691028217,0.32304379792699933,15.885462426140773,19.049343006132254
2019-06-21,2.42425,-41.439523302588405,-52.12643266242275,-3.572372698500513,14.98634939044748,-47.76846538758442,6.328942084996015,-13.935586347930379,-61.804121183190674,9.677688520767923,30.67739189005174,-0.21420870121248115,-3.358163997288032,-10.431757212931256,0.30580662723571095,14.680542763211768,19.669884764783333
2019-06-24,2.43645,-41.557490209336095,-54.391815326836294,-3.5218212041795045,9.712824165506891,-47.90448104177221,6.346990832436113,-13.942398718782872,-61.36532258988771,6.973507263051417,31.000972301313567,-0.36488190274206644,-3.156939301437438,-10.570986986751059,0.6477426681698191,9.065081497337072,20.269034196718366
2019-06-25,2.4415,-41.44888439273775,-53.996031616952415,-2.81009385713387,15.613310347072629,-47.938483701174114,6.489599308436361,-13.909020752990067,-61.15724848976578,7.1612168728133625,31.302355007861813,-0.4406047775722435,-2.3694890795616264,-10.684821273351211,0.8251459324799626,14.788164414592666,20.846335711722624
2019-06-26,2.4425,-41.16394606103587,-53.047965839729336,-1.4194464158981226,16.372828962879755,-47.91794394751112,6.753997886475247,-13.942654914543152,-61.0724160069031,8.024450167173761,31.61678324907647,-0.4720115338789128,-0.9474348820192098,-10.857054660260061,0.9643820131712104,15.408446949708544,21.67345290363921
2019-06-27,2.4065,-41.85050149668807,-58.32814496837855,-2.837322135369284,11.141331061375274,-47.37936327802478,5.528861781336715,-14.00936562223777,-62.16387977287148,3.8357348044929296,31.91745560262505,-0.08797907072732158,-2.7493430646419625,-11.047140718298213,0.2756402119495718,10.865690849425702,22.458680544283457
2019-06-28,2.3818,-41.857330353658,-57.460006529545666,-2.837785108721674,11.75318315377126,-47.00330858553211,5.1459782318741105,-14.132964739196842,-62.93616038215421,5.476153852608547,32.126759197198915,0.17441759892678732,-3.0122027076484614,-11.262923738318364,-0.2354361456799552,11.988619299451216,23.169588983990458
2019-07-01,2.36895,-43.346650387591296,-71.31066358534206,-3.612220865632608,0.6602839220861313,-46.793178845118035,3.446528457526739,-14.272785707252615,-63.32849390588588,-7.982169679456177,32.3228330240616,0.3120584543854079,-3.924279320018016,-11.51724583932214,-0.4948165934681299,1.155100515554261,23.827000248489387
2019-07-02,2.37715,-43.70352095301904,-73.77664610061132,-4.229372995454385,-3.2644533672853187,-46.89262910439795,3.1891081513789103,-14.358251651373614,-63.10207961863367,-10.67456648197765,32.41717073794027,0.20417355342102894,-4.433546548875414,-11.744962694942828,-0.3064024725878767,-2.958050894697442,24.43357838744024
2019-07-03,2.34485,-43.699516485993726,-74.48546226723228,-2.8193236442551783,-3.9202874877480895,-46.41303621108226,2.7135197250885312,-14.375936760046045,-64.20274890147526,-10.282713365757019,32.48851963035277,0.5716114204905871,-3.3909350647457654,-11.912372477187802,-1.1424312533623038,-2.7778562343857858,25.062900405474206
2019-07-04,2.3398,-43.7828371278446,-74.57267892536778,-2.8246991695358754,-3.9248778381762737,-46.32884148571316,2.5460043578685614,-14.374828639726495,-64.41934756674117,-10.153331358626616,32.63154406650407,0.6233594115371943,-3.4480585810730697,-12.018010544068158,-1.3210624180379824,-2.6038154201382913,25.750748992791863
2019-07-05,2.3432,-44.30311908249702,-78.00624049924053,-2.858265747258501,-2.666880017068922,-46.36791928501773,2.0648002025207077,-14.357473502392372,-64.36238526994924,-13.64385522929129,32.831967497973835,0.57140762463181,-3.429673371890311,-12.080867048754953,-1.284041049927076,-1.3828389671418462,26.465305261123646
2019-07-08,2.3305,-44.427565154457774,-77.83395423097332,-1.4331472630473403,-1.330494944118475,-46.17797139309343,1.7504062386356551,-14.340428318643795,-64.85458316868787,-12.979371062285452,33.086546977316125,0.71469514295962,-2.1478424060069603,-12.145923228295992,-1.676802077653825,0.34630713353535003,27.212397691311196
2019-07-09,2.345,-45.076952797990536,-77.44754087509043,-2.1465215618087634,0.6619447938050057,-46.38565937257195,1.3087065745814144,-14.210889363453749,-64.4476981958064,-12.99984267928403,33.458494240363656,0.5306403488098397,-2.677161910618603,-12.16165723107099,-1.3245200847247958,1.9864648785298016,28.03243992134539
2019-07-10,2.3175,-44.39683725387912,-77.4217253234644,-1.4094234048837797,1.165496705902587e-12,-46.01123902632426,1.6144017724451416,-13.93708659373268,-65.46449917356178,-11.957226149902624,33.97972805096101,0.8591496794426234,-2.268573084326403,-12.228945679057333,-2.16202331930603,2.1620233193071954,28.96968714085503
2019-07-11,2.2925,-44.87786808756138,-78.03200634836566,0.0,1.174683798042753e-12,-45.69870232811817,0.8208342405567919,-13.533686147406364,-66.43169007467384,-11.600316273691817,34.65792623439056,1.1575232759405694,-1.1575232759405694,-12.243466136759501,-2.987234384611824,2.9872343846129987,30.01562318417684
2019-07-12,2.2707,-44.499381953028106,-77.53364171572655,0.0,0.6570647603047456,-45.43116396694458,0.9317820139164752,-13.292744326740914,-67.33549997701469,-10.198141738711854,35.49841291930592,1.4495184852507599,-1.4495184852507599,-12.474999548608128,-3.7661194349874734,4.423184195292219,31.086063054637506
2019-07-15,2.248,-45.25750814988785,-76.05452524425145,-1.4142971296859046,-1.9501160319028177,-45.15824816081427,-0.09925998907358036,-13.077798224443228,-68.31079377057563,-7.7437314736758225,36.40703411881103,1.7696215756675748,-3.1839187053534794,-12.756073462707391,-4.603682140193541,2.6535661082907236,32.073166266135715
2019-07-16,2.2549,-45.51175838945168,-75.19763480943448,-2.8444848993398204,-1.2854296548614252,-45.26663265529756,-0.2451257341541151,-12.951778055393284,-68.21149757592634,-6.986137233508131,37.31023463393774,1.7093358594029695,-4.5538207587427895,-13.021841864273945,-4.51582735865513,3.230397703793705,33.074112673027685
2019-07-17,2.2542,-44.862852856853095,-72.01903807615133,-1.401964151776958,2.224895840932177e-12,-45.27767491188231,0.4148220550292123,-12.815371728344228,-68.40180680738915,-3.6172312687621826,38.3124190147997,1.73497003754526,-3.136934189322218,-13.24037582979852,-4.676838974756919,4.676838974759144,34.119251480585326
2019-07-18,2.18245,-44.25696701472991,-71.55963302752347,-0.6915151096060883,-1.2232415902155622,-44.352991537931956,0.09602452320204691,-12.833575306013842,-71.37933714949541,-0.1802958780280619,39.334200754585254,2.738291894831967,-3.4298070044380555,-13.53790977740497,-7.342109365177166,6.118867774961603,35.21074783860419
2019-07-19,2.2265,-45.602194517914654,-74.07956144899684,-2.10471667005728,-3.0866483937097557,-44.94210073783196,-0.6600937800826969,-12.691711240222247,-69.80372647096245,-4.275834978034396,40.2594802017206,2.1519258684270532,-4.256642538484334,-13.644432778037743,-5.954524792604175,2.8678763988944196,36.261140390666526
2019-07-22,2.234,-45.61787659311661,-73.33528894103686,-1.403626972096215,-2.444509631366593,-45.02885829578521,-0.5890182973313998,-12.756332608446655,-69.6629110723468,-3.672377868690063,41.19254926102804,2.0340621857059737,-3.437689157802189,-13.623245292712362,-5.862916246720459,3.4184066153538666,37.44236335344736
2019-07-23,2.238,-45.84470634702328,-73.7580006095716,-1.4106063491394982,-2.438281011889599,-45.067013952034124,-0.7776923949891597,-12.851011368373491,-69.68620289908775,-4.07179771048385,42.34192974268065,1.977739509047808,-3.3883458581873063,-13.676929771688037,-5.89935737528215,3.4610763633925514,38.71494289587699
2019-07-24,2.2285,-46.28785434755261,-74.68979641007034,-2.1039933794354417,-4.21635947476081,-44.944064844695525,-1.343789502857085,-12.870294265993868,-70.29285971400766,-4.3969366960626814,43.51360564417641,2.088493185396789,-4.192486564832231,-13.621192123904867,-6.471493251299847,2.2551337765390373,40.021998488470594
2019-07-25,2.211,-45.95003463925688,-76.16378259809896,-1.413847219669764,-3.655861564708889,-44.71759012224203,-1.232444517014848,-12.898436317450443,-71.3061813266242,-4.857601271474763,44.837478221365124,2.3002485192496813,-3.714095738919445,-13.540241128981808,-7.429947161355784,3.7740855966468954,41.48559296866308
2019-07-26,2.205,-46.51490591303217,-78.0540158181342,-2.1143139051390647,-4.268578990052928,-44.65072701506401,-1.8641788979681664,-12.859562988886847,-71.85044243530902,-6.203573382825184,46.24580530144739,2.3659709366736585,-4.480284841812724,-13.510116225504795,-7.965754723745832,3.6971757336929034,43.08017144493175
2019-07-29,2.187,-47.65909728062766,-78.37895312452396,-4.9060835435943755,-3.6455327034642737,-44.461724347529305,-3.1973729330983574,-12.674792759873142,-73.02442035259199,-5.3545327719319715,47.84409822350502,2.5620224733853973,-7.468106016979773,-13.335883391478458,-9.095025368913966,5.449492665449692,44.86526953333009
2019-07-30,2.16675,-42.631108129262465,-78.45740668094933,-0.6988706250692513,-4.82814810344254,-44.26581382092853,1.6347056916660634,-12.437123189474066,-74.3765419741002,-4.080864706849127,49.503788465012406,2.7496204496940067,-3.448491074763258,-13.047175243587045,-10.422050408975196,5.593902305532655,46.799706654416696
2019-07-31,2.22285,-40.317446844629615,-78.69900703987219,2.1219708865591147,-3.6890159549941446,-44.97610793693575,4.658661092306133,-12.34037213125706,-71.89627922141611,-6.802727818456077,51.22915580154061,1.9762017386657824,0.14576914789333228,-12.84390260783166,-8.126789359773738,4.437773404779594,48.85143253711892
2019-08-01,2.2188,-40.82536431448049,-78.96911634171059,1.383910654726872,-3.672982155430675,-44.925057857408305,4.099693542927817,-12.270841414764345,-72.43224440872402,-6.536871932986571,53.048200157551946,2.011976643417629,-0.6280659886907571,-12.746107625231392,-8.696555436539072,5.023573281108396,51.108573737742034
2019-08-02,2.2,-40.94861989270137,-80.22561912578699,0.6940444049603982,-6.1712014712132035,-44.711877895095,3.763258002393627,-12.118625954259477,-73.81884466857146,-6.406774457215533,55.0196994121126,2.2009434297604002,-1.506899024800002,-12.486331778861294,-10.094985104705344,3.9237836334921408,53.50353092436388
2019-08-05,2.1869,-40.30880644940965,-79.28666398311744,-1.3664002186243458,-7.92866639831066,-44.57858210902842,4.269775659618766,-11.945096349357772,-74.95757000950911,-4.329093973608323,57.015863637062495,2.2964729676323543,-3.6628731862567,-12.167175737519086,-11.29265809928394,3.3639917009732807,56.0203830661099
2019-08-06,2.1874,-40.01573500088232,-79.04417353236191,-0.6782327966260389,-7.90441735323511,-44.61997525185423,4.604240250971905,-11.718076723336482,-75.36881518559917,-3.675358346762735,59.157202682962094,2.1825754328656046,-2.8608082294916435,-11.672907969933226,-11.766381631754001,3.861964278518891,58.56158907200357
2019-08-07,2.1725,-42.6336966079556,-78.333713310299,-3.9969090569938026,-9.937859151304435,-44.490082589550845,1.8563859815952455,-11.460603912187484,-76.76067703543245,-1.5730362748665527,61.48449239244375,2.2434788257462834,-6.240387882740086,-11.179857695057752,-13.209050080866689,3.2711909295622537,61.247734693060266
2019-08-08,2.1818,-42.63966154768707,-79.72597885785245,-3.3312235584130048,-11.811256127090962,-44.67193273169167,2.0322711840045997,-11.073903276972578,-76.72217598795183,-3.0038028699006247,64.06591670922867,1.9881143890976354,-5.31933794751064,-10.509439377585533,-13.212228179272074,1.4009720521811122,64.07365818289772
2019-08-09,2.18535,-43.42162396873643,-81.27687142941171,-3.340124920672033,-12.957182401789543,-44.776819648050825,1.3551956793143987,-10.725519308038965,-77.03899453798945,-4.23787689142226,66.73193041682177,1.820181784010348,-5.160306704682381,-9.921759169683813,-13.599605561046019,0.6424231592564755,67.1398415909346
2019-08-12,2.1935,-41.68982768204528,-80.2775140925107,-1.985229889620917,-12.891279635291,-44.923157098246364,3.23332941620108,-10.404281088068316,-76.98467767677201,-3.292836415738691,69.21548303766667,1.6228010632966594,-3.6080309529175763,-9.380290102604032,-13.611981777774702,0.7207021424837023,70.04421164765898
2019-08-13,2.19,-41.29176628860159,-82.51554533934552,-0.6659962304592155,-11.19853829605511,-44.90998372118904,3.61821743258745,-10.246558622910207,-77.72573763905152,-4.789807700294006,71.71676735550298,1.5615308627486009,-2.2275270932078164,-8.944729255702576,-14.454114129704493,3.2555758336493827,73.09445927430858
2019-08-14,2.185,-40.887388219156705,-82.4766219434277,-1.3189480070698614,-13.939710751002446,-44.89395492990142,4.006566710744714,-10.030049467990201,-78.57052129860708,-3.9061006448206257,74.07571337412381,1.5194541787033806,-2.838402185773242,-8.539411364346758,-15.379369992129966,1.4396592411275204,75.91151733685686
2019-08-15,2.15,-40.04490280905236,-80.50503880458874,-0.6564738165427229,-13.320977643926351,-44.56779803402743,4.522895224975073,-9.886160086097787,-81.6733122272143,1.1682734226255604,76.19996945262817,1.7022311691740875,-2.3587049857168103,-8.074637551959714,-18.683282142237942,5.362304498311591,78.66697766525334
2019-08-16,2.1735,-40.30339869971926,-82.39205763938095,-1.9821343622795016,-15.192861692369885,-44.78296891902846,4.479570219309203,-9.926877097830836,-80.10114224998978,-2.2909153893911736,77.2400672885574,1.4190965138355836,-3.4012308761150853,-7.655536273609503,-17.273009036836953,2.0801473444670684,80.7803340425477
2019-08-19,2.15035,-40.777581688859755,-80.58542944330829,-2.005454837155243,-12.443338369923143,-44.52431087218655,3.746729183326792,-10.009224486556198,-82.41799507528054,1.8325656319722583,79.46940024916572,1.4959111156384406,-3.501365952793684,-7.258942827451058,-19.932225637491115,7.488887267567971,84.1572375590584
2019-08-20,2.15,-39.80891719745223,-80.407865986891,-1.3269639065820429,-13.401310997816893,-44.49768911310437,4.68877191565214,-10.080821505956902,-82.71539453766522,2.3075285507742223,80.60501717285736,1.4022327732510735,-2.7291966798331164,-6.88107482591242,-20.484848404760697,7.083537406943805,86.387039212138
2019-08-21,2.1381,-40.59494892356926,-81.18447565925844,-1.9964728978816215,-14.017463423179835,-44.31785953654634,3.722910612977074,-10.289709868890082,-83.90905532146905,2.7245796622106155,81.54785069807383,1.3904170097735626,-3.386889907655184,-6.526317696336939,-22.019982768266686,8.002519345086851,88.4389746713986
2019-08-22,2.1056,-41.386860339372554,-80.97878707860322,-2.6701200218955914,-14.67007012293644,-43.92828433710716,2.5414239977346043,-10.465518450476571,-86.82834454340525,5.849557464802032,82.50679429331117,1.4757826905527018,-4.145902712448294,-6.097215643504201,-25.479750412924318,10.809680289987877,90.53640295823988
2019-08-23,2.0855,-40.603552155916454,-80.91822094691433,-1.964688007542615,-15.494978479195105,-43.671353383384286,3.0678012274678323,-10.610803092362335,-88.87035532138609,7.952134374471754,83.76861124697265,1.4280625196947412,-3.3927505272373564,-5.553544391178481,-27.29053443493504,11.795555955739935,90.53342662733078
2019-08-26,2.08,-41.24899332813872,-81.51020292644378,-1.9642377775301316,-15.283163048708586,-43.526993038059246,2.277999709920529,-10.880930861493844,-89.70512997498767,8.194927048543889,84.97400609745443,1.3170207749755019,-3.2812585525056335,-5.106448052314328,-27.746312984113843,12.463149935405257,90.41576627791375
2019-08-27,2.082,-40.18641310336364,-79.66595242019646,0.0,-14.834349761000752,-43.46459753501125,3.2781844316476096,-11.148118581965374,-89.86684631808552,10.20089389788906,86.03795731294773,1.1631167746437168,-1.1631167746437168,-4.64986081672203,-27.410432571374287,12.576082810373535,89.92878562509827
2019-08-28,2.082,-40.93540652757263,-75.1777299594139,-0.6497683575799317,-9.261024705143086,-43.351233523433194,2.415826995860563,-11.507327489900472,-90.12632342754506,14.948593468131165,86.86690119434286,1.0726775651321372,-1.722445922712069,-4.362738023327092,-27.323796189194212,18.062771484051126,89.6581099339335
2019-08-29,2.0625,-41.8949614762743,-85.3999014616515,-1.9638263192015204,-16.970493239173813,-43.029531792062656,1.134570315788359,-11.797515573878641,-91.85754973316773,6.457648271516234,86.97917156339835,1.04344172231478,-3.0072680415163004,-4.021784198241015,-28.71605789847925,11.745564659305437,88.59682160895395
2019-08-30,2.0575,-42.09473947302707,-85.43799215276532,-0.657730304266936,-17.41411305024517,-42.89149565715618,0.7967561841291086,-12.029522048889682,-92.45602651742772,7.018034364662398,87.44537731063,0.9275294612364373,-1.5852597655033733,-3.6208982165427397,-28.88179746227118,11.46768441202601,87.77085104940598
2019-09-02,2.0605,-41.84948570905512,-85.00546850466178,-0.653898214204869,-17.32595536400751,-42.86877744688698,1.019291737831857,-12.203177837511799,-92.2913103174551,7.285841812793322,87.71515652052365,0.8008616231644377,-1.4547598373693067,-3.2788908287348484,-28.309807381913657,10.983852017906148,86.84317746811348
2019-09-03,2.025,-40.72134962187436,-67.48338870432026,-1.4696766559578057e-12,-31.146179401994537,-42.367168006580414,1.645818384706054,-12.384957356514992,-95.38592914867411,27.902540444353846,87.64336906807864,0.795810381534892,-0.7958103815363617,-2.957149228632768,-30.975953810118284,-0.1702255918762532,85.72144249510447
2019-09-04,2.0051,-41.222504911275585,-68.88879817112895,-1.9323049177171872,-32.65839320705243,-42.130175681240466,0.9076707699648807,-12.369681318851363,-96.29133417996883,27.402536008839874,85.43871638105932,0.6584974066354725,-2.5908023243526594,-2.4696030598002343,-32.6402485034846,-0.01814470356782749,85.61980343300525
2019-09-05,2.029,-42.78990158322636,-72.38217789930918,-3.291530891017412,-33.77834968634518,-42.52396316426051,-0.26593841896585246,-12.120914768645783,-93.39340709373667,21.011229194427486,83.03069596767904,0.294205737748904,-3.585736628766316,-1.6593209065176537,-30.5228334362632,-3.255516250081982,85.43527585002244
2019-09-06,2.01815,-43.13720285103729,-73.71548025085286,-1.9909478238937264,-34.65727802838532,-42.56647388611445,-0.5707289649228358,-11.686973146944577,-93.6724196567456,19.95693940589274,81.3456359557276,-0.053114449795076624,-1.9378333740986498,-0.7280741113373779,-31.461004510989454,-3.1962735173958663,85.48489080917173
2019-09-09,2.013,-44.025534810189306,-73.29872004886464,-2.0011606731886302,-32.207013354802605,-42.6927935959489,-1.3327412142404071,-11.229694903909428,-93.55286138589591,20.25414133703127,79.88330407973245,-0.3533775727760357,-1.6477831004125945,0.025120292920177867,-31.95247470879295,-0.2545386460096566,85.63406427238567
2019-09-10,2.0065,-43.74806498943315,-73.31907684616961,-0.6730471536845053,-30.54961535257215,-42.77680132921299,-0.971263660220167,-10.852031666007615,-93.46686976605392,20.14779291988431,78.27414629197267,-0.5771775931037522,-0.09586956058075313,0.5605343457514748,-32.427940447770084,1.8783250951979333,85.44841172014857
2019-09-11,2.01,-44.08228693561406,-73.39955849889576,-2.0037403152563575,-30.35320088300205,-42.9493911206977,-1.1328958149163597,-10.531085559094475,-92.57800801547589,19.17844951658013,76.62698391632938,-0.7198038840684537,-1.2839364311879038,0.8943594590593179,-31.965726464986716,1.6125255819846664,85.05134517009604
2019-09-12,1.9945,-44.021717380575325,-74.03110411314623,-1.333991435776802,-28.72848816331019,-42.91096099413329,-1.1107563864420342,-10.245384732618973,-93.1691223431153,19.138018229969077,75.09587971348711,-0.9162216960670424,-0.4177697397097595,1.307788290881338,-33.12973667003902,4.401248506728834,84.69560190408048
2019-09-13,1.9993,-44.33904590434797,-76.81504199031232,-1.3436074516457048,-25.7960961907754,-43.002801313576555,-1.3362445907714147,-10.137572769820233,-92.17410426152222,15.359062271209893,73.4539335056994,-0.9728518032030324,-0.3707556484426724,1.4488751188852087,-32.469207763659625,6.673111572884224,84.08616767070697
2019-09-16,2.0535,-44.71346676187773,-75.06287916556985,-2.6694607022022443,-29.128878482161134,-43.66756033677041,-1.0459064251073258,-9.840327645215355,-87.76065049444787,12.69777132887802,72.16307338695529,-1.0109739823517372,-1.658486719850507,1.7328618541339114,-27.624791673096297,-1.5040868090648374,83.28933153266489
2019-09-17,2.1065,-43.29350331028787,-74.37626620042757,-1.3321077941630064,-30.527571947936455,-44.235529178867765,0.942025868579897,-9.698917599623076,-83.6933204775116,9.31705427708404,71.31908317077446,-0.9998317699793233,-0.33227602418368307,1.9763264640563274,-23.175852292661915,-7.35171965527454,83.21705895188181
2019-09-18,2.125,-44.84605087014756,-74.906367041198,-2.008032128513752,-31.539522964713687,-44.460447819973666,-0.3856030501738914,-9.580899993269027,-82.23654603126172,7.330178990063729,70.8298128883549,-1.063625276659776,-0.9444068518539761,2.263028031071649,-21.685351814258013,-9.854171150455674,83.43563263539033
2019-09-19,2.116,-44.69556980180547,-74.7611017425515,-2.6683922269740497,-30.354131534569134,-44.35452275854262,-0.3410470432628472,-9.630650362486193,-82.76920597218466,8.008104229633162,70.47630414349854,-1.098946427991323,-1.5694457989827266,2.312506046178491,-22.536729645409906,-7.817401889159228,83.80123033623093
2019-09-20,1.9768,-46.80598589227971,-73.37001834250539,-4.614674665434888,-28.90334055917023,-42.99543024161832,-3.810555650661385,-9.664097087502746,-92.40621948501294,19.03620114250755,70.07603780964841,-1.4697946359760152,-3.1448800294588724,2.4201828478562275,-34.304152979841206,5.400812420670977,84.06152937991173
2019-09-23,1.97375,-49.269497582509985,-72.4248927038635,-6.569266344334665,-29.506437768242098,-43.070595028414125,-6.198902554095859,-9.397450735061977,-91.95337854717877,19.528485843315266,68.46753539635533,-1.5994009109758096,-4.969865433358855,2.7091782340242405,-34.2882198704844,4.7817821022423,83.44525808903666
2019-09-24,2.003,-49.61256503489289,-73.08527331742613,-7.1807659918931535,-30.631327787450083,-43.50896583963686,-6.103599195256031,-8.952838811972512,-89.30436371837587,16.21909040094974,66.8044294101816,-1.6797713445648705,-5.500994647328283,3.1226815139275788,-31.61529540319617,0.9839676157460886,82.89031876865637
2019-09-25,2.002,-47.87074897776036,-75.37267600915527,-5.318972108639703,-31.26570264083378,-43.63586056489958,-4.234888412860776,-8.581686859768604,-88.81996106866276,13.447285059507493,65.44068356152,-1.8545208795346841,-3.464451229105019,3.5548085952092983,-31.5505995788659,0.28489693803211935,82.58106534934564
2019-09-26,1.9531,-48.51207485479575,-75.74269924537917,-4.651842794295814,-32.541307823942205,-43.29954614375194,-5.212528711043809,-8.367540681548084,-91.49096054662492,15.748261301245748,64.28600239216797,-2.152711057005641,-2.499131737290173,3.8308584821131304,-35.4368513479385,2.895543523996295,82.30394489123465
2019-09-27,1.9137,-48.76386931283146,-76.96298365534152,-4.007989258591217,-33.63567433825944,-43.11554616344467,-5.6483231493867905,-8.035693572168883,-93.31875712666522,16.3557734713237,62.842922491367275,-2.4136982716825166,-1.5942909869087005,4.056808127554243,-38.42935666639741,4.793682328137969,81.83804527553187
2019-09-30,1.87995,-48.896766701302184,-77.66624695512886,-3.395608798703063,-32.94931689005365,-43.036012444289355,-5.860754257012829,-7.632580299507655,-94.60970746515189,16.94346051002303,61.245820327050836,-2.6349835234797565,-0.7606252752233065,4.21790019525252,-40.82968923116502,7.880372341111368,81.18482521533035
2019-10-01,2.0555,-45.29659126249067,-76.58611586551099,-10.141027894587396,-33.651475153029146,-44.512332847187594,-0.7842584153030785,-7.180891642042699,-83.28228340157315,6.696167536062163,59.55632990149893,-1.9356251801616207,-8.205402714425775,4.326008654619985,-26.232041447579576,-7.4194337054495705,80.23425434084677
2019-10-02,1.87955,-44.01613925105811,-75.74031890660542,-8.00293440928219,-33.59908883826737,-43.2354257714328,-0.7807134796253052,-7.193567648073022,-93.45680498973027,17.71648608312485,59.02150240035333,-2.945127883779598,-5.057806525502592,4.790055554506697,-40.37841629047051,6.779327452203141,80.3540233279806
2019-10-03,1.85075,-44.512652887675614,-75.17084282460219,-9.3011513496641,-33.599088838269395,-43.0214513189228,-1.491201568752814,-7.188222915157604,-94.25084356975371,19.080000745151523,57.36217559529919,-3.3142018499970956,-5.986949499667004,5.2239186474324,-42.201990319824034,8.602901481554639,79.51011889214959
2019-10-04,1.82465,-45.192933951855935,-75.22224754957914,-9.96902954820358,-33.052199680877244,-42.87258998908829,-2.3203439627676445,-7.10449894387008,-94.73957893116787,19.517331381588733,55.58439357705232,-3.7516884686267122,-6.217341079576867,5.760692074359296,-43.68754729392214,10.635347613044893,78.52249870335311
2019-10-07,1.809,-45.53063274188118,-76.84014955157485,-10.04352192835621,-34.40603711264463,-42.84294829102463,-2.687684450856544,-6.9465469709346195,-94.53716576748074,17.69701621590589,53.745694870192494,-4.163545356640546,-5.879976571715664,6.320165499125551,-44.20662009071734,9.800582978072704,77.35490768935834
2019-10-08,1.8025,-45.16741834992763,-76.12925054982324,-9.963401106601747,-34.96306321547463,-42.891863107141816,-2.2755552427858134,-6.764353929069234,-93.91666733537126,17.787416785548018,52.10627251367023,-4.497396735350872,-5.466004371250875,6.827898044552013,-44.04170104521876,9.078637829744132,76.28308072224675
2019-10-09,1.811,-45.165618337240744,-77.252734859592,-9.963004044978131,-36.65275741513549,-43.03028514189327,-2.135333195347471,-6.607617652791122,-92.5691641804435,15.316429320851498,50.547061266401926,-4.725835382572976,-5.237168662405155,7.317470157503125,-42.828846726957124,6.1760893118216345,75.36109867643361
2019-10-10,1.791,-45.51569956960859,-78.2240290513769,-10.040227846237256,-36.542612111592035,-42.96038115056986,-2.555318419038734,-6.482931867437522,-92.80087645245156,14.576847401074659,49.26175859314067,-5.125684000424233,-4.914543845813023,7.741747077963209,-43.91886297421462,7.376250862622584,74.72180587701318
2019-10-11,1.7785,-45.66792701190693,-78.10139499352981,-11.416981752977115,-36.485323208656176,-42.9583328973868,-2.7095941145201294,-6.329566547190394,-92.63040885395701,14.529013860427199,48.00826327463121,-5.4641912065638305,-5.952790546413285,8.138027915327006,-44.34763270383061,7.862309495174436,73.96636050735853
2019-10-14,1.792,-45.53947535845716,-77.59489799386064,-10.715170672580305,-36.81509758832864,-43.128170724674995,-2.4113046337821658,-6.163862382851152,-91.24305209319726,13.648154099336622,46.80061321281321,-5.623156700075697,-5.092013972504608,8.59492441039583,-42.8513316837396,6.036234095410961,73.20409388424295
2019-10-15,1.777,-45.91461232537225,-78.099427462285,-11.47865308134191,-36.75267174695789,-43.09570342972954,-2.818908895642707,-6.038653683357852,-91.25788986147442,13.158462399189418,45.72004847805337,-5.967831072595445,-5.510822008746466,8.954612019283676,-43.5357857916149,6.783114044657012,72.60884534421459
2019-10-16,1.7664,-45.633602437370925,-78.73336973075513,-11.408400609341587,-36.78055228298041,-43.117042976924076,-2.5165594604468495,-5.878431258978482,-91.07678418920555,12.343414458450425,44.689922164215716,-6.313006674839034,-5.095393934502553,9.355885954385787,-43.86130583505127,7.08075355207086,71.97125050973355
2019-10-17,1.751,-46.250678678437744,-79.77662544874386,-11.395094746861629,-38.178813607613066,-43.099196180077264,-3.1514824983604797,-5.741335196175397,-91.1215373417298,11.344911892985948,43.72944238971072,-6.682666641452894,-4.712428105408735,9.712179089936168,-44.51752061043784,6.338707002824776,71.33695075295316
2019-10-18,1.729,-46.30717090030597,-80.33043725965064,-13.422368376900105,-38.740920096853095,-43.080984977607116,-3.2261859226988534,-5.556519992330639,-91.48112574512756,11.15068848547692,42.86154041524715,-7.1242027902078,-6.2981655866923045,10.051431910440431,-45.66933078531095,6.928410688457852,70.77511135471099
2019-10-21,1.722,-46.48029639609357,-81.43044245771921,-12.79892219602621,-39.86105574853385,-43.166648110369195,-3.3136482857243763,-5.354866566432189,-91.18955728667018,9.75911482895097,42.01892647660793,-7.4980877230155265,-5.300834473010683,10.499672527222053,-45.75153369182087,5.890477943287017,70.21029857857278
2019-10-22,1.7185,-47.05312970531296,-82.18005421600705,-13.443751344375134,-39.948637466113134,-43.272667208235596,-3.780462497077366,-5.153482268425659,-90.81879891815387,8.638744702146823,41.2944686891211,-7.795390744041509,-5.648360600333625,10.87508418979083,-45.6111528376981,5.662515371584966,69.70877023905922
2019-10-23,1.708,-46.913116907487336,-83.17666495755755,-13.403747687853524,-38.73981655557534,-43.35402844841036,-3.5590884590769747,-4.934761998016004,-90.78378294397929,7.607117986421741,40.66140634276108,-8.166945306796976,-5.236802381056549,11.24792314638913,-45.98433404508242,7.244517489507082,69.25057518500903
2019-10-24,1.691,-46.54317211665049,-83.66321345349444,-12.633146717377166,-39.30486538083623,-43.38982355748947,-3.1533485591610173,-4.74003517927531,-91.03457157910125,7.371358125606818,40.094472449554075,-8.599457626508364,-4.033689090868801,11.587661309859094,-46.731097628091504,7.426232247255271,68.70165594084887
2019-10-25,1.676,-46.52306547124542,-83.70520247235419,-11.963073978319947,-39.35807533468503,-43.42264317219496,-3.1004222990504573,-4.57091678091524,-91.2025698210725,7.4973673487183135,39.55417737455541,-8.958648706241895,-3.004425272078052,11.843901928921358,-47.31846042157636,7.960385086891328,68.15237973842537
2019-10-28,1.661,-47.57087054693192,-85.71668674192482,-13.400245224489131,-40.89750413176664,-43.457250372744774,-4.113620174187147,-4.405935855351014,-91.35690192515595,5.640215183231135,39.02075783166816,-9.278372768007738,-4.121872456481393,12.033641196471333,-47.8835131096951,6.9860089779284635,67.59230316815365
2019-10-29,1.644,-47.05186459817707,-85.89714799012029,-13.443389885193447,-42.10644509319719,-43.530375060079756,-3.5214895380973132,-4.181848567494212,-91.66438817967284,5.7672401895525525,38.6178678990918,-9.676665594889815,-3.7667242903036318,12.286574251720047,-48.6376748086774,6.531229715480215,67.12197303644469
2019-10-30,1.6135,-47.47068183945488,-85.66629339305638,-13.372023053366224,-41.43337066069321,-43.53223581871856,-3.938446020736322,-3.992308227209168,-92.48123705445445,6.814943661398075,38.22377255030696,-10.238603076947864,-3.1334199764183595,12.516696818093688,-50.32470606170048,8.891335401007275,66.70297048988144
2019-10-31,1.617,-46.26600307999392,-84.5000414215882,-12.557915121711734,-38.660149670006206,-43.69640738152415,-2.5695956984697688,-3.775482825723969,-91.9326899199911,7.432648498402912,37.76758358575911,-10.347861747575138,-2.2100533741365957,12.706761108390896,-49.632977273908054,10.972827603901848,66.15113207897885
2019-11-01,1.619,-46.88511166580761,-84.9420849420849,-12.54672002324355,-36.95532266960848,-43.79072245269402,-3.094389213113587,-3.6439362408070535,-91.44018460247108,6.498099660386174,37.300016244751475,-10.436988637748556,-2.109731385494994,12.84083673293955,-48.98520017691577,12.02987750730729,65.51336129260501
2019-11-04,1.613,-47.68780384416715,-85.28454023879665,-12.58428156998908,-36.550517245198,-43.87541283364686,-3.8123910105202867,-3.4889164911633364,-91.29271707140364,6.008176832606992,36.90095012081839,-10.616282210885906,-1.9679993591031746,12.96128358472454,-48.82981101712416,12.279293771926156,64.84379070016354
2019-11-05,1.6072,-47.85624254352498,-85.3300566591568,-12.806600117280576,-35.269756752450455,-43.9785689145597,-3.877673628965276,-3.3050465940749705,-91.16949554912605,5.839438889969259,36.54622592202851,-10.780941768897698,-2.025658348382878,13.067930024358393,-48.653505347275,13.383748594824546,64.18107197818125
2019-11-06,1.618,-48.303669066196456,-85.6169238009377,-12.746801559135708,-35.72096820833763,-44.14127800165514,-4.162391064541318,-3.1197669051955987,-90.44524714336558,4.828323342427879,36.20740584528369,-10.723385130206886,-2.0234164289288223,13.17216854233556,-47.375086449971775,11.654118241634144,63.47805764724835
2019-11-07,1.612,-46.98736108084457,-85.92471358428715,-10.89561996077515,-34.48678980593728,-44.26370998691398,-2.7236510939305916,-2.926022648181784,-90.39431801612349,4.469604431836345,35.94523371929449,-10.894941052710095,-0.000678908065054884,13.27491943100858,-47.26303608457633,12.77624627863905,62.90057928721865
2019-11-08,1.6009,-47.29266620973176,-86.83240157012061,-10.96641535298087,-36.874033543476365,-44.32115501595094,-2.9715111937808203,-2.8017003399581255,-90.56273397482744,3.7303324047068287,35.73102964731429,-11.055173557865764,0.08875820488489339,13.276528441317858,-47.45093385108878,10.576900307612412,62.30654331023965
2019-11-11,1.5956,-48.08154630252909,-86.59960140457483,-11.676946959184386,-36.18202524437692,-44.405386735912806,-3.6761595666162847,-2.6671045640856565,-90.55726060261384,3.9576591980390106,35.575462169217914,-11.132237533190146,-0.54470942599424,13.270671597288413,-47.36170399140369,11.179678747026763,61.84015764190048
2019-11-12,1.6003,-47.379696769939734,-85.27182630784958,-10.986596352447826,-36.97100161599125,-44.538058840289935,-2.8416379296497993,-2.5046011874733964,-90.19851495002837,4.926688642178789,35.426163493530225,-11.096477575066455,0.10988122261862898,13.291117292168952,-46.647940578963315,9.676938962972066,61.369780722603466
2019-11-13,1.61,-47.14467265199095,-84.83313205101675,-10.932098006259558,-35.9362573271651,-44.64670561012696,-2.497967041863994,-2.382055171529261,-89.63383582455826,4.800703773541514,35.2476537934611,-10.969865991114485,0.03776798485492705,13.28384840365959,-45.695759489259245,9.759502162094144,60.9840739115141
2019-11-14,1.604,-46.21448960173953,-84.55914736193189,-9.514747859182348,-36.40741066972088,-44.69557026150081,-1.5189193402387176,-2.270417994311207,-89.6162374829378,5.057090121005913,35.1209113907615,-11.04457382127659,1.5298259620942414,13.285454381078587,-45.693367512292966,9.285956842572084,60.64699739793656
2019-11-15,1.5945,-46.99600193432882,-84.89114479245787,-10.216522159638114,-38.31891952437244,-44.70632026272028,-2.289681671608534,-2.1886263559188492,-89.73424420635789,4.8430994139000205,35.01971108753335,-11.116274465767823,0.8997523061297095,13.237856785745372,-45.931026714910914,7.612107190538474,60.3701318374995
2019-11-18,1.597,-46.890608966299,-83.8906488325711,-9.514036601857027,-38.71876099964948,-44.77218003788369,-2.1184289284153053,-2.0847187386814223,-89.456983105632,5.566334273060903,34.92081004561756,-11.05478791393234,1.5407513120753134,13.206117468719246,-45.51031197016519,6.791550970515708,60.1593163601607
2019-11-19,1.6005,-46.86035613870727,-85.7092880881593,-9.507898346984575,-39.64783394554335,-44.834755742521004,-2.025600396186263,-1.9824702642555876,-89.14706787859006,3.437779790430767,34.82901187153336,-10.962293013816602,1.4543946668320267,13.157040207581407,-45.07722263537555,5.4293886898322015,60.02033341058552
2019-11-20,1.6018,-46.20789475472411,-85.12623170660649,-8.833862232520536,-39.64783394554335,-44.89216906913571,-1.3157256855883972,-1.9034683424627328,-88.98252784660717,3.85629614000068,34.80756018991688,-10.906229086484252,2.0723668539637163,13.09854098841571,-44.82553865888107,5.177704713337725,59.92326627853613
2019-11-21,1.6395,-47.11795193968964,-85.3601496725896,-8.87729529298613,-39.75678203928572,-44.99669329795055,-2.1212586417390895,-1.848113564583868,-87.5709652418083,2.2108155692186955,34.67832736284057,-10.360872927577326,1.483577634591196,13.010713325233954,-42.43339779248646,2.6766157532007426,59.746577206384984
2019-11-22,1.64,-47.19788225154481,-86.35882974973474,-8.208327348094953,-41.123252261776955,-45.04710825165464,-2.15077399989017,-1.7721721664345014,-87.50083921725992,1.1420094675251846,34.609259420596224,-10.32196130986333,2.113633961768377,12.939163456687847,-42.338541948713356,1.2152896869364014,59.671929303093286
2019-11-25,1.64,-47.41420777043184,-85.25754884547182,-8.24594917746532,-37.30017761989484,-45.095599091431716,-2.3186086790001212,-1.692097766242747,-87.47442245307997,2.21687360760815,34.5727346150467,-10.274657361376857,2.0287081839115366,12.857342031143434,-42.3098252944539,5.009647674559062,59.6384759888652
2019-11-26,1.60595,-48.58388246806216,-83.74081339852846,-12.317040625706907,-35.13600562175807,-45.09302543264477,-3.4908570354173847,-1.6069255587423081,-88.59901979376536,4.8582063952369055,34.49461259856814,-10.664225838154422,-1.6528147875524848,12.773577825700794,-44.2218066947577,9.08580107299963,59.48589552697619
2019-11-27,1.655,-50.87868870493017,-84.29864120022442,-15.126096642005296,-33.01205529519317,-45.25049384722343,-5.628194857706738,-1.4794334878579207,-86.7975930662679,2.4989518660434697,34.317618494881174,-10.075653871229115,-5.050442770776181,12.804837866947636,-41.09804659818256,8.085991302989392,59.20458768310748
2019-11-28,1.651,-50.814752758759454,-84.51536643026044,-15.107088658008598,-33.09692671394854,-45.36218121998007,-5.452571538779381,-1.2935584369161444,-86.88261320206338,2.3672467718029395,34.226197652377365,-10.232285023286195,-4.874803634722403,12.93906786688543,-41.16608692563152,8.069160211682977,58.98728500891238
2019-11-29,1.647,-48.49793029959519,-80.4462712859662,-11.61218049427091,-29.359953024075576,-45.47080910165134,-3.027121197943849,-1.1129371871535394,-86.96955498983071,6.523283703864507,34.134195903805065,-10.384384051922034,-1.2277964423488772,13.066301457238264,-41.23601101470106,11.876057990625487,58.7783947480636
2019-12-02,1.638,-36.92459177812329,-52.03405865657369,-4.102732419789405,-0.5912961210960676,-45.52534875296313,8.60075697483984,-1.0013804606090753,-87.13948831816737,35.105429661593675,33.916881487784266,-10.525925820904842,6.423193401115437,13.083468089455316,-41.5209122411887,40.92961612009263,58.4556656154477
2019-12-03,1.6295,-37.22227109995195,-51.24233548589811,-4.060611392722954,-1.1645985337677316,-45.34318301111333,8.120911911161379,-1.2100120501749805,-86.69603178082227,35.45369629492416,32.89868263678657,-10.501867408903784,6.44125601618083,12.88714657971401,-41.17459555767958,40.00999702391185,57.34086383042007
2019-12-04,1.645,-36.62034870709732,-51.614587350273055,-2.712618422747093,-1.1865422379366577,-45.202208718084066,8.581860010986745,-1.409292200453531,-85.47162155961817,33.857034209345116,31.89402203817921,-10.169707049097074,7.4570886263499805,12.684181592664187,-39.48930975536108,38.30276751742442,56.28405209831833
2019-12-05,1.626,-37.262872628726285,-51.27751746087864,-3.3875338753387534,-3.5363805145434988,-45.00934029233777,7.746467663611483,-1.6071744079694774,-85.40461404047522,34.12709657959658,30.970828258033713,-10.261009145895066,6.8734752705563125,12.469039529078174,-39.805376746495256,36.26899623195176,55.304209644712984
2019-12-06,1.632,-38.35169877480113,-51.880674448766946,-3.4242588191801455,-3.0163182819023633,-44.86957449767887,6.51787572287774,-1.7862943694291946,-84.54281240406206,32.662137955295115,30.035439258900215,-10.04920630760886,6.624947488428713,12.273712858768075,-38.76209622342887,35.745777941526505,54.36734809098682
2019-12-09,1.6475,-38.31207925127188,-52.3897556951276,-3.4207213617207595,-2.4087243997746532,-44.781143115440464,6.469063864168582,-1.9200176826085635,-83.46102403814749,31.071268343019888,29.172336884545054,-9.732830499556965,6.312109137836205,12.092242910763703,-37.26088073701811,34.85215633724346,53.51207968501707
2019-12-10,1.6665,-38.24117892091681,-52.805280528051256,-3.414390975083327,-3.000300030000272,-44.70975476795798,6.468575847041173,-2.0434512340503246,-82.35775243649921,29.552471908447956,28.3854490409353,-9.391839633247802,5.977448658164475,11.934209455320506,-35.64395870994382,32.64365867994354,52.72745994064431
2019-12-11,1.6655,-37.96919071382017,-52.77889792916873,-2.7120850509862735,-5.3371919254197335,-44.60203244167504,6.632841727854874,-2.173972095918085,-81.88469340469004,29.10579547552131,27.66928220241946,-9.300167830336612,6.588082779350339,11.775326430250761,-35.155157289927004,29.81796536450727,52.015916840744715
2019-12-12,1.6155,-38.10042182609972,-52.573440370494275,-2.721458701866365,-4.72570250521252,-44.380659660816036,6.280237834716317,-2.302721237721525,-82.74435885566709,30.170918485172812,26.961120399175485,-9.76979405241152,7.0483353505451545,11.61221368328713,-37.23671142841201,32.51100892319949,51.37513356951392
2019-12-13,1.6334,-38.60925402857116,-51.97075463898099,-2.032066001504961,-5.31519081535257,-44.312025338056266,5.702771309485108,-2.433537092731367,-81.70516087987025,29.734406240889257,26.176224579410047,-9.43141883091225,7.399352829407289,11.426201124428516,-35.733345006835904,30.418154191483335,50.61619442798697
2019-12-16,1.629,-37.935753092440684,-51.6447078846216,-0.6774241623644071,-5.281845124563714,-44.205801560503296,6.270048468062612,-2.542619750222924,-81.29365741479631,29.64894953017471,25.453055852724532,-9.349428298140587,8.67200413577618,11.239760790910402,-35.43499765772893,30.153152533165215,49.97194337475577
2019-12-17,1.6205,-39.28953678991059,-51.73275329943327,-2.0322174201689576,-5.2908497692603635,-44.079747567899076,4.790210777988484,-2.6590957782943896,-80.98181658866567,29.249063289232396,24.723189450992535,-9.290156948895469,7.257939528726511,11.02461910222338,-35.34249035634747,30.051640587087107,49.33352972862872
2019-12-18,1.6405,-38.63359089060624,-51.12684747157156,-1.355564592653148,-4.7013193077302144,-44.05609926941137,5.4225083788051265,-2.7424800761001844,-79.97945426720804,28.852606795636483,23.97712554864257,-8.9441797384636,7.588615145810452,10.842827901764217,-33.85185502109597,29.150535713365755,48.676189577875476
2019-12-19,1.62,-37.86854206113003,-51.57146457099044,-0.6762239653767179,-5.860393701249766,-43.91575915343001,6.047217092299981,-2.826730707998236,-79.97656357157169,28.405099000581245,23.27594043443063,-9.037098177851558,8.36087421247484,10.662078500888937,-34.37142616287166,28.51103246162189,48.082442534318766
2019-12-20,1.58,-38.55988959694645,-51.167550469811715,-2.029467873521716,-5.814494371570357,-43.70290084490016,5.143011247953709,-2.9275249284455214,-80.38694324936992,29.219392779558206,22.570226399648107,-9.311582943562204,7.282115070040488,10.459965735351748,-35.7981130622922,29.983618690721844,47.4903412381623
2019-12-23,1.6124,-38.36342955599409,-50.99555937544889,-1.3460852475790352,-6.302821945281641,-43.71339884827964,5.34996929228555,-3.0143656663074,-79.12637920328191,28.130819827833022,21.809911610844047,-8.842876089699988,7.496790842120953,10.28171468665985,-33.73975405369458,27.43693210841294,46.83528242889519
2019-12-24,1.613,-38.68188154007212,-50.014048890136905,-2.667715968279947,-6.181511660578382,-43.63172423502198,4.949842694949858,-3.1012796857374636,-78.63351018091194,28.619461290775035,21.12618956056817,-8.709351991459545,6.041636023179598,10.102314389441954,-33.26108282140727,27.07957116082889,46.26495220952661
2019-12-25,1.604,-38.67079155109848,-50.0590584397315,-2.666951141454179,-6.187074638618164,-43.52853419385264,4.857742642754161,-3.1736018232079046,-78.3401992517559,28.281140812024404,20.45595675058427,-8.697616019369681,6.030664877915502,9.957688053507155,-33.237312992607116,27.050238353988952,45.72116286351149
2019-12-26,1.5975,-39.0332973874145,-48.60986947970862,-3.307906558254038,-4.469873055608698,-43.43543253356397,4.402135146149469,-3.236729284946332,-77.99331055985006,29.383441080141438,19.794034442765692,-8.66094289538429,5.353036337130252,9.821244081884782,-33.09466702439566,28.624793968786964,45.185301405690026
2019-12-27,1.57915,-39.72036860502065,-49.52863374138029,-2.648024573667141,-5.065428450821326,-43.31125837631958,3.590889771298926,-3.2872352951444057,-77.85369572515819,28.3250619837779,19.129978850241635,-8.751326899693755,6.103302326026614,9.708482820439054,-33.45130612132013,28.385877670498804,44.618879713347255
2019-12-30,1.5665,-39.59977824124184,-49.08194453740123,-1.9799889120617924,-4.461994957943224,-43.216810458921714,3.6170322176798706,-3.324434022962597,-77.60253130636747,28.52058676896624,18.49456420213978,-8.769046098942171,6.789057186880379,9.576819336794635,-33.54477318761572,29.082778229672492,44.08652516249602
2019-12-31,1.5615,-40.86286554140031,-49.293368361500185,-2.636313905897375,-4.4812153055923725,-43.14925542300755,2.286389881607242,-3.3511622081959276,-77.1972264973807,27.903858135880512,17.85882972364294,-8.699276140256933,6.062962234359558,9.42918854547224,-33.2784515245975,28.79723621900513,43.530334108280016
2020-01-01,1.559,-40.86232691179699,-49.291435613062774,-2.636279155600386,-4.4810396011889715,-43.11326466613205,2.2509377543350624,-3.3487375929145946,-76.75656369968735,27.465128086624574,17.23331746426739,-8.616795997827442,5.980516842227056,9.290605663926193,-32.90780307782644,28.426763476637472,42.97920196407452
2020-01-02,1.551,-40.54593134658299,-48.82866686642084,-2.6158665384898008,-4.993840929520447,-43.06158825156695,2.515656904983963,-3.337159416480837,-76.41767139762966,27.589004531208822,16.62172808905413,-8.588656491284159,5.972789952794358,9.16330224682916,-32.78039706924022,27.786556139719778,42.44280381546793
2020-01-03,1.554,-40.58755315036693,-49.28017718715318,-3.221234377013271,-5.537098560353273,-43.0388896539965,2.4513365036295696,-3.346183346418279,-75.8883615737045,26.608184386551322,15.98414468392646,-8.459876244280958,5.238641867267686,9.036449672280039,-32.19141524377072,26.65431668341745,41.89535505011601
2020-01-06,1.551,-40.23656545786629,-48.47870517785678,-3.193378210940339,-4.958049393190032,-42.997641523919505,2.7610760660532137,-3.3540475211527268,-75.48078240423358,27.002077226376798,15.378505809035152,-8.40153286169074,5.208154650750401,8.9360708960497,-31.8807742890411,26.92272489585107,41.37775601274199
2020-01-07,1.5725,-39.38083169775876,-47.26719547973473,-2.5406988192108018,-2.716505487340544,-43.032686882966985,3.651855185208227,-3.375069569437954,-74.70850712624201,27.44131164650728,14.778958131190512,-8.126019586443347,5.585320767232545,8.829366458391874,-30.56976489367743,27.853259406336885,40.874310845145295
2020-01-08,1.572,-40.47750607162562,-49.163122134452095,-3.212500481875072,-4.971551676517892,-42.98116335984976,2.50365728822414,-3.4149944809733292,-74.28413428411618,25.121012149664082,14.192135787834898,-8.043023668075167,4.830523186200095,8.712274831392296,-30.16964402218352,25.19809234566563,40.36724011705155
2020-01-09,1.5705,-40.5844155844153,-49.7165042035576,-3.2209853638410424,-5.0275116610321975,-42.94463466221926,2.3602190778039613,-3.430149253821405,-73.91482667854413,24.198322474986533,13.660690466525647,-7.981271307205576,4.760285943364534,8.611525555045686,-29.855557125320324,24.828045464288127,39.92040459874252
2020-01-10,1.569,-40.32412919083031,-48.57852608335688,-3.84039325627177,-4.41622964394296,-42.9070069768161,2.5828777859857865,-3.4602842786006396,-73.56217487088156,24.983648787524686,13.149341479840217,-7.916239345305744,4.075846089033973,8.48800366778621,-29.553359848599158,25.1371302046562,39.500566918368236
2020-01-13,1.5822,-41.34687443471128,-48.9983184667986,-4.522314391296777,-4.454392587890243,-42.919636213872735,1.5727617791614534,-3.484524797035653,-73.01609379360363,24.01777532680503,12.632931528002239,-7.738660567259201,3.216346175962424,8.378336653677746,-28.677594481049013,24.22320189315877,39.09001085189679
2020-01-14,1.575,-40.7400461720535,-47.74476211874451,-4.526671796896467,-3.370218502501702,-42.875505906666746,2.1354597346132422,-3.495689988797371,-72.75778191784048,25.013019799095964,12.160666253900212,-7.746801150159756,3.220129353263289,8.287172566937436,-28.629260636215186,25.259042133713486,38.729673302622885
2020-01-15,1.5745,-39.19678714859379,-46.656298600310826,-3.855421686746403,-3.3325927571652008,-42.84488927912153,3.6481021305277395,-3.5269026339628464,-72.39802102583748,25.741722425526653,11.650142415069235,-7.698983482965012,3.843561796218609,8.195999329622483,-28.302242870519216,24.969650113354014,38.33477777962048
2020-01-16,1.5741,-38.64709406058576,-47.3722342974981,-1.9323547030289951,-3.901242824500613,-42.79531311106307,4.148219050477309,-3.5764122238206584,-72.03254308698828,24.66030878949018,11.13863532167426,-7.640557047716499,5.708202344687503,8.085137021495918,-27.979267640539064,24.07802481603845,37.94963668262503
2020-01-17,1.5773,-39.8140299504254,-47.114382635301894,-2.5686470935763976,-3.880007981731509,-42.753382257174636,2.9393523067492353,-3.62910336445026,-71.64861545848959,24.534232823187693,10.654736058575846,-7.5312233600136675,4.96257626643727,7.957466092500924,-27.536369190214202,23.656361208482693,37.579635044736634
2020-01-20,1.5768,-39.723982393306166,-47.01951586493829,-2.5628375737622515,-3.872195424172152,-42.70464773301862,2.980665339712452,-3.7201280104245864,-71.31144900350809,24.291933138569796,10.171129658080332,-7.454383994604562,4.89154642084231,7.794783661999443,-27.244630434676438,23.372435010504287,37.22410509646505
2020-01-21,1.5745,-39.79026678731986,-47.22417427969058,-2.567113986276441,-3.373155305692327,-42.64743659751507,2.8571698101952094,-3.8203661813852703,-70.99873380777771,23.77455952808713,9.696035172146846,-7.391591226229341,4.8244772399529,7.625340620280657,-27.027666075907106,23.654510770214777,36.88470829439275
2020-01-22,1.5715,-39.77469559527351,-46.52544605570831,-2.5661093932440173,-2.802737714200664,-42.60419893467996,2.8295033394064433,-3.833678034509674,-70.70276791034732,24.17732185463901,9.245494472158214,-7.354139965276959,4.788030572032941,7.565485333763539,-26.834207138832824,24.03146942463216,36.544579130453656
2020-01-23,1.578,-39.668829257679874,-46.068709795219384,-3.1990991336824997,-2.8090676704416184,-42.59851995852751,2.9296907008476367,-3.8434274000335775,-70.32190372702831,24.25319393180893,8.812474100349604,-7.244647714867387,4.045548581184887,7.498642549468215,-26.29607724212334,23.48700957168172,36.2217257899741
2020-01-24,1.5835,-40.08832157197098,-44.7508867305331,-3.817935387806208,-1.657440249279076,-42.58978046811216,2.5014588961411803,-3.846084907446614,-69.96192053353647,25.211033803003374,8.395375841277776,-7.154279001833524,3.3363436140273164,7.446529813071422,-25.81275059587214,24.155310346593062,35.92596232350266
2020-01-27,1.5755,-39.82149855251985,-45.30511892593759,-3.1604363930571537,-2.7625072515829485,-42.53455716427886,2.71305861175901,-3.8446834450502028,-69.70945732550153,24.40433839956394,7.978741350075954,-7.172949482920355,4.0125130898632015,7.399616338819172,-25.81143220910976,23.04892495752681,35.62990571816778
2020-01-28,1.58,-38.28557208216083,-46.359890109891865,-0.6380928680354335,-2.861721611725109,-42.52444146278009,4.238869380619256,-3.8481516136151064,-69.36484732832446,23.004957218432594,7.563398091995308,-7.091830335734045,6.453737467698612,7.349491240592039,-25.373104065276955,22.511382453551846,35.32156912058731
2020-01-29,1.5875,-35.514291331341425,-46.131503260530835,2.536735095096434,-2.8476236580608316,-42.50755003768683,6.993258706345408,-3.877108281569578,-69.02448618657803,22.892982926047196,7.174649990788446,-6.9615244575333755,9.49825955262981,7.26918144573591,-24.842038655163478,21.994414997102645,35.0158689823486
2020-01-30,1.5865,-36.20702797469348,-44.84355205775754,1.270422034198606,-2.8027220036093485,-42.426338657298054,6.219310682604572,-3.9453566580465456,-68.75578702571745,23.91223496795991,6.801886951591911,-6.858683074691115,8.129105108889721,7.143117846822443,-24.621640980701443,21.818918977092096,34.72106850554535
2020-01-31,1.5859,-31.46316292884291,-43.78550644312075,5.663369327190865,-2.7712345850090387,-42.35518672481887,10.892023795975962,-4.009732486626183,-68.47441876476393,24.688912321643173,6.4156348263820755,-6.76891231724349,12.432281644434354,7.0315359163326345,-24.393869200165078,21.622634615156038,34.44702061974481
2020-02-03,1.588,-37.41921571860663,-45.24323896347643,-2.5368959809216767,-2.262161948172616,-42.24248796703897,4.823272248432339,-4.1356856951796015,-68.16890236199961,22.925663398523184,6.011611282567241,-6.613443219553579,4.076547238631902,6.871140006393514,-24.076398819830857,21.81423687165824,34.165233958176955
2020-02-04,1.5885,-37.99294232800202,-45.46875444030708,-1.9318445251537868,-2.8417971525166683,-42.195185522489666,4.202243194487643,-4.167156932304333,-67.89588764955512,22.42713320924804,5.622780132967988,-6.568150434416907,4.63630590926312,6.843659135692108,-23.81484691125062,20.97304975873395,33.87952234556133
2020-02-05,1.59,-37.91725042094633,-45.99345870809457,-1.9279957841170543,-3.406922867266414,-42.15789635110348,4.24064593015715,-4.200981581296517,-67.62893487578958,21.63547616769501,5.259427296128351,-6.50757744689343,4.579581662776376,6.7904671123428955,-23.53545247650846,20.128529609242047,33.63189834009313
2020-02-06,1.591,-37.02143413376198,-45.44689446221148,-1.276601177025124,-3.3664366268306276,-42.11855954061098,5.097125406849003,-4.23603283842824,-67.37750165251907,21.93060719030759,4.910817175896252,-6.451879458762711,5.1752782817375875,6.739270626445616,-23.286238347363224,19.919801720532597,33.402497244677335
2020-02-07,1.5865,-36.932324698810234,-45.76012654652253,-1.9102926568347376,-3.3896390034462613,-42.047244879198324,5.11492018038809,-4.279956495423752,-67.1534783886457,21.393351842123167,4.574865143199184,-6.428285157711873,4.517992500877135,6.68868986968185,-23.228246512977066,19.838607509530803,33.20257102965661
2020-02-10,1.579,-37.528225678211946,-46.71582146676333,-3.816429729988464,-4.502729779926587,-41.96284869781503,4.434623019603087,-4.322626752113605,-66.95039328077715,20.23457181401382,4.273561407532041,-6.431872990919313,2.615443260930849,6.648472173043832,-23.275266274886626,18.77253649496004,33.042576122140034
2020-02-11,1.596,-36.99239104784253,-45.33297066956701,-3.1889992282636364,-3.3999728002157132,-41.99313449492096,5.0007434470784276,-4.348625623617844,-66.6608974131432,21.327926743576192,4.00671869991066,-6.295105242125286,3.10610601386165,6.646161444410597,-22.527253201079787,19.127280400864073,32.90682631047487
2020-02-12,1.5786,-36.39707290908424,-46.32144797415121,-3.1927256937792934,-4.003088096530408,-41.87054200854417,5.473469099459933,-4.37247659025074,-66.49589408225275,20.174446108101534,3.6792959499875675,-6.382873418711975,3.190147724932682,6.639650784252979,-22.907185059578175,18.904096963047767,32.7297171785288
2020-02-13,1.5821,-36.167512690355615,-46.46287219877086,-3.807106598985637,-4.532963141344971,-41.833180997380126,5.665668307024511,-4.403994719904407,-66.25921819047385,19.796345991702985,3.36080081877836,-6.3303477416140055,2.5232411426283683,6.630878379357432,-22.597813964839055,18.064850823494083,32.53276102082475
2020-02-14,1.5826,-34.72090703634964,-45.65618077592934,-1.8938676565293104,-5.072908975103482,-41.78284682732479,7.061939790975153,-4.427717316291212,-66.03651935363304,20.380338577703697,3.0195167016016535,-6.30682116781392,4.41295351128461,6.64229575756547,-22.39566102868894,17.32275205358546,32.330339169356314
2020-02-17,1.59,-34.78524852478923,-45.77822990844327,-1.8973771922623812,-5.086469989827253,-41.74981221626864,6.964563691479405,-4.465595115532604,-65.79297316978476,20.014743261341486,2.680503112573962,-6.217825928811465,4.320448736549084,6.627984411326144,-21.979826520129883,16.89335653030263,32.12601532595868
2020-02-18,1.5793,-35.58918837919372,-45.6721509932328,-3.12185862975381,-5.502668794366128,-41.637484827101865,6.048296447908143,-4.505069433173668,-65.60810592007785,19.93595492684505,2.374683382335832,-6.24798324256988,3.1261246128160702,6.598549838094603,-22.15646158681944,16.65379279245331,31.957925399154576
2020-02-19,1.582,-35.366383321958466,-45.57291666666647,-3.102314326487559,-5.967881944444029,-41.59592971048683,6.229546388528362,-4.522440019892057,-65.38943313695924,19.81651647029277,2.0694059227559327,-6.20192890329235,3.099614576804791,6.586237654716335,-21.905301419637226,15.937419475193197,31.790579628108752
2020-02-20,1.5807,-35.19474425152539,-46.28243173341365,-2.469806614142674,-6.533990362364463,-41.534438174018376,6.339693922492984,-4.546576297378531,-65.18429728788601,18.90186555447236,1.7749139183918308,-6.1816216141081615,3.7118149999654872,6.565789171245536,-21.791380449728464,15.257390087364001,31.637490681864307
2020-02-21,1.5829,-35.292471142319656,-44.89155714208361,-3.0424544088193,-5.408621342418741,-41.488306091791884,6.1958349494722285,-4.57137638196887,-64.98501269749266,20.09345555540905,1.5000132953766947,-6.132388137627467,3.0899337288081674,6.537476990227401,-21.578878619988814,16.170257277570073,31.521827621924526
2020-02-24,1.581,-34.95281370150407,-45.077678499557074,-3.0131735949585225,-5.903029327322565,-41.42719148418607,6.474377782681998,-4.581474742247415,-64.7815543097356,19.703875810178523,1.2063284150459381,-6.119496101270485,3.1063225063119626,6.538437289541928,-21.485866100843303,15.58283677352074,31.379874440921835
2020-02-25,1.5719,-35.470968846703975,-42.77540136659171,-3.66941057034816,-1.973620175990501e-12,-41.331988925651125,5.861020078947149,-4.583867546988435,-64.58814081037302,21.81273944378131,0.9128376298983745,-6.1536526241347325,2.4842420537865726,6.539567864683136,-21.62286225353914,21.622862253537164,31.237908842325375
2020-02-26,1.55,-35.345163806553366,-44.64111334936797,-4.265795631826935,-2.2320556674710743,-41.183415359850855,5.838251553297489,-4.583938432225052,-64.37169314697987,19.730579797611895,0.5697572170734374,-6.276391429266381,2.0105957974394455,6.539217672619606,-22.09006345140903,19.858007783937957,31.00270445061891
2020-02-27,1.48,-34.65024528726297,-43.31926863572332,-3.647394240765323,-0.5625879043587451,-40.809217979320294,6.158972692057326,-4.603245207892609,-64.17033248321937,20.85106384749605,0.244958596866845,-6.71395757380747,3.0665633330421467,6.524847005233491,-24.040348407984595,23.47776050362585,30.77316918988972
2020-02-28,1.3855,-32.16265474336036,-42.004200420042174,-3.7838417345124777,-1.200120012002667,-40.30294715065725,8.14029240729689,-4.652807183507645,-63.879595250080364,21.87539483003819,-0.14501143162270502,-7.291462901626378,3.5076211671139004,6.489125198081181,-26.631252203541848,25.43113219153918,30.445025900830245
2020-03-02,1.2601,-29.57016307630389,-38.841449204346496,-3.1457620293940005,-5.378046812907784,-39.5969628204186,10.026799744114708,-4.749502411280728,-63.44291513797865,24.601465933632156,-0.6032664231472398,-8.052214485661036,4.9064524562670355,6.447036470046462,-30.01780030352282,24.639753490615036,30.03514462174882
2020-03-03,0.963,-27.42397464805899,-36.0077823271488,-4.265951611920564,-4.646165461569052,-37.944205925263034,10.520231277204044,-4.930010772953327,-62.55504458923729,26.547262262088488,-1.2021686696202631,-9.836653181957,5.570701570036436,6.341558448085534,-38.30738361925707,33.66121815768801,29.537668743958477
2020-03-04,0.9888,-25.657786221769076,-34.27044609665489,-3.66539803168209,-6.3894052044605205,-37.71382649039884,12.056040268629761,-5.238736000415627,-61.63875801683187,27.368311920176986,-2.045025884519258,-9.454595815275844,5.789197783593755,6.136803392493733,-36.42614294292617,30.03673773846565,28.585236784844426
2020-03-05,0.78,-23.920154524198225,-30.97218239173989,-2.990019315524778,-4.0149125322614845,-36.17661971465933,12.256465190461107,-5.556924221330262,-60.107612776767105,29.135430385027217,-2.87518291707369,-10.50461318403925,7.514593868514472,5.963642493113969,-41.28603365140981,37.271121119148326,27.787955409718705
2020-03-06,0.6845,-22.104992741197243,-29.973945724101124,-2.987161181241659,-1.7292660994674514,-35.08977187605779,12.984779134860545,-5.939890476251193,-58.404569028910686,28.43062330480956,-3.89317495410089,-10.710544944383033,7.723383763141374,5.705971324370427,-42.24180902208043,40.51254292261298,26.616578545930437
2020-03-09,0.509,-17.257076889202803,-23.506596538655245,-2.975358084344098,2.350659653864063,-33.35167993854127,16.094603049338463,-6.3747671798940235,-56.09648694342318,32.589890404767935,-4.933750336641009,-11.270346857131845,8.294988772787747,5.423118283729556,-44.75886153521324,47.109521189077306,25.273882502396305
2020-03-10,0.534,-18.188432157148053,-25.45327548139414,-3.0314053595246753,1.775809917304416,-32.62331975065869,14.434887593510634,-6.940372890229607,-54.28256588271919,28.82929040132505,-6.204636982253783,-10.671741959993764,7.640336600469088,5.126666085110795,-41.48627018614242,43.262080103446834,23.580281837646375
2020-03-11,0.4148,-18.95978080047055,-25.067892208064453,-4.2812408259141845,1.7905637291453405,-31.005395299593093,12.045614499122543,-7.405842784335551,-51.802396861332106,26.734504653267653,-7.267693553693464,-10.863666166480996,6.582425340566812,4.879719921522147,-41.879424726217835,43.669988455363175,22.145555214294934
2020-03-12,0.225,-18.3992640294394,-22.75355998407337,-3.806744281953725,5.688389996016097,-28.85036090900277,10.45109687956337,-7.805250436455367,-48.57441671114184,25.820856727068474,-8.288383751103602,-11.381190035226668,7.5744457532729434,4.662091799790067,-43.293423847069775,48.981813843085874,20.645146929085676
2020-03-13,0.2375,-18.302687226685023,-23.096884637854902,-3.268337004765235,-2.7172805456308415,-28.276882678667487,9.974195451982464,-8.16733414869581,-46.83595513280353,23.739070494948624,-9.32009277399065,-10.840321276659669,7.571984271894434,4.402461505872646,-39.772522002692,37.05524145706116,18.86041857598559
2020-03-16,0.1451,-13.869625520110358,-22.461814914645036,0.6604583581014228,-2.32363602565303,-26.909317522816828,13.03969200270647,-8.47928851602073,-44.3145661615846,21.852751246939565,-10.205377359729852,-10.77343289183366,11.433891249935083,4.1596947136964655,-39.11518960358665,36.79155357793362,17.614260529116546
2020-03-17,0.1527,-15.04940129555686,-25.366224871583512,1.4877555155612908e-12,-3.963472636184131,-26.073131520698972,11.023730225142112,-8.96499637198624,-42.880774572498865,17.514549700915353,-11.020822917494787,-9.917940269956258,9.917940269957747,3.7090388117323316,-36.626184793861285,32.662712157677156,16.378652511208763
2020-03-18,0.1592,-18.168971434338133,-27.543610716968093,-1.3458497358757653,-6.677238961688606,-25.40795664458789,7.2389852102497585,-9.359698166245728,-41.80954968009957,14.265938963131479,-11.643068965686073,-9.222531642863753,7.876681906987988,3.338797675537749,-34.571996189864734,27.89475722817613,15.354261652948207
2020-03-19,0.1079,-20.390962725320136,-33.00820253833007,-1.3593975150216515,-9.07725569804033,-24.508315948807443,4.1173532234873065,-9.575011263758388,-40.300519913067,7.292317374736932,-12.129020573424409,-8.920086039338432,7.560688524316781,3.091992254185676,-33.74319378653299,24.66593808849266,14.524560103819914
2020-03-20,0.1356,-23.354352250358655,-31.702503705230853,-2.6690688286115076,-7.925625926308769,-24.535676792657554,1.1813245422988992,-9.701388455849088,-40.1322940920145,8.429790386783644,-12.415356807174378,-8.397696909343646,5.728628080732138,2.859966563139282,-31.946499373585052,24.020873447276283,13.790563029263996
2020-03-23,0.0616,-32.83480231517635,-38.44704108556363,-4.5067375726729,-9.800226159065136,-23.747318187621364,-9.087484127554983,-9.738290616827072,-38.6541965450298,0.20715545946616487,-12.719708822796242,-8.27403030750982,3.7672927348369196,2.685625339901055,-31.642692389656524,21.842466230591388,13.118720458680444
2020-03-24,0.05518,-15.315624387375024,-4.20144529718239,-16.540874338365306,14.705058540137122,-24.170425928394728,8.854801541019704,-9.493901730293057,-38.457681240410714,34.256235943228326,-12.801452779286326,-8.074656945611196,-8.46621739275411,2.5730867360215295,-30.540186715579626,45.245245255716746,12.51701215268487
2020-03-25,0.0436,-5.5662069392038065,12.434116452407665,-15.461685942233736,24.86823290481533,-23.603860521906043,18.037653582702237,-9.723243439205508,-36.43009118311838,48.86420763552604,-13.7721481415395,-8.53169282600399,-6.9299931162297455,2.7854494681359467,-28.31288858798111,53.181121492796436,11.316278207140776
2020-03-26,0.038,-55.782362965414386,-6.247613758634093,-54.55637696617421,8.330151678177556,-22.64085861545833,-33.14150434995605,-10.182616478273061,-33.8145689574755,27.56695519884141,-15.074401735284592,-8.873660099672605,-45.68271686650161,2.9449289097824405,-25.688235945275345,34.0183876234529,9.954915976606095
2020-03-27,0.0445,-178.7293632075466,-33.867144032125054,-175.658411949685,-9.676326866321093,-24.273386627159596,-154.45597658038702,-9.393526840499884,-32.506454512562975,-1.3606895195620794,-15.80974488569018,-11.012215771355736,-164.64619617832926,4.031573827902183,-23.97923831106348,14.302911444742387,9.11701485961278
2020-03-30,0.0438,-130.66175246993882,-33.45505278068476,-128.81276540668526,-3.559048168158464,-31.274729508848218,-99.3870229610906,-5.849860322270644,-32.45657095756468,-0.9984818231200805,-15.856636378072594,-18.482834371638035,-110.32993103504722,7.8071157914691405,-23.302508076870314,19.74345990871185,8.762324797200709
2020-03-31,0.046,-83.69368112707375,-25.046514956347604,-83.69368112707375,4.293688278229892,-35.62287328744814,-48.07080783962561,-3.648048825966188,-32.434661434623905,7.388146478276301,-15.913811531276323,-23.27727888804755,-60.4164022390262,10.250577251414835,-22.38379903549621,26.677487313726104,8.294728454113358
2020-04-01,0.0505,-1.8850022934191712,-28.64816472694657,4.398338684645685,1.2722340837244408e-12,-37.66058875885988,35.77558646544071,-2.613637269550079,-32.101556855435796,3.4533921284892273,-16.148601686556205,-25.75268189653307,30.151020581178756,11.535429875135211,-21.200759988295584,21.200759988296856,7.701351382457571
2020-04-02,0.053,0.0,-22.08602506763847,6.815407778238459,4.141129700182367,-36.269329524670596,36.269329524670596,-3.3171642856826837,-31.890014357380984,9.803989289742514,-16.31240774556617,-24.544154646176594,31.359562424415053,10.941154477121927,-20.281442834260954,24.42257253444332,7.22564380237934
2020-04-03,0.044,1.2339509257719623,-20.1555452074978,8.020681017515654,2.08505640077572,-34.86382660867016,36.09777753444212,-4.008737114059197,-31.228110069547384,11.072564862049585,-16.617476582163228,-23.447222613504046,31.467903631019702,10.338272036626655,-19.331857547448504,21.416913948224224,6.687141157295379
2020-04-06,0.0487,10.23498317248382,-25.9935882482319,15.653503675562526,-9.997533941628111,-33.55780555443034,43.79278872691416,-4.6778146675790175,-30.733718659885845,4.7401304116539436,-16.96163025500765,-22.237627562083347,37.89113123764587,9.74993424398047,-18.41720957836304,8.419675636734928,6.208905400226047
2020-04-07,0.0493,5.462093074066534,-34.61843165189809,9.71038768722924,-17.309215825949046,-32.00497510852669,37.46706818259322,-5.46665294344011,-30.437615931337977,-4.1808157205601155,-17.163991903364725,-20.880546547952395,30.590934235181635,9.062960179908806,-18.048896595042645,0.7396807690935994,6.001680219672393
2020-04-08,0.0514,3.037408725867788,-42.11201796779474,4.859853961388184,-20.053341889426633,-30.731021635056244,33.76843036092403,-6.1198129708711875,-30.484949698829162,-11.62706826896558,-17.205098479339703,-19.807412247100316,24.6672662084885,8.525722646890966,-17.949414475039898,-2.1039274143867353,5.935734399703484
2020-04-09,0.0598,4.157436168507097,-122.46881581078895,8.908791789658837,-103.02932123764944,-29.672074093767257,33.829510262274354,-6.685032603641641,-30.884331683809453,-91.5844841269795,-17.122021676491833,-18.917520965818508,27.826312755477346,8.106555550847752,-17.90924482538765,-85.1200764122618,5.918889818155748
2020-04-10,0.025,4.1257772669675274,-121.425496784473,8.84095128635975,-102.15160840598678,-28.33919294082077,32.4649702077883,-7.238195308641032,-33.119264413673164,-88.30623237079983,-15.751834278696151,-18.290210322740535,27.131161609100285,7.64774672095192,-20.79603953140291,-81.35556887458387,7.235304262845859
2020-04-13,0.0659,2.9148740191448925,-129.7479645788052,9.910571665091574,-107.04207077751413,-27.612407151992883,30.527281171137776,-7.766054444954273,-36.43255959299477,-93.31540498581043,-14.418763044526134,-17.11872260220072,27.029294267292293,7.2030586176358,-23.019304847234434,-84.02276593027969,8.518155892501168
2020-04-14,0.0647,-2.8952442717592084,-133.95209466794614,3.4742931261105237,-128.23849821291512,-26.685870236817806,23.7906259650586,-8.238888610797433,-39.11195464798837,-94.84014001995777,-13.071684718089854,-16.311617221881708,19.785910347992232,6.781070502425207,-25.52048164730386,-102.71801656561126,9.788747491101418
2020-04-15,0.058,-5.82401006388939,-96.35593494357626,6.406411070277801,-90.53577779933316,-25.930230811006204,20.106220747116815,-8.600265889282985,-41.71191545039201,-54.644019493184246,-11.728103859772924,-15.76720935097271,22.17362042125051,6.473753032919371,-28.587894377817037,-61.947883421516124,11.328292280611151
2020-04-16,0.0592,-8.732607556616404,-92.92420869228545,3.4930430226460327,-87.1164456490174,-25.36364682844167,16.631039271825266,-8.898374714715786,-43.22707917096858,-49.69712952131687,-10.980689011713574,-15.125111805558292,18.618154828204325,6.1467721058877185,-30.362355146802763,-56.75409050221463,12.256731054245712
2020-04-17,0.0505,-7.725128058853321,-98.8272499670578,3.565443719471699,-86.96797997101163,-24.81825288913275,17.09312483027943,-9.140076062456501,-44.43657778850389,-54.390672178553906,-10.346596526211819,-14.652163613397521,18.21760733286922,5.8738014739233275,-32.055062524530186,-54.912917446481444,13.071237456915245
2020-04-20,0.0403,-8.256420841564378,-88.79023307436132,3.5384660749573107,-82.2615394659525,-24.254203897848292,15.997783056283915,-9.381459636517285,-45.767253523524055,-43.02297955083727,-9.638253123340196,-14.203744560601647,17.74221063555896,5.610232599507034,-33.50597898570947,-48.75556048024303,13.658682785438488
2020-04-21,0.0392,-11.860989206499823,-77.25120075235967,-1.7791483809747035,-59.78571188660895,-23.8022689887917,11.941279782291875,-9.612686037482552,-46.839628802994085,-30.41157194936558,-9.118045486099264,-13.70849506477874,11.929346683804036,5.342479350701996,-34.63835527509698,-25.147356611511974,14.1414622208015
2020-04-22,0.0415,-18.08550359376538,-111.2803868318204,-8.751050126016448,-92.73365569318328,-23.50395201558552,5.418448421820138,-9.780631006081496,-47.58535932232352,-63.695027509496875,-8.780681655011724,-13.365348418898344,4.614298292881896,5.16405967323842,-35.08819704114341,-57.64545865203987,14.304693151247033
2020-04-23,0.0486,-19.64738718643558,-110.7804449571958,-9.245829264204824,-98.32583871940452,-23.433926889942057,3.7865397035064774,-9.853295827766392,-49.20400544041897,-61.57643951677683,-8.010884160971985,-13.204069388308385,3.958240124103561,5.096248003087486,-36.29317891491563,-62.03265980448889,14.89793143229614
2020-04-24,0.0492,-23.70490286771587,-119.31687809355256,-13.297872340426585,-106.86072049037942,-23.343991149185655,-0.36091171853021464,-9.903824572730013,-50.67014629763,-68.64673179592256,-7.289238889535233,-13.095909214919766,-0.2019631255068184,5.038382616038529,-37.67946606632681,-69.18125442405261,15.545841820541309
2020-04-27,0.0466,-28.588264809013417,-86.13377693324202,-15.75271734374206,-61.14840652512555,-23.326593789219046,-5.26167101979437,-9.899719052240199,-52.252315393204405,-33.88146154003761,-6.495412465904123,-13.107477253599779,-2.6452400901422806,5.034218429370141,-39.27452695099554,-21.873879574130008,16.28447291545918
2020-04-28,0.0395,-32.790916916013735,-103.52512957126092,-18.737666809149943,-69.2365516240908,-23.381702414463568,-9.409214501550167,-9.835053416115223,-52.941179722584636,-50.58394984867628,-6.155203270876719,-13.200126358581892,-5.53754045056805,5.06027899068797,-39.779136251054524,-29.45741537303627,16.41422300992815
2020-04-29,0.022,-33.85062536112171,-101.33103213828048,-21.010732982764832,-55.56863052744376,-23.427846025035556,-10.422779336086151,-9.725333297592993,-53.9578842793122,-47.373147858968274,-5.6166526880038266,-13.409176432253032,-7.6015565505118,5.116511542810821,-40.63063614745561,-14.937994379988147,16.63289830364412
2020-04-30,0.0252,-40.320189742069104,-50.10120443295528,-26.682478505781205,20.70849783228709,-23.69530833114336,-16.624881410925745,-9.607045368619257,-55.01035355307112,4.909149120115842,-5.1213453692366135,-13.56428166250575,-13.118196843275456,5.2018320790371195,-40.8013585538451,61.509856386132185,16.68008423604344
2020-05-01,0.0305,-37.04967008150901,-64.76813674757088,-19.995060043989668,18.028244249324626,-24.11498921294979,-12.934680868559216,-9.42113322326303,-54.85479379064332,-9.913342956927558,-5.256917493476827,-13.829531557633874,-6.165528486355793,5.350540143353361,-39.192318473678604,57.220562723003226,15.821444790025707
2020-05-04,0.0319,-41.12639315656818,-59.54757377470782,-22.32575628499389,11.50350857011352,-24.40889344713311,-16.717499709435067,-9.278854196764058,-54.996430971099926,-4.551142803607895,-5.235599267428723,-13.962379887756315,-8.363376397237575,5.42544571725242,-37.77402134388217,49.277529913995686,15.024619382129401
2020-05-05,0.052,-48.65409866816839,-60.81383615015075,-19.930594635154744,-0.6682839137387292,-24.947301673791685,-23.706796994376703,-9.098337577637716,-55.11833817874236,-5.695497971408386,-5.275818893214929,-14.032498105098831,-5.898096530055913,5.519278215578813,-36.280626759306045,35.61234284556732,14.31847976276182
2020-05-06,0.053,-47.45774777393501,-59.24808790261714,-24.32209573414115,10.099105892492034,-25.44115392284092,-22.016593851094093,-8.849317597155563,-55.171125966060416,-4.076961936556721,-5.294482198305959,-14.14130626434945,-10.180789469791701,5.574088123569465,-35.400453268145505,45.49955916063754,13.787695813440212
2020-05-07,0.0713,-57.690290549282025,-48.221977492066074,-36.129272869247266,12.38131854526032,-26.037022611467023,-31.653267937815002,-8.626411514867032,-55.28237915061152,7.0604016585454445,-5.331902982432985,-14.233228063816794,-21.89604480543047,5.669141620801652,-34.10181814377925,46.48313668903957,13.148664870400742
2020-05-08,0.066,-74.58741998003065,-36.8181377773474,-50.50801667938968,33.58847656880768,-26.60458581579516,-47.982834164235484,-8.308971220244713,-55.04033651830653,18.22219874095913,-5.493750126800322,-14.683837538741065,-35.82417914064861,5.884385743333121,-33.12077375722729,66.70925032603498,12.504979299673177
2020-05-11,0.0675,-78.33067323152282,-47.77244820885588,-55.361528449346345,24.531797728872153,-27.527654116177896,-50.803019115344924,-7.8392681693883235,-54.62491314798951,6.8524649391336325,-5.765969064097826,-15.344452051453423,-40.01707639789292,6.22250692466237,-31.676903204798194,56.20870093367034,11.660148086935525
2020-05-12,0.0692,-61.66676455041992,-44.015793902517714,-28.19052093733455,48.5468315101308,-28.497738662910336,-33.169025887509584,-7.336761873317958,-54.43381632713336,10.418022424615643,-5.92081515439094,-16.08227422778338,-12.108246709551171,6.611990061947501,-30.46244928064523,79.00928079077603,10.939281951991351
2020-05-13,0.0532,-61.17882862936117,-37.22410838633479,-33.21136411308205,43.000263135938695,-28.995124770011746,-32.18370385934942,-7.018603322517763,-54.077468580306,16.853360193971206,-6.1028024436361825,-16.40267974173265,-16.808684371349397,6.716387594217169,-29.018313657134666,72.01857679307336,9.99608973093256
2020-05-14,0.0568,-64.72865976998104,-33.38919198155457,-36.409871120613346,26.459359683494423,-29.610854206628595,-35.11780556335244,-6.711068693740151,-53.7195086964457,20.330316714891133,-6.349948940600672,-16.678775372216137,-19.73109574839721,6.867134064335415,-27.509122692390655,53.968482375885074,9.122980230803984
2020-05-15,0.0526,-67.09985260972573,-30.70273133905952,-37.27769589429192,18.060430199450177,-30.210993714404776,-36.88885889532095,-6.387908927470796,-53.258179104675584,22.555447765616066,-6.623813788323785,-17.048865899968757,-20.22882999432316,7.034287218136079,-26.420518485988236,44.48094868543841,8.428927831702172
2020-05-18,0.0578,-70.99362211768754,-36.543675586467735,-31.167931661424436,11.198868324884092,-30.89001753771345,-40.10360457997409,-6.056203601651603,-52.80816401700553,16.264488430537796,-6.937572363587595,-17.35297127138296,-13.814960390041477,7.199518105921164,-25.433428502227372,36.63229682711146,7.825192509044943
2020-05-19,0.0535,-70.48508638721059,-31.701201763739427,-27.50637517549745,8.645782299202034,-31.5534615212377,-38.931624865972886,-5.7027620973938635,-52.408628544451474,20.707426780712048,-7.190891146390619,-17.6049558941316,-9.90141928136585,7.301140669943514,-24.66988284689426,33.31566514609629,7.29797152960412
2020-05-20,0.0463,-77.22316923886555,-29.048739227760304,-29.17319726801536,11.961245564369868,-32.17192506475117,-45.05124417411438,-5.367296252500424,-51.91192150583841,22.863182278078103,-7.4839305338193896,-17.811703259718005,-11.361494008297356,7.369954877345821,-23.990257599055386,35.95150316342526,6.8066272209403085
2020-05-21,0.0304,-86.85581933989577,-35.0713116670556,-41.11175448755146,11.105915361235624,-32.869729946995406,-53.98608939290037,-4.955286274094432,-51.31581767770719,16.244506010651584,-7.793456871623642,-18.133180708225243,-22.978573779326215,7.482424048439377,-23.341984010667172,34.44789937190279,6.312014046580479
2020-05-22,0.0674,-103.765536006641,-40.66622902058309,-63.41227200405838,13.942707092769751,-33.9675798694873,-69.7979561371537,-4.461305917668515,-51.24107770399671,10.57484868341362,-8.058020199817534,-18.25364905470652,-45.15862294935186,7.703320790014994,-22.3842344066847,36.32694149945445,5.811339021443882
2020-05-25,0.065,-103.92909726031353,-40.4916847433118,-63.51222610352493,13.88286334056246,-35.0982135428209,-68.83088371749263,-3.8496923771333433,-50.94599707314882,10.454312329837016,-8.287729655107348,-19.01837813246986,-44.493847971055075,8.109431091515269,-21.64967509479262,35.53253843535508,5.287110895487221
2020-05-26,0.0665,-132.11893042126144,-46.104733613852794,-89.44334670111999,10.504876013283232,-36.213804615193595,-95.90512580606784,-3.2527537995964666,-50.69272901520933,4.587995401356537,-8.509965928223899,-19.731592410703666,-69.71175429041632,8.506098110338645,-20.924829170562962,31.429705183846195,4.783912438280909
2020-05-27,0.0578,-94.18123745956296,-46.929044443542914,-47.968083675056114,6.952451028673329,-37.718301526060245,-56.46293593350272,-2.4282880226872483,-50.457428446158204,3.52838400261529,-8.669833156091281,-20.927920285125477,-27.040163389930637,9.116565884057643,-20.317411938718486,27.269862967391816,4.312801500988585
2020-05-28,0.07,-87.29405876636037,-47.78078406539748,-34.917623506544146,8.05940936042588,-38.636345755927735,-48.65771301043263,-1.9448077798327865,-50.41524540786303,2.6344613424655563,-8.827506196924938,-21.246311371583122,-13.671312134961024,9.353825096548185,-19.677034187560707,27.73644354798659,3.8604912297838085
2020-05-29,0.0676,-85.5357834326432,-47.577733620666,-33.520779993873525,5.597380425959536,-39.386683430376806,-46.149100002266394,-1.531027112292361,-50.26152824222699,2.6837946215609847,-8.976492280972252,-21.487464732846615,-12.03331526102691,9.479160026209133,-19.102849184604587,24.700229610564122,3.413212418562295
2020-06-01,0.0708,-50.58779569428849,-67.74808638973659,-24.14417521772768,7.6489774956151395,-40.09427293315465,-10.493522761133839,-1.1468765045325127,-50.1596344113007,-17.588451978435884,-9.127585230971995,-21.64345447532696,-2.50072074240072,9.583770221350694,-18.573625044816904,26.222602540432042,3.003612588063076
2020-06-02,0.0745,-53.82878972043731,-70.8434801859642,-16.785321525727056,16.050475979632452,-40.25753299101167,-13.571256729425635,-1.0578173267221294,-50.35864190561469,-20.484838280349507,-9.125104299217046,-21.655046355543146,4.869724829816089,9.618263038809856,-18.027174665592067,34.07765064522452,2.581127496340385
2020-06-03,0.0792,-66.48349385468917,-74.77906186267927,-22.945630622414136,15.295717199182794,-40.467273656417035,-26.016220198272137,-0.9400077708579753,-50.61558606102627,-24.163475801653,-9.088317519474025,-21.553506967123102,-1.3921236552910337,9.601433047932467,-17.3785791880437,32.6742963872265,2.103811441328679
2020-06-04,0.0817,-62.42670696203534,-81.8704865365394,-14.002252028865852,5.081616405716447,-40.851359425430694,-21.575347536604646,-0.723459922402508,-50.89534879618571,-30.975137740353695,-9.03365932839344,-21.567999567828206,7.565747538962354,9.640162909007078,-16.758973437269226,21.840589842985672,1.6291854834055883
2020-06-05,0.0782,-65.87302529286737,-108.52713178294576,-19.58387238436452,16.078093597474734,-41.16184915315706,-24.71117613971031,-0.5453794940102792,-51.217872555673516,-57.30925922727224,-8.924604157142202,-21.507832796147902,1.9239604117833835,9.60212491392038,-16.325936159646208,32.40402975712094,1.26134337442191
2020-06-08,0.0912,-62.40690479414633,-115.33700911443584,-14.718609621262075,7.876673793182682,-41.51916730040814,-20.887737493738186,-0.3460622198381796,-52.03806371351237,-63.29894540092347,-8.625543389044697,-21.37623940251489,6.657629781252815,9.617566830621065,-15.718003086887283,23.594676880069965,0.8002249210194509
2020-06-09,0.0872,-60.04675485183583,-109.50341342671553,-12.8255204537905,8.554954173962466,-41.80917148815391,-18.23758336368192,-0.18020354982896486,-52.77831218310988,-56.72510124360564,-8.287180586040101,-21.346032928000263,8.520512474209763,9.601410363946453,-15.269279747048193,23.82423392101066,0.42662968362192005
2020-06-10,0.0844,-55.788807729913415,-97.71447499171887,-6.326565825042483,11.041183614885242,-42.05434781936027,-13.734459910553149,-0.04640025460981101,-53.44581727930595,-44.268657712412924,-7.9835429137410125,-21.276102945752566,14.949537120710083,9.566429155869137,-14.82284320093506,25.864026815820303,0.05770789037998603
2020-06-11,0.1115,-52.09237714881056,-97.44214372716236,-1.1576083810849422,16.995722743110296,-42.2358323958034,-9.856544753007164,0.05342456940006818,-54.17816782998905,-43.26397589717331,-7.765335718881904,-20.837387241265542,19.6797788601806,9.48442387596332,-14.377477570631104,31.3732003137414,-0.2968352382426654
2020-06-12,0.104,-51.42279358659593,-91.4724782181162,0.5777841976016701,18.294495643623243,-42.36165202187316,-9.061141564722767,0.12125467241521981,-54.60639983482405,-36.86607838329214,-7.568948222887836,-20.669560463193097,21.247344660794766,9.367119719674307,-13.839402839800652,32.13389848342389,-0.728982608685047
2020-06-15,0.1098,-49.27079227433977,-88.0180408219612,4.057594657887068,19.559564627104077,-42.473757090900726,-6.797035183439043,0.1813459371722369,-55.045110775269926,-32.97293004669127,-7.427718374696125,-20.35281962862852,24.41041428651559,9.229610212002585,-13.298405450506523,32.8579700776106,-1.1757162729731778
2020-06-16,0.1051,-50.969285213694256,-83.63455138082777,1.7375892686497303,25.204933292854996,-42.560197282555905,-8.409087931138352,0.2289479487940005,-55.37569589442588,-28.25885548640189,-7.279478123035286,-20.100261690858844,21.837850959508575,9.077683588969752,-12.76964920318812,37.97458249604311,-1.5879785569461053
2020-06-17,0.0937,-50.37783375314887,-90.83119108826192,2.316222241524601,16.566695229932225,-42.66874090571527,-7.7090928474336025,0.2880057076798877,-55.59627257061055,-35.234918517651366,-7.16938411876306,-19.939724649160954,22.255946890685557,8.942990257938066,-12.163765464436151,28.730460694368375,-2.0390673010924334
2020-06-18,0.0901,-51.07578369405711,-93.19450037393004,-4.6432530630970605,13.231317954320966,-42.77215268121797,-8.30363101283914,0.3516469302944603,-56.01361552509121,-37.18088484883883,-6.920876265174412,-19.705482217757858,15.062229154660798,8.809085646212758,-11.728657611513185,24.95997556583415,-2.3553643085877622
2020-06-19,0.0894,-45.87497921290005,-99.29359698147304,-2.293748960645524,5.67391982751574,-42.8829328418841,-2.9920463710159524,0.42188142008934865,-56.48177539448261,-42.81182158699043,-6.643882107019476,-19.54052451985003,17.246775559204508,8.731909772577657,-11.362314175150399,17.036234002666138,-2.6219428010405608
2020-06-22,0.094,-44.45888408200928,-97.10930442637796,-1.7099570800770307,6.775067750675758,-42.9241354513549,-1.5347486306543772,0.45407810498735995,-57.05185761791613,-40.05744680846183,-6.322968669357353,-19.29763933007297,17.587682249995936,8.628910660756222,-11.117242398781904,17.892310149457664,-2.8258945375604085
2020-06-23,0.0857,-44.1074185285084,-98.0780054500175,-2.8273986236223503,3.3435683676123436,-42.95327426330871,-1.1541442651996903,0.4765714026151239,-57.50143794761146,-40.57656750240604,-6.023202996570479,-19.164109135040924,16.336710511418573,8.524725962954893,-10.827306379003929,14.170874746616272,-3.035569756468917
2020-06-24,0.0771,-50.53458780242731,-80.56636439995098,-1.7034130719929472,27.426847455303847,-42.98015522819607,-7.554432574231242,0.4999925529116434,-57.970342581250435,-22.59602181870055,-5.697411053768228,-19.04823262638427,17.34481955439132,8.429874843093256,-10.574290031791943,38.00113748709579,-3.2293576498494643
2020-06-25,0.0767,-51.593443663929015,-87.62814211487084,-2.267843677535823,14.04297149276907,-43.08110898481338,-8.512334679115632,0.5686501809828222,-58.26707815360706,-29.36106396126378,-5.496309614125202,-18.8456801371187,16.577836459582876,8.318300372620321,-10.053728261890338,24.096699754659408,-3.5972960641966463
2020-06-26,0.074,-53.63322776055869,-74.69811850603713,-4.516482337731001,23.588879528223305,-43.19693845551795,-10.436289305040738,0.6483837192075941,-58.62984064180836,-16.068277864228776,-5.251083977516835,-18.676383308246763,14.15990097051576,8.218274530940953,-9.68601939826787,33.274898926491176,-3.884749310647229
2020-06-29,0.0741,-53.022867521800656,-47.037478791136586,0.5640730587433379,48.71738874796296,-43.330348583862694,-9.692518937937962,0.7364992059312532,-58.84582444881078,11.808345657674195,-5.0969023948403365,-18.510708865314395,19.074781924057735,8.128937990568533,-9.227009942267463,57.94439869023042,-4.228619296683304
2020-06-30,0.0719,-53.34201778815919,-52.7269731421981,5.053454316773488,38.44675124951957,-43.45673149136177,-9.885286296797418,0.8219469668613463,-58.7207315078036,5.993758365605501,-5.127785918219539,-18.301814751116932,23.35526906789042,7.996800057688022,-8.473177288354936,46.91992853787451,-4.736886587248097
2020-07-01,0.078,-61.57878977905001,-104.37544068088252,1.1298860509932989,-21.65235205613951,-43.57561108462354,-18.003178694426474,0.9059226267720949,-58.70517952706859,-45.67026115381393,-5.12177861896233,-17.978683501481076,19.108569552474375,7.8353487086978015,-7.895644409780256,-13.756707646359253,-5.172446745738393
2020-07-02,0.0759,-61.9585666167243,-105.25377855496032,0.0,-12.80866088234949,-43.79518409619074,-18.16338252053356,1.047339996980692,-59.23782440795165,-46.01595414700867,-4.781302624795231,-17.776644259029972,17.776644259029972,7.711335767229359,-7.993035956779438,-4.815624925570051,-5.185180374094959
2020-07-03,0.086,-61.93868070610096,-104.87531490339268,0.0,-12.762604459142846,-44.00188430258073,-17.936796403520233,1.1914558587798716,-59.82331302489216,-45.05200187850052,-4.44435641540297,-17.50282819209041,17.50282819209041,7.60578697537727,-8.047899990554747,-4.714704468588099,-5.263979348815741
2020-07-06,0.094,-63.876997556985515,-105.0747836937071,-1.1206490799486342,-7.661702977665779,-44.20105709392766,-19.675940463057856,1.3287762605049096,-60.365806241619744,-44.70897745208736,-4.137084217272463,-17.24895886355085,16.128309783602216,7.494964143403532,-8.087141601040486,0.42543862337470717,-5.35371914724428
2020-07-07,0.0897,-65.74328917018573,-108.90623118767884,4.457172147131,-10.398082374702206,-44.429048869561534,-21.3142403006242,1.4704593815554121,-60.843799311998005,-48.062431875680836,-3.837644089837237,-17.102378572956177,21.559550720087177,7.387040726209282,-8.016233929936826,-2.38184844476538,-5.461102972573164
2020-07-08,0.0882,-74.07857857581219,-99.3568513493301,17.690406824073428,-5.341766201577724,-44.67467637778792,-29.40390219802427,1.631885551515723,-61.374341090971,-37.9825102583591,-3.502291986085309,-16.881066388748273,34.5714732128217,7.255199253565692,-7.9893885532840585,2.6476223517063344,-5.547312354291347
2020-07-09,0.0876,-76.51576058329381,-100.80158708881736,11.643702697458547,-3.217071928364749,-45.00480239703873,-31.51095818625508,1.8445203432970099,-61.79387089401909,-39.00771619479826,-3.235648635321761,-16.512968632716085,28.156671330174632,7.038129713164987,-7.909795630071536,4.692723701706788,-5.672061329498801
2020-07-10,0.0913,-76.16611997553687,-95.08445422591684,11.119141602269568,1.0683646542231875,-45.3468395144665,-30.81928046107037,2.071538672862846,-62.23511957001608,-32.84933465590076,-2.9605342602492137,-16.187044278770365,27.306185881039934,6.862395139778382,-7.8324307448572785,8.900795399080465,-5.812112629397159
2020-07-13,0.0878,-75.99458607912338,-91.74263830858068,12.203510173290097,-11.009116597030053,-45.69365066919965,-30.30093540992373,2.2955562593508336,-62.5877800004998,-29.154858308080883,-2.719221653626149,-15.92462447667931,28.128134649969407,6.697347241969462,-7.674908118031617,-3.334208478998436,-5.967522008255477
2020-07-14,0.0884,-66.87447495246889,-88.98649070585509,21.554582835920385,-20.29516454695025,-46.02254640904379,-20.851928543425096,2.51374631730464,-62.91460963603589,-26.0718810698192,-2.4914881075692668,-15.625586664753573,37.180169500673955,6.522565295482069,-7.670183576480337,-12.624980970469913,-6.050638146483689
2020-07-15,0.0872,-67.94491490313682,-88.58308269127797,17.676725828458675,-12.875448065593782,-46.25653481423377,-21.688380088903052,2.677083069682368,-63.207058835266714,-25.37602385601125,-2.271094601990712,-15.248851217267728,32.9255770457264,6.2976669031045756,-7.752289503076078,-5.123158562517704,-6.074525919249404
2020-07-16,0.0858,-63.43341716931209,-90.83315932344932,18.918738454004448,-13.572770933388911,-46.500475472968596,-16.93294169634349,2.8517842681620342,-63.49028154290361,-27.342877780545713,-2.0532122407194553,-14.926314501997945,33.84505295600239,6.115993797412283,-7.7550024289614505,-5.817768504427461,-6.147502508025477
2020-07-17,0.0859,-60.20702378453669,-101.92783302461748,10.494802311065186,-12.93500419094062,-46.677512115617276,-13.529511668919412,2.966279734027648,-63.79400295983336,-38.13383006478413,-1.8234408438827052,-14.577410488894827,25.072212799960013,5.903166663739252,-7.778188014517787,-5.156816176422834,-6.208362878251469
2020-07-20,0.0899,-55.01246032226299,-98.45090514556745,14.853364287010008,-10.04601072914103,-46.801794406564134,-8.210665915698854,3.046964392829935,-64.2143542956747,-34.23655084989275,-1.5242890466288275,-14.290572847550695,29.1439371345607,5.726917055941616,-7.808964375193502,-2.2370463539475276,-6.290046358060611
2020-07-21,0.0975,-53.7485544896323,-93.41100372235886,32.031966817054524,-7.979834488846075,-46.86128309724216,-6.88727139239014,3.098799077408943,-64.59474082910843,-28.816262893250425,-1.2470302396097765,-13.949386871484101,45.981353688538626,5.532040898243379,-7.833739413158966,-0.1460950756871089,-6.391009648486184
2020-07-22,0.0999,-61.98534794620172,-95.66881196729972,22.97732725591787,-0.4348582362170703,-46.922522154000696,-15.062825792201025,3.142793210273925,-64.91082742974726,-30.75798453755246,-0.9951909762928672,-13.480090049879248,36.45741730579712,5.244853532875899,-7.81342547917003,7.37856724295296,-6.4877265470254954
2020-07-23,0.089,-64.63781630144558,-97.3882248782642,15.894544992158693,1.7706949977872226,-47.103012404771576,-17.534803896674006,3.229316264168218,-65.22902665401325,-32.15919822425094,-0.7385657543180032,-13.180132102005953,29.074677094164645,5.027061887134544,-7.638082883437371,9.408777881224594,-6.616762057221003
2020-07-24,0.0912,-66.24536019600167,-101.02607351184064,13.143920673811143,-2.6354627872639833,-47.264871315549904,-18.980488880451766,3.3288324915368466,-65.57191416906915,-35.45415934277149,-0.4725879536181534,-12.882877031419254,26.026797705230397,4.846000782461264,-7.528276036461749,4.892813249197766,-6.759797869053652
2020-07-27,0.0886,-53.54642062772927,-100.04799049950736,18.535299448059504,-1.2200974451159965,-47.46109753810666,-6.085323089622612,3.4526030453202203,-65.93886651176558,-34.10912398774178,-0.1929292545980794,-12.64861958381388,31.183919031873387,4.7044380591527855,-7.436019766979867,6.215922321863871,-6.863341324514762
2020-07-28,0.0871,-41.87027363755685,-102.86042127694355,14.80777970108756,-0.4098024752059951,-47.53016903136845,5.659895393811603,3.5032206815007427,-66.29645926023427,-36.56396201670928,0.09012990941763477,-12.35971675505504,27.1674964561426,4.52974637737208,-7.342029224520353,6.932226749314357,-6.964674958391598
2020-07-29,0.0853,-60.3818773182321,-110.2472335349036,-2.5370536688321565,-7.816035213293347,-47.49094465437903,-12.890932663853071,3.4926703268514387,-66.6804498193995,-43.5667837155041,0.3991806925283028,-12.111879097997322,9.574825429165166,4.378535130966875,-7.241515985566872,-0.5745192277264746,-7.0641074689344165
2020-07-30,0.083,-65.929348270505,-112.35237791254512,-6.644042848966503,-2.9790403234407927,-47.62423724825234,-18.30511102225266,3.576217044652781,-67.12806932671674,-45.22430858582838,0.7436651343720961,-12.029587193544577,5.385544344578074,4.318274081377092,-7.207091250799176,4.2280509273583835,-7.123549541875994
2020-07-31,0.0779,-56.17806929640833,-103.73529049981556,4.554978591599929,-4.100209110665285,-47.817050483126884,-8.361018813281447,3.6876115365950826,-67.5991344268863,-36.13615607292927,1.1143521877532114,-11.995332421007515,16.550311012607445,4.272451246522595,-7.102809925431613,3.0026008147663275,-7.222612645261461
2020-08-03,0.0858,-58.67535331667447,-96.70941085449942,-9.104796204311397,-2.469176447349021,-47.86753383295548,-10.807819483718987,3.740467152546672,-67.96835884221797,-28.741052012281457,1.4361081929816768,-11.80395895767587,2.699162753364474,4.167755883049004,-7.11110736279034,4.641930915441319,-7.297063385765044
2020-08-04,0.0826,-61.90539864600512,-92.28639544720528,-13.371566107537332,-3.07621318157451,-47.97832941957266,-13.927069226432458,3.799756781330484,-68.27247043354716,-24.013925013658124,1.6997828308835823,-11.786633310994194,-1.5849327965431375,4.135675970561456,-7.024603776591913,3.948390595017403,-7.382325392118938
2020-08-05,0.0804,-59.85908582419226,-93.10503434870904,-10.303613133673991,3.338427526449209,-48.11434901340638,-11.74473681078588,3.8787030098109403,-68.53901688757907,-24.566017461129974,1.9551597050637917,-11.807312960437175,1.5036998267631834,4.1364277935338265,-6.954332303679727,10.292759830128936,-7.4545401641965245
2020-08-06,0.078,-53.3064539577619,-96.46802551734864,-1.4538123806671153,-1.0372905969607775,-48.231785719967384,-5.074668237794519,3.9481994774619342,-68.80466081184693,-27.663364705501706,2.2009860417400677,-11.800662796651688,10.346850415984573,4.119634455729293,-6.819510266138376,5.782219669177599,-7.579477769583655
2020-08-07,0.0775,-49.12677163420206,-90.80983290284108,2.4563385817101033,-4.240147839821509,-48.27888744401834,-0.84788419018372,3.974402255936634,-69.09343403344285,-21.716398869398233,2.464921591784057,-11.704915515865732,14.161254097575835,4.049367014369408,-6.741900259927369,2.50175242010586,-7.674432224415018
2020-08-10,0.0975,-46.36617439600704,-76.21140081360865,4.932571744253778,-0.686589196519832,-48.20798742794669,1.841813031939651,3.9825365014733514,-69.27331670255452,-6.938084111054124,2.7024625076965814,-11.495974671358296,16.428546415612075,3.9625457849092163,-6.8546449186573,6.168055722137468,-7.747220683541638
2020-08-11,0.1027,-38.70515563133791,-81.07094312530523,8.891724942335976,0.4033380254995229,-48.173735975654644,9.468580344316734,3.9807481992913734,-69.35303647475901,-11.717906650546226,2.8557420835330065,-11.332048654305616,20.223773596641593,3.8693906708973733,-6.826415999321229,7.229754024820752,-7.832592397500614
2020-08-12,0.0883,-44.36719333134986,-78.39448102853532,0.0,-0.3919724051417644,-48.15029204384214,3.783098712492283,3.933241168773069,-69.52900224225708,-8.865478786278246,3.0333689929460452,-11.210539630249162,11.210539630249162,3.7518446933219165,-6.637887249198449,6.245914844056684,-7.916788335904311
2020-08-13,0.0925,-43.506968792707205,-76.71332485002672,2.047386766714935,-18.17851299763576,-48.10310600627614,4.596137213568937,3.9195033233742755,-69.6270694874341,-7.086255362592624,3.202478685043534,-11.095163982471991,13.142550749186926,3.680394441066162,-6.603814681941689,-11.574698315694071,-7.998158616780728
2020-08-14,0.0885,-38.55803240931151,-63.9030790696621,7.19749938307195,-1.5124989128919113,-48.07943156223391,9.521399152922399,3.8945844036560695,-69.73253701184227,5.82945794218017,3.3521595874807293,-10.990591014523016,18.188090397594966,3.5855994427477795,-6.655194142298789,5.142695229406877,-7.990126745936069
2020-08-17,0.0907,-44.325794590238026,-60.75820417667105,-3.5259154787691807,-1.455286327584146,-47.9916016430609,3.6658070528228777,3.8490077407927936,-69.69968771277908,8.94148353610803,3.405638509003972,-10.822705321442122,7.296789842672942,3.468217116517703,-6.603162123786556,5.147875796202411,-8.10935113626193
2020-08-18,0.0977,-41.4494316933339,-60.71228520318712,0.9987814865865916,4.69797445024725,-47.93681007438455,6.487378381050654,3.840238213074861,-69.64205780605408,8.929772602866962,3.513379957265837,-10.733919022978016,11.732700509564609,3.416427481619934,-6.60678471985359,11.30475917010084,-8.174759032683916
2020-08-19,0.077,-35.25179110203296,-54.68062395835313,7.257721697477894,9.363120540813313,-47.96545497532302,12.71366387329006,3.8186723923865933,-69.68433667740281,15.00371271904968,3.6245855292007207,-10.700199086826933,17.957920784304825,3.3329623636790604,-6.333137881798574,15.696258422611887,-8.268714380556318
2020-08-20,0.075,-42.110452636011864,-56.517909571344646,1.5406263159514113,2.2019964768057205,-47.86925740582653,5.758804769814667,3.7625668671692893,-69.61017789095686,13.092268319612216,3.7041028991735443,-10.549327249024783,12.089953564976195,3.21519317627309,-6.17414434405214,8.37614082085786,-8.388513170864444
2020-08-21,0.0745,-44.834267810026624,-54.123663238834496,-3.092018469657695,0.7465332860538042,-47.823449030623756,2.989181220597132,3.7339296674358584,-69.5120185847793,15.388355345944802,3.671009677546732,-10.442389165525242,7.3503706958675465,3.122989850352492,-6.1156121342459135,6.862145420299718,-8.372956283990408
2020-08-24,0.0688,-39.91953879971821,-60.514940800601906,3.110613412964565,0.75173839503811,-47.82096251581211,7.901423716093902,3.7226130571177394,-69.41638642654266,8.901445625940752,3.6354482906639243,-10.39481374240867,13.505427155373235,3.068108952408632,-6.028969564081794,6.780707959119904,-8.337805709877784
2020-08-25,0.0786,-38.896783495316825,-57.661433169267845,2.5931188996877883,-0.7537442244331236,-47.723622093421234,8.826838598104409,3.6976462142423685,-69.32580211937125,11.664368950103402,3.6602958691880922,-10.251769568466717,12.844888468154505,2.990566825124158,-6.075525484079479,5.321781259646355,-8.292753421014389
2020-08-26,0.0755,-42.97862325143564,-56.364046283972094,-3.0699016608174965,12.363726281646583,-47.66798583637064,4.689362584934997,3.670946886502774,-69.26282688713655,12.898780603164461,3.6817854735265865,-10.152338150198652,7.0824364893811556,2.9079513994253494,-6.028804264918338,18.39253054656492,-8.2319212700674
2020-08-27,0.0695,-39.38762606631585,-64.03588971021051,-1.0365164754284344,2.2208979090233876,-47.658246229433665,8.270620163117812,3.671698982815483,-69.20046680442965,5.1645770942191405,3.6953485147026743,-10.107845789916915,9.07132931448848,2.854198859417661,-5.848737369486815,8.069635278510203,-8.252893728059854
2020-08-28,0.0741,-41.22494058010177,-65.4474057375558,-6.107398604460808,-5.090353779587444,-47.58034695326723,6.355406373165458,3.6524166368016227,-69.1615209953854,3.7141152578296044,3.7492657534380833,-10.014886608592215,3.907488004131407,2.780308570556198,-5.83690682850659,0.7465530489191465,-8.23195713892228
2020-08-31,0.074,-41.16271978859594,-55.78691530338134,-1.0163634515693571,1.776653353610517,-47.53638981477237,6.373670026176427,3.6462244684773935,-69.15261403601905,13.365698732637703,3.8134799541963647,-9.979389862174934,8.963026410605575,2.7417116510118342,-5.84529279291495,7.621946146525467,-8.173849453286422
2020-09-01,0.072,-41.11299475174926,-56.91722101668391,-1.0151356728840657,-21.343957881255992,-47.49918356873386,6.3861888169846,3.639430921640415,-69.07528470405725,12.158063687373343,3.8343765706534256,-9.908130191263925,8.89299451837986,2.672594533946337,-5.780885628501318,-15.563072252754674,-8.160302156046939
2020-09-02,0.074,-40.14575999011773,-61.936424082339634,0.5146892306420698,-5.464978595502002,-47.44837747523133,7.3026174851136005,3.6357251646015802,-68.99820538092385,7.061781298584215,3.8842064998194754,-9.827007978145975,10.341697208788045,2.6033333814453203,-5.926906993123374,0.4619283976213726,-8.051401624167216
2020-09-03,0.0736,-39.35968015080925,-61.310464154066146,-1.0357810565993135,-15.04551267584411,-47.4018931847185,8.042213033909256,3.6341028228334498,-68.97237705690908,7.661912902842936,3.9556690533655887,-9.743427360538297,8.707646303938983,2.5366351410265517,-5.934690790288007,-9.110821885556103,-7.997481078332967
2020-09-04,0.0823,-41.883408999244594,-59.82794819865902,-3.619553864131349,-14.864086508984489,-47.31564503560124,5.432236036356649,3.6212648074469174,-68.90879127322837,9.080843074569351,4.02788254531095,-9.647122893359123,6.027569029227774,2.4670554562275955,-6.092868072036993,-8.771218436947496,-7.884347676307813
2020-09-07,0.094,-41.88990711818079,-60.00253426852862,-3.620115429965341,-14.907461930070102,-47.243253778650725,5.3533466604699385,3.6363275050766504,-68.82479999089195,8.822265722363326,4.103441211961622,-9.566997885493159,5.946882455527818,2.4158982001564797,-6.272074387548832,-8.63538754252127,-7.763141294003383
2020-09-08,0.0842,-41.924814832068535,-60.366322341163965,-2.070361226275425,-14.9978440599174,-47.24978121138981,5.324966379321275,3.6515089109045356,-68.83144630290327,8.465123961739309,4.181940145855231,-9.541570560630756,7.471209334355331,2.3705051082044433,-6.279753159259148,-8.718090900658252,-7.650978343494559
2020-09-09,0.0822,-41.605884407553454,-57.82103647914453,-3.081917363523127,-17.420440477692257,-47.22776805932738,5.621883651773928,3.6753729705266913,-68.79675257893332,10.97571609978879,4.236491185253396,-9.489649170518382,6.407731806995255,2.331232199627932,-6.343023805946276,-11.077416671745981,-7.546808482855841
2020-09-10,0.0821,-42.6496205211473,-57.29784835417509,-3.596955947565725,-18.60319751758959,-47.20091673666818,4.551296215520878,3.717829990338152,-68.7344076850916,11.43655933091651,4.273710497864217,-9.444601366477933,5.847645418912208,2.311998857155749,-6.43920128166463,-12.163996235924959,-7.4250867908505445
2020-09-11,0.0787,-43.286697070418654,-59.483726150392414,-3.0919069336020018,-18.3314627759057,-47.19708282673844,3.9103857563197835,3.77262813513056,-68.68687595823877,9.203149807846358,4.319722295842453,-9.413064586091574,6.321157652489572,2.301520030850766,-6.522014195209432,-11.809448580696266,-7.287466009712816
2020-09-14,0.078,-45.99204848583957,-60.09637541431483,-5.11022760953773,-19.540539245145585,-47.18528793126539,1.1932394454258244,3.8182254131803655,-68.64925669008394,8.552881275769117,4.397300905377289,-9.368643909247208,4.258416299709478,2.274021935719614,-6.623540855293968,-12.916998389851617,-7.144102895603611
2020-09-15,0.0798,-41.96197835376018,-58.220944800648994,-1.5351943300165387,-17.68737563564073,-47.183078619495845,5.221100265735664,3.879360656540158,-68.60294477958485,10.381999978935852,4.47736528371113,-9.332660035205844,7.797465705189305,2.250193600678696,-6.750736059317519,-10.936639576323213,-6.984052686648429
2020-09-16,0.0773,-43.38372650898809,-56.702074780463526,-5.103967824586833,-17.673373957546445,-47.167138612077025,3.783412103088935,3.9216367263574816,-68.56213705765043,11.860062277186906,4.555895582106196,-9.27987435388247,4.175906529295636,2.204147649877654,-6.83278869543599,-10.840585262110455,-6.824044106111076
2020-09-17,0.0773,-44.228672522680746,-56.96024618662245,-6.171442677584666,-19.97307333816708,-47.15090071536602,2.9222281926852745,3.9702793682053734,-68.49824909470782,11.538002908085367,4.630815737918686,-9.247249226030808,3.0758065484461428,2.1700216926301965,-6.928683694788962,-13.044389643378118,-6.668555240665606
2020-09-18,0.0804,-45.62090565186566,-57.495939815938286,-6.6637277918442495,-20.534264219977867,-47.13012810029494,1.509222448429277,4.009797979822086,-68.43706150484165,10.941121688903365,4.72968705932775,-9.229262788303881,2.5655349964596317,2.2016011536685856,-7.071080849045378,-13.463183370932489,-6.487161077672696
2020-09-21,0.076,-44.44421205640755,-59.07200310734953,-5.751603913181678,-19.825535289454045,-47.142343942937536,2.6981318865299855,4.03458966546724,-68.4004389163221,9.328435808972571,4.801462754681573,-9.224217288983505,3.472613375801827,2.2108801798760007,-7.157824435097994,-12.667710854356052,-6.309216713778781
2020-09-22,0.0742,-43.67938280505815,-57.37940079511478,-4.736318617415252,-17.62367310135631,-47.13579725592005,3.4564144508619066,4.056671531978103,-68.36089748875301,10.981496693638228,4.874958672442179,-9.208254800101802,4.47193618268655,2.225298605999491,-7.25457569136841,-10.369097409987901,-6.133576896405455
2020-09-23,0.0775,-42.39698605729546,-57.94963649773377,-3.2200242575168057,-18.438520703822256,-47.10341861433591,4.706432557040451,4.079571040123017,-68.28343453019166,10.333798032457885,4.940209596620684,-9.174234368237276,5.95421011072047,2.239685445333445,-7.363655318333406,-11.074865385488849,-5.971613085549624
2020-09-24,0.0748,-42.82494767326706,-52.27346365698182,-5.353118459158383,-17.28048385354753,-47.086955338506634,4.262007665239572,4.099270568179411,-68.24147581636865,15.96801215938683,5.021522520449681,-9.14332693930277,3.790208480144388,2.248045467231057,-7.44170674814994,-9.83877710539759,-5.794899545149837
2020-09-25,0.0763,-45.6601381622063,-53.738777115145645,-6.98331524833719,-16.60222382419285,-47.05610469050286,1.3959665282965616,4.118777971710641,-68.13872837025066,14.399951255105016,5.073567094965997,-9.118095817472408,2.134780569135218,2.2662471180176356,-7.535668859106672,-9.06655496508618,-5.617142931831207
2020-09-28,0.0655,-50.49216574186279,-49.84097350403251,-11.692922592852677,-13.93857733587528,-47.09659465229241,-3.3955710895703817,4.152979799380459,-68.11287151052755,18.271898006495043,5.146228723875113,-9.132920749359293,-2.5600018434933833,2.293388669948774,-7.559121221764686,-6.379456114110594,-5.426237045553293
2020-09-29,0.0752,-46.8897353627637,-47.54227128033339,-8.95646630524715,-8.681632146842466,-47.08494910312581,0.1952137403621066,4.211457359960168,-67.95424620442715,20.411974924093762,5.207580759803129,-9.132871242710296,0.1764049374631469,2.3424892036284333,-7.674009254678368,-1.0076228921640977,-5.246391329208581
2020-09-30,0.0734,-42.42186422882354,-57.240738190331534,-4.77245972574313,-15.493733645502433,-47.09630398787162,4.674439759048084,4.254705998989369,-67.84109014519817,10.600351954866632,5.261161367972556,-9.141449798578927,4.368990072835797,2.389791858003388,-7.6890820102700435,-7.804651635232389,-5.0894684500104885
2020-10-01,0.0719,-37.25059154988765,-53.797561457409614,-9.96846816123902,-13.869683813238929,-47.07646250828712,9.82587095839947,4.278851841502498,-67.7950606377469,13.997499180337286,5.3610440883218455,-9.120815728129744,-0.8476524331092765,2.4147291820772563,-7.754188743910311,-6.115495069328618,-4.894191423512792
2020-10-02,0.0745,-37.371568132053945,-56.03279392992072,-11.053562405255898,-18.537164909145535,-47.004438345746415,9.63287021369247,4.2827857179621525,-67.70381676245866,11.671022832537936,5.450599907619386,-9.125972343098459,-1.9275900621574387,2.469308632547439,-7.826412094110141,-10.710752815035393,-4.704769902691996
2020-10-05,0.0791,-36.05901135597608,-55.78342904019802,-9.929292982080716,-18.86792452830309,-46.925186249232084,10.866174893256002,4.28606012434057,-67.61714713439817,11.833718094200144,5.5577528541832955,-9.132666678941968,-0.7966263031387477,2.528648087517122,-7.936390829152195,-10.931533699150894,-4.4921354006478795
2020-10-06,0.0763,-37.270123204378706,-58.957407608106315,-9.583745966839995,-22.10902785303929,-46.87018890781329,9.60006570343458,4.289176494752674,-67.57070008828937,8.613292480183055,5.673864559802803,-9.1499648500766,-0.43378111676339515,2.5830144217957773,-8.013504017877715,-14.095523835161575,-4.265930497743467
2020-10-07,0.0752,-36.55784086212974,-59.23647958862082,-7.417532928548447,0.4201168765155599,-46.816013496760256,10.258172634630519,4.297700147666485,-67.5351206616888,8.298641073067976,5.807971853588972,-9.161447426383555,1.7439144978351084,2.6512588299037674,-8.117791940027374,8.537908816542934,-4.020130819539409
2020-10-08,0.075,-40.13052982860111,-60.40724551350283,-10.03263245715058,-13.843327096843597,-46.753993799471424,6.623463970870311,4.3054414556001195,-67.49713866927694,7.0898931557741065,5.954801066495042,-9.155753201043062,-0.876879256107518,2.706108765085939,-8.077358160402794,-5.765968936440803,-3.861365961855385
2020-10-09,0.077,-38.33402403646842,-60.82555786577775,-7.770410277661482,-6.360842652629707,-46.7068809494555,8.372856912987082,4.3346731927003805,-67.45435362163967,6.6287957558619155,6.1165988265632425,-9.16149551867808,1.3910852410165981,2.778707104958645,-8.138522535569983,1.7776798829402765,-3.6352847556113757
2020-10-12,0.077,-38.48614238832447,-64.53411942795643,-6.761079068217868,-8.36553399991923,-46.65704702503488,8.17090463671041,4.355939764274572,-67.42649324196944,2.8923738140130126,6.290722821966266,-9.157615016461273,2.3965359482434048,2.8419228926894213,-8.141389699913505,-0.22414430000572416,-3.448322321550969
2020-10-13,0.078,-40.1827256577285,-68.76980756882175,-8.459521191101306,-11.185450628664176,-46.603781811037024,6.421056153308527,4.375193836286072,-67.41493499615271,-1.3548725726690378,6.4855714192154785,-9.143463673554185,0.6839424824528795,2.89495811760444,-8.159154097227942,-3.026296531436234,-3.246319015685365
2020-10-14,0.0798,-41.01981572636603,-70.88311292256869,-8.940216248053233,-16.48444486571324,-46.55802672751854,5.538211001152504,4.401966941158923,-67.42326435150649,-3.459848571062196,6.700113632402815,-9.137084553611205,0.19686830555797208,2.9503633356262133,-8.19535497300614,-8.2890898927071,-3.029691453042509
2020-10-15,0.084,-40.34138239963021,-67.48471306652243,-8.906538971346187,-21.397591947922848,-46.507335354119576,6.165952954489363,4.440850872479745,-67.42651221974737,-0.05820084677506543,6.940335376550722,-9.126424996754265,0.2198860254080781,3.019261524520994,-8.269537450280495,-13.128054497642353,-2.776699639172092
2020-10-16,0.0825,-40.01495295610417,-67.887257478981,-7.897688083441707,-20.69733459724939,-46.477552454418756,6.462599498314589,4.473222854167185,-67.44533200603497,-0.4419254729460249,7.168236932628638,-9.132060127140369,1.2343720436986612,3.0884904542679044,-8.355438522514325,-12.341896074735066,-2.492725749869704
2020-10-19,0.0814,-39.9142893155745,-66.83368253590783,-9.978572328893028,-18.86103924326205,-46.443531381364885,6.529242065790385,4.506161466644281,-67.46052852341576,0.6268459875079344,7.392642444380851,-9.1291875609641,-0.8493847679289281,3.1517339300186458,-8.433981409210144,-10.427057834051904,-2.2183919235224447
2020-10-20,0.083,-39.329819869424995,-63.71287811766999,-9.963554366921477,-15.42095139153806,-46.397078984196725,7.06725911477173,4.531326294449887,-67.4493570692982,3.7364789516282144,7.60977876657598,-9.130708238548399,-0.8328461283730775,3.2192403277975163,-8.506194120081485,-6.914757271456574,-1.9676875155536084
2020-10-21,0.081,-38.45494275929852,-62.28241080839327,-9.353904995505877,-16.369095148358625,-46.36413061074002,7.9091878514415015,4.560782462646156,-67.44701920474289,5.164608396349614,7.8234168581733865,-9.14380075875436,-0.21010423675151735,3.2882557976507982,-8.549394457948932,-7.819700690409693,-1.7398272099737953
2020-10-22,0.0825,-38.863300964755666,-62.32597293272029,-8.40287588427211,-13.355565628439138,-46.3102532869125,7.446952322156832,4.594000178233656,-67.40819873212857,5.082225799408278,8.037639062254694,-9.141411751082488,0.7385358668103787,3.3560237442304084,-8.603498806466199,-4.752066821972939,-1.5078770692781616
2020-10-23,0.0845,-39.43114008569702,-62.99020603893103,-8.937725086091561,-19.913032876822015,-46.256935109000864,6.825795023303847,4.63167677222064,-67.3646821933584,4.374476154427377,8.256623332942414,-9.131195331060974,0.19347024496941323,3.4227573160301077,-8.637953296880529,-11.275079579941487,-1.295121345074889
2020-10-26,0.083,-39.430518169582776,-62.602449732702965,-8.937584118439002,-20.592911096283043,-46.22435892089339,6.793840751310611,4.678568972869073,-67.35591354471663,4.753463812013663,8.49015967268777,-9.136643769360338,0.19905965092133648,3.493986112476973,-8.70800070453937,-11.884910391743674,-1.0459484608074718
2020-10-27,0.0835,-38.784270357810385,-63.59496163787844,-9.434011708655325,-23.79682435482024,-46.18248300516325,7.398212647352864,4.716059383744009,-67.32763016478555,3.732668526907105,8.729026979822574,-9.134695520135487,-0.2993161885198372,3.5512397782743745,-8.782986556817095,-15.013837798003147,-0.8006589145500754
2020-10-28,0.0835,-39.42062337855978,-64.1442304402854,-10.121511408008052,-21.381410146760786,-46.13929518540349,6.718671806843709,4.754276844572666,-67.30856968781617,3.1643392475307763,8.982250302055414,-9.137164295958568,-0.984347112049484,3.611534390399246,-8.87480011877259,-12.506610027988195,-0.5209005301491463
2020-10-29,0.0823,-38.55235892246181,-64.92250145108231,-10.173539160094512,-19.777715673839403,-46.10604060158244,7.553681679120629,4.802963058904983,-67.30342145876193,2.38092000767962,9.240724363343253,-9.147997759818635,-1.025541400275877,3.6813861770862317,-8.950386502039485,-10.827329171799917,-0.2527860688692534
2020-10-30,0.0825,-38.85438123067237,-64.67512374929669,-11.177287751288896,-21.981087810218497,-46.061518268063665,7.207137037391298,4.844986987336558,-67.29084352068381,2.61571977138712,9.49964298444467,-9.154055593110545,-2.0232321581783506,3.7477124342337147,-9.016966149015772,-12.964121661202725,0.02168140774770083
2020-11-02,0.0832,-37.98510139911814,-63.51446718419141,-11.078987908076773,-18.26559840591014,-46.01715073053005,8.032049331411905,4.889464607204252,-67.27325293335527,3.758785749163856,9.764198624657674,-9.164276215651343,-1.9147116924254295,3.8199714533893667,-9.096385157867328,-9.169213248042812,0.30359752141145785
2020-11-03,0.0882,-36.66514768197698,-63.568592162075106,-10.475756480564852,-23.11585169530044,-45.9467382677286,9.281590585751616,4.924104609929673,-67.20491514017378,3.6363229780986757,10.02705618892433,-9.15669066925696,-1.3190658113078921,3.8806182315966034,-9.149886692217267,-13.965965003083172,0.5791211509448072
2020-11-04,0.08985,-36.26006348138578,-58.99310073594866,-7.882622495952392,-22.17471162415005,-45.88558858862089,9.625525107235113,4.961938759723916,-67.16816052780116,8.175059791852505,10.29735672583691,-9.157978525653792,1.2753560297014008,3.9455268249975903,-9.229536157011085,-12.945175467138965,0.8930245296317103
2020-11-05,0.0955,-35.90369602905122,-55.17458816111003,-6.66782926253785,-23.25214786789669,-45.802799585367076,9.899103556315858,5.000091916546946,-67.06295529259486,11.888367131484834,10.550184056276226,-9.128323572529542,2.4604943099916916,3.996173134453776,-9.297247470830959,-13.95490039706573,1.2136266123470125
2020-11-06,0.0915,-37.92246393522363,-58.17585506793726,-7.6869859328145775,-23.426518819304334,-45.76728820904459,7.844824273820954,5.040030879294228,-67.03916752830705,8.863312460369784,10.814944732619985,-9.130629794241536,1.443643861426958,4.044241483497544,-9.38159823105594,-14.044920588248395,1.5536955580253085
2020-11-09,0.089,-33.27894194434805,-57.24715838380408,-2.1470285125366937,-24.060399900438178,-45.73621327923195,12.457271334883899,5.083854780199756,-67.0182747828401,9.771116399036018,11.09453571176283,-9.132945056486353,6.985916543949659,4.091641875222404,-9.466303985574667,-14.59409591486351,1.9025359008860696
2020-11-10,0.0885,-35.15649969104846,-57.77007510109786,-5.859416615174339,-22.695386646859667,-45.67083061283297,10.514330921784513,5.125642781626048,-66.97631875187322,9.206243650775363,11.397148419595878,-9.097081821011924,3.237665205837585,4.123598900713766,-9.555835856220378,-13.139550790639289,2.274342623392344
2020-11-11,0.0895,-34.83891023888773,-57.25395217029523,-7.5037652822212415,-25.125835125092223,-45.60900501253974,10.770094773652012,5.178283491249552,-66.92097958141407,9.667027411118845,11.721900538907537,-9.0760122512672,1.572246969045958,4.1648990570619,-9.63372665682282,-15.492108468269404,2.663311437316103
2020-11-12,0.0885,-36.76411822061716,-57.65635167079894,-9.05782622826812,-24.70986500177181,-45.55657556057788,8.79245733996072,5.235126462448787,-66.88680746974444,9.2304557989455,12.045128293543135,-9.072647715564063,0.01482148729594357,4.21441487370774,-9.728902579513258,-14.980962422258552,3.0332668731954087
2020-11-13,0.085,-35.99407156468322,-53.50628293473913,-7.939868727503706,-18.646128901500983,-45.52760368055317,9.533532115869953,5.308827576449358,-66.88210860273522,13.375825667996082,12.350946121676293,-9.08845680743328,1.1485880799295742,4.307614686427804,-9.825864530779821,-8.820264370721162,3.37885551058432
2020-11-16,0.0845,-33.351862145636225,-46.426192446661155,-7.411524921251825,-13.322298702087082,-45.48194664670535,12.130084501069128,5.414011581754441,-66.82594175226856,20.399749305607408,12.679241203818737,-9.088235922951833,1.6767110017000082,4.43475706227562,-9.884966908689659,-3.437331793397423,3.7039671179386113
2020-11-17,0.0825,-32.97205883917105,-46.95602466212014,-9.040725810740623,-15.92421705932707,-45.430571024095464,12.458512184924416,5.512801630971811,-66.75124328061311,19.795218618492967,12.994188586055046,-9.09202325256532,0.05129744182469764,4.563306238793029,-9.920473320616559,-6.0037437387105115,4.018153089063116
2020-11-18,0.078,-28.308336538050437,-45.19959731267826,-6.943554245181999,-13.148973763688298,-45.39118892215452,17.082852384104083,5.589843293348563,-66.71319087760033,21.51359356492207,13.279127975058916,-9.11569374594521,2.172139500763211,4.664751311411301,-9.980581389851123,-3.1683923738371753,4.310992375314825
2020-11-19,0.0715,-28.930534571989305,-48.229038038576256,-6.429007682665643,-17.878005479819212,-45.333748715578494,16.40321414358919,5.5290787336528755,-66.68365307918855,18.45461504061229,13.263249860123718,-9.134966981640856,2.7059592989752135,4.680700350487896,-10.024968054484766,-7.8530374253344455,4.2944997331645824
2020-11-20,0.0694,-30.999631211283624,-52.945288489777056,-8.551622403112304,-23.990833846930137,-45.255378343674565,14.25574713239094,5.472827408943202,-66.61207259562715,13.666784105850098,13.249797069114967,-9.130778515528087,0.5791561124157827,4.694268795921117,-10.07631907987287,-13.914514767057266,4.300790846134153
2020-11-23,0.0696,-34.278998400313164,-52.551948024429166,-11.97044388582274,-24.58074988239526,-45.17623259027219,10.897234189959029,5.419078857182841,-66.53723600142592,13.985287976996759,13.263217844379676,-9.127107333878795,-2.8433365519439455,4.702875579568667,-10.150689378033222,-14.430060504362038,4.329820058766776
2020-11-24,0.0725,-34.85303636333561,-47.273196097812296,-12.170901587197722,-13.322446173019385,-45.101489745483754,10.248453382148142,5.384037527008015,-66.42466339954885,19.151467301736552,13.270241767055127,-9.12946947515292,-3.0414321120448022,4.730942320750257,-10.21658105421082,-3.1058651188085644,4.385203047157731
2020-11-25,0.0638,-31.53422293035941,-35.96383066173585,-9.958175662219688,-4.709549253325086,-45.093505616680496,13.559282686321087,5.3646897098768385,-66.43911779724765,30.4752871355118,13.268743519398816,-9.187923078609609,-0.7702525836100786,4.761052949840007,-10.271412625448866,5.56186337212378,4.392616586132906
2020-11-26,0.073,-31.391122370305354,-35.867852583127245,-9.912986011676296,-4.696980695412048,-44.97174400842325,13.580621638117897,5.333524815419819,-66.15565131969251,30.287798736565264,13.234861603643864,-9.149042479113618,-0.7639435325626778,4.784566633102955,-10.200604988677478,5.50362429326543,4.361122410517055
2020-11-27,0.078,-34.67968833028386,-38.0970944320647,-12.305695859132326,-6.201852581963838,-44.873700356418944,10.194012026135084,5.305017030490333,-65.93199447139054,27.834900039325838,13.216937905947468,-9.130026584491448,-3.175669274640878,4.81009613882151,-10.149440012239323,3.947587430275485,4.337931348983053
2020-11-30,0.0741,-29.26362587579867,-26.055467231938287,-7.315906468950629,3.974562798092361,-44.841297723871605,15.577671848072935,5.286871019927298,-65.8404093181238,39.78494208618552,13.212527940296233,-9.166168380610147,1.8502619116595183,4.83645313144625,-10.146539464066285,14.121102262158646,4.349109831981149
2020-12-01,0.0705,-21.484762345474227,-27.08096374900583,-6.610696106298991,0.833260423045855,-44.77856385789577,23.293801512421542,5.24722491751608,-65.68041811083975,38.59945436183392,13.153150596720984,-9.174174141646786,2.563478035347795,4.841823867705941,-10.088077410220388,10.921337833266243,4.313245592425557
2020-12-02,0.0735,-20.204447162640587,-25.72315249680583,-7.098859813901653,-1.244668669200306,-44.641189664538835,24.436742501898248,5.18736111815587,-65.4407900080659,39.71763751126007,13.097000063070247,-9.146343246365085,2.047483432463432,4.837729061196509,-10.018514199158558,8.773845529958251,4.2977402523009145
2020-12-03,0.071,-19.553740195972672,-24.93247454809837,-6.517913398658792,-1.2466237274035157,-44.5269906760597,24.973250480087025,5.1164195385381,-65.26866944248948,40.33619489439111,13.036444078292451,-9.14733966090791,2.629426262249118,4.818499666089156,-9.984210683099464,8.73758695569595,4.29058751704673
2020-12-04,0.0725,-21.752607593835315,-26.04920405209793,-7.069597467996229,1.4689740247262772e-12,-44.39036617674222,22.637758582906905,5.060312830071084,-65.04170545314777,38.992501401049836,12.97528345841756,-9.12656020798944,2.056962739993211,4.81345460346472,-9.933037303107138,9.933037303108607,4.283836633503508
2020-12-07,0.0654,-22.01070471834302,-25.321522068523784,-6.979003935083061,-0.8168232925340081,-44.309831016814606,22.299126298471585,5.007806789758007,-64.9346909017662,39.61316883324242,12.92014890638406,-9.149923161169433,2.1709192260863714,4.803131057286524,-9.912639956102053,9.095816663568044,4.267778680178242
2020-12-08,0.0695,-22.453169104438334,-22.399609025005994,-8.018988965869967,-4.072656186365384,-44.17432956246368,21.72116045802535,4.944172490536438,-64.67931960644302,42.27971058143702,12.86440081423283,-9.118555178351597,1.09956621248163,4.78190139310607,-9.849108590372929,5.776452404007545,4.268707928925695
2020-12-09,0.06545,-22.288059579788044,-21.712353076265956,-7.610556929683148,-1.670181005868552,-44.0830129958284,21.794953416040354,4.89032985807304,-64.515476851478,42.80312377521204,12.789716582288204,-9.132299120606188,1.5217421909230398,4.7796987085351805,-9.837433572886772,8.16725256701822,4.279409111099694
2020-12-10,0.069,-22.324223960970222,-18.74890631379759,-7.078412475429494,-1.2499270875851245,-43.95460380478442,21.630379843814197,4.83658229640385,-64.25307523742708,45.50416892362949,12.720236024344953,-9.107362562327493,2.028950086897999,4.768827209182726,-9.781616533167682,8.531689445582558,4.291969931470762
2020-12-11,0.0633,-21.740902790988397,-17.953696165008168,-6.5222708372955305,-0.417527817792854,-43.87270086078869,22.131798069800293,4.78997769556546,-64.0956763496889,46.14198018468073,12.633125880594223,-9.124635919915981,2.6023650826204507,4.774468568560064,-9.763984723344548,9.346456905551694,4.303742719904018
2020-12-14,0.065,-21.88962158316688,-19.29627330234717,-6.019645935370395,0.0,-43.752660416288215,21.863038833121337,4.740596156671103,-63.84130858154957,44.545035279202395,12.542710272830929,-9.103652094209268,3.084006158838873,4.777747189077948,-9.710377427359353,9.710377427359353,4.313077206497217
2020-12-15,0.0695,-22.118642239054704,-19.187980975321235,-7.013228027018093,-0.4082549143690307,-43.62180852871885,21.503166289664147,4.69866101730244,-63.56128193280174,44.37330095748051,12.4400744484491,-9.067136199716478,2.0539081726983843,4.788606500393353,-9.642414586183774,9.234159671814743,4.297882357051192
2020-12-16,0.0711,-20.913770913771405,-20.530719088435916,-6.971256971257946,-0.3948215209305427,-43.50756870603663,22.593797792265224,4.669011307937302,-63.320620257673525,42.78990116923761,12.352292130420501,-9.049426073521165,2.0781691022632183,4.793079568457645,-9.589863655482795,9.195042134552251,4.292968009883289
2020-12-17,0.0745,-21.745817907945757,-20.33580944195501,-7.425401236858968,-0.7673890355463979,-43.380157743175836,21.63433983523008,4.635044991536037,-63.06707200641027,42.731262564455264,12.264728990235014,-9.02283402688129,1.5974327900223217,4.787256082907108,-9.529883455719215,8.762494420172818,4.279739725432076
2020-12-18,0.073,-21.792861509022295,-19.371435655838223,-7.9729981130571135,-1.5497148524649107,-43.281298407235596,21.4884368982133,4.62577717325402,-62.875613905756836,43.50417824991861,12.184272818659785,-9.022286193416832,1.0492880803597187,4.792658098448415,-9.49335237075818,7.943637518293269,4.2691913567393485
2020-12-21,0.077,-22.37744353691503,-19.87030802798641,-7.9919441203267105,-1.9106065411521744,-43.15813071053349,20.78068717361846,4.619441920906568,-62.61435007118178,42.74404204319537,12.103182256049108,-8.998077268297738,1.0061331479710276,4.800216331247412,-9.437540123156925,7.526933582004751,4.262065967911999
2020-12-22,0.0825,-22.57045205391138,-21.04268488777929,-8.060875733539692,-1.1910953710064016,-43.032190747656436,20.461738693745055,4.613982125741243,-62.340857839413445,41.29817295163416,12.021363401644146,-8.966823278304076,0.9059475447643841,4.807508765635379,-9.377694419359782,8.186599048353381,4.2649984197666555
2020-12-23,0.0653,-22.425235865427467,-21.533161068044677,-8.009012809081153,-0.3915120194180836,-43.01348373784004,20.588247872412573,4.6153538587457525,-62.34840000539742,40.815238937352746,11.958647146436814,-9.045525717494257,1.0365129084131048,4.825540811536637,-9.412034178971124,9.02052215955304,4.276570984686575
2020-12-24,0.077,-22.299385174094727,-21.6804686078419,-6.902190649125449,1.5486049005621003,-42.86002116019613,20.560635986101406,4.609139871016267,-62.01080533334932,40.33033672550742,11.87864016044481,-8.984191500239643,2.082000851114193,4.843181994797795,-9.318432979691316,10.867037880253417,4.275658070619405
2020-12-25,0.077,-22.299385174094727,-21.6804686078419,-6.902190649125449,1.5486049005621003,-42.7621508839764,20.462765709881676,4.598078603611826,-61.81811451723773,40.13764590939583,11.795036074690614,-8.974369313801986,2.072178664676537,4.849705704557966,-9.266313498391863,10.814918398953964,4.235922087586896
2020-12-28,0.0795,-23.483073507356412,-21.717926052366344,-7.471887025067453,1.1430487395982998,-42.65393269496302,19.170859187606606,4.609350412296823,-61.598286463597205,39.88036041123086,11.747665614769836,-8.952607708368413,1.4807206833009605,4.868523959796347,-9.204544347225498,10.347593086823798,4.235185072057611
2020-12-29,0.079,-23.426934585608745,-22.508345255126773,-7.454024640875014,0.3814973772046426,-42.56628921490063,19.139354629291883,4.631581252266477,-61.41634388485204,38.90799862972527,11.716786352413179,-8.948280548823375,1.4942559079483608,4.890707868634833,-9.158038690881378,9.53953606808602,4.239134095686678
2020-12-30,0.0645,-23.226473957315353,-22.499803126722163,-6.334492897448878,1.124990156337507,-42.54433204029436,19.317858082979004,4.653585508181624,-61.40302717575162,38.903224049029454,11.673462522466695,-9.01300559611135,2.6785126986624723,4.925383080520293,-9.174772997271134,10.299763153608641,4.236530258954719
2020-12-31,0.073,-23.704671400577343,-23.1040477534154,-6.84801618238877,-0.3787548812026488,-42.41475069353424,18.710079292956895,4.697161103087231,-61.12043043723094,38.016382683815536,11.638651098799079,-8.959350146162162,2.111333963773392,4.972369922227955,-9.090310719391844,8.711555838189195,4.233027608377339
2021-01-01,0.073,-23.70080108707674,-23.10509789364835,-6.846898091821931,-0.3787720966163037,-42.32831630097169,18.627515213894952,4.738547616798787,-60.94274544040266,37.83764754675431,11.591070042009623,-8.950330001620525,2.1034319097985943,5.023883930341729,-9.049502245849709,8.670730149233405,4.216282174814177
2021-01-04,0.0715,-23.16125379587215,-25.70222140627879,-6.69102887436283,2.937396732145812,-42.24941392524323,19.088160129371083,4.755675259635855,-60.78374261264704,35.08152120636825,11.527140481326004,-8.948828121580673,2.257799247217843,5.065486972899532,-9.015371998090195,11.952768730236007,4.1996362863192225
2021-01-05,0.0795,-22.563986851348783,-25.768986480354943,-5.640996712836904,3.629434715544911,-42.12332638532448,19.5593395339757,4.7643770871548465,-60.52924378298093,34.76025730262599,11.489910907353606,-8.897922224359295,3.2569255115223914,5.070109882418396,-8.926458654061168,12.555893369606078,4.184178189252222
2021-01-06,0.0805,-22.933269398158515,-25.650421399778946,-5.212106681399555,3.66434591425618,-42.02951584066985,19.096246442511337,4.803779553562257,-60.35866424948125,34.7082428497023,11.458826059630383,-8.87810549231836,3.665998810918805,5.0864157045449225,-8.864782725341428,12.529128639597609,4.169777130299839
2021-01-07,0.0785,-22.98910629849312,-25.42307309686156,-6.7922359518283235,1.105351004212738,-41.952784078643724,18.963677780150604,4.849662472361185,-60.22352969740494,34.800456600543384,11.43167723914462,-8.871783010163123,2.079547058334799,5.103039320999549,-8.816039571198827,9.921390575411564,4.157195244852215
2021-01-08,0.077,-23.255688179079367,-24.386982071635252,-7.03078944948894,4.720061046121645,-41.874721901360246,18.61903372228088,4.903615010668186,-60.08273835532207,35.69575628368682,11.412694319957641,-8.870276149441802,1.8394866999528618,5.126307402177689,-8.777147730309057,13.497208776430702,4.142932322546615
2021-01-11,0.074,-22.235599737512192,-23.682890115404337,-4.338653607320295,4.01404917210156,-41.80617394113844,19.570574203626247,4.9651864392388525,-59.9552531243582,36.27236300895386,11.379192926156108,-8.877700280780205,4.53904667345991,5.151913012515742,-8.72806970044991,12.742118872551469,4.104581033952119
2021-01-12,0.0765,-21.56601627155928,-23.47445392551645,-4.313203254311611,4.6948907851019,-41.706414752073066,20.140398480513785,5.030242397771982,-59.762962481861926,36.28850855634548,11.338933448922372,-8.844806984528812,4.531603730217202,5.187158533867267,-8.659993559359751,13.354884344461652,4.069169417045359
2021-01-13,0.074,-21.13236991400677,-22.59887005649803,-4.3348451105641645,5.154128258498612,-41.630193963577454,20.497824049570685,5.1158222807306934,-59.62798409527402,37.029114038775994,11.274766127376402,-8.838352924277684,4.50350781371352,5.242910031885028,-8.609430712340613,13.763558970839224,4.0043826982105655
2021-01-14,0.0708,-21.662252982621457,-23.11984701714828,-4.874006921090321,3.918618138498859,-41.556560607112985,19.89430762449153,5.201934969585432,-59.49783809599394,36.37799107884566,11.222171121473755,-8.835766273935231,3.9617593528449104,5.285344062330239,-8.560094886992726,12.478713025491585,3.963945524726282
2021-01-15,0.0694,-20.7826300965296,-21.397455721397385,-5.469113183297328,6.863334854032798,-41.47639902654997,20.69376893002037,5.260418492005212,-59.35125493139998,37.95379921000259,11.204862094002564,-8.82515857818579,3.356045394888463,5.266224345123582,-8.509439007733002,15.3727738617658,3.9303386766231387
2021-01-18,0.07,-20.6380413412552,-20.903669580033775,-5.431063510856696,6.704950620010515,-41.38126681390573,20.743225472650533,5.24891315855842,-59.175885237839616,38.272215657805845,11.186000400341872,-8.805040407683896,3.3739768968272,5.1591590476110465,-8.438092342176839,15.143042962187355,3.887672497004213
2021-01-19,0.0706,-20.649031669093585,-21.010985177344935,-7.064142413110801,5.550071556279448,-41.28683599377114,20.637804324677557,5.262629071897037,-58.99936705873843,37.988381881393494,11.136777236684281,-8.785601040929574,1.7214586278187731,5.081033317897876,-8.368140895197998,13.918212451477446,3.8449988047516737
2021-01-20,0.0646,-19.76664672194229,-19.73493276579353,-6.410804342251718,3.0956757279671545,-41.22468844524418,21.458041723301893,5.136687728072493,-58.897523650099366,39.162590884305835,11.06237398874004,-8.80325135953721,2.392447017285492,4.865566604539621,-8.329126953523826,11.42480268149098,3.8059487340701597
2021-01-21,0.0625,-18.181623725948725,-18.12118057563688,-4.812782750985891,5.397798469338325,-41.1428072859792,22.961183560030477,5.193586172412793,-58.748025081991194,40.62684450635432,11.031129523659462,-8.803744498539723,3.9909617475538326,4.894685173063056,-8.285683019182885,13.68348148852121,3.7575968483963234
2021-01-22,0.0625,-19.9395347082633,-18.436071939906483,-5.9279697781329945,2.745797948495851,-41.04453680994416,21.105002101680864,5.276552883261957,-58.56967761396369,40.13360567405721,11.009848006130069,-8.786451301221105,2.85848152308811,4.901117643097189,-8.224785834917288,10.970583783413138,3.719292069002276
2021-01-25,0.0594,-20.474910152861124,-19.725811223985463,-6.465761100903835,2.3670973468798815,-40.97203844509182,20.497128292230695,5.380480837188018,-58.4293071210791,38.70349589709363,11.021268964812077,-8.78956692236575,2.3238058214619155,4.913741334996594,-8.188296858814361,10.555394205694242,3.7116872539343806
2021-01-26,0.0525,-21.070602727291636,-20.023635742581785,-6.483262377627439,1.5704812347128712,-40.92336090922896,19.852758181937325,5.470166439881915,-58.337445579406996,38.313809836825214,11.029440482910372,-8.813080364455324,2.3298179868278845,4.9057531039220486,-8.167834340653517,9.738315575366387,3.7062441942423163
2021-01-27,0.0475,-21.692209243050357,-20.976308644614164,-7.049968003992353,0.0,-40.8685567235745,19.176347480524143,5.571547398509887,-58.227133147235115,37.25082450262095,11.056851997191782,-8.8281447199463,1.778176715953947,4.92195810336537,-8.143983336028986,8.143983336028986,3.705249716444229
2021-01-28,0.0505,-17.90393723856158,-17.35685312706325,-4.340348421469287,0.0,-40.773917944156736,22.869980705595157,5.716132342477334,-58.035116800297224,40.67826367323397,11.137637625144816,-8.80943004522763,4.469081623758344,5.023075036644853,-8.099498648011465,8.099498648011465,3.759281542699895
2021-01-29,0.0375,-16.23684139312099,-14.451295428943322,-3.2473682786237057,1.111638109920135,-40.75687294654221,24.52003155342122,5.858371977415789,-58.006748778788655,43.55545334984534,11.182726634321654,-8.85963146528164,5.612263186657934,5.104534969163145,-8.114397524581426,9.22603563450156,3.778117395871311
2021-02-01,0.0425,-11.285589913906584,18.587680498424692,-3.761863304634713,17.555031581845473,-40.626584349755476,29.34099443584889,5.976429841883153,-57.76534776713232,76.35302826555701,11.257307684342674,-8.813500039224559,5.051636734589846,5.187250570468631,-8.05740458327952,25.612436165124993,3.8203000987423614
2021-02-02,0.04405,-13.057458256937394,-10.868994880328586,-3.264364564234039,-5.247100976710123,-40.49635527662361,27.438897019686216,6.097528221812229,-57.418492332589324,46.54949745226074,11.236176731846788,-8.789645427193463,5.5252808629594234,5.323365927699587,-7.941760119536506,2.6946591428263833,3.8310489886616983
2021-02-03,0.042,-13.631109463261431,-10.784076752877272,-2.726221892652287,3.3467824405482554,-40.39525512746813,26.7641456642067,6.1817494100983925,-57.24725047646027,46.463173723583,11.344765299889705,-8.77917631315375,6.052954420501463,5.373235068306128,-7.9454756858873266,11.292258126435582,3.99399098658198
2021-02-04,0.0305,-14.492511273501052,-14.040893152597578,-2.7870213987490327,-4.174319585907206,-40.359307156173244,25.866795882672193,6.306516416316252,-57.189055068727534,43.14816191612996,11.51157466827587,-8.81872659542942,6.031705196680386,5.4359185133907815,-7.952257392080365,3.777937806173159,4.1520456866992514
2021-02-05,0.0255,-14.33209673062774,-14.487100908230335,-2.2049379585574393,-11.143923775561795,-40.29278590797561,25.960689177347874,6.513281728026403,-57.074378296053304,42.587277387822965,11.715068141973438,-8.829712882625268,6.624774924067829,5.59291720523569,-7.9726271051321485,-3.171296670429647,4.409404510975796
2021-02-08,0.029,-14.201364423396798,-9.533412778439748,-2.7310316198828533,-7.333394444953552,-40.173408943837416,25.97204452044062,6.763353875075549,-56.866754099598005,47.33334132115826,11.983355522124135,-8.7929197781308,6.061888158247947,5.785535596095559,-7.993759084400525,0.6603646394469722,4.80832201904459
2021-02-09,0.0305,-14.687323208146816,-13.56931720662734,-2.71987466817529,-9.90193417780847,-40.07111321784175,25.383790009694934,7.08881487751758,-56.67075142262623,43.10143421599889,12.396008954055247,-8.769482551061117,6.049607882885827,5.982280073444362,-8.013143536113239,-1.8887906416952323,5.334506299114212
2021-02-10,0.032,-15.736153541447743,-15.540245535880056,-4.34100787350155,-11.100175382771468,-39.97852041449481,24.242366873047068,7.5556691378275875,-56.49581382444519,40.95556828856514,12.871863281624972,-8.7524520202279,4.41144414672635,6.305237573997174,-8.045181323160655,-3.054994059610813,5.9258690112456875
2021-02-11,0.031,-16.4337637153453,-16.306925996205113,-4.382336990758498,-9.265298861480868,-39.91868851838193,23.484924803036627,8.184368563212992,-56.376623985937805,40.06969798973269,13.602394046109584,-8.765044727570453,4.382707736811955,6.757339110809696,-8.11156667550277,-1.1537321859780985,6.792679208399786
2021-02-12,0.0275,-15.348941745284062,-14.619883040935362,-3.8372354363213272,-11.33040935672471,-39.90647578271321,24.557534037429146,9.176951536820686,-56.29927644351857,41.67939340258321,14.343358999705993,-8.812967276213744,4.975731839892417,7.492560920289032,-8.160525441226694,-3.1698839154980156,7.143556211024165
2021-02-15,0.0275,-15.394257941787464,-14.483517756792462,-3.8485644854471786,-11.224726261513965,-39.887090214679006,24.49283227289154,10.631876120659195,-56.20643166177749,41.722913904985035,15.767224101074596,-8.860303355224604,5.0117388697774246,8.68142898677167,-8.22680138100219,-2.997924880511775,8.068011781343719
2021-02-16,0.028,-16.16076055882846,-15.7838710861503,-5.01540844929194,-13.581470469478043,-39.890864279933815,23.730103721105355,12.640990769273529,-56.12170974351211,40.337838657361814,17.52566686110203,-8.924313949499277,3.9089055002073367,10.290978103685706,-8.288086769020875,-5.293383700457168,9.019470027408941
2021-02-17,0.026,-16.890655526340975,-15.338039433368284,-6.193240359657846,-13.146890942886916,-39.94964751232428,23.058991985983308,15.010619543609138,-56.11070139784834,40.77266196448005,19.71303720115787,-9.06826642294683,2.875026063288985,12.787246409031638,-8.41624627920807,-4.730644663678847,10.592201403881937
2021-02-18,0.024,-16.89503117133251,-14.796565717096746,-6.194844762821408,-8.877939430257259,-40.02887027773661,23.1338391064041,17.601830204107536,-56.081252784617305,41.28468706752056,21.524080830877708,-9.287669177989379,3.0928244151679714,16.44667131400371,-8.675777869704762,-0.20216156055249712,14.476767248656255
2021-02-19,0.0201,-16.2533277287368,-14.291001432763744,-5.604595768528921,-5.862974946774535,-40.0467547571487,23.793427028411898,18.447354877208838,-55.92978151610469,41.63878008334095,20.462954284630896,-9.553854043725783,3.949258275196862,20.265604053209252,-8.935204734677162,3.0722297879026277,18.063371836453484
2021-02-22,0.0265,-15.472434200710374,-16.348057246631544,-4.42069548591707,-5.68628078143651,-39.88176598718381,24.409331786473437,19.52850555728011,-55.48152555219255,39.13346830556101,17.652788956856114,-9.80685628227523,5.38616079635816,28.252782304766434,-9.243707602012584,3.557426820576074,26.804019514999773
2021-02-23,0.0315,-14.952401521821193,-19.51311172701953,-4.430341191649511,-8.672494100898854,-39.590160526388274,24.63775900456708,17.433674422344353,-54.817684225631574,35.304572498612046,8.112245427423572,-10.046530821268552,5.616189629619042,37.690221348705784,-9.516737002054757,0.8442429011559032,36.66892973881845
2021-02-24,0.0315,-16.0659479463279,-24.684468103373923,-4.985983845411585,-15.38307432529094,-39.18738754122709,23.12143959489919,10.295947715671879,-53.837319358750534,29.15285125537661,-11.787369061469034,-10.661682663050478,5.675698817638892,53.02071594945499,-10.113737165843867,-5.269337159447073,51.07529575463987
2021-02-25,0.0325,-16.94379179468643,-17.50176840784891,-3.388758358938056,-6.198542977778554,-38.41691461736011,21.473122822673684,-6.728575465796073,-52.397143700391545,34.89537529254264,-46.00043160423761,-11.163893060457351,7.7751347015192955,68.0043811774012,-10.509628521059238,4.311085543280684,62.02586143795173
2021-02-26,0.033,-16.14726303891464,-14.249447833896534,-2.3067518627013426,-2.9998837545055146,-36.74297941271621,20.59571637380157,-48.10866224837844,-48.970875402093284,34.72142756819675,-132.14214119687307,-12.665102553041567,10.358350690340224,108.97642083836345,-11.604194575763636,8.604310821258121,91.9086419229823
2021-03-01,0.032,-16.23150767518408,-10.537804373188322,-2.3187868107398297,-2.2581009371106373,-33.61090463316732,17.379396957983243,-126.31474390246537,-42.59745609675166,32.059651723563334,-291.2185700564473,-15.21816712485444,12.89938031411461,174.03925983125083,-13.26766541994281,11.009564482832173,133.9690477120285
2021-03-02,0.0355,-16.682390298902938,-10.462088008578425,-3.451529027359905,-0.7472920006123652,-32.4844154596516,15.802025160748663,-172.38971000164298,-40.621672650453796,30.15958464187537,-379.36793119912284,-15.179180078196254,11.727651050836348,193.76676106805294,-12.880783003036477,12.133491002424112,138.22629162890405
2021-03-03,0.0306,-16.946874470410705,-11.113027150274918,-3.506249890430488,2.299246996608698,-28.865994719225196,11.91912024881449,-244.92542043345097,-33.43653448053911,22.323507330264192,-518.6788727008598,-17.34860065786287,13.842350767432382,228.0829344123272,-14.283429669945502,16.5826766665542,159.29585795788813
2021-03-04,0.0328,-17.672840378905697,-13.40968968400558,-4.712757434374585,-0.7888052755306467,-28.340717457498684,10.667877078592987,-276.6785880431613,-32.790613019753025,19.380923335747447,-571.5553548611394,-16.778675151682606,12.065917717308022,228.58974323326115,-13.78236749521707,12.993562219686423,157.694629580002
2021-03-05,0.0301,-18.22843164926092,-12.27902702574332,-5.292125317526716,2.376585875948822,-26.21773570054695,7.98930405128603,-314.98728696721525,-28.964889494599593,16.68586246885627,-634.823172390071,-17.46170919433795,12.169583876811233,232.52412396162092,-14.21851669415069,16.595102570099513,160.16782612466983
2021-03-08,0.0285,-16.631621464295204,-9.5512884290124,-4.157905366072788,2.785792458462421,-24.0444009929169,7.412779528621694,-359.95940525687536,-25.034071318631,15.4827828896186,-712.9243081022917,-18.032488463733827,13.87458309766104,239.9468571064723,-14.564620781085061,17.350413239547482,165.27225417534257
2021-03-09,0.03,-16.316065497348376,-10.410240592227415,-3.4962997494313215,1.5422578655142594,-24.103721624875106,7.787656127526731,-374.8474259060472,-25.296673415519088,14.886432823291672,-737.0470356579706,-17.434062062759878,13.937762313328557,235.47340350350342,-14.067586296321544,15.609844161835802,161.41662873280941
2021-03-10,0.032,-15.636673210904236,-9.537361660569928,-4.05395231393833,2.2889667985353186,-23.90272109898469,8.266047888080452,-404.449169523418,-25.067695877497695,15.530334216927766,-789.8837826749611,-16.91860285106979,12.864650537131459,236.86816159049343,-13.686661552349065,15.975628350884383,162.70834786154276
2021-03-11,0.0304,-15.09346336932623,-8.804872539899351,-3.4831069313835856,2.679743816490338,-23.13151752417422,8.038054154847991,-407.1715261653078,-23.598481750998435,14.793609211099083,-794.7165345500748,-17.10880592528182,13.625698993898236,232.67533265713678,-13.663196777735191,16.342940594225528,156.99959967847107
2021-03-12,0.0235,-15.054049828905724,-8.873901854645366,-4.053013415475985,0.3858218197662959,-20.331061494644494,5.277011665738771,-407.8446098148032,-18.19041251876626,9.316510664120893,-795.1843249303116,-18.38853666365145,14.335523248175466,227.0673275682116,-14.650426410969782,15.036248230736078,154.13232153644304
2021-03-15,0.0257,-15.014408056961829,-10.669837132556983,-3.464863397760018,1.524262447508721,-21.43084537024807,6.41643731328624,-404.7294003336501,-20.38151014260322,9.711673010046235,-788.2707974451134,-17.551492717738434,14.086629319978416,220.61513347289076,-14.486170458571484,16.010432906080204,156.25023908930126
2021-03-16,0.0263,-13.284047591544152,-10.796054813112075,-1.7327018597664,-0.3855733861816935,-21.076614389322874,7.792566797778722,-415.60662497893827,-21.030794839186452,10.234740026074377,-785.3952293997766,-16.500039494017546,14.767337634251145,203.7494323259519,-14.39224213479861,14.006668748616915,155.7827045519037
2021-03-17,0.0165,-12.032108541078976,-10.639712727755851,-1.1459150991518674,-0.3799897402761269,-14.526503199002237,2.4943946579232605,-451.4980823235403,-13.110726694024502,2.47101396626865,-789.0483871110746,-15.657369020332489,14.511453921180621,162.3527140819847,-15.611714646827284,15.231724906551158,150.7581430952673
2021-03-18,0.0161,-12.093848262516609,-10.356016845787794,-1.1517950726196318,-0.3835561794740763,-12.677777226980904,0.5839289644642953,-475.53253425258026,-12.743599789899983,2.3875829441121894,-789.9441825794233,-13.502093282491193,12.350298209871562,129.64533034680687,-15.36314048176489,14.979584302290814,145.3597345023848
2021-03-19,0.011,-12.605788348813885,-10.287242676053763,-1.7189711384756274,-1.5240359520072633,-9.379424067758503,-3.226364281055382,-486.88869450422646,-8.813099633293639,-1.474143042760124,-788.8395335443213,-12.674060459432544,10.955089320956917,109.47670335366169,-15.881909995671924,14.35787404366466,141.42067325463375
2021-03-22,0.0117,-13.225763787859796,-10.096891322499896,-1.725099624504361,-1.1650259218281844,-10.152174389678976,-3.07358939818082,-481.2960820891533,-9.551682330673012,-0.5452089918268843,-786.4170373103975,-12.408543989666857,10.683444365162496,105.97541566664752,-15.456204679384193,14.291178757556008,135.87229342662056
2021-03-23,0.0115,-13.896367836857168,-11.970886803294842,-2.3160613061433004,-0.7980591202206011,-10.476348828226055,-3.4200190086311135,-476.13546440514585,-9.627958235679596,-2.342928567615246,-783.6990055482645,-12.265046401827927,9.948985095684627,102.74028640885254,-15.1991738278106,14.401114707589999,130.82018014261277
2021-03-24,0.0155,-13.258853166847992,-13.150134689257415,-3.4588312609164116,-0.796977859953193,-12.859014042143706,-0.39983912470428606,-469.2612276271832,-13.038564588363792,-0.11157010089362274,-779.7053041652968,-11.812968383279241,8.354137122362829,101.41265328600451,-14.454766353331998,13.657788493378805,126.66305873757496
2021-03-25,0.0174,-12.739369864441786,-13.566626099794076,-2.3162490662626216,-2.7931289028980295,-14.205806055352895,1.466436190911109,-463.2408107410855,-14.671654491798936,1.1050283920048596,-777.7016034117505,-11.68877767147265,9.372528605210029,101.53323388184518,-13.875433238695503,11.082304335797474,120.93684117977071
2021-03-26,0.01825,-13.852653937617408,-15.163304802378343,-3.463163484405008,-2.394206021428235,-14.942399393820097,1.0897454562026887,-458.9040530632259,-15.360036024961799,0.19673122258345543,-777.4473573150867,-11.581599613323538,8.11843612891853,100.39269580698652,-13.432941377287444,11.03873535585921,115.47865438027301
2021-03-29,0.0186,-14.017054082466204,-15.817907493631436,-2.92021960051263,-3.2446989730509768,-15.407545412356718,1.390491329890514,-455.2438809409774,-15.61799227130382,-0.1999152223276166,-777.6432894857188,-11.49336790361368,8.57314830310105,98.88604969467733,-13.03993933422753,9.795240361176553,109.9551098588758
2021-03-30,0.017,-12.461428910514533,-16.646344254722006,-1.1868027533813084,-3.3292688509441053,-14.903778902146616,2.442349991632083,-453.67715475671605,-13.878484782895022,-2.767859471826984,-781.640654308221,-11.567162594872418,10.38035984149111,96.57437892571755,-12.36332931446429,9.034060463520184,101.15381882982226
2021-03-31,0.0141,-10.54043133787326,-16.381894729944115,0.5855795187715503,-1.2286421047444265,-14.003165088304135,3.462733750430875,-447.32383034423754,-9.55933438263462,-6.822560347309494,-813.1661037157697,-12.007184714349842,12.592764233121393,98.9126662757665,-10.54285892742183,9.314216822677404,68.54609190258593
2021-04-01,0.014,-10.98704107418487,-14.01625886027798,-1.734795959080368,0.8009290777297231,-14.042778114373732,3.0557370401888626,-448.4836037465788,-9.315741285713333,-4.700517574564646,-810.8761994554811,-11.776372115437711,10.041576156357344,94.01914808131642,-9.894369923314963,10.695299001044686,64.33736440012993
2021-04-02,0.0146,-10.989837292566031,-13.99451415045308,-1.7352374672458146,0.7996865228825868,-14.394940405711289,3.405103113145257,-449.2417759167121,-9.529537920733386,-4.464976229719694,-810.1026317412698,-11.527334921140314,9.792097453894499,90.26618909000345,-9.03772308488433,9.837409607766917,58.67958809428709
2021-04-05,0.015,-10.993652612150248,-14.470034969250294,-1.1572265907528654,1.2058362474390716,-14.692908766232705,3.699256154082457,-448.84345120583504,-9.59417275339921,-4.875862215851084,-811.5100954551342,-11.363204681087327,10.205978090334462,87.43954148937934,-8.196925176778343,9.402761424217415,49.996222719803605
2021-04-06,0.0169,-11.472692124570491,-14.30745935290595,-1.7209038186853127,1.1922882794074172,-15.629145222138654,4.156453097568162,-448.93021679521297,-10.940475834200647,-3.366983518705302,-812.0508531389285,-11.044413151783646,9.323509333098333,84.26996766972938,-7.380816550903328,8.573104830310745,42.63329953579823
2021-04-07,0.0205,-11.509334069930716,-13.91749707732567,-1.1509334069920245,-1.9882138681889776,-17.367916619155572,5.858582549224856,-447.8755877705089,-13.392161388991669,-0.5253356883340015,-817.4364135771989,-10.663187550899814,9.51225414390779,82.34111233141512,-6.341034619623732,4.352820751434755,30.945585322468915
2021-04-08,0.0235,-11.960087479496474,-12.96217010295015,-1.7085839256421689,0.7855860668464785,-18.81644989876434,6.856362419267866,-446.53370647351846,-15.174690115024626,2.212520012074476,-827.7564453250739,-10.395941492156975,8.687357566514807,81.57668207182064,-5.295561488438566,6.081147555285044,16.02490270502051
2021-04-09,0.02025,-11.468679037548457,-13.457085749342967,-0.5734339518769012,-1.5831865587480511,-17.41889474309673,5.950215705548272,-445.9742789386553,-11.842983612731535,-1.6141021366114323,-837.3770959229696,-10.601715864466733,10.028281912589833,80.39072349316532,-4.569953111536188,2.9867665527881373,4.243214242305052
2021-04-12,0.0217,-10.965165400862574,-13.70056212600444,1.3122052415985598e-12,-1.6118308383526212,-18.059744788789473,7.094579387926899,-446.3644402727922,-12.169709075294124,-1.5308530507103164,-850.3328364982873,-10.310380436890117,10.31038043689143,77.30944316835243,-3.5212563312778684,1.9094254929252472,-11.226452351037777
2021-04-13,0.023,-10.885070838895745,-14.20258408127088,0.0,-2.7616135713586942,-18.614655006860904,7.729584167965159,-447.26995656867314,-12.63093163825585,-1.5716524430150294,-858.5463803702681,-10.030175137728186,10.030175137728186,74.14464499852554,-2.6687719498554348,-0.09284162150325947,-22.604524435232136
2021-04-14,0.0234,-10.941990175245136,-13.7677653343404,0.5758942197491926,-1.573458895353708,-18.727333027060467,7.785342851815331,-448.74009990552156,-12.280667167361194,-1.4870981669792052,-867.2405075609655,-9.796683330121002,10.372577549870195,70.73766960261477,-1.7949736684992113,0.22151477314550316,-33.82434766125969
2021-04-15,0.021,-11.338189857989171,-13.1528046421673,0.0,-2.321083172148464,-17.528820478011852,6.190630620022681,-450.83143124703804,-9.714276019870738,-3.4385286222965625,-873.4968477982663,-9.72558839788902,9.72558839788902,66.91754005470477,-1.1551383597862417,-1.1659448123622225,-41.154785126099625
2021-04-16,0.0228,-11.258028381489549,-13.47864597373595,0.0,-2.310625024069098,-18.162138789401297,6.904110407911748,-453.7987350395109,-10.476348437310033,-3.0022975364259175,-885.628267035896,-9.332178100952607,9.332178100952607,62.36137603274989,-0.49719019810792675,-1.8134348259611714,-52.19904859685456
2021-04-19,0.02085,-11.8548291493321,-13.940952321943588,-1.1290313475569052,-2.7107407292672674,-16.897997127524043,5.043167978191944,-460.2789128530146,-7.279411071127765,-6.661541250815823,-910.7836283722747,-9.108209134676729,7.9791777871198235,56.460186329615595,0.48928618327485496,-3.200026912542122,-67.33866483454125
2021-04-20,0.02145,-11.243851018974,-13.54436747803883,0.0,-2.321891567663878,-16.75867655506804,5.514825536094039,-467.35969483249494,-7.336305986241868,-6.208061491796961,-919.0350241398633,-8.665452813180682,8.665452813180682,49.46999990882152,0.07823190341679132,-2.4001234710806694,-61.0314762804158
2021-04-21,0.0205,-11.707056009901583,-13.557381617697416,-1.114957715230171,-3.7659393382497286,-15.99605198233979,4.288995972438206,-472.5653267333735,-5.87486464477618,-7.682516972921237,-928.3754672242035,-8.401485683626124,7.286527968395953,44.335219073555756,-0.16471443828347399,-3.6012248999662546,-56.16169025719119
2021-04-22,0.0216,-11.211139388096012,-14.916353678220394,0.5605569694042908,-4.207176678473324,-16.180760733785903,4.969621345689891,-478.06205013715606,-6.447396766331753,-8.468956911888641,-935.4411027514041,-8.038924228291625,8.599481197695916,39.11661135476756,-0.4507942837102048,-3.7563823947631194,-52.4665655153763
2021-04-23,0.0226,-11.816340310601714,-14.996885262292244,-1.1253657438682918,-4.229890715006416,-16.445247971952547,4.6289076613508335,-480.9485123636737,-7.321383690290595,-7.675501572001648,-935.2568064485386,-7.765484987847643,6.640119243979351,35.62709969015644,-0.5729666060045572,-3.6569241090018587,-51.30566978312427
2021-04-26,0.022,-12.349975861411073,-14.489990467111632,-3.368175234929712,-3.4318398474739142,-15.966478668121109,3.616502806710036,-483.43332289103193,-6.709398139838068,-7.780592327273563,-934.9788807212337,-7.556470912394087,4.188295677464375,32.50804609551265,-0.6872564350521406,-2.7445834124217736,-49.39706014557083
2021-04-27,0.02355,-12.383203872565833,-15.227537478776297,-2.251491613194253,-2.284130621815227,-16.620631552395373,4.2374276798295405,-483.6715820781017,-8.28587449008492,-6.941662988691377,-933.0821432651693,-7.374257941457451,5.122766328263198,32.61812645622055,-0.840448755416765,-1.443681866398462,-49.29488931720327
2021-04-28,0.0145,-12.347896367472377,-12.59407391576385,-2.806340083515405,1.3558526870412709e-12,-12.040164833774275,-0.30773153369810125,-484.42735065245637,0.0033097778952413393,-12.597383693659092,-931.4117311875244,-7.426359881765196,4.620019798249791,31.698103831557553,-0.5476411418589817,0.5476411418603375,-49.2418935365481
2021-04-29,0.0185,-12.41408886230544,-12.261757876263546,-1.6928302994049955,-0.7663598672674076,-13.857469959993098,1.4433810976876575,-483.5657400681274,-3.9532819745755283,-8.308475901688018,-927.6067991285838,-7.062849628442207,5.370019329037211,31.229727648772112,-0.8206309571268595,0.05427108985945195,-49.93213416278155
2021-04-30,0.021,-11.87024130504773,-7.716972323078599,-2.260998343817942,2.700940313076756,-14.98137132713894,3.11113002209121,-483.2614474301797,-6.422666089399915,-1.2943062336786841,-925.5292443307968,-6.839029968843038,4.578031625025096,30.435446031460305,-1.0830093260485232,3.7839496391252796,-51.5105075434293
2021-05-03,0.02125,-12.270759894694825,-10.406987548782269,-2.231047253581338,4.831815647649759,-14.84902379016998,2.578263895475155,-486.04610161624174,-6.666677193328475,-3.7403103554537935,-925.2616580612801,-6.578454106624541,4.3474068530432035,27.486970246081412,-1.347737399620129,6.179553047269888,-49.51735101637931
2021-05-04,0.01835,-12.366080964104896,-9.430759364743514,-2.248378357110446,2.640612622128881,-13.207790038972274,0.8417090748673779,-488.06671332299334,-4.077505971881468,-5.353253392862046,-924.060299544848,-6.409689531444358,4.161311174333912,25.096292168018124,-1.282718675018119,3.9233312971469996,-49.829488844446004
2021-05-05,0.01985,-12.31203165311436,-9.815209800109402,-2.238551209657619,0.7550161384708826,-13.672552978769076,1.360521325654716,-490.71717431693264,-5.581544759459959,-4.233665040649443,-922.3133505416108,-6.09012119722989,3.851569987572271,21.921681478336936,-1.4401254973597484,2.195141635830631,-49.49497002335478
2021-05-06,0.01555,-12.119743061447348,-9.520147928452351,-2.754487059421048,2.1969572142583353,-11.324224378778197,-0.7955186826691509,-492.3656244424412,-1.7064209165662962,-7.813727011886055,-921.1075325692125,-5.977471473981032,3.2229844145599835,20.075046354281604,-1.2730617661064587,3.4700189803647943,-49.56011138826095
2021-05-07,0.0133,-12.01371748105134,-9.10763401883407,-1.638234201961264,2.185832164521678,-9.954188896248462,-2.0595285848028784,-494.4525864198974,0.1940861359506929,-9.301720154784762,-918.6910806760088,-5.813518247315325,4.175284045354061,17.925828382820736,-1.1807541710021234,3.3665863355238015,-49.836071330807
2021-05-10,0.01575,-11.98211397168978,-9.154658805865786,-2.72320772083853,2.929490817878196,-10.7663415833322,-1.2157723883575802,-498.76316393894876,-2.227513087355563,-6.927145718510223,-915.9684317719527,-5.4925428573256845,2.7693351364871543,14.451042042046272,-1.370603899085435,4.300094716963631,-49.36489706727274
2021-05-11,0.0151,-10.884531448132488,-8.326093252244313,-2.1769062896257547,3.98204459889923,-9.579917465460998,-1.3046139826714906,-511.0878422842816,-1.4990988777428829,-6.82699437450143,-917.6994010918904,-4.995683693799219,2.818777404173464,7.126492205863036,-1.435747721679733,5.417792320578963,-48.080474023285305
2021-05-12,0.0127,-11.015096189327474,-8.51123668268988,-2.2030192378647433,4.070591456938409,-8.188925422730081,-2.826170766597393,-509.14083871717907,0.560702729254908,-9.071939411944788,-916.1010569981154,-4.801032410625031,2.5980131727602878,7.7757696032589365,-1.2761428448486136,5.346734301787023,-49.940043832651995
2021-05-13,0.014,-11.496014714898337,-8.858376702468297,-2.737146360688954,4.798287380506119,-8.664310655802208,-2.831704059096129,-507.57523479380876,-0.8107303935171721,-8.047646308951125,-913.702157354392,-4.5445234808660695,1.8073771201771156,7.7451670082159,-1.3089970114904055,6.107284391996525,-51.6044103007483
2021-05-14,0.0136,-10.306873599757468,-9.116501597211858,-0.5424670315668966,4.740580830549077,-8.222195875166793,-2.0846777245906747,-504.84846831726776,-0.5884119445337319,-8.528089652678126,-911.6522705886493,-4.264636476871803,3.7221694453049063,9.022658025067532,-1.2287296962101126,5.969310526759189,-53.499672768226866
2021-05-17,0.0154,-10.71294659596122,-8.519248176347498,-1.6069419893939392,3.904655414160689,-8.837274150444774,-1.8756724455164466,-505.896387201109,-2.3363479512614447,-6.182900225086053,-909.590722464267,-3.9612690123136822,2.354327022919743,6.95609003929774,-1.2826413211828092,5.187296735343498,-54.785051227622745
2021-05-18,0.0173,-11.233310510098796,-8.86996629412884,-2.139678192399133,3.547986517650527,-9.717441041509039,-1.5158694685897576,-503.379195131999,-4.16657994671081,-4.70338634741803,-908.2408089155797,-3.8453274064748264,1.7056492140756934,7.644420566781886,-1.335257019422579,4.883243537073106,-56.55955071512265
2021-05-19,0.015,-10.162492912998852,-7.93175803811643,-0.5348680480532751,4.686947931613148,-8.449908794744239,-1.7125841182546129,-501.582299259047,-2.1537424228159203,-5.77801561530051,-907.2123236806932,-3.7586714391625313,3.2238033911092563,8.107706545670357,-1.157960021829835,5.844907953442983,-57.97455904594882
2021-05-20,0.018,-10.654109023497636,-8.646934841743406,-1.065410902350006,4.323467420870423,-9.951844470081614,-0.7022645534160219,-500.5213451508297,-4.930005593819079,-3.7169292479243268,-905.1354170947977,-3.646754792349064,2.581343889999058,8.287552163749064,-1.2705532223433633,5.594020643213787,-59.93320036014357
2021-05-21,0.0175,-11.69435215946868,-8.706851203541117,-3.189368770764845,5.078996535397266,-9.694401403950025,-1.9999507555186558,-499.3450625682043,-4.5126623155763745,-4.194188887964742,-903.3435703891628,-3.600647134360304,0.41127836359545933,8.604409114539338,-1.185923737224002,6.264920272621268,-62.53007488056609
2021-05-24,0.0188,-11.695782075682583,-9.722897423431272,-2.658132289927805,3.60107311979154,-10.3666868594537,-1.3290952162288825,-496.5681475733194,-5.7411800282737495,-3.9817173951575224,-901.1090912060869,-3.581137331365255,0.9230050414374498,10.298826691257203,-1.186103834098525,4.787176953890065,-65.74520810451315
2021-05-25,0.0148,-13.16309069369488,-10.714783186361364,-4.738712649730636,2.500116076819639,-8.41553260742555,-4.747558086269329,-494.14122220512263,-2.2073736566965483,-8.507409529664816,-898.2609368253668,-3.6185035620637147,-1.1202090876669213,11.24291415398578,-0.8486580946385345,3.3487741714581736,-67.8326198407871
2021-05-26,0.01585,-13.708236013644486,-10.83717149823937,-5.272398466785327,2.1674342996478737,-8.999618595594653,-4.708617418049833,-490.80955235390604,-3.2672012510431614,-7.569970247196208,-892.0718066600489,-3.6210626612551544,-1.6513358055301723,12.932276742538825,-0.8741395248647573,3.041573824512631,-70.42296752348989
2021-05-27,0.0172,-14.76372763031602,-11.133457836517314,-6.327311841564351,2.1548628070680316,-9.768616578053233,-4.995111052262786,-487.2864644483239,-4.690358106061273,-6.443099730456041,-883.6198406907545,-3.6572744988264474,-2.670037342737903,15.121789093181569,-0.891544932748206,3.0464077398162375,-73.21978011081589
2021-05-28,0.019,-14.707659013431003,-11.09711045562672,-6.3032824343267215,2.147827830119947,-10.733291190514564,-3.97436782291644,-484.09447789542963,-6.426665566519807,-4.670444889106912,-876.5847124325295,-3.679212914321662,-2.6240695200050594,17.03714966384014,-0.9629384985664283,3.1107663286863754,-75.78840073011753
2021-05-31,0.019,-14.68374876105846,-11.061078562203354,-6.293035183309917,2.1408539152638157,-10.794022095373203,-3.8897266656852576,-481.7049579257267,-6.514665080100293,-4.546413482103061,-871.6110857821031,-3.7146697513239975,-2.5783654319859197,18.010586330022225,-0.9094917262283629,3.0503456414921786,-78.42850740532477
2021-06-01,0.021,-9.99768474669072,-11.472535824785703,-1.196426487777736e-12,3.226650700721099,-11.783795408413987,1.7861106617232672,-481.7567991859737,-8.371552126109233,-3.1009836986764707,-868.0831821732243,-3.703576145613181,3.7035761456119847,18.298997703676967,-0.8829687397668633,4.109619440487963,-85.43509812252526
2021-06-02,0.0219,-9.432083756903523,-11.003872653246251,1.0480093063228784,4.259563607708552,-12.196180596388235,2.7640968394847114,-482.170102598506,-9.234126884372628,-1.769745768873623,-865.0712121229707,-3.6344529977991615,4.68246230412204,16.99325394672482,-0.8026053137375402,5.0621689214460925,-91.9795227402274
2021-06-03,0.0218,-10.156300113323413,-10.571749369340438,-1.2154080450898674e-12,5.103603143819298,-12.089519891050617,1.9332197777272047,-484.0117462153506,-9.181515259708974,-1.3902341096314643,-864.056543065727,-3.552189838144867,3.5521898381436516,14.57555126911257,-0.5855468123872907,5.689149956206589,-100.05819837444076
2021-06-04,0.02215,-9.51580416475005,-10.79396833049605,1.057311573861384,4.677386276550546,-12.23190251070126,2.7160983459512114,-484.69759494171024,-9.509794725850925,-1.2841736046451242,-863.2307007345125,-3.491055055762589,4.548366629623973,12.985038899575038,-0.40786845518397863,5.0852547317345245,-108.96840334734037
2021-06-07,0.0211,-9.477624907198017,-11.473769886373832,1.5796041512006669,4.302663707390346,-11.702860281268949,2.225235374070932,-484.57905743659535,-8.667369493761122,-2.8064003926127103,-859.5719168931586,-3.44356800642564,5.023172157626307,11.311387284941326,-0.17548330387042554,4.478147011260772,-114.22518568554005
2021-06-08,0.0218,-10.56585432856637,-11.224563690346445,0.0,5.431240495329339,-12.0290166329028,1.4631623043364304,-484.0466658428534,-9.344007849334298,-1.8805558410121463,-855.0611330088566,-3.3857695389973124,3.3857695389973124,10.70333103615889,-0.16974847071701626,5.600988966046355,-118.42028793071833
2021-06-09,0.01965,-10.59002313920056,-10.8020523899545,0.0,5.76109460797488,-10.974777824359299,0.3847546851587378,-484.13225507998413,-7.590045321181657,-3.2120070687728433,-849.7084205385767,-3.371527583631816,3.371527583631816,10.041700273523055,0.1728965085839449,5.588198099390935,-121.58103023943457
2021-06-10,0.02045,-10.007848259950508,-11.075384065738607,1.580186567361678,4.644515898534521,-11.351052399366436,1.3432041394159278,-484.6568241382137,-8.376529908080816,-2.6988541576577916,-844.35988379731,-3.3241667855052723,4.90435335286695,9.244732824140181,0.1792183893227044,4.465297509211816,-125.44692984099547
2021-06-11,0.0195,-11.184907831034051,-12.178740933106086,-0.5326146586213611,3.581982627384817,-10.877570072428448,-0.30733775860560364,-484.74236900216954,-7.649498627468283,-4.529242305637803,-839.0239180541661,-3.2799319119697086,2.7473172533483474,8.368325839679919,0.3618320060358764,3.2201506213489406,-127.84757863038863
2021-06-14,0.0262,-10.717079810093344,-12.564618035611767,0.0,3.589890867316919,-14.117340785912885,3.400260975819542,-483.5327991508409,-13.291726232071891,0.727108196460124,-835.7733003477667,-3.1983457892338847,3.1983457892338847,7.754294622816481,-0.4958262226293475,4.085717089946266,-131.82350263716674
2021-06-15,0.0265,-10.758356553452897,-13.374638071449136,0.0,2.530336932436913,-14.220060125446345,3.461703571993448,-482.7766673089145,-13.50342358265469,0.12878551120555493,-832.7660640820461,-3.1692954798212227,3.1692954798212227,7.2219570187149404,-0.5221916567390807,3.052528589175994,-134.49261672835547
2021-06-16,0.05,-11.040756954296786,-13.341684239393476,-0.5520378477155925,2.9648187198663876,-25.492072324159956,14.45131536986317,-481.89462999996687,-32.99914350236796,19.65745926297448,-830.9577157687991,-2.9781288011526446,2.4260909534370523,6.897979289602713,-3.7714515558307466,6.736270275697134,-137.51775754214816
2021-06-17,0.047,-10.71327882717841,-13.897092033491148,-1.2820618857808406e-12,3.0882426741103632,-23.9344713600272,13.22119253284879,-480.9988775011461,-30.44104186546103,16.543949831969883,-832.1027157802265,-2.9990734394417924,2.9990734394405103,6.531175517019584,-3.5057527740598085,6.593995448170172,-142.50645023839584
2021-06-18,0.0477,-10.769998186106085,-15.511812245024256,1.1336840195890288,1.9389765306276872,-24.155683480784777,13.385685294678693,-480.29983219489566,-30.94593294526598,15.434120700241724,-832.752449977111,-3.007461224509207,4.141145244098236,5.797885722921768,-3.7270787617844077,5.666055292412095,-146.2387252781284
2021-06-21,0.0477,-10.654583994571004,-15.413307849998729,1.6823027359860363,3.4679942662482426,-24.02788824379359,13.373304249222587,-478.4463233509474,-30.732015122806423,15.318707272807695,-828.3036621734976,-3.001584235026619,4.683886971012655,5.202425380425323,-3.6613540138357,7.129348280083942,-145.05027338391972
2021-06-22,0.0425,-10.681718519850362,-15.90546721340108,2.2487828462849597,4.655258696605329,-21.414585084453137,10.732866564602775,-476.65406502284605,-26.219981095557657,10.314513882156577,-824.0190411503772,-3.0148881562931784,5.263671002578138,4.7307752910000165,-2.861317461470796,7.516576158076125,-144.86258195656217
2021-06-23,0.0427,-10.6820788449854,-15.835373907938685,2.811073380260797,5.407200846612908,-21.41818845352879,10.736109608543389,-474.4587227820167,-26.249112326985404,10.41373841904672,-818.4069340251832,-2.9939517924502344,5.805025172711032,3.9652380161189984,-2.846541829787171,8.25374267640008,-144.8353720676298
2021-06-24,0.0426,-11.266526586186112,-15.030639380274376,1.6899789879276603,5.395614136510155,-21.292361672169225,10.025835085983113,-471.73968661218737,-26.063105268353638,11.032465888079262,-812.1328827303582,-2.9687153343380404,4.658694322265701,3.2709706967616814,-2.7959640295312207,8.191578166041376,-145.86791587837558
2021-06-25,0.0474,-11.226872642356744,-14.941383802008076,1.6840308963532562,4.980461267335118,-23.45449897013268,12.227626327775935,-468.6314511045965,-29.797258615522907,14.85587481351483,-805.3068975220777,-2.9506533362055483,4.634684232558804,1.736870128215993,-3.457316389309536,8.437777656644654,-146.27806230228873
2021-06-28,0.046,-11.245558004588188,-11.871981740127053,1.1245558004590746,6.5104415994224505,-22.6692104954583,11.423652490870113,-463.9827366303825,-28.516642983507964,16.64466124338091,-799.9158311301312,-2.9824770265192395,4.107032826978314,-1.811953110595285,-3.2256126733872788,9.73605427280973,-147.28850795096452
2021-06-29,0.0462,-10.220072221844736,-11.251998199680257,2.838908950510848,6.207999006720854,-22.62596734127406,12.405895119429323,-458.9263749411381,-28.506530265375037,17.254532065694782,-794.3824860072712,-3.001271336715885,5.840180287226733,-4.386179357699854,-3.227465064607266,9.43546407132812,-148.7406341234974
2021-06-30,0.04625,-10.733796204756151,-11.099926128077804,2.259746569421469,6.124097174112596,-22.51792699646476,11.784130791708607,-453.4950203993468,-28.398935590838978,17.299009462761173,-789.5533370642551,-3.0093850945970355,5.269131664018504,-7.265480111908879,-3.2193265646951414,9.343423738807738,-151.17838887235234
2021-07-01,0.0466,-9.567546880979974,-15.748636398554511,3.3767812521099767,1.536452331568291,-22.53662741234805,12.969080531368077,-448.25332354458584,-28.521805075373805,12.773168676819294,-785.2397120528594,-3.0288312221736273,6.405612474283604,-10.08402964533349,-3.2277811832501686,4.76423351481846,-151.34394980519806
2021-07-02,0.04805,-10.630560062664864,-16.243884932852037,1.678509483578328,-1.133294297640902,-23.059688557775925,12.42912849511106,-444.41458221174275,-29.5286135389254,13.284728606073362,-781.0430579841336,-3.0862360298181706,4.764745513396498,-14.638385307086486,-3.396866306651487,2.263572009010585,-149.70477258570912
2021-07-05,0.04805,-10.604039580973511,-16.239283960874378,1.674322039100747,-1.1329732995959492,-22.92899280704781,12.324953226074298,-440.2533882784516,-29.391498149980542,13.152214189106164,-776.7458902448615,-3.1272147689532037,4.8015368080539504,-18.361099467046188,-3.377030994991625,2.244057695395676,-149.17854922111587
2021-07-06,0.0481,-9.459790326529957,-17.584770060017348,3.3387495270099774,-0.3822776099994914,-22.82950356550271,13.369713238972752,-436.8170102936008,-29.281264888805815,11.696494828788467,-772.0098949325131,-3.174605971197819,6.513355498207797,-22.18773262261528,-3.3617368814689237,2.979459271469432,-148.51814661968496
2021-07-07,0.0482,-9.97987392092714,-18.744931217578724,2.21774976020379,0.7650992333701442,-22.755763086474072,12.775889165546932,-433.8471483319049,-29.18124824660437,10.436317029025645,-765.2953333641462,-3.1925247368689003,5.41027449707269,-24.769633389936832,-3.3524618779421713,4.117561111312315,-147.96908808432283
2021-07-08,0.0479,-9.429618987924794,-17.351069982649587,3.3281008192669805,1.5423173317901613,-22.532859113830536,13.103240125905742,-431.61422991912497,-28.803994817713672,11.452924835064085,-758.6735425953208,-3.215741728495015,6.5438425477619955,-28.490060214158227,-3.2894495631775937,4.831766894967755,-148.00152943107014
2021-07-09,0.0501,-8.294992036807644,-17.23860528190795,5.529994691205097,0.7661602347524323,-23.398678063154875,15.103686026347232,-429.79298659891026,-30.343477134634192,13.104871852726241,-752.8680517743007,-3.363988898215107,8.893983589420204,-37.09526705286701,-3.60338653084,4.369546765592432,-148.76476494898293
2021-07-12,0.0472,-9.411608388510189,-16.410960995343583,3.3217441371236123,0.3816502557061377,-22.0501739776439,12.638565589133712,-425.87874765295214,-28.04135905301895,11.630398057675368,-746.3011303554003,-3.2858301083629735,6.607574245486585,-44.18868242268634,-3.178773312269394,3.5604235679755316,-151.44697848842503
2021-07-13,0.0474,-9.957073947868937,-17.315950684171742,2.7658538744081076,0.7695978081863828,-22.013562001551257,12.05648805368232,-421.6242812617527,-28.035911368419967,10.719960684248225,-739.4806330435433,-3.3254373169146305,6.091291191322738,-48.40019418626352,-3.225502245676233,3.9951000538626156,-153.70674911022869
2021-07-14,0.04745,-9.302172878147257,-17.14285714285644,3.830306479236007,1.5238095238100329,-21.913923607109254,12.611750728961997,-416.77640299551786,-27.917158749751763,10.774301606895325,-731.5680575589921,-3.353310903595422,7.183617382831429,-52.38584271086288,-3.2365628044471526,4.760372328257185,-155.3293508162659
2021-07-15,0.0474,-9.83891509562854,-16.702729377823513,2.7330319710079967,1.898037429297728,-21.799666913272635,11.960751817644095,-414.40460702313374,-27.716881578902296,11.014152201078783,-723.8576604836655,-3.388836961686999,6.121868932694996,-57.22480665193951,-3.232785833652777,5.130823262950505,-157.09357462843758
2021-07-16,0.04705,-9.381639579482052,-19.09281837274617,3.8630280621385618,1.1689480636375769,-21.59459813705084,12.21295855756879,-414.11188521070176,-27.28635670300879,8.19353833026262,-715.5978747253193,-3.401251262122814,7.264279324261375,-61.215456179947296,-3.1820845855008724,4.35103264913845,-158.9365185029136
2021-07-19,0.0474,-9.37858592991463,-19.46290330909197,3.3100891517339845,1.1916063250450073,-21.62069130050067,12.24210537058604,-410.4417203799255,-27.337772267811744,7.874868958719773,-706.0029833713634,-3.4020186844730675,6.712107836207052,-62.023416086081596,-3.2239298613073233,4.41553618635233,-159.33621565379534
2021-07-20,0.0465,-9.390397490000984,-19.250822170529503,2.209505291766932,1.6042351808780522,-21.11408178169322,11.723684291692235,-405.87240715433035,-26.49566469442069,7.244842523891187,-696.2791074297603,-3.315256280622149,5.524761572389081,-62.05514385845535,-3.0793352896735655,4.683570470551618,-160.45476879774236
2021-07-21,0.04695,-9.425279709035062,-19.00147261412831,3.3265693090735713,1.583456051176422,-21.17735675229322,11.75207704325816,-403.16993164341386,-26.60392447715934,7.602451863031028,-688.8149330973677,-3.3511429436495535,6.677712252723125,-63.615274150777616,-3.144692148150141,4.728148199326563,-161.17732072727685
2021-07-22,0.0473,-9.408274854447448,-18.481017635609614,2.213711730460221,2.3592788470991595,-21.204688845268347,11.796413990820898,-399.49995126478876,-26.68419575416125,8.203178118551637,-681.0326946841992,-3.335992106449636,5.549703836909857,-63.21875822160117,-3.202253054695193,5.5615319017943525,-162.6106585286738
2021-07-23,0.0474,-9.988069805509832,-18.66746102671059,2.7744638348651742,2.3830801310680867,-21.113331360032614,11.125261554522782,-395.3511415204017,-26.5892208778624,7.921759851151808,-674.2532374361932,-3.29519278927798,6.069656624143154,-62.06207001958104,-3.2138786858409434,5.59695881690903,-163.76240340732977
2021-07-26,0.0473,-10.569472027057088,-19.846388949529505,2.2251520056981597,1.587711115964391,-20.94657433069992,10.377102303642832,-391.60236641281756,-26.348846778580675,6.5024578290511705,-667.4833998729496,-3.2483155345898047,5.473467540287965,-61.44762834920344,-3.212430487503668,4.8001416034680595,-165.80626046146307
2021-07-27,0.0475,-10.560894674530408,-21.059793614022414,2.2233462472686947,1.6199841241561244,-20.91563158998867,10.354736915458263,-388.9293745605788,-26.292873218249476,5.233079604227061,-660.4376414709121,-3.2502425873769445,5.473588834645639,-62.13579994259421,-3.24974911386104,4.869733238017164,-166.9976645615115
2021-07-28,0.048,-11.620764646313225,-21.631582109881247,3.873588215438161,0.8011697077714819,-21.01202098293604,9.391256336622815,-386.81782883251003,-26.450773478960976,4.819191369079729,-654.1382431842601,-3.2845747612452185,7.158162976683379,-63.36854096951268,-3.326978785267653,4.128148493039135,-167.70340186687585
2021-07-29,0.04745,-10.939901650284163,-20.772583325494946,3.2819704950847512,-0.3919355344437737,-20.743669576183457,9.803767925899294,-385.40518909163694,-26.02267461184671,5.250091286351765,-649.7011608042378,-3.2524267337007418,6.534397228785493,-66.49793183254428,-3.248617610112369,2.856682075668595,-170.65712565556072
2021-07-30,0.048,-10.472993457135642,-20.79148882751727,4.409681455635598,-0.7845844840582022,-20.925421647767923,10.452428190632281,-386.6365096008127,-26.303667228515593,5.512178400998323,-644.1431700836779,-3.3079279502989087,7.717609405934507,-71.35647445470832,-3.3684693105278187,2.5838848264696166,-174.61205931564226
2021-08-02,0.04815,-13.234296679846322,-20.85817620829873,-2.205716113308138,-0.3935504944966773,-20.91574374876528,7.681447068918958,-385.1570055752745,-26.29337039909973,5.435194190800999,-638.619539525889,-3.307499709747882,1.101783596439744,-72.8502180717881,-3.416667373170018,3.0231168786733407,-176.82581034458755
2021-08-03,0.0485,-13.256445946840897,-19.981742172837517,-2.2094076578061883,1.3919491910530777e-12,-21.001617930430537,7.745171983589641,-383.9594207697962,-26.422697624885767,6.44095545204825,-633.3351222725676,-3.3566681877670397,1.1472605299608514,-74.96441227404473,-3.4437474528561403,3.443747452857532,-175.19607769392763
2021-08-04,0.0485,-12.69497830814551,-20.093612595149928,-2.207822314459379,-1.399742202417735e-12,-20.963144259296318,8.268165951150808,-383.5941108636031,-26.35594557362701,6.262332978477083,-630.7315183389921,-3.3977146501741666,1.1898923357147875,-78.0033613568707,-3.460041591543142,3.460041591541742,-177.2437175284611
2021-08-05,0.04885,-12.746548733382005,-19.874314832995,-1.662593313050703,0.3974862966618205,-21.039579300248192,8.293030566866188,-382.0034265367036,-26.524800115605032,6.650485282610031,-628.964259569594,-3.4311623574133403,1.7685690443626374,-78.77833249518737,-3.540933857861276,3.938420154523097,-179.5654825607711
2021-08-06,0.04925,-11.344106453094955,-20.961344814121528,0.0,0.4110067610617218,-21.15316459476694,9.809058141671986,-381.6029134908682,-26.737695099821188,5.77635028569966,-628.0531025714262,-3.4847237953903063,3.4847237953903063,-81.17057618832715,-3.6568567527072133,4.067863513768935,-184.4848929965883
2021-08-09,0.04705,-12.13914933465848,-21.322870911339805,0.0,0.4264574182273112,-20.26254038230892,8.12339104765044,-381.1255798337915,-25.29736473441177,3.9744938230719633,-626.4097389366962,-3.3360798178487157,3.3360798178487157,-83.29750996312441,-3.295957392526483,3.722414810753794,-187.4466611698133
2021-08-10,0.04995,-11.567848322372797,-21.420982280563763,0.0,0.4284196456102707,-21.29213462976209,9.724286307389292,-379.62215252976307,-27.045068556909428,5.624086276345665,-624.4373245579441,-3.5922325543545304,3.5922325543545304,-84.45278597639746,-3.866270631405934,4.294690277016205,-189.1409307041047
2021-08-11,0.049,-11.988354170234109,-21.65926995519586,1.298017214381641e-12,0.4246915677479325,-20.83960472588643,8.851250555652323,-377.5476328340796,-26.385518259138898,4.726248303943038,-622.7152594880722,-3.507364033242058,3.507364033243356,-84.84677202823104,-3.7041773956484096,4.128868963396342,-190.52799639887664
2021-08-12,0.049,-11.409663985395628,-22.86404521041429,0.0,0.0,-20.760210987054464,9.350547001658835,-376.30640047290365,-26.28375177830506,3.4197065678907705,-620.2778565894571,-3.524976323485746,3.524976323485746,-85.82167823471424,-3.7190507444139147,3.7190507444139147,-191.50050855352305
2021-08-13,0.05005,-12.361356153146222,-22.316447221602665,-0.5618798251437649,0.4210650419160436,-21.09076571270321,8.729409559556988,-375.1512648916003,-26.87041977640634,4.553972554803675,-618.0145941656828,-3.635046083529276,3.073166258385511,-87.37457630425688,-3.9392158769685635,4.360280918884607,-193.05064985271775
2021-08-16,0.0464,-12.308036588436291,-20.133383666791776,-0.5594562085647656,2.9361184514078476,-19.645257609746626,7.337221021310334,-373.2107980075449,-24.550250707481844,4.416867040690068,-615.8447075453349,-3.313307428334514,2.7538512197697482,-87.81832768823577,-3.288663648823695,6.224782100231542,-196.40683709812674
2021-08-17,0.0463,-11.756867970372184,-20.28809089064796,-0.5598508557315238,2.113342801108662,-19.53919442348728,7.782326453115097,-372.03249869626745,-24.3822280758055,4.094137185157539,-612.8828180197728,-3.3084394160011095,2.7485885602695856,-88.40494075694595,-3.2789724705862557,5.392315271694917,-197.7709944409487
2021-08-18,0.05,-11.746148941169338,-20.417712365476312,-0.5593404257706952,2.126845038071614,-20.83984026825202,9.09369132708268,-370.4971333187242,-26.538350327884668,6.120637962408356,-609.341492059546,-3.6232760585817854,3.06393563281109,-88.41742186301308,-4.003947419481361,6.130792457552975,-198.45486501076158
2021-08-19,0.049,-12.356912569225772,-21.073909210158263,-1.123355688110505,1.7203191191971854,-20.3894947427572,8.032582173531429,-368.75623090124026,-25.848729951414754,4.774820741256491,-607.1170829969954,-3.5408076622309066,2.417451974120402,-89.13410582953873,-3.8215357563668277,5.541854875564013,-200.05312861468298
2021-08-20,0.0486,-12.35184800489608,-20.846452845758755,-1.122895273172603,1.302903302858379,-20.163592712493315,7.811744707597235,-367.0809226213495,-25.521972702967656,4.675519857208901,-604.7425867000343,-3.5129156099711523,2.3900203367985493,-89.78864577502966,-3.6704368670217686,4.973340169880148,-198.2695248251554
2021-08-23,0.0485,-12.739347413081395,-19.892748458312244,-1.661654010401702,2.116249835990217,-20.055536754913945,7.316189341832549,-365.49388543460714,-25.363335599591654,5.47058714127941,-601.5307010414776,-3.518271953139181,1.856617942737479,-90.77810776411285,-3.6430812658810616,5.759331101871279,-198.80474648878982
2021-08-24,0.05,-12.20256253813326,-18.021340620102936,-1.1093238671032528,0.4191009446525525,-20.533987343360067,8.331424805226808,-363.9986230271319,-26.16001518043784,8.138674560334902,-598.3845212239016,-3.666241135878826,2.556917268775573,-91.51887138656934,-3.8926373273676216,4.3117382720201745,-197.86634794273704
2021-08-25,0.0493,-12.283640424344195,-19.713938173734572,-1.1166945840315214,0.4194454930586897,-20.20846848296425,7.924828058620054,-361.9527186356486,-25.652548577714615,5.938610403980043,-595.3398572104252,-3.603823316623973,2.487128732592452,-92.14269315433546,-3.7190388038219995,4.138484296880689,-196.88834276894005
2021-08-26,0.0497,-12.273840540495558,-19.52088947357227,-1.1158036854998268,0.0,-20.299362757398338,8.02552221690278,-360.35589444440984,-25.835559736087028,6.314670262514756,-593.0933522943797,-3.647542183419964,2.5317384979201374,-93.33445676236069,-3.7716347706794533,3.7716347706794533,-196.1955385629069
2021-08-27,0.0495,-12.654258157869874,-19.97819047539697,-1.6505554118958528,1.478683137075568e-12,-20.158288628295864,7.50403047042599,-358.219619060199,-25.63502700265111,5.656836527254139,-589.8442108775346,-3.6382102452165364,1.9876548333206836,-94.42650419997551,-3.6994134560199647,3.6994134560214436,-195.16013440309575
2021-08-30,0.0493,-13.257178209618584,-19.137959727075792,-2.2095297016035165,0.8320852055245845,-20.017712138728783,6.760533929110199,-356.0683773177422,-25.442730341522697,6.304770614446905,-587.0062453190435,-3.6260922585989457,1.4165625569954292,-95.21775538467972,-3.6161800342813244,4.448265239805909,-193.54385941907194
2021-08-31,0.0495,-12.681818683075589,-19.251453275467107,-1.6541502630096412,2.929568976702163,-20.017234002462768,7.335415319387179,-353.6360063987752,-25.48349823683751,6.232044961370402,-584.2114736848953,-3.652421818010789,1.9982715550011476,-95.90940231604442,-3.6018527214658143,6.531421698167977,-191.62760021810425
2021-09-01,0.05,-12.12856276531256,-21.95435151816446,-1.1025966150286424,-6.627728760201231,-20.110457466296356,7.981894700983796,-351.0149044351357,-25.679576742906473,3.7252252247420117,-580.7963411121543,-3.70657402914452,2.6039774141158776,-96.57198851931389,-3.633290108129273,-2.994438652071958,-189.7716216564943
2021-09-02,0.0503,-11.604389774874337,-21.334002635377605,-1.1051799785585033,-9.202903097614364,-20.115201977122005,8.510812202247669,-347.7813276812677,-25.761204672923874,4.4272020375462695,-577.185945770041,-3.7307467184644723,2.625566739905969,-96.80543910742193,-3.6567619224332555,-5.546141175181108,-187.71014031442127
2021-09-03,0.0517,-12.036788803598151,-20.229810648972613,-1.0942535276000585,-8.091924259588758,-20.514392500920238,8.477603697322087,-345.2333742387501,-26.48011920024949,6.250308551276877,-573.8728142302837,-3.8791355423202516,2.784882014720193,-97.84242536072503,-3.9024630354373215,-4.189461224151437,-185.9797490308378
2021-09-06,0.0517,-12.066100291232033,-20.25726729464224,-1.096918208294048,-8.102906917856608,-20.41560426744495,8.349503976212919,-342.2946313083544,-26.383428893012095,6.126161598369855,-570.6887327611599,-3.8737757377230757,2.7768575294290274,-98.03246902820999,-3.8779361651981965,-4.224970752658411,-184.30396290433944
2021-09-07,0.0517,-12.260638890746815,-19.73765368641731,-0.5573017677619676,-8.635223487806753,-20.312214557670984,8.051575666924169,-339.12484722298666,-26.284788469770692,6.547134783353382,-567.3879931820602,-3.863527142577571,3.3062253748156034,-98.01126922584692,-3.842389375453509,-4.792834112353244,-182.14751909528403
2021-09-08,0.0516,-12.854476152152031,-20.463476870006595,-0.5588902674843738,-9.187683492655475,-20.1723917016298,7.3179155494777675,-335.4834749711821,-26.131281960651272,5.667805090644677,-563.9259737449061,-3.84040457846546,3.2815143109810863,-97.93575540201527,-3.789604804816971,-5.398078687838504,-179.72132408390578
2021-09-09,0.0516,-12.259135842370055,-20.382949870422465,-0.5572334473812058,-7.903592806897904,-20.068267056065597,7.809131213695542,-332.20660964444994,-26.019509044111434,5.636559173688969,-560.0914163774271,-3.8293299906983647,3.2720965433171587,-97.949952901818,-3.7575173475151065,-4.146075459382797,-177.60253551240493
2021-09-10,0.0513,-12.307141498561286,-20.636705539482666,-0.559415522660142,-7.580830606341886,-19.86365662752562,7.556515128964335,-329.08629606790447,-25.743491030798573,5.106785491315907,-556.5517840221951,-3.792653050700843,3.233237528040701,-98.10733785128774,-3.676144556368264,-3.9046860499736216,-175.9123610788359
2021-09-13,0.053,-11.707317073171492,-21.062830423152565,-1.2675884345267293e-12,-8.003875560798662,-20.322564821168676,8.615247747997184,-326.03323676118276,-26.58050307884001,5.517672655687445,-552.7878926718226,-3.961966612991359,3.9619666129900915,-98.68199302918026,-3.940299705849025,-4.063575854949637,-173.90354303494377
2021-09-14,0.0522,-11.6375082432345,-21.37755273129606,1.2600300106025018e-12,-6.706683209817846,-19.952542195950432,8.315033952715932,-322.80695124444907,-26.050236931468216,4.6726842001721565,-550.0051010229645,-3.8703212301021788,3.8703212301034386,-98.68337681883114,-3.7722367289176013,-2.9344464809002444,-172.2409500294355
2021-09-15,0.0551,-12.262689096240068,-20.551449925764405,-0.5573949589194845,-7.130094872204798,-20.756204377578683,8.493515281338615,-318.92993289203923,-27.54707976614061,6.995629840376203,-546.9468860170286,-4.136262458822045,3.57886749990256,-98.41433432437461,-4.236808324754629,-2.8932865474501686,-170.5812809675934
2021-09-16,0.0575,-11.974204143075411,-20.95429344741706,-0.5702001972900461,-6.111668922161694,-21.34635338395626,9.372149240880848,-315.16195777303585,-28.742160964849184,7.787867517432122,-544.4921657562212,-4.322492785022893,3.752292587732847,-97.40549147893694,-4.617966286022559,-1.493702636139135,-169.73425372191684
2021-09-17,0.0575,-11.400298687825623,-21.442643163148055,0.0,-5.8073825233531275,-21.185052956543387,9.784754268717764,-310.591856701906,-28.651903061148133,7.209259898000077,-542.1508488409409,-4.287874112146699,4.287874112146699,-96.57244098961633,-4.618676360444143,-1.1887061629089848,-169.63105993147846
2021-09-20,0.0561,-11.3368401959006,-22.00289180863748,0.5668420097958032,-6.735579125093431,-20.61534780560135,9.27850760970075,-306.89413173767554,-27.749472999555877,5.746581190918398,-537.9583046316063,-4.13890003880857,4.705742048604374,-96.4631091907086,-4.341374576833569,-2.3942045482598617,-168.20683436702558
2021-09-21,0.0535,-11.834252835994931,-21.78087550229343,-1.2813321730688025e-12,-7.112122612993065,-19.718194773753382,7.8839419377584505,-304.2645408938009,-26.238002701998766,4.4571271997053366,-534.5382423373528,-3.8461445541607837,3.8461445541595025,-95.42176397272608,-3.8800048050291487,-3.232117807963916,-167.15276529436224
2021-09-22,0.055,-11.87675323500084,-22.03002251468332,0.565559677857979,-8.371408555580382,-20.079482859347976,8.202729624347137,-301.7246805698508,-26.919702429303616,4.889679914620295,-530.7226284123102,-3.9444633799761535,4.5100230578341325,-94.23954574212439,-4.084014011525407,-4.287394544054975,-165.11935940310926
2021-09-23,0.0566,-12.049851958961124,-21.321109230708537,-0.573802474235747,-7.551226185876992,-20.472426861131463,8.42257490217034,-299.263151283826,-27.64899401234461,6.327884781636072,-526.7470192812815,-4.052410961494852,3.4786084872591045,-93.13372841967657,-4.301559523095127,-3.2496666627818644,-162.86656685949202
2021-09-24,0.0555,-11.425829229556337,-21.408978390311663,0.5712914614772971,-7.582346513233829,-20.042905147037054,8.617075917480717,-296.38081634583966,-26.921488575110597,5.512510184798934,-521.8821095682863,-3.9131257374647035,4.484417198942,-92.11409124499974,-4.053805198033095,-3.5285413152007337,-159.99428898285913
2021-09-27,0.057,-11.427526626137038,-21.21312562147909,0.0,-7.95492210805623,-20.384329565636754,8.956802939499717,-293.6630014332413,-27.547432223392722,6.334306601913632,-517.0193395346568,-4.020731808552775,4.020731808552775,-91.49414893681087,-4.355487239517578,-3.5994348685386512,-161.77583226136994
2021-09-28,0.058,-9.227167086694475,-20.930284340139657,2.306791771674275,-7.570528378348048,-20.545737096254022,11.318570009559547,-290.03925478085114,-27.888301281880846,6.958016941741189,-511.71712058715036,-4.066037342577741,6.372829114252016,-90.30450571298132,-4.49362167821574,-3.0769067001323087,-160.68585706125126
2021-09-29,0.054,-8.109501439437032,-20.89543922213324,3.475500616900833,-6.036460219727932,-19.266684903417733,11.1571834639807,-286.393717488192,-25.682056488811476,4.786617266678235,-505.9956945135269,-3.664996217788551,7.140496834689384,-89.34579472998982,-3.871348469803843,-2.1651117499240886,-161.19887372012727
2021-09-30,0.054,-9.675858732462764,-19.394704794551107,-1.138336321466436,-7.216634342157881,-19.148288728930144,9.47242999646738,-282.97601892722014,-25.510466893828127,6.1157620992770205,-499.642295212304,-3.628261913851934,2.489925592385498,-88.73790473750844,-3.876377463806067,-3.3402568783518136,-161.1360203897254
2021-10-01,0.058,-9.653715544752457,-18.63478048672185,-1.7035968608373016,-4.43685249683786,-20.143400227730204,10.489684682977748,-279.1359964681833,-27.27571575264968,8.64093526592783,-491.99778646153027,-3.9541040272781385,2.250507166440837,-87.97244822539912,-4.513552626687005,0.07670012984914543,-160.50933240654172
2021-10-04,0.0575,-10.171962680200174,-19.39881314534141,-3.390654226735104,-4.849703286334962,-19.85440820237426,9.682445522174085,-274.54779543139966,-26.7691161500102,7.370303004668788,-483.04358049170673,-3.8787577504947865,0.48810352375968247,-87.01434326892914,-4.376638252051512,-0.4730650342834499,-158.384760638027
2021-10-05,0.0575,-10.794350577781042,-20.324844028914026,-2.8406185730991864,-5.302133224934366,-19.714163123785852,8.91981254600481,-269.9770909209433,-26.53641732178948,6.211573292875453,-474.467954555941,-3.8571888634773908,1.0165702903782043,-86.19721949702725,-4.288500078029122,-1.013633146905244,-154.76423947001683
2021-10-06,0.0536,-10.778674109625303,-21.657362840385012,-2.8364931867446552,-6.629804951138588,-18.54050716430202,7.761833054676718,-265.4706105587292,-24.483399178111142,2.82603633772613,-465.77246753555255,-3.505242444604324,0.6687492578596688,-85.58907993460149,-3.615430075703477,-3.014374875435111,-151.3743149971088
2021-10-07,0.053,-10.82140131451471,-21.679017807764403,-1.7086423128166806,-5.751576153081154,-18.267290260642874,7.445888946128164,-261.2348468434657,-24.02292114664292,2.3439033388785155,-457.6200977020533,-3.4274925767773956,1.718850263960715,-84.4386749374597,-3.474296538003065,-2.277279615078089,-148.53980839758532
2021-10-08,0.0525,-11.382197105507275,-22.048966344458083,-1.7073295658271266,-6.173710576447888,-18.02886820896713,6.646671103459854,-257.0339716847496,-23.635123355599056,1.5861570111409726,-450.0145785882521,-3.354937856931467,1.6476082911043406,-83.19513299393766,-3.366821501737131,-2.8068890747107575,-146.49963746601753
2021-10-11,0.052,-11.401533506256593,-22.141528651138387,-1.7102300259382293,-6.199628022318371,-17.799312283405285,6.397778777148693,-253.08937628989202,-23.259941805852634,1.118413154714247,-442.81095833574636,-3.2861809848043415,1.5759509588661123,-82.11234782140522,-3.256481058223657,-2.943146964094714,-144.20330797023036
2021-10-12,0.053,-10.794350577782335,-22.160271950857695,-1.1362474292404496,-6.648081585257467,-17.94523976629246,7.150889188510124,-248.89445042585064,-23.545288976828214,1.3850170259705195,-435.3004659822213,-3.3459274555093845,2.209680026268935,-81.27594429579109,-3.37926600366837,-3.268815581589097,-142.6785328758427
2021-10-13,0.052,-11.154676319179908,-22.084614385310864,-1.1154676319182444,-7.794569783049899,-17.585829800040024,6.431153480860116,-244.22555807872527,-22.95371338212302,0.8690989968121556,-427.1827966709385,-3.2374231882183055,2.121955556300061,-80.2034269308089,-3.1803485452625164,-4.614221237787382,-139.1029508757195
2021-10-14,0.0515,-10.579830388613116,-21.25895533493514,-1.1136663566951843,-7.2280448138791265,-17.355321855728334,6.775491467115218,-239.5559726449023,-22.586466306668907,1.3275109717337656,-419.0977066212763,-3.170050974936661,2.0563846182414767,-79.11820004515002,-3.0560107234330607,-4.172034090446066,-135.34508589401736
2021-10-15,0.05225,-10.748916622351471,-21.450205492968927,-1.1314649076161476,-7.722073977468996,-17.423387768176575,6.674471145825104,-234.92175742624937,-22.729451747023006,1.2792462540540797,-410.3897846495504,-3.1981894463096445,2.0667245386934967,-77.85108812969462,-3.0768640665458014,-4.645209910923195,-130.40377595497745
2021-10-18,0.048,-10.765726459888397,-21.126790926689814,-1.1332343641978293,-7.329702974565698,-16.328409531700586,5.56268307181219,-229.89133351838433,-20.845065742238123,-0.28172518445169104,-401.2291017295213,-2.837647752274659,1.7044133880768297,-76.30859459828434,-2.4745103510003856,-4.855192623565312,-126.13796793258632
2021-10-19,0.048,-10.738770919408866,-19.85887522710973,-1.1303969388866315,-7.182997422571284,-16.237914396250726,5.49914347684186,-225.29186514536428,-20.70216753679085,0.843292309681118,-391.7609109372224,-2.808375256602891,1.6779783177162593,-74.79770523890409,-2.4323820980955686,-4.750615324475715,-122.1857472073157
2021-10-20,0.0395,-10.661698689171438,-18.936275316976523,-1.6834261088151328,-7.821505022228862,-14.27068551013177,3.6089868209603324,-220.4305362355269,-17.305036145968216,-1.631239171008307,-382.0232256975355,-2.1540094430362116,0.4705833342210788,-72.91261153215433,-1.3798388178125016,-6.44166620441636,-117.40088963188288
2021-10-21,0.043,-10.656795109091163,-19.042887895346652,-1.682651859328774,-6.209637357178576,-14.981772053878567,4.324976944787403,-215.95380507412892,-18.55296040329028,-0.48992749205637054,-372.18541862432164,-2.3886574302297987,0.7060055709010247,-71.03875797347459,-1.778841716021665,-4.430795641156911,-113.19633019103817
2021-10-22,0.044,-11.15666750341673,-20.14529278510707,-1.6735001255122557,-6.578054786974543,-15.137751646753873,3.981084143337144,-211.4788135231754,-18.826043367193193,-1.319249417913877,-361.4133453852532,-2.439403782805942,0.7659036572936861,-69.18966935809476,-1.8515581234725444,-4.726496663501999,-106.92516507177251
2021-10-25,0.04575,-11.063599099423032,-19.536258073969897,-2.212719819883852,-7.326096777738711,-15.44243774462949,4.378838645206459,-206.87852349689945,-19.361247612206643,-0.17501046176325374,-351.84242672753436,-2.547587663393612,0.3348678435097603,-68.27519291931176,-1.9904179646230427,-5.335678813115669,-100.64173976945432
2021-10-26,0.04205,-11.15504961208315,-19.86960571251093,-1.673257441813487,-6.623201904169819,-14.631651765528717,3.476602153445567,-202.06706395631676,-18.00957033336058,-1.86003537915035,-343.26294006192495,-2.291651878252313,0.6183944364388261,-67.93260550919481,-1.5941963720895007,-5.029005532080318,-93.07855502137747
2021-10-27,0.04435,-11.130837428553937,-20.77809822222621,-1.1130837428556468,-6.6489914311130365,-15.03030105470123,3.899463626147293,-196.25867525492123,-18.715246798398496,-2.0628514238277127,-332.95616896560205,-2.437434072450623,1.3243503295949761,-67.0452456376957,-1.7604792886402274,-4.888512142472809,-85.33990578152981
2021-10-28,0.0435,-11.67373576221232,-19.934382657086367,-2.2235687166122315,-12.458989160678428,-14.8134294387192,3.13969367650688,-192.18740882839583,-18.354145409127437,-1.5802372479589302,-322.80996008933977,-2.387163034705234,0.1635943180930024,-68.4522340072514,-1.6399316928173509,-10.819057467861077,-77.4158596585826
2021-10-29,0.04415,-11.214659803294868,-17.98937371877976,-1.6821989704952498,-10.040580680249723,-14.879100586477335,3.6644407831824672,-187.13060467781406,-18.470653512483132,0.48127979370337215,-312.0013346581595,-2.4294397794058633,0.7472408089106135,-68.28310097364667,-1.662871623918337,-8.377709056331387,-69.73067046368722
2021-11-01,0.04395,-11.710385438972924,-19.131194244005645,-2.788187009280354,-10.81328370313369,-14.78131114117049,3.070925702197565,-181.90505658522312,-18.30796258168772,-0.8232316623179265,-300.8006701970276,-2.4049195394879224,-0.38326746979243165,-67.38207347875954,-1.6010969145534886,-9.212186788580201,-60.52269675753492
2021-11-02,0.04365,-11.746543160155218,-19.11891540517152,-3.356155188615413,-12.32107881666505,-14.65990397084423,2.913360810689012,-175.575978921807,-18.11881687702808,-1.0000985281434396,-288.98352198588464,-2.371849382535978,-0.9843058060794347,-65.71994671693253,-1.5391184117850885,-10.781960404879962,-51.246688773878574
2021-11-03,0.0435,-11.865479365365848,-19.13338520606577,-3.390136961532732,-15.306708164852315,-14.566478248674585,2.7009988833087366,-169.53480783189212,-17.986964720358593,-1.1464204857071785,-278.92885438842893,-2.3546508376441873,-1.0354861238885449,-64.49797542497532,-1.515082289679306,-13.79162587517301,-44.82716869693613
2021-11-04,0.044,-11.718488426597114,-18.911138660670357,-3.3481395504559557,-10.5061881448167,-14.590439346184475,2.871950919587361,-164.40633416547723,-18.059018001845757,-0.8521206588245995,-271.5663250426941,-2.380799549332476,-0.9673400011234796,-63.45436480776601,-1.5500418544656571,-8.956146290351043,-40.5255000185966
2021-11-05,0.044,-12.098814316197265,-20.28145695364217,-3.299676631690845,-6.622516556290661,-14.527336987188056,2.428522670990791,-159.31592333833657,-17.983312962030883,-2.298143991611287,-263.81990366820975,-2.3665588656363665,-0.9331177660544783,-61.689351396866826,-1.5306821038115936,-5.091834452479067,-35.211288664982206
2021-11-08,0.0445,-12.06021335613835,-20.850794169953755,-3.2891490971293207,-6.950264723317918,-14.559708832897996,2.4994954767596465,-156.12557856872883,-18.042315280195268,-2.8084788897584865,-256.93418923919114,-2.389967910946737,-0.8991811861825836,-60.75967462380906,-1.5216964492447926,-5.428568274073125,-31.315424053128908
2021-11-09,0.0455,-11.46338268046714,-20.98212816377513,-2.729376828683716,-6.994042721258376,-14.657578902681223,3.1941962222140834,-152.91617020325498,-18.20008522661522,-2.782042937159911,-249.72714054439973,-2.4429408958650805,-0.28643593281863566,-60.026195880210516,-1.5011082733097016,-5.492934447948675,-26.565807684939195
2021-11-10,0.0455,-12.435121107266191,-20.69889200048782,-4.865916955016564,-7.711351921750844,-14.584681425829714,2.1495603185635233,-149.11676241146543,-18.0752798969096,-2.623612103578221,-241.39697043932205,-2.422000585536285,-2.443916369480279,-58.6684268573633,-1.4199883419805401,-6.291363579770304,-20.336259023950834
2021-11-11,0.043,-12.888604862225453,-20.984697008691157,-5.370252025926356,-7.522815908775306,-14.138521365969847,1.2499165037443944,-144.25705881614536,-17.366824652255975,-3.617872356435182,-232.93991871663098,-2.2522899142671897,-3.1179621116591663,-56.3188872213383,-1.3028716252577806,-6.219944283517526,-13.772607071226012
2021-11-12,0.045,-12.33310097056118,-20.53907163396199,-4.825996031958086,-6.319714348910734,-14.344017729431274,2.010916758870094,-138.74448451984165,-17.737860976856314,-2.801210657105674,-225.24373995432998,-2.338170433167826,-2.48782559879026,-53.566422394094396,-1.3000797477585952,-5.0196346011521396,-9.907847822942273
2021-11-15,0.04513,-13.957183655065045,-21.94461179981715,-5.36814755964134,-7.979858836297016,-14.287303169516601,0.33011951445155674,-135.204979094491,-17.714511187933986,-4.230100611883163,-221.97491976274432,-2.3249553752780336,-3.0431921843633063,-52.05276701279412,-1.3068978189590097,-6.672961017338006,-9.272582610958105
2021-11-16,0.046,-14.049269708154176,-22.1469672748357,-5.403565272367936,-8.053442645394668,-14.334453649236305,0.2851839410821295,-130.55868138841362,-17.86282100344785,-4.284146271387851,-217.94107300775295,-2.3508197370151955,-3.05274553535274,-50.010144834878105,-1.32590907182627,-6.727533573568397,-8.383649245100315
2021-11-17,0.04617,-13.922505194164913,-22.323386138770697,-5.354809690062398,-8.769901697372582,-14.266043291182388,0.3435380970174755,-123.88580554508488,-17.844205446170978,-4.479180692599719,-212.65747260566144,-2.325708524598532,-3.029101165463866,-46.696034343745396,-1.3296137808278385,-7.440287916544744,-6.767270685584429
2021-11-18,0.04662,-13.986465405015272,-24.188866670967823,-4.841468794043183,-10.481842224087012,-14.25586250410872,0.2693970990934478,-119.57284214059894,-17.945867327433298,-6.242999343534525,-212.0159747268839,-2.3387389443273734,-2.5027298497158097,-45.4615358898475,-1.3943728955174954,-9.087469328569517,-9.153199793631348
2021-11-19,0.047,-14.62835842728918,-25.590511200927104,-4.8761194757634705,-10.967361943255916,-14.275741973822461,-0.35261645346671955,-118.09572352442103,-18.030053225003464,-7.56045797592364,-210.98182089097668,-2.348788963026289,-2.5273305127371817,-44.52717978385719,-1.4498776587263054,-9.517484284529612,-10.448931264181399
2021-11-22,0.0495,-15.515473914609228,-26.879719458434742,-4.987116615409434,-11.165421928887625,-14.553614016845556,-0.9618598977636719,-117.06561063006063,-18.576613453173394,-8.303106005261348,-210.63822914670965,-2.4471112707295943,-2.5400053446798396,-43.33580730510998,-1.5211970684691318,-9.644224860418493,-11.190866279607286
2021-11-23,0.05013,-13.97303762659572,-24.092311593897527,-3.912450535447056,-8.876114797753223,-14.614958136768255,0.6419205101725343,-116.28401981953544,-18.735939098969265,-5.356372494928262,-210.75175826496542,-2.4649613849176193,-1.4474891505294365,-42.46782972838168,-1.5771577134842643,-7.298957084268959,-12.245485328202761
2021-11-24,0.053,-14.53642772879575,-16.983695652175058,-3.913653619292483,-2.122961956522825,-14.908635659508942,0.37220793071319136,-114.5278811781054,-19.346946505441696,2.3632508532666385,-210.3202950880242,-2.564559459907367,-1.3490941593851162,-41.25024174009375,-1.6644195404965103,-0.45854241602631474,-13.668446729110116
2021-11-25,0.04925,-14.534477457585243,-16.949511642196953,-3.91312854627427,-2.11868895527556,-14.442610084636982,-0.0918673729482613,-112.83761902984216,-18.525919373389407,1.5764077311924538,-209.0259738186465,-2.392760177326937,-1.520368368947333,-40.308498457201985,-1.621656729730905,-0.4970322255446551,-14.024568775684237
2021-11-26,0.053,-14.423690356652978,-12.0921595301342,-4.438058571276481,2.5911770421699702,-14.821437915351687,0.39774755869870937,-110.88387206412881,-19.30468003206436,7.212520501930161,-209.00318583109257,-2.5139178019740633,-1.9241407693024177,-38.800714019808275,-1.6597923973580966,4.250969439528067,-13.327891561748567
2021-11-29,0.0525,-16.25014008741506,-23.139961840893474,-5.603496581868359,-7.858854964831922,-14.720304392557424,-1.5298356948576348,-109.03346841213191,-19.162037146681985,-3.977924694211488,-208.04918394806467,-2.472079641629185,-3.131416940239174,-37.7100969733852,-1.6309412643508692,-6.227913700481053,-12.777691865974763
2021-11-30,0.054,-16.342447535108597,-21.895732521731823,-6.198859409869353,-7.006634406954869,-14.84490035822979,-1.4975471768788076,-107.25340189678644,-19.528105911914658,-2.367626609817165,-209.90680597277535,-2.51366247042965,-3.6851969394397033,-36.77119637598966,-1.690128462155601,-5.3165059447992675,-13.826645955506986
2021-12-01,0.0538,-11.225045321120485,-15.235363968365322,-1.1225045321123035,1.792395760983032,-14.789224323348297,3.564179002227812,-105.87844764417889,-19.525729873843183,4.290365905477861,-211.23702676892935,-2.5011920712296223,1.3786875391173188,-36.34546255873112,-1.7287712246565652,3.5211669856395975,-15.036673693540545
2021-12-02,0.05305,-11.307484423940204,-14.294648440989915,-0.5653742211977816,1.3401232913428545,-14.645764632625314,3.3382802086851093,-103.57653592259936,-19.36178412592009,5.067135684930173,-211.34224737493759,-2.443088928770997,1.8777147075732152,-35.211234113981114,-1.7112494729698071,3.051372764312662,-15.054100198259249
2021-12-03,0.0525,-10.6544645010058,-13.76315824524119,1.275023554459634e-12,0.0,-14.52462194969992,3.870157448694121,-101.02786188972061,-19.24604476940494,5.482886524163749,-211.8986940594104,-2.3817387101769434,2.3817387101782184,-33.51161325075631,-1.698159754829522,1.698159754829522,-15.158222699549635
2021-12-06,0.0535,-11.244356738461883,-14.294329171598967,-0.5622178369225829,0.4466977866114263,-14.564957704213352,3.320600965751469,-98.75539003104535,-19.44954143740764,5.155212265808672,-212.13169694095996,-2.3676881713875746,1.8054703344649918,-31.658684390795948,-1.717254793953642,2.163952580565068,-15.52138457350991
2021-12-07,0.053,-11.770442736795577,-13.774655522525476,-1.1209945463605122,-0.4443437265320614,-14.450307840643582,2.6798651038480052,-96.02493370723046,-19.345625617621423,5.570970095095946,-212.85627546187254,-2.3018226069175545,1.1808280605570423,-29.47636651720008,-1.7083975025411084,1.2640537760090471,-15.729648042470194
2021-12-08,0.0533,-11.777968468695333,-13.37232107834448,-0.5608556413659586,-0.4457440359453438,-14.414702579122817,2.6367341104274846,-93.34456617676139,-19.4150885753918,6.042767497047318,-213.76369520250614,-2.258053445358569,1.6971978039926103,-27.169968724370023,-1.7100076402325257,1.264263604287182,-15.732078304671584
2021-12-09,0.054,-12.392062320808218,-13.659709321384542,-1.1265511200737073,0.4553236440483622,-14.405931357808726,2.0138690370005072,-90.16233118622371,-19.574807469996017,5.9150981486114755,-214.99248095696169,-2.2153240068243467,1.0887728867506394,-24.4565054597765,-1.7151147144767178,2.17043835852508,-15.609558385696676
2021-12-10,0.0527,-12.339862242265406,-13.51607060795337,-0.5609028291946356,1.3516070607937365,-14.217526510113334,1.877664267847928,-86.64107202586274,-19.30885873232929,5.792788124375921,-216.58342388130558,-2.1226227081295868,1.5617198789349511,-21.351242739241407,-1.6919713824567948,3.0435784432505315,-15.774209145425386
2021-12-13,0.0575,-12.873110311361105,-13.879685513191234,-0.55970044831955,0.8954635814940536,-14.553572795424857,1.680462484063753,-83.96479430756165,-20.314904962794756,6.435219449603522,-215.8213412784898,-2.16156444182728,1.60186399350773,-19.225830843322914,-1.7617473971885231,2.657210978682577,-15.785621996707395
2021-12-14,0.05915,-13.552813620578204,-13.214012320927312,-1.6941017025732383,0.9113111945478276,-14.598199993205158,1.0453863726269539,-80.50691459880227,-20.6557168386757,7.44170451774839,-215.764357145842,-2.1228896269841253,0.428787924410887,-16.661950950087842,-1.8135609293505814,2.7248721238984093,-16.990488937187788
2021-12-15,0.05395,-13.50651689440206,-13.138342213040444,-1.6883146118012171,0.9060925664160828,-14.105160639537441,0.5986437451353819,-77.03931442722352,-19.50914866105395,6.370806448013505,-215.28468673227857,-1.9853591351815425,0.2970445233803254,-14.263396690001896,-1.7442219357222797,2.6503145021383627,-18.157558144533997
2021-12-16,0.0545,-13.893906132770168,-13.338372273970672,-1.6672687359321674,0.889224818264185,-14.057408053656339,0.163501920886171,-72.79391307813017,-19.623937474831237,6.285565200860566,-215.9105012976063,-1.9316709324011516,0.2644021964689842,-11.350801403986795,-1.7757554299184215,2.6649802481826064,-19.522996077955963
2021-12-17,0.054,-13.3473480487838,-13.41111781666894,-1.6684185060965524,0.4470372605578019,-13.932925707158159,0.5855776583743584,-68.49623305930953,-19.501607513823366,6.0904896971544265,-215.9871681691872,-1.8640915632222228,0.1956730571256704,-8.349094346564382,-1.7784276247040038,2.2254648852618057,-20.463773229761177
2021-12-20,0.056,-12.842489656213152,-13.470432400880576,-0.5583691154895155,-1.5952196483321362e-12,-13.98534237488283,1.142852718669678,-65.36097889067821,-19.8840709643597,6.413638563479125,-214.5280645967498,-1.83828508413665,1.2799159686471344,-6.766975475599963,-1.8330352605932834,1.8330352605916882,-21.12279343501015
2021-12-21,0.05207,-13.41329145405592,-13.766580958597586,-1.1177742878370402,1.5777006607072918e-12,-13.638716092648135,0.22542463859221584,-60.928273093883405,-19.002564717250713,5.235983758653127,-213.25593290851776,-1.7564798810022946,0.6387055931652543,-4.101208744620962,-1.755192698557464,1.7551926985590416,-21.578370011196863
2021-12-22,0.0518,-13.306203462938695,-13.58993468063757,-1.108850288577279,-1.5574563494807336e-12,-13.53702730334885,0.2308238404101548,-56.562560035001326,-18.917234632980843,5.327299952343273,-212.51423004047672,-1.7037843694182035,0.5949340808409245,-1.525097011342983,-1.756362682443684,1.7563626824421266,-22.170199723460296
2021-12-23,0.052,-12.71554226259228,-13.547885218819678,-0.5528496635904769,-1.7481142217822825,-13.466068350008186,0.7505260874159063,-52.46415666671529,-18.903080703970332,5.355195485150654,-210.34338148605252,-1.6534023420122586,1.1005526784217816,0.9428368151695539,-1.7990256428088074,0.050911421026524906,-24.30953261223366
2021-12-24,0.0518,-12.70535724150097,-13.4662583349618,-0.5524068365865072,-1.7375817206393358,-13.366457902411128,0.661100660910158,-47.623710988224644,-18.816491420297297,5.350233085335496,-208.69595283804165,-1.6025663670003534,1.050159530413846,3.610432264345265,-1.8611958832697262,0.12361416263039038,-28.04564279905398
2021-12-27,0.05335,-12.692246141281004,-13.00525412266451,1.2547315890318688e-12,-0.8670169415090165,-13.333557059267505,0.6413109179865017,-42.196278333158816,-19.095027640506732,6.089773517842222,-207.1515781168668,-1.5438198006367434,1.5438198006379982,6.208181624094941,-1.9829778979266892,1.1159609564176727,-32.11736416117496
2021-12-28,0.05318,-13.287712188153249,-13.032145960035246,-1.1073093490118264,-0.4344048653350226,-13.21696162049448,-0.0707505676587683,-36.64688770365787,-19.004604405575108,5.972458445539862,-205.1228170985155,-1.4682850210733909,0.36097567206156445,9.946062673487726,-2.017527114132306,1.5831222487972836,-34.32704228348331
2021-12-29,0.05287,-13.2985354987787,-13.13882039670528,-0.5541056457831808,-0.8759213597813893,-13.096584561993488,-0.20195093678521125,-30.9929817279705,-18.894389641819174,5.755569245113895,-203.49802849595517,-1.3996261665084617,0.8455205207252809,13.612947508014464,-2.086356564139779,1.21043520435839,-38.65105573635887
2021-12-30,0.0535,-13.776609521290371,-13.453342938731897,-1.1021287617022275,0.8679576089483559,-13.016931765993311,-0.7596777552970604,-26.121364420572988,-18.97668444427494,5.523341505543044,-201.94568349034893,-1.346902062083776,0.24477330038154843,15.669105032806181,-2.1842775925158318,3.0522352014641876,-42.392259737976545
2021-12-31,0.05335,-13.120489831620876,-12.44191983113308,0.0,1.7161268732603132,-12.91842165268052,-0.20206817894035645,-21.246855029038166,-18.908549948049153,6.466630116916074,-200.7276857722109,-1.3056177983426434,1.3056177983426434,17.84290532285527,-2.2548509388871625,3.970977812147476,-46.66257286210556
2022-01-03,0.0535,-12.767492852980553,-13.10060830491279,-0.5551083849141736,2.6201216609825577,-12.827442717558654,0.05994986457810114,-16.59594876722891,-18.897162691669664,5.796554386756874,-199.4480872784091,-1.251641396338241,0.6965330114240673,20.210370629205435,-2.3359191361027993,4.9560407970853575,-50.76857448833112
2022-01-04,0.0527,-13.226055328998628,-13.013490651974832,-1.1021712774167611,1.7351320869322382,-12.71768132149501,-0.5083740075036172,-11.821333673327413,-18.687186971764646,5.673696319789814,-197.58269406151754,-1.2181595873520066,0.11598830993524545,22.594653314325704,-2.3397708305030975,4.0749029174353355,-53.51323453294403
2022-01-05,0.0531,-13.256445946842154,-14.031825935199286,-2.209407657807444,1.315483681423424,-12.637408314459131,-0.6190376323830229,-7.694271874917314,-18.732123951060814,4.700298015861527,-196.55310781752826,-1.1561372464543174,-1.0532704113531268,25.121103011985724,-2.4456892498190252,3.7611729312424496,-57.996673091150086
2022-01-06,0.0563,-12.840840572589576,-13.96478172145162,-2.2331896647974694,2.7028609783456816,-12.56191704475136,-0.2789235278382165,-3.444795797930468,-19.338133830709626,5.373352109258006,-196.02458783827456,-1.0215478194890923,-1.211641845308377,27.487953184409914,-2.7359680934708916,5.438829071816573,-62.727250652915004
2022-01-07,0.05875,-13.915560379616489,-15.20015021325027,-2.783112075923298,1.7882529662636166,-12.451480488506403,-1.4640798911100852,1.1207190810468415,-19.781722944252714,4.581572731002444,-194.99661790181034,-0.8689133582439754,-1.9141987176793225,30.834009082063613,-2.9742166750125865,4.762469641276203,-66.34023680968892
2022-01-10,0.0608,-13.875938013409709,-15.57729453548514,-2.7751876026819415,2.6703933489404004,-12.3636884075031,-1.512249605906609,4.034064978759995,-20.144605084758055,4.567310549272914,-193.90183320139823,-0.747876530366788,-2.0273110723151535,32.833136269357375,-3.145089925483063,5.815483274423464,-67.65756248818533
2022-01-11,0.0563,-13.724198506807202,-15.801810185143582,-3.29380764163323,2.194695859048976,-12.332512491069036,-1.3916860157381663,5.9432789686657745,-19.249586056404564,3.4477758712609816,-193.09146702388944,-0.8709862247491116,-2.4228214168841182,33.80103359973316,-2.8757294294930213,5.070425288541998,-69.0691530878197
2022-01-12,0.0551,-13.690003559400925,-15.554585794341504,-2.190400569503401,2.592430965725375,-12.269688405600991,-1.4203151537999332,8.81907429049257,-19.008687250245544,3.4541014559040395,-192.86938962183888,-0.8764554142038363,-1.3139451552995645,35.31757120767616,-2.8126788535657763,5.405109819291152,-70.08492797362703
2022-01-13,0.0555,-13.71712006320849,-16.024946944433534,-2.194739210113857,2.1655333708672755,-12.195757460610894,-1.5213626025975966,11.507687271637288,-19.05676998406202,3.0318230396284847,-191.88875159797416,-0.8161324460221522,-1.378606764091705,37.0939612066313,-2.8485352340466603,5.014068604913936,-70.55159995162339
2022-01-14,0.0576,-13.751828993256105,-15.677394068719837,-2.2002926389214768,1.7419326743011727,-12.111265114619158,-1.6405638786369465,13.226169151837606,-19.417940462522076,3.740546393802239,-190.58991072086877,-0.7043287054362994,-1.4959639334851773,38.045969689385345,-2.9847203797437185,4.726653054044891,-70.06971985083908
2022-01-17,0.06,-13.74207769221044,-15.639254528868053,-2.1987324307541702,1.7376949476509769,-12.030688055498981,-1.7113896367114592,14.094445841453823,-19.80972243307653,4.170467904208477,-188.79218883386966,-0.5872535729298338,-1.6114788578243364,38.437190861837266,-3.1171852054626603,4.854880153113637,-68.80623939244336
2022-01-18,0.0585,-13.783673514395668,-15.338272825266316,-1.1026938811519045,2.1303156701770964,-12.025874158420665,-1.7577993559750027,14.618551495386335,-19.484856956478176,4.14658413121186,-187.33395865667515,-0.6363446825001544,-0.46634919865175006,38.5168307549084,-2.9788122345560253,5.109127904733121,-67.45681078187067
2022-01-19,0.06,-12.496332598041633,-14.913934171550764,0.0,2.899931644468981,-12.011054232337715,-0.4852783657039179,13.854240816873396,-19.723216727722857,4.809282556172093,-185.83954082680845,-0.5780099140285087,0.5780099140285087,38.28489551972207,-3.03166645114809,5.931598095617071,-65.5653064506001
2022-01-20,0.06085,-12.504825231476175,-14.71147126972167,0.5436880535406688,2.8605638580036543,-12.009979337395382,-0.49484589408079316,13.621731564452773,-20.002288283185774,5.290817013464103,-185.88998361368198,-0.5257976353783387,1.0694856889190074,38.63360751723879,-3.115681184082635,5.976245042086289,-64.37237289749847
2022-01-21,0.05785,-12.531464873758862,-15.227904105360237,0.544846298859835,2.4693898549234397,-12.051842067474453,-0.479622806284409,13.496023849029466,-19.419120168774953,4.191216063414716,-184.32836822796622,-0.6186714318710016,1.1635177307308366,39.21143354788422,-2.8396654374225756,5.309055292346015,-61.81494473261893
2022-01-24,0.0575,-13.56439833754734,-15.425150499440957,-0.5425759335026338,2.918271716111132,-12.054854550348633,-1.509543787198707,13.394370893498834,-19.340402882904982,3.9152523834640256,-183.18750865494968,-0.6140475158421537,0.07147158233951989,39.6529322146079,-2.7905185642726393,5.708790280383772,-60.287326945721205
2022-01-25,0.05835,-13.52799212129739,-15.959345666827767,-0.5411196848514034,3.3598622456475584,-12.056574807010346,-1.4714173142870433,12.56385089685308,-19.457858846001347,3.49851317917358,-181.88280716506085,-0.5787048661419312,0.03758518129052779,39.48955052933801,-2.7829979193454752,6.142860164993033,-58.98040534646431
2022-01-26,0.0515,-12.640210157232971,-16.57423344170395,1.0991487093248782,2.1249017232948746,-12.15226234208104,-0.48794781515193186,11.592341194580822,-18.183814753084665,1.6095813113807154,-180.98941953675575,-0.8485977334788446,1.9477464428037228,39.41618450657714,-2.32129460820516,4.446196331500035,-59.63707509588855
2022-01-27,0.0495,-10.570648091998525,-16.690091356289642,4.450799196630492,2.635277582572131,-12.174587161894468,1.6039390698959437,11.135692428992765,-17.821910275474174,1.131818919184532,-179.74635913085763,-0.9138529514605849,5.364652148091077,39.61766779254745,-2.1624925468539105,4.797770129426041,-59.990672288388694
2022-01-28,0.04925,-9.489095912431376,-17.3543899931924,5.581821124961499,1.7799374351981665,-12.163059050381522,2.673963137950146,11.00541729697634,-17.772753929315904,0.4183639361235052,-179.4107144938095,-0.8917583048591629,6.473579429820662,40.33604591843031,-2.099916081582373,3.87985351678054,-60.72709985136291
2022-01-31,0.0486,-7.790025428869227,-17.359565565742866,7.790025428867962,3.5609365263076076,-12.146734162246556,4.356708733377329,10.938755519427685,-17.651554646689256,0.2919890809463901,-179.47040519224078,-0.8759778661655993,8.66600329503356,40.97902957981438,-2.012350058384911,5.573286584692519,-61.584035177905804
2022-02-01,0.04995,-15.545278399280225,-17.66394347538207,0.5551885142607744,2.649591521305663,-12.098758789550242,-3.4465196097299824,10.904722970621977,-17.887989706198447,0.2240462308163771,-179.73014699385118,-0.7672175579884488,1.3224060722492232,41.80753277336479,-2.0457122712784033,4.695303792584067,-62.14578578366398
2022-02-02,0.04975,-16.050475979633003,-18.0972306823099,-1.2584330055525353e-12,1.3241876109007624,-12.11478074236829,-3.9356952372647136,9.613564072044435,-17.849416725810528,-0.2478139564993711,-179.86952298868945,-0.764372409793217,0.7643724097919585,41.54065145946701,-1.9879068025206759,3.3120944134214385,-63.81561379170847
2022-02-03,0.0497,-16.06781727013376,-18.729848689580223,1.1081253289736992,2.229743891614581,-12.131407220593585,-3.9364100495401733,8.237741764218152,-17.84063803267682,-0.8892106569034013,-180.05985938495314,-0.7583284102004466,1.8664537391741458,41.16309008653342,-1.9471790179863773,4.176922909600958,-65.75527790788364
2022-02-04,0.05883,-16.590351051828257,-18.65240793704281,1.1060234034554686,2.220524754411098,-12.084365868670606,-4.505985183157652,6.714518101603134,-19.491120452576695,0.838712515533885,-180.6264108781234,-0.3700665286230209,1.4760899320784895,40.7081120213613,-2.5206530079885825,4.741177762399681,-68.02864293282028
2022-02-07,0.05745,-15.929952155213163,-18.685497012492892,1.64792608502175,1.303639326453064,-12.138349560181759,-3.7916025950314047,4.027381991397435,-19.234765778754046,0.5492687662611537,-180.82266726443362,-0.41440265487007677,2.062328739891827,40.002779235027674,-2.3880127025255944,3.691652028978658,-69.88335067298564
2022-02-08,0.056,-16.977742726953586,-18.546314027914043,2.190676480897799,3.4504770284503357,-12.17940540802547,-4.798337318928116,1.4898394719924601,-18.968915151801745,0.4226011238877021,-181.14632566449794,-0.4576572534921812,2.6483337343899804,39.273841804586624,-2.260834230177302,5.711311258627638,-71.45364172825069
2022-02-09,0.05745,-16.90884496225584,-19.302121088638835,2.727233058427001,4.289360241920588,-12.226857112215344,-4.681987850040498,-1.3325766482896215,-19.23211918689436,-0.07000190174447596,-181.72032420608068,-0.3867503382941533,3.1139833967211543,38.5835528074428,-2.3300733588508895,6.619433600771478,-72.22825353651024
2022-02-10,0.1235,-18.063880449954592,-20.25853336839091,4.379122533322137,6.46548937289088,-12.505891343680139,-5.557989106274453,-3.58325274956865,-31.28538656216186,11.02685319377095,-182.46337652442435,2.199496400468428,2.179626132853709,38.75558033701183,-7.012491198191418,13.477980571082298,-71.74529143778105
2022-02-11,0.0885,-18.29176440207499,-21.623730135848724,5.379930706492501,3.8159523769129744,-12.758471656645666,-5.533292745429323,-11.383137905029223,-24.186952314227636,2.5632221783789113,-168.67777720805398,0.9764013875813413,4.4035293189111595,41.147716153346835,-3.638512970017792,7.454465346930766,-55.23750884193356
2022-02-14,0.07147,-18.170352397951365,-20.5519671168524,4.809799164164276,4.613706903784409,-12.709975208852505,-5.46037718909886,-16.052502048614613,-21.256139030130427,0.704171913278028,-168.41152560202323,0.3861787713981273,4.423620392766148,43.7893920524933,-2.517405333396453,7.1311122371808615,-52.15822295663117
2022-02-15,0.069,-18.342585549278777,-20.543987673608175,3.7764146719119607,1.2839992295989904,-12.75942374056137,-5.583161808717406,-19.244552329572045,-20.828461651834807,0.28447397822663234,-168.49393802985153,0.3505686469695677,3.425846024942393,45.51170932679483,-2.271474591656096,3.5554738212550863,-49.72393932209642
2022-02-16,0.0734,-18.183762969302016,-20.7649115372389,3.208899347523313,4.237737048416808,-12.939932215740571,-5.243830753561445,-22.104603437313376,-21.5648499567049,0.7999384194660024,-168.30640409267215,0.6084445699578391,2.600454777565474,46.78425207396925,-2.430943963129514,6.668681011546322,-48.60331042496723
2022-02-17,0.1205,-17.382784722112245,-19.719066239280632,3.6872573652968264,5.8737644117002645,-14.228803528553328,-3.1539811935589164,-25.213770682933422,-29.426974474545624,9.707908235264991,-167.31045878066945,2.9102520488727217,0.7770053164241046,47.8565057768335,-4.462557654005903,10.336322065706167,-45.746683913135676
2022-02-18,0.122,-17.382784722112245,-19.229161441350794,3.6872573652968264,7.106429228325165,-14.565958618060296,-2.816826104051948,-29.049989016249167,-28.791258784752834,9.56209734340204,-156.40790656915178,3.0431509189031694,0.644106446393657,48.471785999596165,-3.60635309780438,10.712782326129545,-34.64118161280249
2022-02-21,0.122,-17.311112160269186,-19.247425656818137,3.672054094602843,7.113179047084835,-14.843589170089764,-2.467522990179422,-32.668526818552486,-27.96332822074461,8.715902563926473,-146.25850955249,3.079320461339974,0.5927336332628692,48.79019270139656,-2.6875615839202496,9.800740631005084,-23.433871599524203
2022-02-22,0.1436,-17.38086209075946,-18.66143593529114,3.686849534403813,6.220478645095574,-15.837186507672794,-1.5436755830866673,-35.66597067264681,-30.262027078194656,11.600591142903514,-137.97320885390826,4.162156331179902,-0.4753067967760889,48.91931891444506,-2.241883628811168,8.462362273906741,-14.348625407987214
2022-02-23,0.153,-17.286446901797028,-18.328445747799837,3.6668220700784464,5.702183121539141,-16.43206565375012,-0.8543812480469093,-38.21774304964493,-30.146140921110327,11.81769517331049,-125.39003820934235,4.519638660090726,-0.8528165900122793,47.858935815951284,-1.330998778633743,7.033181900172885,-4.984113351303707
2022-02-24,0.18405,-16.282453292995584,-9.497264374935352,2.626202144030236,12.38773614122066,-17.826877553515025,1.5444242605194418,-39.82187502030982,-32.21684904321059,22.719584668275235,-112.55653137712844,5.834928749395396,-3.20872660536516,46.58571744494307,-0.3922133959386849,12.779949537159345,2.73161789604299
2022-02-25,0.2066,-16.937131485069102,-8.239302295881409,1.0585707178170445,14.830744132587414,-18.511047293399226,1.5739158083301241,-38.652036365846705,-30.519396202933002,22.280093907051594,-86.83388331338469,6.264316151715274,-5.20574543389823,42.77389493969817,2.0495747489803504,12.781169383607065,17.182304522371844
2022-02-28,0.21305,-17.286628007480157,-2.044989775050718,0.5238372123486054,19.222903885480815,-18.515760595303895,1.229132587823738,-37.32169631376959,-26.955555364703713,24.910565589652997,-62.61868362107613,5.560407148860074,-5.0365699365114684,36.98380329342383,4.525035046863472,14.697868838617342,31.064712525364445
2022-03-01,0.2155,-16.96413883862454,-19.30889903810138,1.1688480601416353e-12,1.1821774921287131,-18.445642803343215,1.4815039647186765,-36.47596656036921,-23.009516913670037,3.700617875568657,-38.83540593940984,4.811989232131161,-4.811989232129992,32.09324274344316,7.018479260781014,-5.836301768652301,45.08580577493425
2022-03-02,0.2151,-17.109793023352037,-20.95151503172268,0.5184785764659278,1.581246417490518,-18.276870659597463,1.167077636245427,-35.67932575209362,-22.372649454716512,1.421134422993834,-35.070423960762035,4.081212872084711,-3.562734295618783,27.873852790502255,6.209448402520218,-4.6282019850297,40.56769761691711
2022-03-03,0.2435,-17.562437046410615,-21.45002145002085,1.0330845321432518,0.7944452388906542,-19.17285007532248,1.6104130289118643,-35.17471106111322,-23.092072812174443,1.6420513621535946,-33.5842509488169,4.3290218162491,-3.2959372841058485,25.122995071649676,6.7404351613823135,-5.945989922491659,37.550234044142954
2022-03-04,0.241,-16.745318922211304,-16.342094511779163,2.029735626932746,4.6691698605101095,-18.877450276078505,2.1321313538672015,-34.166043963644555,-22.71693439234909,6.374839880569926,-32.002019993129835,3.792458904121127,-1.7627232771883814,22.716843023629963,5.816779563758536,-1.1476097032484267,33.38252774423053
2022-03-07,0.2494,-16.515607248849935,-11.69043722235256,0.5004729469343983,10.521393500115918,-18.905540580232447,2.3899333313825117,-32.92997482746523,-22.083729266706857,10.393292044354297,-27.520522555907498,3.760186059272775,-3.259713112338377,21.639360864456467,5.972676702292381,4.548716797823538,32.80836188113205
2022-03-08,0.25635,-16.579219411340627,6.059251909610443,-0.9752482006684002,20.82867843928674,-18.856880258454915,2.277660847114287,-31.645516955854752,-20.9192916816361,26.97854359124654,-21.037052828462045,3.514852048391243,-4.490100249059643,19.783674596824586,6.777262383945487,14.051416055341253,35.54476164559078
2022-03-09,0.27115,-17.5717807242586,9.699321047526125,-1.5061526335076516,17.458777885547295,-19.080077436780975,1.5082967125223767,-30.59866655179424,-17.88472976470066,27.584050812226785,-6.203859437122349,3.2608095609639385,-4.76696219447159,17.370144725439594,9.000083718035158,8.458694167512137,43.017695277533306
2022-03-10,0.2883,-20.53100181273678,9.26193921852423,-2.003024567095632,20.067534973469616,-19.45734660217161,-1.0736552105651676,-30.033932890497702,-14.490663451517936,23.752602670042165,8.272626228971218,2.9644387293243337,-4.967463296419966,14.923485981923537,10.794969145944329,9.272565827525288,47.37277042102731
2022-03-11,0.2993,-22.12767669452788,2.3192170323299734,-3.520312201403462,16.234519226309814,-19.966285750554036,-2.1613909439738457,-30.787389285668908,-11.412399296494318,13.731616328824291,20.11824810739199,2.5013900008246255,-6.021702202228088,12.433801419337605,12.476095781439337,3.758423444870477,51.966301972852705
2022-03-14,0.3226,-24.091691954400297,-2.7948351446532604,-4.613302714672819,11.179340578610203,-20.982399285693443,-3.1092926687068534,-31.900202005664557,-9.181177997160027,6.3863428525067665,26.549837024695023,2.007723578168736,-6.621026292841554,9.56404195463049,14.175202383635114,-2.9958618050249104,53.75440155805644
2022-03-15,0.3346,-26.069637214928516,-3.6154451818168583,-6.256712931583081,6.025741969693335,-21.77257508508511,-4.2970621298434075,-33.33836298621276,-8.017133005768486,4.401687823951628,29.544301820846357,1.2787766511376593,-7.53548958272074,6.612043191939392,14.439474461261332,-8.413732491567997,52.42325162554033
2022-03-16,0.3143,-26.46202699126706,-10.362776905355885,-5.707496017723898,-0.3985683425141779,-21.58325438476081,-4.878772606506249,-35.20747742542333,-8.122688474191039,-2.240088431164846,31.43144634397254,0.31017490340534026,-6.017670921129238,3.4438857368570313,12.471960685888622,-12.8705290284028,49.0376626583727
2022-03-17,0.305,-25.73485889576867,-10.63871704952954,-5.661668957069811,4.334292131289346,-21.70793115223352,-4.0269277435351505,-37.006854678643506,-8.596581279427651,-2.042135770101888,30.75735766287081,-0.2678925598931596,-5.3937763971766515,1.292347340738077,10.879508937562019,-6.5452168062726725,44.619989704291044
2022-03-18,0.3042,-23.93813553147936,-16.022944857034933,-3.1223655041066207,-0.8011472428513197,-22.00349059738226,-1.9346449340971006,-38.29259715223798,-8.772752329261406,-7.250192527773526,30.18449214063715,-0.6927057984527264,-2.4296597056538944,-0.3600147318595649,10.32348921400642,-11.12463645685774,42.57880236163895
2022-03-21,0.31,-27.377305763180903,-17.85204227363678,-5.682082328206937,-1.4094043284460396e-12,-22.364633818692226,-5.012671944488677,-38.81353769744912,-9.120444527679423,-8.731597745957357,28.222634515299156,-0.8626454137952289,-4.819436914411708,-0.9755097248800283,9.75939841861598,-9.759398418617389,39.51748757248481
2022-03-22,0.31075,-27.059515322450785,-20.985088480396943,-3.642627062637811,2.4213563631228343,-22.746819021595662,-4.312696300855123,-40.15311397688623,-9.682301452176702,-11.30278702822024,26.07588978663752,-1.2120768229021162,-2.4305502397356946,-2.3173223099165416,9.12751416618196,-6.706157803059126,37.06046862359891
2022-03-23,0.30495,-27.265338038747412,-21.10628808092104,-4.1155227228296,3.5840866552494077,-22.79281746858544,-4.472520570161972,-41.236676204883906,-10.535087259485955,-10.571200821435085,23.41904867135156,-1.3646598940563397,-2.7508628287732604,-2.983133795191285,8.50119591184386,-4.917109256594452,35.51447762094938
2022-03-24,0.30025,-28.094335671122597,-13.315787824669815,-3.0648366186686165,7.441175549081174,-22.86062922055502,-5.233706450567578,-42.27170173998593,-11.240690439399897,-2.0750973852699186,21.123569570312455,-1.5155210969013986,-1.5493155217672179,-3.6459506429399173,8.069115059656998,-0.6279395105758239,34.52501489776742
2022-03-25,0.30435,-28.596377451755917,-20.371226426182965,-2.5532479867628015,3.917543543494314,-23.325681680453158,-5.2706957713027585,-43.41429142544591,-11.249243616308508,-9.121982809874456,20.80859110266919,-1.6237537799259112,-0.9294942068368903,-4.030774461003616,8.195031619473706,-4.277488075979392,34.518271309588684
2022-03-28,0.3085,-25.48366964842985,-22.108775173855253,1.5602246723525823,4.823732765204991,-23.79238573785372,-1.6912839105761286,-44.51917072088745,-11.635675856213226,-10.473099317642028,19.059235365497248,-1.6942811968865321,3.2545058692391144,-4.2486503336966415,8.105888592666767,-3.282155827461777,33.6226264203091
2022-03-29,0.304,-30.217304095486444,-24.62477494570437,-4.1679040131703395,2.8257938462275236,-23.682209890910432,-6.535094204576012,-44.88623041946312,-12.236551568375024,-12.388223377329346,17.12657368530293,-1.514860239413229,-2.6530437737571106,-3.646247193413157,7.797638656221436,-4.971844809993913,33.052255353955445
2022-03-30,0.2975,-28.45509527283263,-26.53479676757888,-2.069461474388298,1.2061271258005333,-23.697034844364275,-4.7580604284683545,-46.12101645515722,-12.907014165384838,-13.62778260219404,14.962353534336597,-1.615056904404492,-0.45440456998380596,-4.142992005308835,7.351434121923463,-6.14530699612293,32.12791939310401
2022-03-31,0.288,-24.774960772978535,-27.830436010165215,3.6130151127263064,5.64675513249538,-23.45755516314381,-1.3174056098347258,-46.94410872150994,-13.605041479179881,-14.225394530985334,12.725004692318755,-1.5927957067398024,5.205810819466109,-4.204443094141624,6.789157566342218,-1.1424024338468382,31.06057203379234
2022-04-01,0.2968,-28.561339371027376,-27.608607389363133,2.5964853973661253,4.466098254159838,-23.922907390218676,-4.638431980808701,-47.14971054505725,-14.051880358128775,-13.556727031234358,10.552033223847856,-1.419395389068212,4.015880786434337,-3.356936338157021,7.011523129956773,-2.545424875796935,30.83206310663251
2022-04-04,0.319,-29.491962146808117,-30.15730703398876,2.069611378722654,2.0376558806730185,-25.170605218212003,-4.3213569285961135,-47.886692253902936,-14.391910500405341,-15.76539653358342,8.497684166487991,-1.3147082462765087,3.384319624999163,-2.6792456503193316,7.58478227477873,-5.547126394105712,30.42060206602529
2022-04-05,0.361,-31.19151590767311,-32.48114859919933,1.0397171969226735,0.4111537797371996,-27.410271239638078,-3.7812446680350327,-48.626182037298726,-14.834965628810115,-17.646182970389212,5.989726879508769,-1.2472643509352874,2.2869815478579607,-2.093972434836286,8.567496592927723,-8.156342813190523,29.46150214988795
2022-04-06,0.366,-32.2019373100997,-32.70645952575709,1.0387721712937672,0.8176614881434552,-27.87430279397981,-4.327634516119893,-49.33598459637092,-15.808690112709849,-16.897769413047243,2.8351658342613133,-1.1220554326893408,2.1608276039831082,-1.6526397124958951,8.236694275487315,-7.419032787343859,27.921047334611323
2022-04-07,0.3986,-33.12869462590504,-34.147313134926456,-1.176967665582558e-12,0.4065156325591469,-29.755660102307885,-3.3730345235971555,-50.14056552021152,-16.73550653105046,-17.411806603875995,-0.07832391021788032,-1.0470641532749494,1.0470641532737723,-1.2872466503970905,8.681784594874316,-8.275268962315169,26.555807940171007
2022-04-08,0.4175,-33.888906004498686,-34.31085635860934,-1.026936545592249,1.210971400890694,-30.93264632845803,-2.9562596760406556,-50.77969720752695,-17.88435158492122,-16.426504773688123,-3.209609878532448,-0.997147048620167,-0.029789496972081997,-1.074759077655998,8.620991655689004,-7.41002025479831,24.987466338345556
2022-04-11,0.43715,-34.80896023588166,-29.88285919196862,-0.5118964740566211,4.781257470713563,-32.143815246317985,-2.6651449895636787,-51.35254980231602,-19.072272615898704,-10.810586576069916,-6.1322940046491805,-1.0243512193184752,0.5124547452618541,-1.0974352051707592,8.5763016802638,-3.7950442095502366,23.547603480319964
2022-04-12,0.463,-35.08308080294541,-30.348415576226447,-1.525351339259401,3.941352672236328,-33.66978378117767,-1.4132970217677396,-51.847930028216766,-20.011677336415502,-10.336738239810945,-8.04437646667306,-1.0067125059843145,-0.5186388332750864,-0.9708000190375814,8.88429760859411,-4.942944936357782,22.76995020343078
2022-04-13,0.50425,-34.381636161391214,-32.25493053531464,-1.0112245929823314,0.3886136209078877,-35.929593269854664,1.54795710846345,-52.13070038334803,-21.160471010967886,-11.094459524346757,-9.868723905394386,-1.0926719338800166,0.08144734089768524,-1.0798275779584565,9.402797641985865,-9.014184021077977,21.79063680995023
2022-04-14,0.51935,-33.94622310268387,-33.112582781457284,1.152011569294537e-12,-0.7791195948587628,-36.59889253844593,2.652669435762064,-51.88825440366051,-22.227171769847253,-10.885411011610032,-11.858271755719802,-1.12410182399483,1.124101823995982,-1.1408044474711727,8.955744545528827,-9.73486414038759,20.068762173554358
2022-04-15,0.524,-33.86848916208255,-33.27135727566331,1.1493735615659984e-12,-0.782855465310674,-36.6364301501893,2.7679409881067514,-51.460800511713174,-23.154508416882237,-10.116848858781076,-13.74084096957494,-1.0505577868988805,1.0505577869000298,-0.9863050600994324,8.252754716445766,-9.03561018175644,18.327191738203624
2022-04-18,0.5377,-34.86767968224863,-33.24956504929522,1.148984417902947e-12,-2.3197370964638626,-37.142404170483175,2.274724488234547,-51.05963407540419,-24.09993552881033,-9.14962952048489,-15.303994194231368,-1.0014754763864897,1.0014754763876388,-0.8763042876938891,7.809806789257898,-10.12954388572176,16.873088980512
2022-04-19,0.5714,-34.8701854786187,-34.54985902069151,1.0255936905478489,-3.574123346969498,-38.69663199706278,3.8264465184440795,-50.74718728083947,-25.31190991180667,-9.237949108884838,-16.6429929098167,-0.9606492949548271,1.986242985502676,-0.747833331680538,7.57414300455814,-11.148266351527639,15.28709269312875
2022-04-20,0.5744,-34.222610418997355,-33.3273820151162,2.5539261506714275,-2.380527286794115,-38.554307807544724,4.331697388547369,-50.17680505452533,-26.03145405613179,-7.295927958984411,-17.886410096513924,-0.8181879557717011,3.372114106443129,-0.47813415288516076,6.764111378117824,-9.14463866491194,13.632753170185556
2022-04-21,0.626,-34.84284850534405,-32.844717474607414,3.58676381672685,-1.4405910746712493e-12,-40.803134582724425,5.960286077380374,-49.57991453399249,-27.502141363540794,-5.34257611106662,-18.819665978210836,-0.5821031054081903,4.168866922135041,-0.02525688267397233,6.768716190822149,-6.768716190823589,12.428122753409099
2022-04-22,0.63935,-36.75709256574931,-24.4382313347835,2.5885276454740764,8.284146215179051,-40.976602723194155,4.219510157444844,-48.735511007220445,-28.150536893726056,3.712305558942557,-19.464161761285542,-0.2447818218462997,2.833309467320376,0.5543907524633234,6.391903327381334,1.8922428877977175,11.502209097952605
2022-04-25,0.6575,-36.88423093743908,-25.400588446965145,2.1076703392827123,3.3867451262617183,-41.52677354426465,4.642542606825572,-48.177296339471596,-28.15237617831486,2.751787731349715,-18.816297774126514,-0.014886268794332636,2.122556608077045,0.9163659417783464,6.766949402782342,-3.3802042765206237,11.797247893641469
2022-04-26,0.6774,-36.73557210405613,-19.588638589617755,2.099175548803685,8.516799386790263,-42.12294692444486,5.387374820388729,-47.589825281817255,-28.252626658987325,8.66398806936957,-18.31365554634195,0.1575247505536871,1.9416507982499978,1.1547876845764824,6.752824904239426,1.7639744825508368,11.408798716312841
2022-04-27,0.6943,-36.58342611738435,-19.311232700353248,2.6509729070580956,8.582770089047582,-42.512330078996705,5.928903961612356,-46.93267683598769,-27.819653893116964,8.508421192763716,-17.06606798859627,0.3226402838643717,2.328332623193724,1.381671945642637,7.109529396045554,1.4732406930020279,11.695072639870098
2022-04-28,0.747,-36.950038269682494,-22.457837569370792,1.583573068700438,8.205748342654065,-44.511541211228284,7.56150294154579,-46.23652158649689,-27.965437920360507,5.507600350989716,-15.897010474525363,0.5686760793973817,1.0148969893030562,1.6249025690379078,7.876967060050324,0.3287812826037406,11.945412788158926
2022-04-29,0.773,-36.37456310986627,-19.756945664009734,3.1630054878152407,11.41512416142577,-45.07454061334764,8.699977503481364,-45.31886833808532,-27.847253000000343,8.090307335990609,-15.080253047281593,0.6843594576834813,2.4786460301317597,1.7202929477437352,8.254606051578486,3.160518109847283,12.073627476259565
2022-05-02,0.78695,-37.57340232525684,-32.243104171727836,2.68381445180406,30.034672379142616,-44.9911605894906,7.417758264233754,-44.31046107679807,-27.326259224668107,-4.9168449470597295,-13.996142775018022,0.9004927488700925,1.7833217029339674,1.9815388055763392,8.724115123916008,21.31055725522661,12.5312654835203
2022-05-03,0.8065,-38.541421321970994,-36.32899895886438,3.211785110163743,27.911304078151133,-45.27025912588536,6.728837803914367,-43.50683693322904,-27.934709898819833,-8.39428906004455,-14.408948545209268,1.0657564198679772,2.1460286902957657,2.1424701528319354,10.716293899299801,17.195010178851334,14.972939305888694
2022-05-04,0.7906,-39.33617546060584,-40.904600897289264,2.6578496932829365,28.28509636514964,-44.07538739743191,4.739211936826074,-42.794342421139405,-28.27857749057522,-12.626023406714044,-15.169199718008803,1.1917491300213712,1.4661005632615653,2.3687654573953845,11.796128468277622,16.48896789687202,16.86949577829983
2022-05-05,0.78912,-38.88811941316205,-43.09195912927488,2.1308558582559525,32.87427809862355,-43.69031059276243,4.802191179600378,-42.338839868502326,-29.060327310621417,-14.031631818653466,-16.25267696029411,1.2814164594401523,0.8494393988158002,2.4940640353599175,12.918812708254709,19.95546539036884,18.52361787058566
2022-05-06,0.78692,-39.2820932047292,-42.48734324406468,0.530839097360716,34.884344979339055,-43.295552010843366,4.013458806114166,-41.912976999485764,-29.866194386612243,-12.62114885745244,-17.395043816511098,1.321024582191592,-0.790185484830876,2.548169644045254,14.164527014220976,20.71981796511808,20.378416211819932
2022-05-09,0.78422,-39.3707157380401,-44.958253050738136,-0.5393248731257856,33.48931094595853,-42.941463997680344,3.570748259640247,-41.56510374960807,-30.516415588879184,-14.441837461858952,-18.330493364002088,1.2681700248263437,-1.8074948979521293,2.483506041466597,15.365580636773782,18.123730309184747,22.206571228428288
2022-05-10,0.7795,-40.25523998106966,-44.205130616756186,-1.631969188422712,35.27005102400681,-42.546267327144896,2.2910273460752393,-41.277126685814835,-31.187397054435294,-13.017733562320892,-19.363266357177217,1.1546823240001884,-2.7866515124229005,2.334871220761648,16.289334770002842,18.98071625400397,23.719670715792162
2022-05-11,0.779,-39.408335132800445,-45.427786044398225,0.5398402072993761,40.79229767252338,-42.409575302165635,3.0012401693651896,-41.114838630873834,-31.816727475338727,-13.611058569059498,-20.227184415629324,0.9967441237278809,-0.4569039164285048,2.092949891278209,17.295055932937114,23.49724173958627,25.224202168469184
2022-05-12,0.7775,-38.42311534619227,-44.97294369677597,3.842311534619476,46.42368381602685,-42.20258016324361,3.779464817051341,-40.90969742281463,-32.426635420959954,-12.546308275816017,-21.10170880219618,0.9620041809154125,2.8803073537040635,2.033598471623163,18.43790774017088,27.985776075855973,26.957676257507387
2022-05-13,0.7975,-36.428062854966136,-42.151328003636685,4.9674631165868615,45.466600992687496,-42.84899431517689,6.420931460210753,-40.684070784562415,-33.42635181933758,-8.724976184299102,-21.87145668174474,1.1216573633154083,3.845805753271453,2.1722684876321363,20.347443623910085,25.11915736877741,28.90284847780846
2022-05-16,0.8607,-35.085026368590626,-41.16463541546319,6.03023890710093,44.402303369485686,-45.10413917170507,10.019112803114446,-40.29344839147875,-35.228146928762754,-5.9364884867004335,-22.37790995659821,1.4317634718890482,4.598475435211882,2.3660393688935173,23.489468200086243,20.912835169399443,30.62292444883805
2022-05-17,0.86555,-35.80951541461909,-41.13837748390225,5.509156217633707,46.68512500982359,-44.78283300500027,8.973317590381178,-39.64969812895839,-35.627463926435794,-5.510913557466452,-22.72103582982936,1.6598258040651592,3.8493304135685484,2.610273946535572,24.777480850167827,21.90764415965576,32.11830200030134
2022-05-18,0.867,-35.78112958273698,-43.411286934602984,6.055268083231912,48.545955281706206,-44.39802908542572,8.616899502688739,-39.10145192228454,-35.91722681068772,-7.494060123915261,-23.019602592968607,1.8333404018571158,4.221927681374796,2.7939688294338842,25.965366618947613,22.580588662758593,33.6150546266872
2022-05-19,0.903,-35.83353693297451,-42.86854406566989,4.886391399951631,46.516930794666,-45.383183584500564,9.549646651526054,-38.60138066524793,-37.101852964497255,-5.766691101172633,-23.426732726375235,2.1208931238552604,2.7654982760963702,2.990680791014011,28.350139775061443,18.16679101960456,35.08815456708344
2022-05-20,0.9213,-34.11860276198311,-43.16877152698103,7.040346601677374,44.546498277840534,-45.58816764800255,11.469564886019441,-37.98769163648804,-37.8057256790614,-5.363045847919629,-23.731155598070732,2.3214475348536094,4.718899066823765,3.1698789455432212,29.961807276828214,14.58469100101232,36.293145340667365
2022-05-23,0.9663,-32.909111507939386,-42.67131615774621,7.552910837886823,42.212484801212376,-46.678510377231966,13.76939886929258,-37.265707913521226,-39.131079225947865,-3.540236931798347,-23.99749605968009,2.7226135597417667,4.830297278145056,3.4753864202481854,32.404360652703566,9.80812414850881,37.26039731789177
2022-05-24,0.968,-32.146588443301454,-42.049672871630925,8.036647110825363,42.049672871630925,-46.003364550647234,13.85677610734578,-36.40790986894936,-39.331828751787114,-2.717844119843811,-24.15000393350407,2.988042972727202,5.048604138098161,3.7773401242926603,33.027090999854956,9.02258187177597,37.947247646900124
2022-05-25,0.97225,-33.45095119398339,-42.293874209832175,7.013909121318801,41.83910136886568,-45.44403718830068,11.99308599431729,-35.5778866872747,-39.54643034096597,-2.747443868866206,-24.2477554799314,3.268380770931064,3.7455283503877372,4.0892968822054545,33.68190821805429,8.157193150811388,38.553914986000336
2022-05-26,1.028,-34.04246121591124,-42.69971200407064,5.943921799601658,39.51994621653123,-46.79615276119603,12.753691545284795,-34.885924114174045,-41.01509869140755,-1.684613312663089,-24.348330804074646,3.7013003842665926,2.2426214153350656,4.321600672529991,36.290246072901695,3.229700143629536,39.08617488909428
2022-05-27,1.0404,-32.36734781951967,-42.960571239932015,9.170748548864152,36.62953968878597,-46.54820095849328,14.18085313897361,-34.151857147555674,-41.38023063079225,-1.5803406091397676,-24.389443233515053,3.8767550873007837,5.293993461563368,4.455286358095128,36.987384085921114,-0.35784439713514615,39.35608206207144
2022-05-30,1.0404,-32.34100354133989,-43.23291162282646,9.163284336713213,36.8617456994644,-45.82068660304199,13.479683061702104,-33.36644461732752,-41.433452389356205,-1.7994592334702517,-24.41780976363523,4.149603900230917,5.0136804364822956,4.751158396564858,37.01208593517027,-0.15034023570586896,39.427722305089844
2022-05-31,1.07945,-31.02294064821643,-43.15545243619488,11.973766565977185,34.802784222739135,-46.433941490862004,15.411000842645574,-32.64784302307013,-42.450938074195086,-0.7045143619997916,-24.45712027367071,4.599638729605285,7.374127836371899,5.03449733347059,38.58289138012088,-3.7801071573817424,39.497973050298015
2022-06-01,1.0878,-43.322863641286695,-42.13939896392149,4.873822159644014,33.89473394923783,-45.92580342972377,2.6029397884370766,-31.844856142482037,-42.66961796189997,0.5302189979784799,-24.45090430749264,5.01475806863857,-0.14093590899455588,5.417704407130891,38.7552445797496,-4.860510630511769,39.369863413314036
2022-06-02,1.1252,-42.8132592663948,-40.794735237685856,5.886823149128798,30.48397797980788,-46.9793343428796,4.166075076484802,-31.702550660417547,-43.538118572136256,2.7433833344503995,-24.386219897827626,5.213716020523721,0.6731071286050767,5.41750966242749,40.01399116314339,-9.530013183335509,39.18960861431382
2022-06-03,1.14345,-43.75563826511546,-41.50418462520697,5.401930650015543,30.101936101800415,-47.340855690813726,3.585217425698268,-31.484851444687934,-43.82895774267921,2.3247731174722404,-24.220648821044314,5.350015570741815,0.05191507927372818,5.4573335306923445,40.27290219973797,-10.170966097937555,38.77079959403642
2022-06-06,1.1603,-44.53060936337545,-43.03998187790346,5.973618329232765,30.807565975760717,-47.68655390461379,3.155944541238341,-31.299197000287766,-44.10776883233565,1.0677869544321936,-24.078856086289623,5.444777351548746,0.5288409776840188,5.460314708453278,40.437153317348596,-9.629587341587879,38.323947049042104
2022-06-07,1.1855,-45.347311822152655,-43.62491567348674,5.938338452900388,34.63008769957512,-48.31196313033483,2.9646513081821766,-31.136645958517807,-44.64968608237341,1.024770408886667,-24.00318034431263,5.610740503674101,0.3275979492262868,5.489692414849061,40.94683595964432,-6.316748260069197,37.9189564737823
2022-06-08,1.1949,-45.862649458281176,-43.53326894037306,5.395605818621315,35.37078101405281,-48.453407243908785,2.590757785627609,-30.986463068671874,-44.819240007185456,1.2859710668123938,-23.942992781271045,5.6843759368522155,-0.28877011823090015,5.51787961445098,41.01097152122492,-5.6401905071721075,37.66420678840527
2022-06-09,1.2376,-45.45577531859677,-42.87354149282904,7.034822370734893,39.18549491280114,-49.642535079366,4.1867597607692275,-30.856764671053604,-45.77210814937278,2.8985666565437356,-23.87250776400428,5.91443607360335,1.1203862971315424,5.522603085468361,42.36596076535167,-3.180465852550533,37.460429800023064
2022-06-10,1.2687,-44.88138491130632,-42.48612348386211,8.548835221200626,41.11560337147941,-50.38699022013293,5.50560530882661,-30.659597653507404,-46.36598151072103,3.879858026858919,-23.736805725309956,6.153144214800774,2.3956910063998524,5.593287043886633,43.401577426412665,-2.2859740549332557,37.37581072819828
2022-06-13,1.43695,-46.17261963655602,-44.121414542038686,12.092828952430208,44.121414542038686,-55.22910626991579,9.056486633359768,-30.409768224465022,-50.13706678531317,6.015652243274488,-23.56120774841233,7.244869878905609,4.847959073524599,5.721205786287369,49.602312481016796,-5.48089793897811,37.33654484024951
2022-06-14,1.479,-49.21232630537128,-41.80820486020427,11.058949731542738,46.08404399363268,-55.93856237298415,6.726236067612874,-29.977795474168197,-50.74354646466132,8.93534160445705,-23.265495677466674,7.798181007298214,3.2607687242445236,5.96388950331674,50.87214668949298,-4.788102695860296,37.13858231032384
2022-06-15,1.49935,-49.07788114427807,-37.808926595350975,9.815576228856605,45.18627812615388,-56.129222914347714,7.051341770069648,-29.66139591110424,-50.65935598220284,12.850429386851864,-22.844426705604683,8.130134330379061,1.6854418984775439,6.127910585218004,51.36944159689446,-6.183163470740581,36.97192167480386
2022-06-16,1.49935,-48.4566555216359,-40.99144645150705,10.768145671474644,38.71414387086661,-55.70921800976219,7.252562488126287,-29.344144290256587,-49.883367576800346,8.891921125293294,-22.250446247362866,8.237160226889287,2.5309854445853563,6.213672339230239,51.04803193682866,-12.33388806596205,36.76390815653761
2022-06-17,1.497,-48.92926459315317,-43.370936858375984,10.873169909589592,38.75700740535659,-55.22834869840166,6.29908410524849,-29.0285427266528,-49.31414524962119,5.943208391245207,-21.84506052758025,8.377502333688456,2.4956675759011357,6.341143240697436,50.31813053916801,-11.56112313381142,36.315426704298346
2022-06-20,1.4943,-48.9465612321481,-43.22335900678294,10.877013607144024,38.62512932520963,-54.81237036774715,5.865809135599051,-28.76909684613789,-48.91942236578015,5.696063358997208,-21.57273711792872,8.50274525787345,2.374268349270574,6.457704309826756,49.652235118227196,-11.027105793017569,35.92207584877549
2022-06-21,1.503,-49.10037207170837,-38.27177571817144,12.002313173084517,38.73288144971789,-54.75693336969853,5.656561297990159,-28.530628193606894,-48.81625973134223,10.544484013170788,-21.35096897801106,8.69343832640374,3.3088748466807765,6.571703944135745,49.43143505964753,-10.69855360992964,35.541023883177346
2022-06-22,1.4841,-48.97372831552141,-35.48301250776215,11.427203273621169,42.486238660610155,-53.942442125781255,4.9687138102598425,-28.314823280697027,-47.911581457875556,12.428568950113409,-20.969462620031333,8.733865289274345,2.693337984346824,6.70421230542908,48.2607551266521,-5.774516466041945,35.17044848225676
2022-06-23,1.486,-48.278170037909085,-23.384556647895145,12.618158078090936,51.06423594540389,-53.76654348323838,5.4883734453292945,-28.133377224277602,-47.39447483812641,24.009918190231268,-20.546847604884896,8.874941268919976,3.74321680917096,6.809361715430237,48.075108707797455,2.989127237606432,34.98527043075542
2022-06-24,1.49855,-49.26431949553336,-16.064636537597828,10.947626554562971,55.75373857166581,-53.870810358633136,4.606490863099779,-27.93518358364667,-46.6198558031131,30.55521926551527,-19.779447768278427,9.135578390707803,1.8120481638551684,6.954301954740449,48.648834927763005,7.1049036439028015,35.09170567478151
2022-06-27,1.5264,-49.92182571248395,-8.978781721091584,11.520421318263608,70.41255139170991,-54.44179866467729,4.519972952193342,-27.772804055320172,-45.87678380598058,36.898002084888994,-18.839929503276075,9.416966195861974,2.103455122401634,7.029090775473075,49.93793227261026,20.47461911909965,35.32914466684813
2022-06-28,1.528,-49.99972527623425,-31.669865642993734,11.538398140670306,50.86372360844609,-54.28523730799944,4.285512031765187,-27.61259383973578,-44.370522438682826,12.700656795689092,-17.71725519727481,9.529902930403582,2.008495210266725,7.118106118562828,50.8584682114542,0.005255396991884709,35.97244222887906
2022-06-29,1.58835,-49.51230380749616,-33.74469726185899,12.65314430635988,44.832240647898175,-55.75480646325002,6.24250265575386,-27.457834568218047,-44.906419843865876,11.161722582006888,-17.34141307035258,10.065952062193093,2.587192244166788,7.214150922987107,53.0402938455874,-8.208053197689225,35.99024654726597
2022-06-30,1.676,-49.79886790573627,-34.51846738004846,12.173056599180232,41.91528181863053,-57.86883010597964,8.069962200243367,-27.251613210595426,-45.92448992334919,11.406022543300729,-17.003863059771916,10.830208869059152,1.342847730121079,7.315151493880387,55.84192242544857,-13.92664060681804,35.76561534832636
2022-07-01,1.7297,-49.13245336557356,-78.98774935225016,11.593050794123476,6.540386889038877,-58.9418525264397,9.809399160866143,-26.990065935553996,-46.30242702157912,-32.68532233067104,-16.65720773311479,11.301289672918726,0.2917611212047504,7.377103295956092,57.1266024319338,-50.58621554289492,35.36661566543006
2022-07-04,1.74,-49.22158006802583,-78.55459544383348,11.61408069020772,6.504520641845144,-58.74826671892271,9.526686650896877,-26.6751718135465,-47.98485088795378,-30.569744555879694,-17.6216742344127,11.410387371724548,0.20369331848317174,7.413222960621493,55.16102113518419,-48.65650049333905,33.885783853909814
2022-07-05,1.738,-50.43178675853863,-80.14780504306638,9.633037920171994,2.602201462438553,-58.2562500956391,7.824463337100475,-26.382088842204766,-49.30585706232035,-30.841947980746035,-18.48811448075036,11.419341654288983,-1.7863037341169896,7.440242281929592,52.941313165334456,-50.339111702895906,32.51642998756786
2022-07-06,1.771,-49.457690670898806,-77.57184506455691,10.351609675305555,0.0,-58.77000939746877,9.312318726569963,-26.14490037494867,-51.26196603313158,-26.309879031425332,-19.33782988256485,11.606471601303685,-1.2548619259981297,7.418531845579494,51.836399786968116,-51.836399786968116,31.156185761410555
2022-07-07,1.842,-49.420742920190726,-85.32778355879371,10.343876425157353,2.081165452652333,-60.194616701284204,10.773873781093478,-25.871952749990136,-53.81101862401834,-31.516764934775374,-20.0519966828569,12.095673715459267,-1.751797290301914,7.408780399667608,51.75610122360271,-49.67493577095038,29.781473806644478
2022-07-08,1.88545,-49.35494238097503,-87.49676417292284,12.051788255817463,5.177323323840543,-60.80949825212285,11.454555871147818,-25.558918084446375,-56.12499331978654,-31.371770853136297,-20.908321893156376,12.351958508269727,-0.30017025245226314,7.379585344354074,50.79948622633993,-45.62216290249938,28.461231147191725
2022-07-11,1.931,-49.597453228447655,-86.28804518355776,12.687720593324212,7.8443677439601345,-61.42914505578399,11.831691827336336,-25.232748226613644,-58.5235336570995,-27.764511526458257,-21.746186856200012,12.69350316607364,-0.005782572749428283,7.3951311769445205,50.014045190308686,-42.16967744634855,27.26876530225188
2022-07-12,1.9445,-49.826187717266144,-86.0726072607262,13.32560834298799,0.5280528052811734,-61.21406575211398,11.387878034847837,-24.90149695485679,-60.08159610510229,-25.99101115562391,-22.474608592309533,12.807277581938699,0.5183307610492918,7.412527769653588,48.48265863258839,-47.95460582730722,26.188400580992784
2022-07-13,2.0552,-48.97695778186239,-84.8273529182172,14.404987582900704,5.204132080873027,-63.42246881228057,14.445511030418182,-24.59502361984105,-63.78518934358705,-21.042163574630152,-23.134653497173858,13.670150107923197,0.7348374749775068,7.445748921362665,49.16510496163067,-43.96097288075764,24.99982440645281
2022-07-14,2.0915,-50.87897820976201,-87.38222395901057,12.86594851281358,3.2564803959900672,-63.60407087245804,12.725092662696028,-24.20713150632497,-65.6495159190257,-21.73270803998487,-23.687182870768275,13.99159581950497,-1.1256473066913912,7.481862769962238,47.9675807773121,-44.711100381322034,23.884220050502307
2022-07-15,2.09565,-46.83374605572045,-78.55459544383264,15.220967468109944,0.5343850030199283,-63.091936038334666,16.25818998261422,-23.871568721903188,-66.78426016354425,-11.770335280288393,-24.249358503061394,13.985083921031189,1.235883547078755,7.470735603555518,45.97920383503408,-45.44481883201415,22.777636999702253
2022-07-18,2.1328,-43.879664408326605,-65.78067759446004,17.551865763330643,-1.8999992934195258e-12,-63.22250201588517,19.342837607558565,-23.46955157233279,-68.24398323326382,2.4633056388037744,-24.552872951452382,14.341678104156022,3.21018765917462,7.524983704871138,44.74911792430299,-44.74911792430489,21.695246372815614
2022-07-19,2.164,-42.64840769540831,-71.95816831814999,16.358293362622202,7.46232856632832,-63.06222341105227,20.413815715643963,-23.000958843407744,-68.91428807393866,-3.043880244211323,-24.512646243262317,14.742169621276044,1.6161237413461578,7.621839763621776,43.394929383593116,-35.9326008172648,20.64781261204162
2022-07-20,2.1797,-44.206580296832456,-74.95088040516336,14.735526765610818,9.636541766378471,-62.49882176398856,18.292241467156103,-22.51738548064322,-69.45028369177959,-5.500596713383771,-24.5992965185485,14.958087755577036,-0.22256098996621887,7.6853580271948925,42.11870817716793,-32.48216641078946,19.826111421686996
2022-07-21,2.2506,-44.79843612731959,-73.1757756367078,14.544946794585949,8.484147899909216,-63.275821052154214,18.477384924834624,-22.108492395242237,-71.45590591812517,-1.719869718582629,-24.737938355206964,15.489662716715191,-0.9447159221292427,7.676908959629367,42.07791975583087,-33.59377185592165,19.10908421069593
2022-07-22,2.2599,-43.99064619943917,-76.88213377491313,15.628255886643313,7.526922187753345,-62.657049810930076,18.666403611490907,-21.697317614404746,-71.77487052812033,-5.107263246792797,-24.789032201210638,15.515840190961528,0.11241569568178456,7.652652942606484,40.767096335489924,-33.24017414773658,18.372347148024577
2022-07-25,2.298,-46.517577829722406,-79.18042833357781,11.6293944574306,6.50798041097921,-62.66446619771672,16.146888367994315,-21.29436810016805,-72.95448848657996,-6.225939846997846,-24.910680508034837,15.808895451554356,-4.179500994123757,7.651511128915166,40.02256737172341,-33.514586960744204,17.669677456583216
2022-07-26,2.3212,-48.33112058323408,-81.06903753335364,8.152237206811142,2.1475241730696903,-62.45765593747034,14.12653535423626,-20.951954668259322,-73.81169757935255,-7.257339954001083,-25.052082359565226,15.806096344323091,-7.653859137511949,7.564011895288591,38.99586383880842,-36.84833966573873,16.977632484054237
2022-07-27,2.28955,-51.32078953286601,-78.58504998009104,3.459828507833104,-0.523900333199391,-61.202490891358934,9.881701358492926,-20.65348180097636,-73.33173388592648,-5.2533160941645605,-25.215059808780424,15.25866550899304,-11.798837001159937,7.41627969414354,36.94973853509859,-37.47363886829798,16.238058178754773
2022-07-28,2.27977,-49.54893384363066,-74.95427789048787,8.542919628212138,-2.998171115621361,-60.6088910296178,11.059957185987145,-20.454276269190665,-73.3048597365709,-1.6494181539169688,-25.33398118824162,14.736015750413994,-6.193096122201856,7.1981286128854975,35.3445632977783,-38.34273441339966,15.526283054406612
2022-07-29,2.2847,-48.699276306102746,-72.20606727444299,9.626601130276484,6.385570575289868,-60.2872239318864,11.587947625783656,-20.238741572323732,-73.50751760993401,1.301450335491026,-25.38315904149016,14.546575600066742,-4.919974469790258,7.0909014646602735,33.99815528282736,-27.612584707537494,14.827331393563512
2022-08-01,2.285,-56.992275007477474,-73.6612075527302,10.157039110241833,5.401821887198016,-59.8670519999057,2.874776992428224,-20.022114268607186,-73.485673180456,-0.17553437227419977,-25.380483023018826,14.376866387604709,-4.219827277362876,7.009671565680097,33.01096071440759,-27.60913882720957,14.33940911284588
2022-08-02,2.29,-56.80559421491829,-76.58424266693474,11.929174785132322,10.51156271898951,-59.85470434852947,3.0491101336111797,-19.95810728041649,-73.63969156348956,-2.9445511034451783,-25.40855753230109,14.269854154481301,-2.3406793693489796,6.9431834676877,32.12084442745771,-21.609281708468203,13.865787349836886
2022-08-03,2.2922,-58.34735369259545,-75.26292179634319,13.029020727470996,14.952898370131104,-59.786644544027595,1.4392908514321476,-19.896501985652364,-73.81335460209709,-1.4495671942461001,-25.479788228930666,14.208689028033955,-1.179668300562959,6.907479437986955,31.42139643553815,-16.468498065407047,13.506622478521829
2022-08-04,2.292,-59.7338216247602,-75.8232772505383,11.16520030369218,21.805386921725617,-59.72650388015322,-0.0073177446069863095,-19.862151693759035,-73.86721684333176,-1.956060407206536,-25.517332515690875,14.171273006877179,-3.0060727031849996,6.891628493203127,30.887493928208972,-9.082107006483355,13.250693750959098
2022-08-05,2.30395,-60.264714165024195,-76.39995375792324,12.954097437341336,19.602619714202813,-59.95312761145966,-0.31158655356453835,-19.848715980069695,-74.24645994864716,-2.1534938092760854,-25.56265196243733,14.16050253103595,-1.206405093694615,6.848032283039527,30.760350209947443,-11.15773049574463,13.113868725521774
2022-08-08,2.31345,-60.92925498613771,-72.57596284110635,12.856631786065392,22.25662860460757,-60.14044314824026,-0.7888118378974482,-19.839664243452567,-74.56831298799378,1.992350146887432,-25.610276691849993,14.190253656942257,-1.3336218708768648,6.832613484027618,30.540441508332954,-8.283812903725384,12.948678683964193
2022-08-09,2.31125,-60.19093903438103,-72.59192134738446,13.375764229863016,16.5645995020871,-60.111889411929155,-0.07904962245187619,-19.84001381128592,-74.46546130440078,1.8735399570163196,-25.59864512495197,14.135290231627687,-0.7595260017646712,6.813549163047375,30.26242826491954,-13.69782876283244,12.828350762968288
2022-08-10,2.295,-58.023410214352374,-71.39873522240389,14.505852553587458,7.771290908561918,-59.783321221535175,1.7599110071828008,-19.829855117740095,-74.0075499754143,2.608814753010421,-25.588735781708234,14.002888099544553,0.502964454042905,6.803292491172005,29.654694602944478,-21.883403694382558,12.632387527697873
2022-08-11,2.29605,-58.10964843662747,-73.84978952809915,15.086158728738674,13.785294045246411,-59.74739490120831,1.637746464580843,-19.79577572876105,-73.97075155430036,0.12096202620121232,-25.56592461917186,14.023083771735424,1.0630749570032503,6.808743777602587,29.05455574303677,-15.269261697790357,12.333552090313724
2022-08-12,2.2944,-57.14602751886349,-70.59162504802077,16.089658233466995,17.287744909720207,-59.661263558876335,2.5152360400128444,-19.7617583441982,-73.92938642824534,3.3377613802245634,-25.57002937008373,14.041396046853913,2.0482621866130817,6.82366307354205,28.6136575777183,-11.325912667998093,12.124591766216755
2022-08-15,2.294,-57.31270825021952,-69.058388867788,16.294789600554687,18.25114562934342,-59.57810876381495,2.2654005135954307,-19.7171515551157,-73.83908451674985,4.780695648961853,-25.53873988843145,14.093642226466669,2.201147374088018,6.851097324942554,28.304600951104728,-10.053455321761309,11.972586388404181
2022-08-16,2.2995,-58.00562035039874,-59.06234800131018,15.205356790881549,26.801401614039214,-59.61935676333519,1.613736412936447,-19.676446963910678,-73.86336326901748,14.801015267707307,-25.489356927841904,14.189015405550307,1.0163413853312413,6.879817813405305,28.105119257573815,-1.3037176435346005,11.838801716068339
2022-08-17,2.294,-57.896320178003066,-57.57343137650864,15.325496517705592,24.241444790112205,-59.46311161082796,1.5667914328248926,-19.645914523979872,-73.35710870680865,15.783677330300009,-25.317995020110597,14.175990577840588,1.1495059398650032,6.891114038789975,28.003077515474804,-3.761632725362599,11.816866305789505
2022-08-18,2.2939,-57.43172164379901,-53.73867649316772,16.490296313565054,31.731408976918555,-59.41703701286789,1.9853153690688785,-19.618773821256326,-72.9720566264617,19.23338013329397,-25.136370663964506,14.201274333142445,2.289021980422609,6.901542679430659,27.907441698469157,3.8239672784493983,11.76869703069162
2022-08-19,2.3146,-56.6666285073214,-56.175351095943995,16.02692523439222,32.02520015750282,-59.767765826285455,3.1011373189640565,-19.584841442384267,-73.03166603244964,16.85631493650564,-24.918597035209324,14.39884955601293,1.6280756783792896,6.927288422298528,28.247827210087312,3.777372947415511,11.819569894449282
2022-08-22,2.374,-56.44185912572817,-53.71530886302613,16.70218280250899,31.070619832533307,-60.84535544633327,4.4034963206051,-19.535877720114115,-74.11072986701699,20.395421003990855,-24.741417908072183,14.85103903546324,1.85114376704575,6.947095149338169,29.020454994193383,2.0501648383399242,11.83280443753161
2022-08-23,2.37295,-55.48722935674882,-49.69424959067571,17.160998770128423,37.13991285197993,-60.705233779411934,5.218004422663114,-19.46902884740988,-73.59245600562178,23.898206414946074,-24.517827461910265,14.890110077526668,2.270888692601755,6.969736416956308,29.029435270833552,8.110477581146377,11.816119807231392
2022-08-24,2.3763,-54.24882508465672,-35.055591890124354,19.415368977667136,55.46108567691201,-60.634814079055275,6.385988994398552,-19.395480735343867,-73.10564459812608,38.05005270800172,-24.254993332182796,14.968948947384728,4.4464200302824075,6.9967319849107765,29.23931036619409,26.221775310717923,11.873049519993618
2022-08-25,2.43595,-54.58546320882997,-21.30036106709633,19.33235155312623,52.47162116528513,-61.62626263877455,7.0407994299445775,-19.309975351373797,-73.63594672475944,52.3355856576631,-23.837657573942604,15.49515697995499,3.8371945731712405,7.047822112666784,30.558211460849257,21.91340970443587,12.132928698051735
2022-08-26,2.453,-52.930143716847,-41.806462538234726,21.862450665653828,42.33565826656746,-61.772432503048876,8.842288786201877,-19.21689017258135,-72.76117360326586,30.954711065031134,-23.250427538104006,15.712039374858355,6.150411290795473,7.094536054563179,31.27554074633396,11.060117520233497,12.344605377887246
2022-08-29,2.4627,-52.9621378282072,-60.22651565623084,21.299990213516963,27.714856762156455,-61.73556215579194,8.773424327584742,-19.10675122137564,-72.24295037552152,12.016434719290679,-22.914843024683,15.93283550340557,5.367154710111393,7.1667595575694465,31.633679318050127,-3.918822555893673,12.428420335807806
2022-08-30,2.5095,-54.523729423091744,-69.47082767978297,19.141309265554817,16.8249660786987,-62.405453675857416,7.881724252765672,-18.996756897962946,-73.03222121926328,3.5613935394803065,-22.79455780631901,16.401588977853528,2.7397202877012887,7.229167473875419,32.09109403593567,-15.266127957236968,12.348956092233866
2022-08-31,2.5205,-54.35290817280691,-66.6963094708765,19.870955676080577,18.897287683414252,-62.41149361617184,8.058585443364926,-18.896513355753108,-73.20667827383413,6.510368802957629,-22.768723538525567,16.550538561782776,3.3204171142978005,7.262612402926932,31.825760354932235,-12.928472671517984,12.144529421689047
2022-09-01,2.59675,-57.14218389179536,-85.91161772137609,17.083745699609377,-20.214498287381556,-63.63921202562143,6.4970281338260705,-18.793375870945987,-74.79400046529338,-11.11761725608271,-22.712835728045352,17.191145035910903,-0.1073993363015262,7.303948925694501,32.39923409543978,-52.61373238282134,11.96663345069276
2022-09-02,2.5963,-56.06854379478859,-75.3817587229439,16.353325273481225,-14.411218579386306,-63.454809645380635,7.386265850592046,-18.705740680013637,-75.07613899066212,-0.30561973228178374,-22.8524240419542,17.18954222542922,-0.8362169519479963,7.307965243718051,31.048120416211635,-45.45933899559794,11.351079634315983
2022-09-05,2.5963,-56.12722170252519,-74.90430424365887,16.370439663237732,-14.319940517170048,-63.26304033863109,7.135818636105903,-18.61224105921128,-75.09443263708513,0.19012839342626364,-22.868886793904224,17.17160748985056,-0.8011678266128293,7.3019706089798495,29.90804260617805,-44.227983123348096,10.824480224886294
2022-09-06,2.672,-55.81209536230862,-73.81220620799455,16.449880738364378,-12.764516863036562,-64.48276987233488,8.670674510026267,-18.521902427823406,-76.83365130873278,3.0214451007382337,-22.881321391852367,17.707182990417174,-1.2573022520527957,7.296433364284846,29.608225898049806,-42.37274276108637,10.32528727516518
2022-09-07,2.6904,-55.86689711761675,-67.69747353028785,15.130617969355477,-11.914755341331754,-64.59090857194964,8.724011454332889,-18.411682079399046,-77.19331046143131,9.495836931143458,-22.865160263917584,17.81435811444245,-2.683740145086972,7.287963016515869,28.707896287752313,-40.62265162908407,9.839331064258332
2022-09-08,2.7556,-56.19095559743943,-71.2131593286549,15.80370626177855,-11.868859888110109,-65.55370352593079,9.362747928491359,-18.301899882794338,-78.460702638237,7.247543309582099,-22.783166344708267,18.228205395320554,-2.424499133542003,7.266719868927781,28.286336229744848,-40.155196117854956,9.374407870973108
2022-09-09,2.783,-57.08194754285488,-71.05511543804967,15.726659016909338,-8.48419288812626,-65.79942163701108,8.717474094156202,-18.18632131083266,-78.91574548334457,7.860630045294897,-22.72374963213815,18.369911586501797,-2.643252569592459,7.246013041180321,27.475220996516306,-35.959413884642565,8.908920273042598
2022-09-12,2.8135,-56.82674800236559,-72.23134234120504,16.816078490496544,-11.112514206340204,-66.11492032828161,9.288172325916022,-18.07857100510406,-79.42499647081877,7.1936541296137335,-22.65941225855652,18.529973997477004,-1.7138955069804602,7.22527757191162,26.782407806277384,-37.894922012617585,8.487220420198373
2022-09-13,2.92595,-60.51099478900569,-74.99935345384931,15.27462004382454,-8.793027646313114,-67.88500920314114,7.374014414135445,-17.966134211367994,-81.79900392950921,6.799650475659902,-22.600045812639078,19.300122115706834,-4.025502071882295,7.210318501273168,26.688761774087787,-35.4817894204009,8.05134774510949
2022-09-14,2.92755,-64.21888624419593,-78.97083174118004,15.318266443570666,-13.246720163036452,-67.69560653971766,3.47672029552173,-17.869222260071723,-81.66820780754516,2.6973760663651234,-22.543194022403778,19.210209787293742,-3.891943343723076,7.174182034936907,25.69899767832292,-38.945717841359375,7.629736956159
2022-09-15,2.9947,-63.05889700980716,-78.23705828660954,16.815705869281636,-17.212152823054506,-68.78170161065134,5.722804600844178,-17.814907236859213,-83.1257612639825,4.888702977372958,-22.530210579847996,19.592024020407734,-2.776318151126098,7.138355176385678,25.110124314860194,-42.322277137914696,7.179255116063342
2022-09-16,3.0195,-63.878308836698665,-73.50876745195046,14.924838513247288,-18.88766941473518,-69.03850427745692,5.160195440758258,-17.728790256447,-83.56657151546798,10.057804063517523,-22.49288643991444,19.70770238006952,-4.7828638668222325,7.122242167138809,24.08560176996898,-42.97327118470416,6.692065893209209
2022-09-19,3.0463,-63.25186175291279,-78.21086261980763,15.51460759977032,-20.958466453672493,-69.34006482183968,6.088203068926887,-17.645389743535123,-83.91248287393319,5.701620254125558,-22.402884485206982,19.788322684324363,-4.273715084554043,7.090056196787877,23.057105920409178,-44.01557237408167,6.209297380808977
2022-09-20,3.0771,-60.664668536659526,-81.9769945573508,18.019208476237033,-20.234827770485936,-69.6912847356903,9.026616199030776,-17.558653686424645,-84.45855033048309,2.4815557731322855,-22.35345350888077,19.892350712613982,-1.8731422363769497,7.047322301037337,22.01148355533804,-42.246311325823974,5.717037491816374
2022-09-21,3.0387,-59.143671328462986,-78.69830951942923,19.117146287986778,-18.908035404018232,-68.75355875424847,9.609887425785487,-17.442590605597232,-83.54133164821515,4.843022128785918,-22.33419687218062,19.57136250954042,-0.4542162215536436,7.027244469080788,20.64839431229739,-39.55642971631562,5.257223265448282
2022-09-22,3.032,-58.0414308110232,-74.86631016042702,20.344419047165054,-15.278838808249342,-68.37060701243719,10.329176201413993,-17.32621378633715,-83.27883973733202,8.412529576905001,-22.29574301701959,19.50542517948471,0.8389938676803439,7.015775785424804,19.58161695322459,-34.86045576147393,4.838760797476224
2022-09-23,3.03665,-62.654354781804415,-75.78166401695849,17.64054649196498,-13.778484366719557,-68.17571787709753,5.521363095293111,-17.20744920318702,-83.18832727845245,7.406663261493961,-22.227980242393965,19.553257551120236,-1.9127110591552565,7.018540524484948,18.710478036742433,-32.48896240346199,4.472524702185108
2022-09-26,3.04382,-60.40582854606981,-75.74725484319193,20.340738183878592,-12.53371842729064,-68.14410626806014,7.738277721990329,-17.135073923715268,-83.18678286086838,7.4395280176764516,-22.176134827483477,19.552248660242007,0.788489523636585,6.9957399366376,17.91678604180013,-30.45050446909077,4.129673316334342
2022-09-27,3.032,-59.54938915832798,-76.70255185582194,20.872981766835675,-17.951661072641564,-67.73839278420954,8.189003625881554,-17.043543593905213,-82.76707248573658,6.0645206299146395,-22.12540456454563,19.486872734031998,1.3861090328036774,7.001720385319909,17.113041970852308,-35.06470304349387,3.8135121357843307
2022-09-28,3.0218,-58.43479099019889,-75.66257665465626,19.8798773471807,-18.51881246792285,-67.35893571852105,8.924144728322162,-16.951693457626504,-82.42135524096969,6.758778586313426,-22.089970592417007,19.445850727978407,0.43402661920229235,7.012811366935082,16.234984811186358,-34.75379727910921,3.461930959623574
2022-09-29,3.0175,-60.82358750767768,-77.57704569606844,17.464198393294296,-19.128586609990094,-67.06943508346814,6.245847575790457,-16.855239690980213,-82.19477538005785,4.61772968398941,-22.050317772407737,19.42418810928677,-1.9599897159924744,7.015400957187483,15.409465305169253,-34.53805191515934,3.1201758599533402
2022-09-30,3.045,-57.81008183739656,-76.20228817077698,19.87221563160635,-19.444721809094364,-67.3747584761677,9.56467663877114,-16.780689088833633,-82.71845958016945,6.51617140939247,-22.029986433329086,19.575063138906568,0.29715249269978017,6.99971769688158,14.696125057776793,-34.14084686687116,2.7847319135545785
2022-10-03,3.11275,-75.88726329350776,-67.14002801526489,1.1765467177277242,-17.388784234171336,-68.2775911408323,-7.609672152675458,-16.679873111426424,-84.08551605084932,16.945488035584432,-21.993960617208366,20.056831279780646,-18.88028456205292,7.003105047385597,14.075552664313978,-31.464336898485314,2.450077974651423
2022-10-04,3.12405,-76.47164466175806,-66.47988983332569,1.1586612827528522,-11.871408898809122,-68.61248265719334,-7.859162004564723,-16.721095016009986,-83.970940075444,17.49105024211832,-21.86645724358599,19.71426465235277,-18.55560336959992,6.844541611460529,13.349047879773561,-25.220456778582683,2.1363119409527593
2022-10-05,3.12765,-78.07674827823344,-72.1685935842609,0.5826623005832977,-11.140118472739765,-68.82268132361867,-9.254066954614771,-16.7639288441199,-83.68086841975173,11.512274835490828,-21.73709667558377,19.330749229798123,-18.748086929214825,6.690833600792857,12.749457337880646,-23.88957581062041,1.8762532572973967
2022-10-06,3.2698,-78.83073581192738,-81.40639234004578,0.5839313763854439,-22.289845521678995,-71.39031075311007,-7.440425058817311,-16.81710762071596,-86.52652623196836,5.120133891922578,-21.65838273834825,19.855763137389076,-19.271831761003632,6.538277937191069,12.414756809398988,-34.70460233107798,1.6314897096881342
2022-10-07,3.2795,-79.65447658158389,-93.88505290348222,3.540198959182311,-30.79827132283424,-71.70259766089404,-7.95187892068985,-16.85798537033098,-86.628595842578,-7.256457060904225,-21.625600460668636,19.466028988535314,-15.925830029353003,6.374537922036944,11.556533879525167,-42.35480520235941,1.2863864347734522
2022-10-10,3.2791,-81.50496521056394,-96.90268420435312,4.195108503485209,-29.07080526130684,-71.85363494160717,-9.65133026895677,-16.90206921764471,-86.79695819173536,-10.105726012617765,-21.69458034901463,19.09390419641562,-14.898795692930413,6.239612825406073,10.517409751677333,-39.58821501298417,0.8790483535533997
2022-10-11,3.2955,-81.01587911230602,-102.3445250900744,4.8009409844326765,-31.852122604563704,-72.32412317351636,-8.691755938789669,-16.958517050898813,-87.39196947691232,-14.952555613162076,-21.785825239729157,18.85560619701218,-14.054665212579502,6.115610320330263,9.57768794508953,-41.42981054965323,0.5067543948499221
2022-10-12,3.30215,-81.28186278904313,-106.71573137074486,3.585964534811566,-33.64436851097201,-72.60789895421217,-8.673963834830957,-17.007844087314453,-87.88590991018606,-18.829821460558804,-21.91899496746241,18.578907417908088,-14.992942883096521,5.999887035416684,8.59595004337702,-42.24031855434903,0.12198683704757984
2022-10-13,3.395,-82.81474102390199,-109.02643626452117,4.8008545521113675,-33.872290878297946,-74.35833544774448,-8.456405576157508,-17.055417198878608,-90.36142480831029,-18.665011456210877,-22.078834781073922,18.790222874665766,-13.989368322554398,5.876607531272251,7.582972456579273,-41.455263334877216,-0.2667007221033641
2022-10-14,3.419,-84.52571345174958,-112.70996334190488,4.256690605485493,-37.205230617717014,-74.93800744673072,-9.587706005018859,-17.10299214915891,-91.3384080134029,-21.371555328501984,-22.241929024560218,18.604166571429175,-14.347475965943683,5.760902421977502,6.552948320014348,-43.75817893773136,-0.6539529200258187
2022-10-17,3.4635,-83.63180190171418,-107.21618535534088,4.242192850087241,-38.06174580114695,-75.89524148641786,-7.736560415296324,-17.158697809520113,-92.84307071519873,-14.373114640142148,-22.4282334805581,18.526647920798712,-14.284455070711472,5.645261514731062,5.442964422552577,-43.504710223699526,-1.0567178977417586
2022-10-18,3.4735,-83.52398590986645,-96.0768614891912,4.236723922964529,-33.62690152121825,-76.22193737763328,-7.302048532233172,-17.201362860076596,-93.41567310611092,-2.6611883830802867,-22.5558369436568,18.246875592997995,-14.010151670033466,5.526437893421857,4.335278033301639,-37.96217955451989,-1.4773584240200415
2022-10-19,3.49595,-84.69167321288266,-91.53045418602724,4.295954438334921,-29.24641731387631,-76.74925344470982,-7.94241976817284,-17.238003168499073,-93.99110711871393,2.460652932686685,-22.58328379544968,18.04657231119238,-13.750617872857461,5.41328577951051,3.351354470591387,-32.597771784467696,-1.8414271516989493
2022-10-20,3.579,-85.37978648911003,-91.05077955535177,3.071215341333476,-26.779641045693708,-78.34004498849764,-7.039741500612394,-17.280642076432557,-95.8235560324492,4.7727764770974375,-22.574797870413406,18.167820377515245,-15.096605036181769,5.299414255617531,2.350689855949173,-29.130330901642882,-2.164066331817286
2022-10-21,3.58855,-83.85162485145045,-86.50429946964772,1.809747298951882,-28.31985994542159,-78.64512259932415,-5.206502252126299,-17.317128469307946,-95.9414128998198,9.437113430172076,-22.547935423150932,17.853037265464515,-16.04328996651263,5.171488067499396,1.5493840571430457,-29.869244002564635,-2.4686240038133542
2022-10-24,3.62985,-84.85979948841664,-89.95471066301211,1.8184242747528876,-31.198165547863272,-79.4569605206284,-5.402838967788242,-17.33895053280998,-96.66735543837609,6.712644775363984,-22.485803961417464,17.680343182108864,-15.861918907355976,5.037915779852743,0.6367266258994704,-31.834892173762743,-2.7859224952494976
2022-10-25,3.64595,-85.89558242648998,-94.58684157479328,1.2097969355832618,-31.01207920484963,-79.83623307349121,-6.059349352998765,-17.361557218145776,-96.88676287794792,2.2999213031546333,-22.44403601737646,17.380419114813243,-16.17062217922998,4.9061651589440585,-0.2414135739446106,-30.77066563090502,-3.1017963406582636
2022-10-26,3.65335,-85.30731660428847,-93.455557541557,1.201511501467755,-34.21596915455924,-80.07989667026938,-5.227419934019096,-17.389794680525107,-97.01924178744453,3.5636842458875293,-22.440965224724273,17.03381147715931,-15.832299975691557,4.773717309065081,-1.0458847087062857,-33.17008444585295,-3.393810014389927
2022-10-27,3.71335,-86.57436076257639,-93.870845959983,1.202421677256904,-28.05922025977903,-81.21854027673237,-5.355820485844021,-17.410888804989064,-98.30642255774153,4.435576597758526,-22.430731500914746,16.944121961818734,-15.74170028456183,4.645660251694399,-2.091205003465321,-25.968015256313706,-3.701434470703978
2022-10-28,3.738,-86.93749012073948,-91.38347309120276,1.8238634291075344,-25.44198966743843,-81.74366019859434,-5.193829922145142,-17.43098576065104,-98.78018963415283,7.396716542950074,-22.41431093740401,16.684667815734095,-14.86080438662656,4.519525693508523,-2.864493866196714,-22.577495801241717,-3.957002928455781
2022-10-31,3.77355,-86.92671221136686,-92.3582665866574,2.4486397806010403,-27.655300164364984,-82.45938440832538,-4.467327803041485,-17.45267746090235,-99.42924031169389,7.070973725036495,-22.37551331191986,16.48194820127535,-14.033308420674311,4.393732560710988,-3.6134825651041105,-24.041817599260874,-4.1885822793448435
2022-11-01,3.80385,-85.55929076809129,-82.02651341464546,3.640820883749417,-22.417183790336622,-83.06953832718253,-2.4897524409087595,-17.47040771350643,-99.96889182957203,17.942378414926566,-22.340628101866663,16.26784236321892,-12.627021479469505,4.272745296577708,-4.383211409789791,-18.03397238054683,-4.429974252338885
2022-11-02,3.80775,-86.22587510090206,-79.56732019345712,4.8922482326764385,-26.002392220082772,-83.17059472071209,-3.05528038018997,-17.471544916133738,-99.67048946463638,20.103169271179254,-22.225689481215213,15.975013379396358,-11.08276514671992,4.164376343423263,-4.895370352004033,-21.10702186807874,-4.622802213217904
2022-11-03,3.8045,-85.91645238694315,-76.00852528053807,6.136889456210225,-26.192126954779233,-83.16575180631409,-2.750700580629058,-17.48171314731474,-99.17918038077576,23.170655100237695,-22.102280940664315,15.689747654903547,-9.552858198693322,4.06660229343176,-5.441947916456009,-20.750179038323225,-4.8412318303468425
2022-11-04,3.79975,-83.24067853044528,-55.61281971378558,6.540339027392941,-8.629575472827446,-83.12705316518101,-0.11362536526426936,-17.489542459961044,-98.5991572123137,42.986337498528115,-21.960893157329295,15.437455059918804,-8.897116032525863,3.9807284806504537,-5.961646430181325,-2.6679290426461204,-5.054980093900311
2022-11-07,3.79962,-83.55066452617821,-73.5612289052352,6.564695069913459,-8.173469878359278,-83.1114959321395,-0.4391685940387049,-17.478514159137326,-97.7123736445077,24.151144739272496,-21.688051547934933,15.222548627823954,-8.657853557910496,3.9006095788101818,-6.113653526632309,-2.059816351726969,-5.145482261214304
2022-11-08,3.79695,-81.75564405928452,-72.58763200412164,5.25571997524025,-5.151380335777641,-83.05861662115554,1.302972561871016,-17.46975809488506,-97.18740216203372,24.599770157912076,-21.55245787117345,15.008872363936069,-9.753152388695819,3.8246616042414647,-6.245531348487907,1.0941510127102658,-5.237771549566045
2022-11-09,3.794,-82.61363769525475,-71.7237448344653,5.273210916718956,-3.799933501164998,-82.96812087961811,0.35448318436336024,-17.45153218843009,-96.66354282960849,24.939797995143195,-21.421488421858868,14.775743292681161,-9.502532375962206,3.7422629810964723,-6.312082351069609,2.512148849904611,-5.311287369526996
2022-11-10,3.7902,-80.32128514056173,-69.64784022508697,4.557236036344993,1.383731925001782,-82.88591664681732,2.564631506255594,-17.442290124877346,-96.13000242609094,26.482162201003973,-21.295306203546485,14.548424442678275,-9.991188406333283,3.6620471942746518,-6.345823762448006,7.729555687449788,-5.3768796565624815
2022-11-11,3.7938,-79.60524830062504,-71.41442018401771,4.516609832660633,2.764429168415374,-82.8833712022803,3.2781229016552658,-17.4139312531016,-95.721544574369,24.30712439035129,-21.153075800389978,14.346831467880971,-9.830221635220338,3.583160669317273,-6.308498505675244,9.072927674090618,-5.4028313323529105
2022-11-14,3.813,-78.46900756463735,-70.0541327389346,5.6452523427810055,0.0,-83.14113218692555,4.6721246222881945,-17.38296745300387,-95.6602325992095,25.606099860274895,-21.003142893667714,14.205731868941095,-8.56047952616009,3.5059866499958368,-6.30377310985555,6.30377310985555,-5.399234261092282
2022-11-15,3.871,-83.19561086939387,-81.60313059282745,1.6863975176238766,-10.200391324102814,-84.04482908129843,0.8492182119045566,-17.34363914348306,-96.38253828416343,14.779407691335976,-20.84642152833216,14.221502877868275,-12.535105360244398,3.436925806536035,-6.564322944526284,-3.63606837957653,-5.413769805335886
2022-11-16,3.8733,-85.68835371250456,-94.07775852754251,-1.1274783383226814,-21.423647981517828,-84.05370449131286,-1.634649221191708,-17.327141403327445,-96.12318225907754,2.045423731535024,-20.739255037967208,13.962152668242974,-15.089631006565655,3.3409104655090784,-6.696538407671827,-14.727109573846,-5.474319644113574
2022-11-17,3.911,-84.06989161800432,-90.18896736018328,1.7041194246903153,-39.12960488642906,-84.73158082684648,0.6616892088421622,-17.331832739823554,-96.89270400913954,6.7037366489562515,-20.747439772160206,13.766904254918657,-12.062784830228342,3.226356519405791,-7.283491535409329,-31.846113351019728,-5.637123833714581
2022-11-18,3.9295,-83.39616606118713,-95.02662177972049,2.2848264674303183,-25.308597760429944,-85.03273889327296,1.6365728320858324,-17.322718709250108,-97.16889209052718,2.142270310806694,-20.72319621820852,13.56085857338432,-11.276032105954002,3.1280570270521473,-8.096315571667347,-17.212282188762597,-5.901944766394443
2022-11-21,3.9572,-86.30361612151549,-91.1249130716296,1.1507148816204682,-17.745377808686882,-85.45176469746986,-0.8518514240456341,-17.29081592397045,-97.69458921214414,6.569676140514531,-20.704932390017806,13.419236608109628,-12.26852172648916,3.051572716015033,-8.648139401765498,-9.097238406921385,-6.048675506108841
2022-11-22,4.0235,-85.61988220083242,-85.36874555371104,1.1492601637711413,-19.44510315390105,-86.58437293312663,0.9644907322942089,-17.273977374965444,-98.92774350982732,13.558997956116286,-20.657048170560522,13.373323097022833,-12.224062933251693,2.971140378115593,-9.28851586899717,-10.156587284903882,-6.148293058857785
2022-11-23,4.05435,-84.58689588953513,-73.8230104930815,2.28613232133668,-19.96471352957529,-87.06434559629287,2.4774497067577386,-17.243876145776014,-99.28353472078456,25.46052422770306,-20.56463222406305,13.217008961312867,-10.930876639976187,2.8919643866823015,-9.74815991983446,-10.216553609740831,-6.2597895307875016
2022-11-24,4.055,-84.31895353342097,-73.86073303293487,2.2788906360363037,-19.974915222743185,-86.99597749117979,2.67702395775882,-17.206381440209153,-98.78761767047368,24.926884637538805,-20.402409763419094,12.995465909859748,-10.716575273823445,2.8188658449118087,-10.01950744658743,-9.955407776155756,-6.370384340545779
2022-11-25,4.0655,-84.33384807371209,-82.31663853798386,1.7094698933870975,-30.35138627657586,-87.09613306380858,2.7622849900964894,-17.169467734020945,-98.50720262400307,16.190564086019208,-20.243708611159896,12.806068706092427,-11.096598812705329,2.746038053608506,-10.350437527186799,-20.00094874938906,-6.48200250707357
2022-11-28,4.0813,-86.13956907244912,-100.3085682623694,0.0,-34.869168967395126,-87.28546509866453,1.1458960262154108,-17.13202672227905,-98.50095066520271,-1.807617597166697,-20.136090731659216,12.627472292326608,-12.627472292326608,2.6733808132669292,-10.907142633911342,-23.962026333483784,-6.652254045629146
2022-11-29,4.1205,-87.43606594850961,-109.13641110557036,-1.7144326656567963,-38.10366077392746,-87.90785500061132,0.4717890521017125,-17.105863898547597,-99.30726080802964,-9.829150297540721,-20.134142253316778,12.478230015449517,-14.192662681106313,2.590408701984809,-11.695303925729693,-26.408356848197766,-6.842022047632765
2022-11-30,4.1254,-78.59679279849868,-104.08077749692404,7.350779182591813,-36.495857044374446,-87.95508384822287,9.358291049724187,-17.083285078745348,-99.57406123699602,-4.506716259928027,-20.178052691786014,12.210620210985672,-4.859841028393859,2.500076525309539,-12.297202057396845,-24.1986549869776,-7.04370495585076
2022-12-01,4.1679,-83.74466197104935,-66.79498334519712,-0.5546004104037993,12.743779717177503,-88.47829658189761,4.733634610848256,-17.011464501989003,-100.49974935548067,33.70476601028355,-20.191778256572377,12.212960144056222,-12.76756055446002,2.463779252192511,-13.125758503296993,25.869538220474496,-7.232756794144107
2022-12-02,4.183,-83.99948821503943,-68.2791493628005,1.1125760028471827,12.10010241872348,-88.6223037442459,4.622815529206463,-16.967847755314693,-100.14845776556857,31.86930840276807,-19.985402006368236,11.991544599334148,-10.878968596486965,2.3785007246947716,-12.820286620733803,24.920389039457284,-7.137214483378218
2022-12-05,4.2128,-85.93979691069072,-71.45200357709352,2.8269670036411334,13.481510108886171,-89.01698645471949,3.0771895440287693,-16.924974033086567,-100.12374794723578,28.671744370142264,-19.790721405953068,11.839599173147889,-9.012632169506755,2.3043127644583015,-12.639703883213425,26.121213992099598,-7.048970472042844
2022-12-06,4.21605,-85.82527780287187,-72.54997386398358,2.258559942182663,17.123596315724782,-88.99217997645171,3.1669021735798424,-16.891920691858232,-99.63213919989637,27.08216533591279,-19.61480989315124,11.660456320911855,-9.401896378729193,2.2406580768329145,-12.250080919132124,29.373677234856906,-6.954795257516041
2022-12-07,4.22575,-85.09351889691953,-75.6978949823741,2.239303128865533,14.523433339640476,-89.07256357834339,3.979044681423858,-16.856609191251692,-99.3024439622177,23.6045489798436,-19.449669844020416,11.490300295554519,-9.250997166688986,2.1752938373522523,-11.853709068948277,26.377142408588753,-6.846361257878414
2022-12-08,4.277,-84.95701845579465,-75.87253414264067,1.676783258995688,12.573162800780366,-89.83443038159739,4.877411925802733,-16.815050675841263,-99.84151351539738,23.968979372756706,-19.30480267784365,11.416960285375781,-9.740177026380094,2.1147744333387797,-11.799378822064824,24.37254162284519,-6.757704438943029
2022-12-09,4.2941,-84.57036031424592,-72.42209299848838,1.112767898870641,10.224295482138308,-90.00563508313604,5.435274768890125,-16.770282429339183,-99.70666905792845,27.28457605944007,-19.15809295559537,11.255581694014852,-10.14281379514421,2.0492519296299054,-11.546070232620853,21.77036571475916,-6.679885406070875
2022-12-12,4.3132,-84.76288844979419,-72.50169456623415,1.1226872642346537,12.870123295781662,-90.19896489393622,5.4360764441420315,-16.722099122192446,-99.54784858540532,27.04615401917117,-18.993389133618678,11.0905046808857,-9.967817416651048,1.9817591985261986,-11.355992797773613,24.226116093555277,-6.617646434731407
2022-12-13,4.32145,-82.83631544068919,-69.5161256345991,1.6567263088135329,7.162267489623521,-90.20762362322914,7.3713081825399485,-16.67186842892449,-99.18756908491125,29.67144345031214,-18.830395047533315,10.909832087027688,-9.253105778214156,1.917221253524401,-11.060250439277688,18.22251792890121,-6.549214318848774
2022-12-14,4.325,-83.54912245756097,-70.57398784791117,1.6599163402174597,4.175975612303077,-90.10378991909663,6.554667461535658,-16.61131500339963,-98.6956863638114,28.121698515900235,-18.654233922943405,10.734563421392867,-9.074647081175407,1.856853204834026,-10.846516525246653,15.02249213754973,-6.514637094685569
2022-12-15,4.3167,-86.10743731885053,-74.07246973208264,0.5627937079671127,8.230274414676703,-89.81949889023687,3.712061571386343,-16.555110364583683,-98.01608990500843,23.94362017292579,-18.48602219890554,10.545690028164774,-9.98289632019766,1.7996646942556285,-10.612544245824463,18.842818660501166,-6.495599266426224
2022-12-16,4.3167,-85.88573850581047,-72.7695487426802,0.5576996006878467,11.625904236996652,-89.72706541407433,3.8413269082638664,-16.515858947381442,-97.572282041332,24.802733298651802,-18.341401273270428,10.353986539671903,-9.796286938984055,1.7346198634873948,-10.36915778350101,21.995062020497663,-6.457201643570649
2022-12-19,4.3163,-85.58865978228009,-69.16712343068885,1.1188060102261417,16.53050748657995,-89.62677520257466,4.038115420294574,-16.475963431158732,-97.11301258571523,27.94588915502638,-18.19387032315388,10.169852707186944,-9.051046696960803,1.6727946037370747,-10.076492768591237,26.607000255171187,-6.406019577173506
2022-12-20,4.318,-84.71126659845685,-65.80009187182594,1.6502194791917328,9.93208933914398,-89.56079851421076,4.849531915753914,-16.43662692160695,-96.64642117212315,30.846329300297214,-18.032660703300515,10.001458783735519,-8.351239304543785,1.6132480829016957,-9.717177273832945,19.649266612976923,-6.327663847116527
2022-12-21,4.3167,-85.42816042857379,-66.76263795873241,1.1022988442386592,10.014395693810233,-89.42988835706777,4.0017279284939775,-16.39099060754525,-96.07927567089814,29.31663771216573,-17.854707135012788,9.846859524499582,-8.744560680260923,1.5611789402822018,-9.456175740508371,19.470571434318604,-6.282969815753662
2022-12-22,4.31795,-86.47044384442015,-66.6154675175343,0.5578738312550846,12.304767885404388,-89.3539807774356,2.883536933015449,-16.348264886045236,-95.59267042856017,28.97720291102587,-17.687757782355234,9.689181209114004,-9.131307377858919,1.5055854977695584,-9.214743029032338,21.519510914436726,-6.237773008881008
2022-12-23,4.3203,-86.75342008675291,-64.0453036253002,1.2644515373330666e-12,8.00566295316346,-89.31673373982213,2.5633136530692155,-16.312419853390907,-95.13614220049892,31.090838575198717,-17.52318984663401,9.526028709592554,-9.526028709591289,1.4464681530101613,-8.95564959298406,16.961312546147518,-6.187281155494663
2022-12-26,4.3203,-86.75342008675291,-64.0453036253002,1.2644515373330666e-12,8.00566295316346,-89.24672173114294,2.49330164439003,-16.278009996115603,-94.61489977479042,30.56959614949021,-17.352845098060534,9.349801140910971,-9.349801140909706,1.3818305210782134,-8.76058267819571,16.76624563135917,-6.161608666119238
2022-12-27,4.322,-86.56385600626372,-63.64975164116609,-0.5513621401667818,13.728377804956237,-89.20379754032078,2.6399415340570584,-16.24216281210912,-94.1368320305807,30.487080389414615,-17.185624972009144,9.1803737361723,-9.731735876339082,1.3181089704027802,-8.576204006192633,22.30458181114887,-6.1334256491906025
2022-12-28,4.3185,-87.01194335910465,-69.24972385079457,-1.662648599218303,7.222363837199192,-89.0792650708803,2.067321711775648,-16.208988643336205,-93.58211671994395,24.332392869149388,-17.023789615292664,8.997592107051092,-10.660240706269395,1.2508044405503491,-8.282142589746787,15.50450642694598,-6.08380284670105
2022-12-29,4.3287,-87.60764996611452,-67.37698469161487,-1.652974527663531,5.440377645905959,-89.18542474970067,1.5777747835861504,-16.178042139536032,-93.36099440550126,25.984009713886394,-16.89263267350804,8.819354966555085,-10.472329494218616,1.1794017609569063,-8.175402920596458,13.615780566502416,-6.064160889124629
2022-12-30,4.3565,-87.71833642174975,-69.71550230645666,-2.74119801317968,4.592039074077619,-89.58221165907389,1.8638752373241374,-16.14872713225974,-93.41173005338109,23.696227746924436,-16.7551124930267,8.6608822514699,-11.40208026464958,1.1068878509846396,-8.208521645593287,12.800560719670905,-6.056095303093347
2023-01-02,4.3565,-87.71833642174975,-69.71550230645666,-2.74119801317968,4.592039074077619,-89.52476127045773,1.8064248487079766,-16.11768627462952,-93.02775570243472,23.31225339597806,-16.626585231691493,8.461047291891237,-11.202245305070917,1.0334630130839078,-8.084897275783902,12.67693634986152,-6.051035769926216
2023-01-03,4.3618,-86.98110335529606,-71.22863141057655,-2.17452758388166,8.747375787264152,-89.5536959025454,2.572592547249343,-16.086706584537332,-92.74325617698294,21.514624766406385,-16.501974048222017,8.271192065095782,-10.445719648977441,0.9610148270237369,-7.999838289206025,16.74721407647018,-6.0492920355768955
2023-01-04,4.3635,-86.2738331464067,-73.65412862957054,0.5392114571645514,6.734091760417108,-89.51336415724846,3.239531010841759,-16.052018433965614,-92.4267512482892,18.772622618718657,-16.384359935100118,8.090103760365109,-7.550892303200557,0.8918902587492872,-7.83711852992721,14.571210290344318,-6.031895077955034
2023-01-05,4.39945,-87.8394229877414,-75.71911649558244,1.091172956368457,7.744000550683249,-90.01176082592232,2.1723378381809226,-16.013947006700437,-92.71044429989762,16.991327804315176,-16.278954942518418,7.9811679850212425,-6.889995028652786,0.8355761649546065,-7.9154597721543425,15.659460322837592,-6.025436821469331
2023-01-06,4.4024,-86.83114558152772,-76.37271563752424,-1.2187109082603866e-12,6.714084891208613,-89.99599110884307,3.16484552731535,-15.98035367570733,-92.47775284343514,16.105037205910904,-16.179493582145607,7.85712297926016,-7.857122979261378,0.7854838438162844,-7.777779995262097,14.491864886470712,-6.013254279834502
2023-01-09,4.425,-87.61573022903015,-80.75905051034752,0.5342422574935974,2.9597557778652113,-90.272883659299,2.657153430268849,-15.937383839281274,-92.57380064619763,11.814750135850105,-16.082407459844667,7.739206127682149,-7.204963870188552,0.7349602781790315,-7.77428127071088,10.734037048576091,-6.0047144297756585
2023-01-10,4.4304,-87.90482837248206,-81.3449023861172,0.5327565355903158,2.542028199566257,-90.2817835674798,2.3769551949977483,-15.896137069876975,-92.45280464498728,11.107902258870084,-16.0028300953582,7.619677290550182,-7.086920754959866,0.6889262575194763,-7.723567343937468,10.265595543503725,-6.01354616768231
2023-01-11,4.43505,-88.50076505179379,-80.28801188945828,0.5331371388669579,5.551830609378185,-90.28270290933844,1.7819378575446478,-15.85589936747585,-92.33313860138111,12.045126711922833,-15.928113640807723,7.501709845805458,-6.9685727069385,0.6433010618631592,-7.679396083613547,13.231226692991733,-6.027127835479663
2023-01-12,4.45515,-88.0295610645781,-79.90680343346821,0.5271231201466934,5.467307603343333,-90.5410727048521,2.5115116402739943,-15.821557905200656,-92.44652918760204,12.539725754133826,-15.849855047282599,7.389907831006167,-6.862784710859474,0.5941139351840442,-7.686169215357548,13.15347681870088,-6.027452247216942
2023-01-13,4.47525,-87.48951948464483,-77.89221201518282,0.520770949314074,6.181921588506806,-90.78723695056676,3.2977174659219344,-15.783427317940514,-92.55281068325166,14.660598668068843,-15.770827241670528,7.27796117926943,-6.757190229955356,0.5450081530921419,-7.693453880147985,13.875375468654791,-6.027310654457688
2023-01-16,4.47525,-87.68175697539668,-77.92368426477563,0.5219152200923604,6.184419386093536,-90.7000856031573,3.0183286277606243,-15.738437473882293,-92.3142457364971,14.390561471721469,-15.684696307414452,7.163632215640845,-6.641716995548485,0.5019652443287244,-7.577519499950373,13.76193888604391,-6.029819182075963
2023-01-17,4.482,-88.0184838816149,-79.82080021396946,0.5239195469138993,-2.0895497438207857,-90.71297051610027,2.694486634485372,-15.686558762503324,-92.18740789485938,12.366607680889913,-15.600199075054245,7.071143278354016,-6.547223731440116,0.4718057088346771,-7.5044902176459765,5.41494047382519,-6.032457446692619
2023-01-18,4.48465,-88.23019678484938,-80.54720961452409,0.0,-5.114108546952588,-90.66021367482479,2.4300168899754055,-15.631344227285698,-92.02872940033703,11.481519785812935,-15.526524503394425,6.984025156691839,-6.984025156691839,0.44632674291286456,-7.529727209765085,2.4156186628124967,-6.074927280034254
2023-01-19,4.50875,-86.428186974702,-80.09090947211241,-0.5175340537390887,-0.83864826672323,-90.93636306230557,4.508176087603573,-15.570103332595302,-92.21486146659126,12.123951994478844,-15.456443622189077,6.911552915481922,-7.429086969221011,0.42749859851259076,-7.720910974125637,6.882262707402407,-6.124599924815486
2023-01-20,4.51175,-86.70460209337124,-79.3882923160495,0.5191892340915697,-2.9248318221708307,-90.89126362494642,4.186661531575183,-15.528511865991394,-92.06571683422683,12.677424518177332,-15.384101502663375,6.788106366097762,-6.268917132006192,0.37938324994644956,-7.727671004257697,4.802839182086867,-6.159931899296622
2023-01-23,4.5274,-86.99975142928258,-81.84840992411978,1.035711326538125,2.131469008441708,-91.04904363591467,4.049292206632089,-15.489842983780235,-92.10566083203261,10.257250907912834,-15.310893943634166,6.682460641338663,-5.646749314800537,0.3337772869578755,-7.8499882869622155,9.981457295403924,-6.210313690987071
2023-01-24,4.5286,-86.71594334558345,-81.93951681027312,1.5484989883137597,4.646055076869269,-90.98432324720976,4.268379901626304,-15.451376100906526,-91.9599772049668,10.020460394693686,-15.24969382977433,6.585431772582286,-5.036932784268526,0.29459701887536643,-7.809528042982194,12.455583119851463,-6.2369659941283455
2023-01-25,4.52925,-86.32605556726075,-83.63651570275552,0.5138455688511013,4.181825785138445,-90.91039955262565,4.584343985364896,-15.41321812650438,-91.80917958182854,8.172663879073028,-15.188521788764188,6.497048961878862,-5.983203393027761,0.2577694930622071,-7.733630511364261,11.915456296502706,-6.254404964231389
2023-01-26,4.55435,-86.5639303134446,-84.05645582854176,0.5183468881039859,-0.4181913225305685,-91.20508947089004,4.641159157445443,-15.37093626411379,-92.05426005632245,7.997804227780691,-15.134873900059077,6.404412937209246,-5.88606604910526,0.21893362805300293,-7.825767489083731,7.407576166553162,-6.279233393004777
2023-01-27,4.55735,-84.02315304661634,-84.73140145737982,2.59330719279801,0.0,-91.16327644443462,7.140123397818272,-15.332002137747827,-91.96499514898605,7.233593691606231,-15.080839201855126,6.309820953257191,-3.716513760459181,0.18216007422656083,-7.8310189167765,7.8310189167765,-6.3153320604374965
2023-01-30,4.567,-84.75589781454555,-86.01512679816081,2.5998741660903613,-1.2711595093324777,-91.18946293097191,6.433565116426365,-15.28219633725816,-91.98985828851485,5.974731490354046,-15.03247207343789,6.2480756905330335,-3.648201524442672,0.1561410505183371,-7.870557633197258,6.5993981238647805,-6.347723906129934
2023-01-31,4.57465,-81.93490841958946,-86.38671751543451,5.704329067187333,2.949790354184656,-91.19603755144105,9.26112913185159,-15.236023465085854,-92.00196768952898,5.61525017409447,-14.98925463084833,6.195334096961283,-0.4910050297739508,0.13683332956168082,-7.898909084309416,10.848699438494073,-6.374425694256046
2023-02-01,4.56765,-86.64356171687596,-84.64152438134526,1.5380513914235925,4.58648654283121,-90.94571650532362,4.302154788447652,-15.180729829547875,-91.80808485745115,7.166560476105886,-14.954255491270786,6.186956444050215,-4.648905052626622,0.1340589795217058,-7.795917833150554,12.382404375981764,-6.397284888205179
2023-02-02,4.5671,-87.83303358567879,-86.50629620949138,1.568447028316648,5.53981207252661,-90.85917609617674,3.026142510497948,-15.14546893038348,-91.68721097231611,5.180914762824727,-14.909581957850389,6.122997704866329,-4.554550676549681,0.11242227037157827,-7.714583675994781,13.254395748521391,-6.4134384180659705
2023-02-03,4.5665,-89.54567633795742,-90.36818324162223,1.6086049641546754,4.921039681475768,-90.78941300802373,1.243736670066312,-15.115746080328497,-91.59165756701516,1.223474325392928,-14.872599719076614,6.055555515781424,-4.446950551626749,0.08696493080671988,-7.641276821115866,12.562316502591635,-6.441279496509026
2023-02-06,4.5665,-88.88984085505552,-89.3578805568036,2.141923876025934,9.878760664570484,-90.75022867195261,1.860387816897088,-15.091783016678,-91.55616665127303,2.198286094469438,-14.851509570879612,5.987116780578381,-3.845192904552447,0.0595194054092371,-7.56813527439683,17.446895938967316,-6.461416219576412
2023-02-07,4.56235,-89.15701243927205,-91.5589833795636,2.6693716299183174,-3.1572063234322876,-90.63424555177524,1.4772331125031855,-15.059342631818758,-91.43918777591148,-0.11979560365212194,-14.819610250348855,5.92911957408983,-3.2597479441715125,0.036365115381866125,-7.397193767437937,4.239987444005649,-6.454897783658712
2023-02-08,4.5605,-90.64297863491674,-90.05779828845243,1.599581975910053,-1.3441462431097098,-90.55755827966573,-0.0854203552510171,-15.027790644053724,-91.3825086483693,1.324710359916864,-14.79412702209774,5.878909442997821,-4.279327467087768,0.015361064842570687,-7.400956211678061,6.056809968568351,-6.495883789386619
2023-02-09,4.5623,-90.236225547594,-89.63753674228943,3.222722340986241,-2.275064384321624,-90.55416036488242,0.31793481728841755,-15.001373572360169,-91.36185401427079,1.7243172719813629,-14.762615752683587,5.816471803028641,-2.5937494620423998,-0.009757126440644935,-7.407679922916799,5.132615538595175,-6.531200063224528
2023-02-10,4.5624,-89.51687687945262,-86.34911401264392,4.82426282583802,4.544690211190851,-90.51922224769699,1.002345368244363,-14.972045525263265,-91.30715434261175,4.9580403299678295,-14.725561289469045,5.774866244544132,-0.9506034187061116,-0.028494588481386796,-7.418455431432836,11.963145642623687,-6.573866165560248
2023-02-13,4.56315,-89.56077453884244,-86.39308855291634,4.8557046436726985,3.1829032624748876,-90.48450581685927,0.923731278016831,-14.938657254145287,-91.22103872348379,4.827950170567448,-14.673813084665593,5.7529653959942815,-0.897260752321583,-0.04124997851617916,-7.355036637001525,10.537939899476413,-6.593769159057963
2023-02-14,4.56335,-90.06045375368637,-85.57373298249519,4.314273233710555,-5.033748998968393,-90.43618060067854,0.3757268469921655,-14.899318633256101,-91.08653316408171,5.5128001815865275,-14.584369829675499,5.7271317775209925,-1.4128585438104375,-0.05812371361875393,-7.273570875465921,2.239821876497529,-6.59151427246109
2023-02-15,4.562,-90.95811024994444,-81.84441238486276,4.90193408532559,1.8495912403365036,-90.37291619829722,-0.5851940516472212,-14.862885453292346,-90.91512787539622,9.070715490533459,-14.485049361365586,5.68844592646995,-0.7865118411443603,-0.08347101574434997,-7.2682733108389925,9.117864551175495,-6.610147480953969
2023-02-16,4.5605,-91.4853296739199,-76.46499988414355,4.356444270187664,9.268484834441493,-90.3194726774154,-1.1658569965045018,-14.830361452970788,-90.67209196713165,14.207092082988098,-14.345240669841903,5.654637108722301,-1.2981928385346366,-0.10907791551561763,-7.162808914431032,16.431293748872527,-6.5856732742789195
2023-02-17,4.56095,-90.6446080027793,-67.1876006663541,5.970602922338246,13.8056713697976,-90.29947357361584,-0.3451344291634513,-14.797722271402655,-90.47497216676652,23.28737150041242,-14.255650440632108,5.612168816903427,0.358434105434819,-0.1392217306137833,-7.068281009581032,20.873952379378633,-6.609239034034442
2023-02-20,4.56095,-90.6928499277718,-66.91998478257916,5.973780534164099,13.750681804638374,-90.26341069334293,-0.42943923442886955,-14.761849100470672,-90.17622501215669,23.25624022957753,-14.13897053917379,5.590584784435402,0.3831957497286975,-0.16174059785985245,-6.921424344829234,20.67210614946761,-6.616955294153868
2023-02-21,4.563,-91.00371098965198,-62.74761261364437,5.994256412491535,21.98456500331979,-90.25890137920885,-0.7448096104431272,-14.726012330442977,-89.9093227533409,27.16171013969653,-14.02255654612637,5.571355106803077,0.4229013056884581,-0.18226739617718318,-6.794243274144645,28.778808277464435,-6.628907987344767
2023-02-22,4.5705,-92.03512674003886,-64.62140688706101,4.930453218216879,19.52589272846531,-90.33358745536091,-1.7015392846779491,-14.687098330870974,-89.65257034549171,25.031163458430697,-13.869857370192808,5.555375032030998,-0.6249218138141188,-0.19899352153773703,-6.598661130607944,26.124553859073252,-6.597477891268955
2023-02-23,4.6045,-92.19219878394075,-61.94711030809203,4.938867791997338,21.587629349791364,-90.80450332525619,-1.3876954586845613,-14.649296831670304,-89.76004373726934,27.812933429177313,-13.703198846794521,5.5144138170706185,-0.5755460250732805,-0.22634094215740264,-6.581734546646619,28.169363896437982,-6.551699603153676
2023-02-24,4.6143,-92.7643784786652,-60.681949528029875,4.4173513561253595,23.598535927566697,-90.91506897147472,-1.849309507190469,-14.609366364561195,-89.41282202113226,28.730872493102382,-13.447079981839387,5.471150218830177,-1.0537988627048174,-0.260371417893159,-6.332881871566464,29.93141779913316,-6.453715459324513
2023-02-27,4.6597,-91.90266022430752,-59.6219098400376,6.0534686375313065,27.14493456132065,-91.55214876828956,-0.3505114560179692,-14.57366702155251,-89.50181530036988,29.87990546033228,-13.167962340918425,5.408613056478171,0.6448555810531351,-0.2989791321784245,-6.305343978470109,33.45027853979076,-6.36299877236445
2023-02-28,4.66165,-90.31594158474373,-52.602886463844115,9.30527882994354,32.99635605459009,-91.54997524867541,1.2340336639316831,-14.543515305629015,-88.99038122865062,36.387494764806505,-12.880295741714836,5.374161678240526,3.9311171517030132,-0.33408251324406574,-5.941527052903513,38.937883107493604,-6.245487184647995
2023-03-01,4.66895,-90.92294960581808,-86.21921592911968,8.166732000523908,4.763492592768071,-91.61379556917612,0.6908459633580435,-14.513130222857445,-88.5041161733916,2.2849002442719097,-12.594562123252503,5.367433439185551,2.7992985613383565,-0.3643651482207607,-5.568108750580141,10.331601343348211,-6.124104123465747
2023-03-02,4.69337,-91.50974742220286,-83.74207441081502,7.625812285184088,3.349682976431581,-91.93916019090545,0.4294127687025906,-14.49138509047668,-88.63802970532254,4.895955294507516,-12.452282715374196,5.335283704866434,2.2905285803176536,-0.4040840108048568,-5.647065227326507,8.996748203758088,-6.128841212195908
2023-03-03,4.70695,-90.4938378005698,-81.36849581163985,7.541153150045442,4.233043134708033,-92.11808186515555,1.6242440645857386,-14.478046276645948,-88.60382256685897,7.23532675521912,-12.30060889974257,5.291936245021912,2.2492169050235304,-0.4536382971296286,-5.699665099820859,9.932708234528892,-6.160952097945456
2023-03-06,4.7286,-90.96520580877912,-88.35265057951736,6.497514700626025,0.0,-92.40268930542942,1.4374834966503016,-14.462921001207063,-88.66676312970282,0.31411255018545603,-12.1666522056191,5.243148757942979,1.2543659426830462,-0.5028461612660915,-5.827764840657817,5.827764840657817,-6.2205704849300565
2023-03-07,4.79055,-92.6410984587386,-91.65172345088538,7.168656428355796,5.977286312016341,-93.26764077636756,0.6265423176289602,-14.445492905561224,-89.28828853626354,-2.3634349146218483,-12.056737451200192,5.156894578207153,2.011761850148643,-0.5571612246761969,-6.237397930452591,12.214684242468932,-6.27686308497598
2023-03-08,4.8115,-93.72587936927997,-89.88449841953076,7.167273128240059,9.48780816650699,-93.53831647544908,-0.18756289383088642,-14.422570451114796,-89.46487870310713,-0.4196197164236253,-11.978678091038521,5.110598561201838,2.056674567038221,-0.5984372367963353,-6.347370247194441,15.835178413701431,-6.333482198533419
2023-03-09,4.8261,-92.29777775350536,-89.67269466447452,7.645969754727468,10.461814377522442,-93.74432282445585,1.4465450709504921,-14.41762218024687,-89.5476910954662,-0.12500356900831378,-11.899296391972548,5.052298729745152,2.5936710249823163,-0.6523009579184746,-6.373327105403575,16.83514148292602,-6.374287724360276
2023-03-10,4.79555,-89.9232440880817,-87.63601840356372,6.958346268720384,9.250468609266004,-93.278436452575,3.3551923644932913,-14.404743126969606,-89.1061107022658,1.4700922987020704,-11.83116089323357,5.040187777080855,1.9181584916395291,-0.6961939997589568,-6.0886514024297576,15.339120011695762,-6.40214407488984
2023-03-13,4.6647,-86.22041072268381,-77.5136910276758,1.5676438313212862,7.7972351921328,-91.35032530030287,5.129914577619061,-14.38589910438001,-87.47059290029814,9.956901872622339,-11.755904278098114,5.093532752912531,-3.5258889215912452,-0.7465667573883976,-5.173665649842992,12.97090084197579,-6.433890353355906
2023-03-14,4.7415,-86.65920872264326,-80.19541872148201,2.100829302366393,5.530718532516226,-92.39774164260098,5.73853291995772,-14.365704593930879,-88.14796669365029,7.952547972168276,-11.612393826599188,4.939059141707933,-2.83822983934154,-0.8132043050991445,-5.609167142884104,11.139885675400329,-6.462019610695668
2023-03-15,4.66813,-87.56476143814673,-80.82478014282032,-3.6485317265885087,-3.214621937497599,-91.28239726278144,3.717635824634712,-14.344582524143904,-87.13243259602191,6.307652453201598,-11.505424069730887,4.9146135681262555,-8.563145294714765,-0.8768526810094759,-5.109534209129627,1.8949122716320286,-6.513564672080239
2023-03-16,4.75113,-87.00091689589087,-82.03974779691052,2.60481787113445,4.148077135797347,-92.41643423622315,5.415517340332286,-14.315799748647395,-87.94220243427176,5.902454637361245,-11.411257175875848,4.713318174583533,-2.1085003034490826,-0.9415194447415017,-5.7274786288396236,9.875555764636971,-6.59667692949883
2023-03-17,4.724,-83.9512379037328,-79.6389700026545,1.0054040467503738,-0.442438722235939,-91.97769042459188,8.026452520859081,-14.303389692187826,-87.50425033248396,7.86528032982946,-11.32790841114167,4.648514647109922,-3.643110600359548,-1.0135707890490853,-5.5506225023345195,5.108183780098581,-6.663309564059988
2023-03-20,4.7544,-85.40356976814746,-77.62425425270054,-0.5053465666761154,6.209940340215727,-92.3260764981234,6.922506729975936,-14.273762494951024,-87.70661454819115,10.082360295490616,-11.245702915567348,4.518534776078213,-5.023881342754328,-1.0826334940907496,-5.821560784869611,12.031501125085338,-6.758946074958356
2023-03-21,4.78095,-88.65659486513397,-80.4002144005716,-0.5154453189828668,1.3400035733429128,-92.60935775122157,3.952762886087598,-14.229439673055658,-87.84277851081686,7.442564110245257,-11.16019454070306,4.403638510083144,-4.91908382906601,-1.1299930455330003,-5.976493425282705,7.316496998625618,-6.810836133523269
2023-03-22,4.8054,-86.28959804274888,-79.16623168737107,1.0151717416796295,6.524689424783627,-92.91299579946742,6.623397756718546,-14.213774185500396,-87.97650488405428,8.810273196683212,-11.080631879187038,4.283249774892034,-3.2680780332124044,-1.1832945189735686,-6.178777722141795,12.703467146925423,-6.887484610026266
2023-03-23,4.79757,-87.28805056686998,-80.93661407950881,-1.5049663890826084,-1.298448354218298,-92.73196122533408,5.443910658464091,-14.191154375851369,-87.7486152746352,6.812001195126385,-11.006265640416785,4.214684174144076,-5.7196505632266845,-1.234209368059393,-6.115337791148008,4.81688943692971,-6.957860010564083
2023-03-24,4.7934,-90.48584326234368,-81.36906683887636,-4.044060034072125,-0.4305241631676545,-92.62236668204908,2.136523419705398,-14.178545218953225,-87.59442932262446,6.2253624837481,-10.948171311697159,4.111045267026676,-8.1551053010988,-1.29970837169523,-6.1687629839427025,5.738238820775048,-7.065642049631572
2023-03-27,4.8115,-90.45981182314875,-82.31879034703925,-2.5553619159081498,3.032797539100514,-92.8694338564236,2.409622033274843,-14.183033420599115,-87.69016706602497,5.371376718985715,-10.892063605141301,3.950978244602794,-6.506340160510944,-1.3754064077614276,-6.371918999258316,9.40471653835883,-7.17138091765057
2023-03-28,4.806,-85.63292357894997,-81.42624496442862,3.040222138897155,-2.9999142881622944,-92.78149618604613,7.148572607096156,-14.189052742361834,-87.54302985158334,6.116784887154722,-10.843796692704398,3.834241726461813,-0.7940195875646578,-1.4515346966473368,-6.369429342203908,3.3695150540416137,-7.266623011995045
2023-03-29,4.80245,-89.58110653025861,-82.27983715448903,0.0,-2.999785729591365,-92.67439589048442,3.0932893602258105,-14.180715860417882,-87.4094504416195,5.129613287130468,-10.791869993606308,3.7697876876325322,-3.7697876876325322,-1.5133867594911086,-6.4408071218811145,3.4410213922897497,-7.381949046687923
2023-03-30,4.8035,-87.8623691532395,-80.74300297033754,2.5247807227930776,1.6734301133769354,-92.6789565409834,4.816587387743908,-14.19081759922505,-87.31079148709078,6.5677885167532395,-10.718237912251588,3.669823731170051,-1.1450430083769731,-1.5845735979832551,-6.526664632349281,8.200094745726217,-7.480392401229333
2023-03-31,4.8067,-87.3415664608387,-80.5012656126821,3.5545986350332,2.0747748869228815,-92.69602170405824,5.354455243219533,-14.194579417545764,-87.2208096669079,6.719544054225793,-10.639105355858266,3.587845848507075,-0.033247213473874826,-1.6527279190088342,-6.584194141736397,8.658969028659278,-7.567339763766611
2023-04-03,4.81375,-91.19995969062508,-82.97025162083764,-0.5038671806107327,2.084679688966857,-92.75549998901374,1.5555402983886637,-14.189789454541668,-87.17766417255714,4.2074125517195,-10.566179754580208,3.5136455693194417,-4.017512749930175,-1.714781515637715,-6.684127997078804,8.76880768604566,-7.671332473594998
2023-04-04,4.828,-89.09038714722568,-81.98163611351131,-0.494946595261921,-1.5996416802641549,-92.95308453663245,3.8626973894067618,-14.19549455742862,-87.23815728046,5.256521166948687,-10.504610970212148,3.389342302558042,-3.884288897819963,-1.7873261537971872,-6.848217903226846,5.248576222962692,-7.783706521219397
2023-04-05,4.8255,-89.07671979928045,-84.59795922458636,-2.969223993308898,-2.0046909768869385,-92.88871401818975,3.811994218909291,-14.192281355154154,-87.11075179864815,2.512792574061791,-10.438210270038434,3.294254194636908,-6.263478187945806,-1.8612844598325493,-6.9224093325607825,4.917718355673844,-7.912638519282654
2023-04-06,4.835,-89.645452236405,-82.46663303949572,-2.49015145101125,-2.001617306783483,-92.99990466033192,3.354452423926915,-14.19386503540164,-87.13483935752515,4.6682063180294335,-10.379518129521777,3.1513553053132917,-5.641506756324542,-1.9454126749655734,-7.106293213923479,5.104675907139995,-8.054451384109528
2023-04-07,4.8537,-89.645452236405,-82.47224568722181,-2.49015145101125,-2.001753536097223,-93.24391562838927,3.598463391984268,-14.194658629432961,-87.2357233714419,4.763477684220092,-10.317112928164168,3.000410942570893,-5.4905623935821435,-2.022749717678994,-7.372206075999031,5.370452539901809,-8.20376906535984
2023-04-10,4.8635,-90.38504027155685,-86.03706830700042,-1.5064173378590522,-1.4283414460662168e-12,-93.35552891940634,2.9704886478494927,-14.190946963049617,-87.2339050922169,1.196836785216476,-10.24572340358975,2.873808730822244,-4.380226068681296,-2.0931885090355373,-7.563805550090464,7.563805550089036,-8.350341947573446
2023-04-11,4.8799,-91.33468422155876,-87.38503281926509,-0.9981932701800648,-1.197055244100978,-93.56651309228847,2.2318288707297143,-14.188896124485932,-87.32962258096094,-0.05541023830414815,-10.181088301527783,2.7497563095313975,-3.747949579711462,-2.1541031714370966,-7.774878481670463,6.5778232375694845,-8.475149894278246
2023-04-12,4.878,-91.3183088246235,-85.48583797688744,0.0,-2.352821228720369,-93.53490509337868,2.2165962687551826,-14.199211028206602,-87.20344535522598,1.717607378338542,-10.07210504980734,2.6646798741442357,-2.6646798741442357,-2.2194961603658916,-7.799431191391349,5.44660996267098,-8.560812457733922
2023-04-13,4.8889,-90.67649567203536,-84.404522223943,0.0,-0.387176707449753,-93.68494555582895,3.0084498837935882,-14.20928503031163,-87.18987316754624,2.785350943603234,-9.958139372190121,2.5587952292410705,-2.5587952292410705,-2.2847111443588215,-7.973725859040577,7.586549151590824,-8.679781954408028
2023-04-14,4.90932,-92.8064984507309,-88.36989111566996,-0.4989596690894937,-2.367050654884104,-93.9602707501424,1.1537722994115,-14.214343688897621,-87.22177005694098,-1.1481210587289752,-9.803714434778627,2.4297306113963906,-2.9286902804858843,-2.350821956568793,-8.184633164277344,5.817582509393239,-8.764224021740313
2023-04-17,4.925,-93.72540961011256,-87.48452043302746,-1.5036161969545854,1.4192121115329768e-12,-94.18551293450247,0.4601033243899053,-14.224364984722865,-87.23758350747903,-0.24693692554842528,-9.657596597436735,2.3080122610017675,-3.8116284579563526,-2.4166286234754417,-8.375550481913884,8.375550481915303,-8.856521819404497
2023-04-18,4.9385,-93.744546111845,-87.7245211868612,-1.4959236081686498,-0.7938870695653247,-94.38494650940956,0.6404003975645622,-14.234953322289144,-87.23492253723134,-0.4895986496298548,-9.52125302473684,2.1757870943396913,-3.6717107025083413,-2.491845361383886,-8.521581206981452,7.727694137416127,-8.93960438302424
2023-04-19,4.94438,-93.23635415779069,-86.59035644386502,-1.0025414425582495,0.0,-94.46910966000189,1.2327555022112051,-14.239767186293097,-87.14228230363213,0.5519258597671097,-9.366231253917434,2.0711653306844244,-3.073706773242674,-2.558778817827114,-8.589614520685807,8.589614520685807,-9.007796058157194
2023-04-20,4.95895,-93.77494014365612,-87.78103771421252,-1.4964086193145547,-0.3954100797928325,-94.67670143876974,0.9017612951136158,-14.248187264666061,-87.18369781450366,-0.5973398997088566,-9.273337378189158,1.9458981332997638,-3.4423067526143187,-2.6275137264801613,-8.625208473269936,8.229798393477104,-8.968408493784953
2023-04-21,4.97,-94.2987100743298,-88.50051425974556,-1.0085423537363745,0.3986509651330575,-94.84182360173442,0.5431135274046142,-14.262077852462713,-87.22288564958666,-1.2776286101588994,-9.20492878452324,1.8268168653472934,-2.835359219083668,-2.69592743599441,-8.642757525207443,9.041408490340501,-8.940902880365158
2023-04-24,4.9805,-94.51320671244837,-84.65818759936445,-1.5081894688154402,5.961844197137128,-95.00970319957126,0.4964964871228972,-14.283970187854758,-87.2873321679453,2.6291445685808412,-9.163959220658555,1.7085257055026712,-3.2167151743181117,-2.7678759414806824,-8.645168183926394,14.607012381063523,-8.908658256269074
2023-04-25,4.97305,-95.1241369987834,-82.35388182617716,-2.503266763125879,4.3975373790674155,-94.91992378432485,-0.204213214458548,-14.304312264768202,-87.15828181926177,4.8043999930846155,-9.119418916729146,1.6309709853986938,-4.134237748524573,-2.8467253120100624,-8.403540611294254,12.80107799036167,-8.827312119999995
2023-04-26,4.9757,-95.02071351003543,-78.37242576724607,-2.0110203917472296,6.832467887400711,-94.98488540914656,-0.03582810088887811,-14.330710307656123,-87.09499359399842,8.722567826752353,-9.061713389114043,1.5044640364563548,-3.5154844282035844,-2.941226414747619,-8.258484556265977,15.090952443666687,-8.739809173835202
2023-04-27,5.0149,-95.0809445713313,-90.66255877019812,-1.509221342402992,-3.209294115758885,-95.5745890496505,0.49364447831919733,-14.358192547610008,-87.33431351390615,-3.3282452562919644,-9.002615296589898,1.263839726481777,-2.773061068884769,-3.043019981735382,-8.413403023970083,5.204108908211198,-8.650294236853934
2023-04-28,5.01375,-96.48241206030174,-90.60248657925736,-4.020100502512334,-3.592169071424431,-95.58733778956267,-0.8950742707390731,-14.39059082638764,-87.32732270483913,-3.275163874418226,-8.984475893799887,1.139597868672178,-5.159698371184512,-3.1526301989299363,-8.305112971414601,4.7129438999901705,-8.585733415053829
2023-05-01,5.0473,-96.84448389960478,-85.62911389872502,-2.0175934145755536,42.41442090310772,-96.1106657273433,-0.7338181722614792,-14.424383801950913,-87.63786673173624,2.008752833011215,-8.972880473803452,0.8885173426773783,-2.906110757252932,-3.2616264496895147,-8.460459045037688,50.874879948145406,-8.486196801721128
2023-05-02,5.0367,-95.20598210920942,-83.16418028102339,-1.4875934704550406,43.74987683030337,-95.99101286926566,0.7850307600562445,-14.452567070885674,-87.49316957508839,4.328989294064996,-8.936658163396665,0.8207481323649084,-2.308341602819949,-3.3442713140953915,-7.7141963548673615,51.46407318517073,-8.161140784694481
2023-05-03,5.0505,-94.16519124852164,-82.49599249325507,-1.4713311132568263,39.488603041796395,-96.19354744423904,2.028356195717407,-14.460558815678972,-87.52186736406773,5.0258748708126575,-8.870689747812566,0.6840361043868555,-2.1553672176436818,-3.4189667351851694,-7.166054793911144,46.65465783570754,-7.834334567537995
2023-05-04,5.048,-94.133484207036,-82.91587493522238,-1.950953040560757,40.306328093509485,-96.13290411230497,1.9994199052689652,-14.449013535344367,-87.38831321772915,4.472438282506772,-8.790924370522578,0.6124907183714896,-2.5634437589322463,-3.4858005787297595,-6.53983507114674,46.846163164656225,-7.525090433568556
2023-05-05,5.052,-96.19246426251662,-83.3778144882584,-1.9833497786112868,44.80583488855113,-96.17068557777304,-0.021778684743580357,-14.441691794723948,-87.31556533065749,3.9377508423990975,-8.710598333494888,0.5091206502667838,-2.492470428878071,-3.5597686816268914,-5.943219206162013,50.749054094713145,-7.193750371866582
2023-05-08,5.056,-96.9740149221246,-82.96806512210384,-1.979061529025637,47.35441452723944,-96.2289994622482,-0.7450154598763987,-14.442106692418047,-87.26067217748681,4.292607055382973,-8.64491118530567,0.4075615082681523,-2.3866230372937896,-3.6323389169549523,-5.28714492376298,52.64155945100242,-6.8261273172230155
2023-05-09,5.0595,-95.84381881094684,-83.97715821296602,-0.9830135262674624,48.82392919358493,-96.28449206470566,0.44067325375881694,-14.442319104632714,-87.19127193818144,3.2141137252154266,-8.57060547012937,0.30099266796333524,-1.2840061942307976,-3.7131354732712465,-4.615762867112828,53.43969206069776,-6.455947034823012
2023-05-10,5.059,-95.56226571235804,-85.42567179220647,0.0,48.81466959554776,-96.25708879742453,0.6948230850664885,-14.424261906503894,-87.09822059014081,1.6725487979343399,-8.499589029402914,0.23339740014352017,-0.23339740014352017,-3.7768060462799538,-3.9185099545976065,52.733179550145366,-6.087158748586358
2023-05-11,5.056,-96.27552666186988,-92.62513697355644,-1.48879680405043,47.96658878987726,-96.17917334247977,-0.09635331939010428,-14.392215928441054,-86.99408367822008,-5.631053295336358,-8.427486078860662,0.19033048554176446,-1.6791272895921945,-3.832891499102127,-3.228405560876716,51.19499435075397,-5.729589846686315
2023-05-12,5.06,-95.9831308404241,-90.53360590763016,-0.4973219214502618,48.8130501898289,-96.2040039798531,0.22087313942900266,-14.35678657556625,-87.01666535353843,-3.5169405540917325,-8.377970800424302,0.10727930593890633,-0.6046012273891681,-3.893604438867821,-2.591926288671008,51.404976478499904,-5.371652827421499
2023-05-15,5.0693,-96.20677513897844,-87.6045753669214,-0.4959112120561423,49.40731975670147,-96.30840835514022,0.10163321616177257,-14.327401249160623,-87.06086332031816,-0.5437120466032326,-8.318869997552657,0.005395902302009148,-0.5013071143581515,-3.9591831407617466,-1.9738436662141439,51.38116342291561,-5.005281499759008
2023-05-16,5.0747,-96.52267025945515,-87.58226627535292,0.0,46.73861325271451,-96.35640474223096,-0.1662655172241898,-14.296529853527517,-87.04151796572631,-0.5407483096266077,-8.246138830353141,-0.08639174240877878,0.08639174240877878,-4.0314434337169445,-1.3435900294627352,48.08220328217725,-4.646616913885735
2023-05-17,5.0785,-94.86134097606242,-87.99814740742434,2.0183264037464728,40.84124544746183,-96.3710866472775,1.5097456712150716,-14.25258452397771,-87.00752118037676,-0.990626227047585,-8.171911808814386,-0.14670654206429745,2.16503294581077,-4.08062605290246,-0.7506090539333492,41.591854501395176,-4.313009084352834
2023-05-18,5.091,-94.50588746136752,-90.2415664573799,2.0433705397057085,45.97211876130703,-96.49051092477498,1.984623463407459,-14.199712882033069,-87.0472984710174,-3.1942679863625045,-8.098402087602674,-0.2240057420221575,2.267376281727866,-4.12330927835387,-0.24916066771741185,46.22127942902444,-3.9959158668954187
2023-05-19,5.0865,-94.54902139234834,-89.29881563777423,1.0112194801322951,44.02054292002953,-96.35050348804879,1.8014820957004503,-14.13001659319027,-86.96773746561034,-2.3310781721638847,-8.029342390018705,-0.2112921050966463,1.2225115852289414,-4.145228686539058,0.3596304525542209,43.660912467475306,-3.665909997697523
2023-05-22,5.0988,-93.82004807643546,-90.5724261982853,3.5499477650545455,44.016506189822344,-96.5296198471927,2.7095717707572504,-14.148001394722906,-87.00419343903575,-3.568232759249554,-7.9457363661874165,-0.3274212054405652,3.8773689704951106,-4.224418550375555,0.8801530791097676,43.13635311071258,-3.34579510842903
2023-05-23,5.1065,-92.6474385261461,-90.40858710995292,4.050161247045569,42.64555995752563,-96.62809039274775,3.9806518666016473,-14.155036614424205,-87.00296201348851,-3.405625096464405,-7.852974057867932,-0.3919423090020189,4.442103556047588,-4.285958573205958,1.3982759105713,41.24728404695433,-3.044453327243325
2023-05-24,5.121,-94.52471949150812,-93.68494101318576,3.5766110077870255,46.4087439278276,-96.81514734177826,2.2904278502701345,-14.16220818132677,-87.05300392827573,-6.631937084910035,-7.760313509078157,-0.4856741086380225,4.062285116425048,-4.350510158239596,1.884642479196863,44.52410144863074,-2.746008342648957
2023-05-25,5.1522,-95.80665598714288,-94.1052307556996,4.120716386544737,41.77568655042871,-97.26051179296468,1.453855805821803,-14.1811067314556,-87.2690353145224,-6.836195441177196,-7.688619490572508,-0.656083846006144,4.776800232550881,-4.414322104232584,2.382903573438302,39.392782976990404,-2.419326939806343
2023-05-26,5.1511,-96.58559641605764,-91.84155186472778,3.5962722069811117,46.779108192779134,-97.26050819880963,0.674911782751991,-14.207733870909612,-87.23841707175019,-4.603134792977585,-7.618603740399111,-0.6789143649914067,4.275186571972519,-4.4764047991906155,2.951745665875361,43.82736252690377,-2.074442393028632
2023-05-29,5.1511,-96.74813065114556,-92.3038435492994,3.6023240136067267,47.01457451809831,-97.28774951644765,0.5396188653020886,-14.24192725659691,-87.1893040641668,-5.114539485132596,-7.534040037698878,-0.7176894936702318,4.3200135072769585,-4.547506298317197,3.573240794748248,43.441333723350056,-1.695142309832903
2023-05-30,5.1656,-97.48230262385565,-93.2042856711345,2.5518927388455617,43.15013225515751,-97.51649615200279,0.03419352814714216,-14.269764804121039,-87.24551455981987,-5.958771111314633,-7.441751762653544,-0.8107538869886568,3.3626466258342185,-4.606241914660647,4.200776731215545,38.94935552394196,-1.2799162619368198
2023-05-31,5.133,-92.72798601947196,-93.24783486191708,7.132922001499535,46.8368120310994,-97.07120878876424,4.343222769292282,-14.292766329575883,-86.95588980498479,-6.291945056932292,-7.345518834208347,-0.6850625258640086,7.817984527363544,-4.658188154400298,4.8544768586360405,41.98233517246336,-0.8579401003452034
2023-06-01,5.1361,-99.10953120180376,-92.21225584709632,-3.5396261143492302,42.33380836616461,-97.08425611689917,-2.0252750849045924,-14.288123001778953,-86.94438245812051,-5.267873388975801,-7.257012408126488,-0.6492085179575078,-2.8904175963917225,-4.6569820655955585,5.4917897237218884,36.842018642442724,-0.4087277570389059
2023-06-02,5.14262,-100.1042110504782,-92.77302380750706,-3.0801295707834777,48.29280691349538,-97.22423236086897,-2.8799786896092314,-14.329280739595498,-86.93047025276428,-5.8425535547427785,-7.142751213657261,-0.7407156727713335,-2.339413898012144,-4.708860289245372,6.0930568948109745,42.19975001868441,0.04038113413839316
2023-06-05,5.126,-99.9051920116631,-93.4380972605644,-3.058322204439341,46.29433000637152,-97.03850721797377,-2.8666847936893305,-14.372102510929006,-86.73153085135476,-6.706566409209643,-6.996474449721595,-0.7247053457763961,-2.333616858662945,-4.768215652499112,6.740088430635404,39.554241575736114,0.517260075977523
2023-06-06,5.1269,-99.3114406779661,-92.9218183823956,-2.546447196870926,45.82445838036171,-97.10055857626938,-2.2108821016967255,-14.411335513435597,-86.67995518846746,-6.24186319392814,-6.8712526553592355,-0.786574403736207,-1.759872793134719,-4.822251451817172,7.32776854819765,38.496689832164066,0.9449405840157037
2023-06-07,5.141,-100.51442768631252,-93.94442760087236,-1.5463758105595915,41.42095216947631,-97.3509551062882,-3.163472580024319,-14.452897859541878,-86.72304760855859,-7.221379992313771,-6.756502053111237,-0.9079977633051897,-0.6383780472544018,-4.875016390006958,7.931185905782373,33.48976626369394,1.3811156887157718
2023-06-08,5.139,-99.21341568894812,-90.35510795166256,-2.03514698849055,37.95739694772967,-97.3797913574148,-1.833624331533315,-14.500665139320695,-86.66074907415926,-3.694358877503305,-6.639657240245738,-0.942171587486154,-1.092975401004396,-4.925020428250066,8.477981877043494,29.479415070686176,1.809598559850555
2023-06-09,5.151,-99.93932255416308,-90.14942576050764,-1.5296835084818632,38.28263285720019,-97.60015959250207,-2.3391629616610174,-14.544268239023188,-86.62013858805383,-3.529287172453806,-6.461959332975967,-1.0437945271992994,-0.48588898128256375,-4.969512645678034,9.022171175480587,29.260461681719605,2.233663012492574
2023-06-12,5.1403,-100.11032566501814,-89.80131459146536,-2.0430678707139687,42.82192316167359,-97.49776333580306,-2.6125623292150806,-14.593356892770817,-86.40605891308105,-3.395255678384302,-6.251995788953796,-1.0328091661877536,-1.010258704526215,-5.018965918701822,9.551853663009688,33.2700694986639,2.706183870175715
2023-06-13,5.102,-100.32205953471144,-91.69272373869784,-1.0289442003550788,45.63508831234555,-96.98914356125415,-3.3329159734572897,-14.639351281461728,-85.94594295776082,-5.746780780937016,-5.930152907278184,-0.8795238757349004,-0.1494203246201784,-5.062751455302518,10.083026879428871,35.55206143291668,3.284159489664873
2023-06-14,5.08113,-99.87027160595446,-91.14055294722624,-1.0295904289264364,47.242580197415265,-96.7447596526963,-3.1255119532581546,-14.69649119761647,-85.57612972056313,-5.564423226663109,-5.541690370213729,-0.8146582211660522,-0.21493220776038413,-5.118038113320563,10.690497238863488,36.55208295855178,3.9267004192074486
2023-06-15,5.07785,-99.5909111802289,-88.42992871122895,-1.0214452428743748,49.45370420817285,-96.75747654852002,-2.833434631708883,-14.756325487978007,-85.260935582215,-3.1689931290139555,-5.076089382039232,-0.8354846912370633,-0.1859605516373115,-5.1693141192130865,11.452869098358931,38.00083510981392,4.715045185192123
2023-06-16,5.0815,-99.59243710354548,-88.01652892561877,-0.5107304466855455,47.10743801653071,-96.8714803053405,-2.7209567982049805,-14.817730868648141,-85.08653318559533,-2.9299957400234433,-4.777202159493221,-0.893151336960031,0.38242089027448556,-5.2225768988022105,12.156789123666007,34.9506488928647,5.36920532144646
2023-06-19,5.0815,-99.97539067306508,-88.92488560836205,-0.5126943111446229,47.593600748139814,-96.92221939246699,-3.053171280598093,-14.867825310746124,-84.90280856194912,-4.022077046412932,-4.486736641522169,-0.9181830911999853,0.4054887800553624,-5.262008496388653,12.777644335889569,34.815956412250245,5.968038242719659
2023-06-20,5.0845,-100.70129414073392,-91.20774617446118,-0.5164168930301093,52.736232385233805,-97.01407300022794,-3.687221140505983,-14.911031275624378,-84.74870286573582,-6.459043308725356,-4.202421710866242,-0.9583212843462512,0.4419043913161419,-5.301747174235583,13.389003201271876,39.34722918396193,6.541873774146827
2023-06-21,5.0875,-100.9029520581615,-92.32916894912604,0.0,53.01196303299155,-97.1033978585132,-3.7995541996482984,-14.94521277448899,-84.86536799757867,-7.46380095154737,-4.301529070207685,-0.999955575184714,0.999955575184714,-5.3446355408009,13.840577006928662,39.17138602606289,6.84025096110633
2023-06-22,5.08488,-100.83541883271224,-91.25646212632184,1.0449266200283462,56.64194200943768,-97.10971636396444,-3.725702468747798,-14.980297917451793,-84.96538288578375,-6.291079240538082,-4.4040883248410045,-1.007123274923213,2.0520498949515593,-5.38617672879815,14.254179598627708,42.38776241080997,7.144811345362509
2023-06-23,5.0805,-100.45804705392555,-86.94489031567696,1.0410160316459405,59.74674514000372,-97.09628972423644,-3.3617573296891123,-15.027137769413057,-85.05758894516791,-1.88730137050905,-4.5194297907648355,-1.0080094696306858,2.0490255012766263,-5.442913201960927,14.661426311720994,45.08531882828272,7.437035540160158
2023-06-26,5.08687,-100.35044663747988,-86.87830455672338,1.0399010014249008,56.60253175665201,-97.23309784929913,-3.117348788180749,-15.060371872084222,-85.14549819754984,-1.7328063591735372,-4.5943533067085625,-1.0630512792767774,2.102952280701678,-5.493524918053155,15.155990412344302,41.44654134430771,7.72073912978753
2023-06-27,5.099,-100.32972947551612,-82.24151884336877,1.567652023054698,58.18150003281029,-97.4487901280304,-2.8809393474857217,-15.083278205978488,-85.30083799790157,3.059319154532801,-4.735132624096821,-1.1473782128341554,2.7150302358888534,-5.541037086024026,15.676927344954635,42.50457268785566,8.007013855812342
2023-06-28,5.0929,-100.14051129333257,-85.91254543451934,2.097183482583368,52.86925872893534,-97.3838089775552,-2.7567023157773605,-15.099322297628692,-85.34004226611987,-0.5725031683994786,-4.875314437401655,-1.115072169884737,3.212255652468105,-5.569717144105223,16.079368320476462,36.78989040845888,8.329062928628815
2023-06-29,5.116,-99.04622157006531,-91.73702054111422,3.668378576670542,47.41961931352473,-97.75634096313428,-1.2898806069310353,-15.111057465353639,-85.54779375020524,-6.189226790908975,-5.021992114333322,-1.2367713801121845,4.905149956782727,-5.589142314973669,16.69150809666621,30.728111216858515,8.650293699038162
2023-06-30,5.1415,-99.51285591476233,-92.2075812195115,2.08403886732535,46.981958049941085,-98.153083016936,-1.359772897826332,-15.11681658955101,-85.8253853738204,-6.3821958456911005,-5.196747918125769,-1.3539822913501602,3.43802115867551,-5.595302489724252,17.24948171724352,29.732476332697566,8.889276492761338
2023-07-03,5.144,-99.39426739659824,-140.05663349229755,2.601944172687014,2.18156749987958,-98.18961062383362,-1.204656772764622,-15.101371311232175,-85.97559869049711,-54.08103480180044,-5.355773239242636,-1.345254433040278,3.947198605727292,-5.592446146160446,17.61969279706278,-15.438125297183198,9.159049419263262
2023-07-04,5.1428,-99.19604462263908,-139.76757653472268,2.596755094834677,2.1770650550575423,-98.17588599987036,-1.0201586227687187,-15.096491963802183,-86.54300239963379,-53.224574135088886,-5.758987249335743,-1.3183153390753581,3.915070433910035,-5.598811814320098,17.542143666840246,-15.365078611782703,9.204704408871061
2023-07-05,5.143,-99.72328094815504,-139.77419759657636,3.132668511459871,3.894637084732931,-98.15984639889716,-1.5634345492578774,-15.054450479008832,-87.06513013926526,-52.70906745731109,-6.088956825515046,-1.2875507489695117,4.420219260429382,-5.585259825823637,17.466145543925816,-13.571508459192884,9.230274521123668
2023-07-06,5.169,-100.4762153958858,-143.045774647887,1.5699408655616824,4.8415492957743105,-98.51701486598932,-1.9592005298964779,-14.983257526086543,-87.67738402692615,-55.36839062096084,-6.307209084362247,-1.3824727770460257,2.9524136426077083,-5.547053729851833,17.640631463265446,-12.799082167491136,9.257715683727891
2023-07-07,5.1785,-99.21820212461968,-142.06021967360772,2.597335134153541,4.3311042583408454,-98.61877941351489,-0.5994227111047934,-14.897482742216233,-88.25457951301996,-53.80564016058776,-6.598556165215214,-1.402754289446019,4.00008942359956,-5.5236319390303095,17.70780889011376,-13.376704631772915,9.351601409180194
2023-07-10,5.194,-99.20274235853176,-143.9688715953316,2.5969304282350083,-0.4323389537402603,-98.8015973378664,-0.4011450206653677,-14.814119719072867,-88.8818761419758,-55.0869954533558,-6.914030801443129,-1.4543319805314567,4.0512624087664655,-5.508220175228185,17.840919841564997,-18.273258795305257,9.464324679355649
2023-07-11,5.1976,-98.84951584438777,-142.71998339258457,2.587683660846652,1.2974543944765469,-98.8040778298863,-0.045438014501471,-14.725789518497361,-89.43412858915104,-53.28585480343352,-7.222443568394853,-1.4382881641889007,4.025971825035553,-5.490358591281801,17.80511347177081,-16.507659077294264,9.536009129645267
2023-07-12,5.201,-97.58091296906484,-138.0453933050065,2.554474161495018,1.658202922581732,-98.79349570166374,1.2125827325989036,-14.624446798468089,-89.9898959423196,-48.05549736268691,-7.5588796846877955,-1.4153253933624512,3.9697995548574694,-5.462453270354478,17.780896956064083,-16.12269403348235,9.611293813829565
2023-07-13,5.22035,-97.42362956577696,-133.8424437299029,2.550356794914449,2.813504823151708,-99.01307270322926,1.5894431374522924,-14.532443130250796,-90.63585149386918,-43.206592236033714,-7.891918421693189,-1.4996191810885158,4.049975976002965,-5.467649390257007,17.907658240816637,-15.094153417664929,9.678008154427003
2023-07-14,5.2352,-97.17626239636662,-135.07176438995248,3.0687240756742704,2.4048385351327783,-99.16799462798355,1.991732231616922,-14.449245349289683,-91.22573361329361,-43.846030776658864,-8.224741496945036,-1.5766951641012028,4.645419239775473,-5.502011239698383,17.97770339228739,-15.57286485715461,9.710932332158244
2023-07-17,5.24975,-97.69621081921552,-138.0759538512322,2.557492429822408,2.012769006577329,-99.32915663940645,1.6329458201909262,-14.390987519126934,-91.8229403192997,-46.25301353193251,-8.552416522603028,-1.6774985710596262,4.234991000882035,-5.580301833359975,18.0312096349328,-16.01844062835547,9.724152976954596
2023-07-18,5.256,-96.02167057491712,-138.8899975255226,4.043017708417333,1.417920672579004e-12,-99.36194070908914,3.340270134172016,-14.316903670189891,-92.36285727514658,-46.52714025037602,-8.869789650956756,-1.710169738584021,5.753187447001354,-5.617818093093829,17.987636974463975,-17.987636974462557,9.715079728352924
2023-07-19,5.26445,-96.6286223085647,-138.7938851152507,3.035454103932338,4.374592367529084,-99.40211609743295,2.773493788868251,-14.222574817262007,-92.91485409722657,-45.879031018024136,-9.169478908364981,-1.7357717898870852,4.771225893819423,-5.638817733328626,18.004510892829323,-13.629918525300239,9.785670035681996
2023-07-20,5.28715,-97.99292216924826,-140.54643484582255,1.523206044081352,5.250297853436593,-99.698246778006,1.705324608757735,-14.207741211152262,-93.61271806503436,-46.93371678078819,-9.487317695339712,-1.8493948855510176,3.3726009296323696,-5.661304097957302,18.201684239271508,-12.951386385834915,9.874390160400978
2023-07-21,5.29425,-97.86231994862251,-141.79325811654684,1.5290987491969914,5.281697293738802,-99.7806333505917,1.9183134019691863,-14.195567798811737,-94.207575614648,-47.585682501898845,-9.850625221967546,-1.877691058643606,3.4067898078405974,-5.674594893516401,18.28874972161247,-13.007052427873667,10.020342379597517
2023-07-24,5.3083,-99.24644324280008,-144.98289366141424,1.1631973492156569e-12,3.6964477137457696,-99.96935244363846,0.7229092008383731,-14.197046457502456,-94.88002872650378,-50.10286493491046,-10.214025880478088,-1.9385577315373084,1.9385577315384717,-5.67750747467398,18.48234902731169,-14.785901313565923,10.217864717374184
2023-07-25,5.316,-98.72974513476032,-146.62222096211653,1.5267486361054774,4.05033759563923,-100.08938399584761,1.3596388610872907,-14.21950837775189,-95.53025909525779,-51.09196186685874,-10.60903016925845,-1.990947686080677,3.517696322186154,-5.707951004460298,18.651058606863792,-14.600721011224561,10.485531447557369
2023-07-26,5.31862,-99.38795276029823,-145.6036132158341,1.01416278326742,1.425035670398545e-12,-100.1341588754388,0.7462061151405663,-14.243111718229672,-96.14785929125381,-49.45575392458028,-11.025167494218676,-1.9870118484955945,3.0011746317630146,-5.711739850239431,18.761105000748778,-18.761105000747353,10.741721567320436
2023-07-27,5.3156,-100.7194244604312,-148.74355202916792,1.5416238437830518,3.314619543826592,-100.10888748994088,-0.6105369704903154,-14.27683022120631,-96.66336609127022,-52.080185937897696,-11.401552406800628,-1.9566337487129317,3.4982575924959836,-5.719442724061469,18.79447673388475,-15.479857190058159,11.013757592239404
2023-07-28,5.3155,-100.02602718054142,-149.5216539395262,1.5310106201112632,3.6969639710309137,-100.13441310509717,0.10838592455574769,-14.31226314657306,-97.23890449887651,-52.282749440649695,-11.80178569633993,-1.935252377320893,3.466262997432156,-5.719849404799422,18.861614618410066,-15.164650647379151,11.25962514757617
2023-07-31,5.3155,-95.66991842612784,-146.6874103408561,5.597707993018826,3.232780393186559,-100.14151533200864,4.471596905880801,-14.324077632248276,-97.81473938876402,-48.87267095209208,-12.203655878880195,-1.9078931326500665,7.505601125668893,-5.709698116050186,18.882161014168737,-15.649380620982178,11.429017979524655
2023-08-01,5.31565,-100.80800703598696,-148.94054721250703,5.14326566510257,5.760131660153426,-100.10971159688995,-0.6982954390970093,-14.312725420932988,-98.38158474018499,-50.55896247232204,-12.625168246444524,-1.8384404618481938,6.981706126950764,-5.670214120154171,18.951138731316306,-13.191007071162879,11.674697379997744
2023-08-02,5.31515,-100.80384605443406,-152.63506305683416,5.169428002791491,5.9030134883840475,-100.1113390680899,-0.6925069863441564,-14.31992208285805,-98.93724810921088,-53.69781494762327,-13.03201733818904,-1.7627704288124164,6.932198431603908,-5.6213917373268405,19.072299562717006,-13.169286074332959,11.990841520589196
2023-08-03,5.31435,-100.30712594231753,-153.57985303850606,4.653423368458533,4.666791114427886,-100.11004178374678,-0.19708415857074613,-14.329398038627128,-99.51142719598406,-54.068425842522004,-13.451115415037101,-1.6839608227963474,6.3373841912548805,-5.569087315890982,19.208687165482928,-14.541896051055042,12.337780553636673
2023-08-04,5.314,-100.3649165427117,-154.8583638325328,4.632226917356393,1.692441134782346,-100.11542864498645,-0.2494878977252455,-14.343890707519105,-100.02083894269603,-54.83752488983677,-13.762279972495595,-1.6210733380391638,6.253300255395557,-5.531553385707525,19.414765430393373,-17.722324295611028,12.800248419752773
2023-08-07,5.3115,-100.69401412814476,-156.91122628500764,4.647416036684074,2.5935739881820465,-100.09065375913622,-0.6033603690085414,-14.359116424445505,-100.4976038696116,-56.41362241539605,-14.067736611618182,-1.546237390504416,6.19365342718849,-5.492430015358815,19.56046119286485,-16.966887204682802,13.243167331363829
2023-08-08,5.3115,-100.76665766346062,-153.630058818366,4.674741850365999,5.267316302342596,-100.10177223650616,-0.6648854269544557,-14.371261965465028,-100.99358250055911,-52.63647631780688,-14.339733565644543,-1.4760939109303592,6.150835761296358,-5.437640788080662,19.823389816633885,-14.556073514291288,13.816063257862599
2023-08-09,5.31165,-99.76703613551555,-149.5817007306994,5.223405033274277,6.618659324367507,-100.10718458596897,0.34014845045341247,-14.370361384638532,-101.47487124946834,-48.10682948123106,-14.623743482161345,-1.4093140021330903,6.6327190354073675,-5.385820793549181,20.12621139023139,-13.507552065863884,14.433058434730352
2023-08-10,5.3075,-98.8245628712462,-151.07270428949582,5.7516941353630315,8.36845883819292,-100.03288480638737,1.2083219351411714,-14.34940840194022,-101.82544921855295,-49.24725507094287,-14.844964656757908,-1.3068820718227094,7.058576207185741,-5.31676042125277,20.36265184437839,-11.994193006185471,15.050202123012934
2023-08-11,5.309,-98.75846501128598,-149.4333434718797,5.225315609063975,11.90177071899808,-100.02338644583858,1.2649214345526048,-14.309518280314458,-102.23622229821038,-47.19712117366933,-15.021742895534597,-1.2259359184839447,6.45125152754792,-5.236436499416856,20.768473392262038,-8.866702673263958,15.797717234783846
2023-08-14,5.311,-98.57899428451552,-144.24778761061967,5.7679198783500425,10.619469026549076,-100.00858360411047,1.4295893195949532,-14.249402989778623,-102.51314850401135,-41.73463910660831,-14.985597127013106,-1.1324780803727457,6.900397958722788,-5.124894243819497,21.390908388402778,-10.771439361853702,16.862074609725028
2023-08-15,5.3111,-98.31756046267112,-140.71003080528757,6.30914826498327,11.98476603073472,-99.96051015326125,1.6429496905901289,-14.179426117928418,-102.59261155182845,-38.11741925345912,-14.713732714023534,-1.0222847353520805,7.331433000335351,-5.00422231272845,21.939136810353233,-9.954370779618513,17.891724355126726
2023-08-16,5.31075,-97.78994719342852,-143.20767343296967,7.400320328151828,9.368726299351884,-99.88698521150081,2.097038018072297,-14.078125709177092,-102.78727963042547,-40.4203938025442,-14.684008426102613,-0.8821909925541327,8.28251132070596,-4.838980725633633,22.427097309937253,-13.058371010585368,18.834458467786593
2023-08-17,5.3105,-97.913127239432,-144.09856870901862,6.880381914122007,9.69470492843321,-99.80721511611726,1.894087876685262,-13.96706912937492,-103.15133934604626,-40.947229362972365,-14.922873379850534,-0.7344380754289972,7.6148199895510045,-4.667177459068481,22.792150374155753,-13.097445445722544,19.60041547546964
2023-08-18,5.31205,-97.39005245301244,-143.73626373626294,7.9394064499738,10.109890109891534,-99.76058779861782,2.3705353456053757,-13.866362156469641,-103.61967683809608,-40.11658689816686,-15.295078087804526,-0.6152585418213974,8.554664991795198,-4.521582970195281,23.104774023926538,-12.994883914035004,20.224902167585704
2023-08-21,5.31695,-94.46259228573136,-136.8687518771181,10.554479584997862,12.87166945552887,-99.75006559402232,5.287473308290956,-13.75249404157918,-104.11490135863241,-32.75385051848568,-15.633188269126016,-0.4918401179236511,11.046319702921513,-4.351533877085611,23.524285730343962,-10.652616274815092,20.914610555503714
2023-08-22,5.31612,-94.33564517149108,-133.72353833336996,10.54029554988722,14.098647811504367,-99.64746694278466,5.31182177129358,-13.642839117149371,-104.60282864911383,-29.120709684256127,-16.197509083655195,-0.33929543333691115,10.879590983224132,-4.197162567837434,23.514957610202913,-9.416309798698546,21.03835152315304
2023-08-23,5.31645,-95.0153486332398,-130.80606150352986,9.397122392299485,10.694835217268148,-99.54906740701402,4.5337187737742255,-13.511388633565527,-105.00067324477432,-25.805388258755542,-16.608093313213203,-0.19624083719413576,9.59336322949362,-4.047740233220644,23.595189756804047,-12.900354539535899,21.267265021234913
2023-08-24,5.326,-97.03115952235582,-143.0200020727532,7.825093509868629,1.2436521919370356,-99.57821969301872,2.5470601706629026,-13.378702829975682,-105.52970952856026,-37.490292544192926,-17.00958671753205,-0.09761918489186883,7.922712694760498,-3.8992540098146065,23.850985591981072,-22.607333400044038,21.491349719701933
2023-08-25,5.33,-97.1299661611738,-144.06010071823522,7.833061787190189,0.4127796582204139,-99.53846902751951,2.4085028663457138,-13.235592790603766,-106.06169362317516,-37.99840709506006,-17.464415232760967,0.013080030733675585,7.819981756456514,-3.751794415272035,23.89686164444376,-23.484081986223345,21.652645413590456
2023-08-28,5.3298,-98.42878495133172,-145.68716467189498,6.770233885542332,2.888980602557943,-99.43927738373674,1.010492432405016,-13.083420094932006,-106.47985738137041,-39.20730729052457,-17.841644585288115,0.1312826714902151,6.638951214052117,-3.6178062453584525,23.853153655217696,-20.964173052659753,21.825905176735098
2023-08-29,5.32375,-98.06249161307638,-141.9690418505317,6.7095388998430066,4.044702047024338,-99.27310930903906,1.2106176959626822,-12.928947123504383,-106.8233438645459,-35.145697985985805,-18.273426624707458,0.2665463945958457,6.442992505247161,-3.474453369342142,23.69191577378163,-19.647213726757293,21.998540289644602
2023-08-30,5.326,-97.82116232134769,-150.31118477713215,7.20787511841556,-3.656218008091124,-99.2149900241807,1.3938277028330077,-12.774847149799239,-107.27667917058488,-43.03450560654727,-18.67978160881009,0.37235537933639407,6.8355197390791655,-3.32692935407721,23.752387515472165,-27.40860552356329,22.234641933211563
2023-08-31,5.3295,-97.41313995021152,-139.09912858487084,7.731201583348912,9.818762017754512,-99.16282997483631,1.7496900246247975,-12.602927676160368,-107.83834918719757,-31.260779397673275,-19.164522239282316,0.4900812471404379,7.241120336208474,-3.1522165595955594,23.74714898172185,-13.928386963967338,22.376459789143908
2023-09-01,5.325,-96.38877148129346,-150.48784521250093,8.247167613374659,-44.650239788323546,-99.02766069963766,2.638889218344204,-12.464233560133254,-108.13952728016868,-42.34831793233225,-19.582963073132383,0.6248877289437491,7.62227988443091,-2.992586814542807,23.67600540137083,-68.32624518969438,22.600514129157112
2023-09-04,5.325,-96.2582810432947,-151.7204009753443,8.23600265611273,-45.01594314652981,-98.96604091587008,2.70775987257538,-12.369375770206855,-108.66331891916643,-43.05708205617786,-20.15495032618926,0.7519406194685079,7.484062036644222,-2.8226648750494223,23.17963207131227,-68.19557521784208,22.390206084957335
2023-09-05,5.3285,-95.00965671920729,-153.3455669962962,9.34521213631644,-46.30101607367459,-98.93273145364992,3.923074734442636,-12.242320717948417,-109.24976053562123,-44.09580646067498,-20.710256005452898,0.880046264547584,8.465165871768857,-2.6253425764913008,22.71846528465521,-69.0194813583298,22.089816726070765
2023-09-06,5.3275,-96.00534290604048,-156.24797676134992,8.870058855448399,-47.910291216876985,-98.83533870949907,2.829995803458587,-12.109997473978567,-109.72053945555332,-46.527437305796596,-21.209906281956727,1.0180981875941235,7.851960667854275,-2.4422946582423615,22.13235332536641,-70.0426445422434,21.74317390610272
2023-09-07,5.327,-95.8493082180368,-153.69075504393098,8.334722453741817,-49.63384157226111,-98.74629373360382,2.8969855155670245,-11.966436958437793,-110.25535298691122,-43.43540205701976,-21.80413676807231,1.1550395828285165,7.1796828709133,-2.247834762665266,21.529745161477166,-71.16358673373827,21.34314107056283
2023-09-08,5.33035,-94.31602642933144,-153.96962480263167,9.379494341036992,-49.723901494335976,-98.68024496058766,4.364218531256213,-11.771941652054025,-110.87233918754251,-43.09728561508916,-22.43981210248963,1.2972677795575738,8.082226561479418,-2.012457211956729,20.99813314877335,-70.72203464310932,20.928873081630396
2023-09-11,5.33225,-93.63782968319202,-152.95621465866566,9.883993133225117,-47.663409667007386,-98.56725559013024,4.929425906938221,-11.534513329503113,-111.45428418042366,-41.501930478242,-23.06872114047037,1.4676243983472759,8.41636873487784,-1.7373460106075307,20.454598355102675,-68.11800802211006,20.546034931763266
2023-09-12,5.33461,-93.53754827112232,-152.1733475535204,10.9736788474509,-54.626329891006456,-98.43944575186282,4.901897480740502,-11.261770785130551,-112.01691930441136,-40.15642824910903,-23.652594298995034,1.657341354083833,9.316337493367067,-1.423951723215829,19.97233708182742,-74.59866697283388,20.239455306439773
2023-09-13,5.327,-94.85776575896648,-154.56694982047375,10.481521078338888,-55.1712058849276,-98.23131068957333,3.3735449306068546,-11.05361150566851,-112.3435218468513,-42.22342797362245,-24.26576531674405,1.8527066596995123,8.628814418639376,-1.1342940461632534,19.24272182077617,-74.41392770570377,19.904539293788957
2023-09-14,5.326,-96.29524960879984,-154.5315266390282,8.896843713858,-49.89160717203027,-98.08942393467332,1.7941743258734846,-10.805062855163083,-112.84865991088455,-41.68286672814364,-24.913838743507696,2.0583074605945617,6.838536253263439,-0.787877443618739,18.663688824889263,-68.55529599691954,19.593343198478856
2023-09-15,5.32312,-95.1187945382058,-151.50133920238244,9.355947003757736,-46.44883465517137,-97.92919511386704,2.810400575661234,-10.538152994227561,-113.32218181977161,-38.179157382610825,-25.61407785620593,2.2615278011379853,7.094419202619751,-0.4231074325099258,18.06300149694809,-64.51183615211946,19.231826846520963
2023-09-18,5.3235,-94.11326686799346,-147.1385425540148,9.825011376328256,-46.464802911793015,-97.77822744105202,3.664960573058565,-10.225168488339152,-113.85356732267418,-33.284975231340624,-26.310522571496094,2.466462849323832,7.358548527004423,-0.05085749673616299,17.560897671686448,-64.02570058347946,18.89028354299371
2023-09-19,5.32455,-95.26965454394876,-147.41061615051345,8.284317786429817,-42.67149414883155,-97.63837682250767,2.3687222785589057,-9.93180784095513,-114.39306055997321,-33.01755559054024,-27.04980366149796,2.6632012837783914,5.621116502651425,0.3007037724893644,17.070354413245525,-59.741848562077074,18.53500061544365
2023-09-20,5.31915,-95.84002486660104,-148.45925116293182,6.734704450086421,-43.46198367378667,-97.41357127797266,1.5735464113716233,-9.566887314206172,-114.7452025794969,-33.714048583434916,-27.78022140146625,2.867801446155667,3.866903003930754,0.7052077303487723,16.48986723526839,-59.95185090905506,18.185023182276176
2023-09-21,5.31703,-95.8323350798422,-145.29293619930766,6.249934896512915,-44.44254519037614,-97.37591694997845,1.5435818701362507,-9.546241820830833,-115.0982341211396,-30.194702078168064,-28.31701447221031,2.8992501672111506,3.3506847293017645,0.7327561744153581,15.975343620953439,-60.417888811329576,17.84065069518644
2023-09-22,5.317,-95.57299647314797,-145.15143283987453,7.271858427306443,-41.168681244057176,-97.36232277967031,1.7893263065223408,-9.534677021908337,-115.47769817045781,-29.673734669416717,-28.83122780089751,2.9275395421406207,4.344318885165822,0.7564774172606322,15.53990305946408,-56.708584303521256,17.59434167800861
2023-09-25,5.3175,-96.03741283560828,-148.23586357114456,7.307194454884955,-43.64962746555683,-97.3652643924124,1.32785155680412,-9.553900925418446,-115.92628583428615,-32.309577736858415,-29.486975323912404,2.9600806000096602,4.347113854875294,0.7767131930809799,15.153799820940819,-58.80342728649765,17.39036423545372
2023-09-26,5.31958,-95.7567148080922,-149.24001382986532,7.3659011390844755,-41.13947595309996,-97.38151895828662,1.6248041501944215,-9.563517275130142,-116.47425060525859,-32.76576322460673,-30.260038313352283,2.99376831535365,4.3721328237308255,0.7963381204047608,14.658541994244402,-55.79801794734436,16.87834612640367
2023-09-27,5.318,-99.19365160629792,-148.58775104676783,4.799692819658814,-42.13682492371124,-97.36624562683411,-1.827405979463805,-9.58629058420711,-117.02376685223032,-31.56398419453751,-31.321278909833396,3.048074332843048,1.751618486815766,0.8761560553186647,14.054708239435215,-56.19153316314645,16.19744334001522
2023-09-28,5.32,-97.5939341616296,-148.958176787277,6.434764889779303,-44.64325179677998,-97.43149702906402,-0.16243713256558578,-9.678343072203912,-117.7200389336341,-31.23813785364291,-32.49580284752862,3.089117307632762,3.3456475821465412,0.9519039517937041,13.511794923140442,-58.15504671992042,15.52159570669721
2023-09-29,5.3205,-97.3694032878402,-154.19644266101685,7.032234681900552,-45.988412723462595,-97.46394456765681,0.09454127981661031,-9.74740066289322,-118.42591315928527,-35.77052950173157,-33.831937347853156,3.148952139188543,3.883282542712009,1.0575133386623992,12.894000969064649,-58.882413692527244,14.736192664000944
2023-10-02,5.3285,-105.03109905198517,-157.7571869802807,-2.735184871146685,-45.61653599429797,-97.57103178292203,-7.460067269063131,-9.823025803216037,-119.4981797910032,-38.2590071892775,-35.37479106276085,3.2138162018769094,-5.949001073023594,1.1468532983528121,12.346984954088136,-57.963520948386105,13.867376706090619
2023-10-03,5.331,-105.3197441607884,-155.38584335784586,-3.8397823391956503,-48.17433441489451,-97.69606930529778,-7.62367485549062,-9.977433626985311,-120.39193890360231,-34.99390445424355,-36.9302833202204,3.194103035370986,-7.033885374566636,1.1752456179918696,11.709181869003935,-59.883516283898444,12.952658192458737
2023-10-04,5.32855,-104.31765274300524,-153.73631603998115,-3.294241665568087,-44.264635887672526,-97.78635141495315,-6.531301328052095,-10.170873163681655,-121.11223889514005,-32.624077144841095,-38.58236063407139,3.1548662801776115,-6.449107945745698,1.1836498431775713,10.952772779244988,-55.217408666917514,11.907828380883142
2023-10-05,5.335,-104.37839916497282,-152.5742130508169,-3.2961599736302203,-48.1562359941636,-97.94799285272363,-6.43040631224919,-10.331091040773256,-122.10783768698724,-30.466375363829655,-40.104482025595246,3.130859802894605,-6.427019776524825,1.196265228027726,10.326747941079589,-58.48298393524319,10.848259407170058
2023-10-06,5.347,-104.74574606794314,-152.2922529995559,-3.8188553253939994,-45.826544215671845,-98.16968502558714,-6.576061042356002,-10.493645432087161,-123.26404372915871,-29.028209270397184,-41.43479714858509,3.1142832098090985,-6.933138535203097,1.2101512102513283,9.73190286040954,-55.558447076081386,9.802475750530123
2023-10-09,5.347,-103.14761390558796,-153.10786106032947,-3.2233629345503485,-46.61791590493616,-98.27852898187645,-4.869084923711512,-10.685541397925999,-123.89754100521536,-29.21032005511411,-42.69203666575043,3.078767639206485,-6.302130573756834,1.2202113977416542,9.05275057347933,-55.67066647841549,8.8256168289121
2023-10-10,5.3345,-103.74113093958265,-154.28919380462492,-4.30015050526744,-47.15663786906845,-98.23250944251231,-5.508621497070337,-10.857632718292741,-123.9377714772989,-30.35142232732602,-43.86500817638318,3.022381754381724,-7.322532259649163,1.2060082313368914,8.293319229293175,-55.44995709836162,7.874609702253301
2023-10-11,5.3284,-104.0355107876822,-154.28247305728863,-4.268123519494411,-46.28474191718675,-98.2478649419044,-5.787645845777803,-11.006944437272573,-124.22034803840361,-30.062125018885013,-44.98663323145253,2.9569275079412685,-7.225051027435679,1.1571305511346421,7.591478642475671,-53.87622055966242,6.86912043328168
2023-10-12,5.334,-104.33945101396542,-154.37895681970176,-4.280592862111159,-46.267877266438425,-98.39799385301393,-5.941457160951487,-11.173297399767087,-125.03535013069575,-29.34360668900601,-46.16057554456464,2.9058295008614117,-7.1864223629725705,1.107897385127905,6.96436582903176,-53.23224309547018,5.794348651398065
2023-10-13,5.32925,-101.40623544872211,-147.0057481888362,-3.1042725137359355,-42.25314918002486,-98.44138085800464,-2.9648545907174793,-11.366041904510148,-125.40471041772437,-21.601037771111834,-47.45822778579199,2.8388266837032154,-5.943099197439151,1.0439902325442811,6.273581088517773,-48.526730268542636,4.686572930550739
2023-10-16,5.3354,-102.07270076033818,-145.92407526144655,-2.0831163420493612,-39.79747507130217,-98.57976417464377,-3.492936585694409,-11.523719554489102,-126.2278667066528,-19.696208554793742,-48.70571411320955,2.7940705328581035,-4.877186874907465,0.9906079878256102,5.6431530526535845,-45.44062812395576,3.514230647406875
2023-10-17,5.33845,-102.43450951029048,-143.80162390614288,-2.5998606474704777,-40.77302141241252,-98.69121804230898,-3.743291467981507,-11.699862155492088,-126.86762291970109,-16.934000986441788,-49.88979288851749,2.754265282494261,-5.354125929964739,0.9442611639043781,5.063095287517346,-45.83611669992986,2.481731968249121
2023-10-18,5.3285,-101.66619598983314,-145.78727316507167,-1.5403969089366358,-41.15316419674612,-98.6525894929214,-3.0136064969117484,-11.88518130870304,-126.80628202558648,-18.980991139485184,-51.002394053326185,2.7020476377855904,-4.2424445467222265,0.9048411264436996,4.467474493058193,-45.62063868980431,1.4705407049019226
2023-10-19,5.3256,-99.7741154543523,-145.80042698696565,-1.0129351822779162,-41.22333501119644,-98.68573148769825,-1.0883839666540496,-12.057040301127428,-127.09853528552975,-18.701891701435898,-52.133827435965536,2.6703239678642428,-3.6832591501421588,0.8888197452275461,3.888525809451939,-45.11186082064838,0.40330261146631013
2023-10-20,5.3211,-101.4434238417276,-147.59547716120372,-3.028161905722767,-42.78129772788437,-98.67155561590548,-2.771868225822118,-12.177406154521512,-127.22447648524658,-20.371000675957134,-53.03376059463552,2.6489950013177754,-5.677156907040542,0.9026830054693151,3.3540602841305476,-46.13535801201492,-0.5675849925319223
2023-10-23,5.32438,-101.37618166611756,-150.14688282014964,-2.534404541652939,-44.82646066804395,-98.77099532686047,-2.605186339257088,-12.332254584921031,-127.76682689076364,-22.380055929386003,-53.92746382674567,2.626181792785094,-5.160586334438033,0.9264269966030456,2.7820673759765597,-47.60852804402051,-1.6542549865591731
2023-10-24,5.325,-101.47287883630902,-150.10887256891317,-3.0441863650888092,-43.636300165382195,-98.8371195201953,-2.6357593161137203,-12.487334524385293,-128.17590662706198,-21.932965941851194,-54.80945340284328,2.6140079842105184,-5.658194349299327,0.9855216105953183,2.185620568852931,-45.82192073423513,-2.806800738639142
2023-10-25,5.325,-101.5295092235261,-150.8856330636339,-3.5358535550472694,-45.047015088562425,-98.88121219326999,-2.648297030256117,-12.591328101121187,-128.42996800972628,-22.45566505390761,-55.27272393501794,2.6013144545695948,-6.137168009616865,1.054315374042832,1.7056559170340648,-46.75267100559649,-3.5935935356410456
2023-10-26,5.322,-101.7780935249977,-150.91028734371469,-4.030815585147085,-45.18534766396051,-98.89044726903543,-2.8876462559622667,-12.70765144748695,-128.6406836514539,-22.269603692260773,-56.17912815689475,2.5830569068415787,-6.613872491988664,1.124648038081187,1.2287168258227474,-46.41406448978326,-4.407816643875157
2023-10-27,5.317,-100.67933631384064,-148.35704306679526,-4.485713004082452,-43.685310057569055,-98.86519446689627,-1.8141418469443664,-12.789810091868931,-128.73497760636104,-19.622065460434214,-57.108810298179705,2.5516260113402787,-7.037339015422731,1.165686363311312,0.7846174206647092,-44.469927478233764,-5.175595071684446
2023-10-30,5.31862,-102.1992886127954,-146.98509151214662,-4.508792144682586,-43.28132432281829,-98.92236469312893,-3.276923919666473,-12.887500181476158,-129.18858903319398,-17.796502478952647,-58.04286751968583,2.526304446823853,-7.035096591506439,1.2087980531521938,0.3299375284179611,-43.61126185123625,-5.917236690696031
2023-10-31,5.3215,-102.32473738330924,-148.8284139706107,-4.032501965844479,-43.335332303207345,-98.99393810766831,-3.3307992756409277,-12.94788378494579,-129.70501281388295,-19.123401156727766,-58.96578697200397,2.4993290144513463,-6.531830980295825,1.2388699204380005,-0.09958616868171077,-43.235746134525634,-6.5516849592575515
2023-11-01,5.32185,-102.39441521691955,-146.84799707175495,-5.044059862902453,-42.26782111560805,-99.02855209968563,-3.3658631172339284,-12.991569854053257,-130.10892714642725,-16.739069925327698,-59.994041114018664,2.474114495224941,-7.5181743581273945,1.2763131726342418,-0.507042230402547,-41.760778885205504,-7.1729490546273444
2023-11-02,5.32035,-102.73041323812352,-148.4722295433385,-5.0358045704973735,-43.04816122854293,-99.02977864964255,-3.700634588480966,-13.000163046142841,-130.37087995827483,-18.101349585063673,-60.97538760411089,2.4468402802448788,-7.482644850742252,1.3359541946045375,-0.9101004012957148,-42.138060827247216,-7.8708580987731835
2023-11-03,5.32,-102.37623265500648,-145.59865601240645,-4.516598499484925,-41.78422968403424,-99.07519024567782,-3.3010424093286588,-13.115865099780207,-130.75869335957532,-14.839962652831133,-62.1872514023148,2.393382852203442,-6.909981351688367,1.2902953368973349,-1.3865700697089451,-40.39765961432529,-8.836793231566396
2023-11-06,5.31855,-103.1271800782558,-148.0883144857286,-5.055253925404673,-43.86193478902649,-99.1203541265399,-4.006825951715911,-13.298616733219811,-131.14607953190315,-16.942234953825448,-63.75919366410576,2.3245629312468212,-7.379816856651495,1.1753090285118608,-1.920530902089638,-41.941403886936854,-10.125815123262843
2023-11-07,5.31965,-103.0744624133639,-147.5590899050142,-4.569803752315944,-41.97039982328202,-99.19108689704046,-3.88337551632344,-13.43677053915213,-131.66964516246333,-15.889444742550864,-65.22197318828867,2.2731310671795706,-6.842934819495515,1.1265233544348967,-2.6038349465401964,-39.366564876741826,-11.916939079632915
2023-11-08,5.3197,-104.09188801148576,-146.28113460967242,-5.127679212387307,-43.44106421741764,-99.24158722378677,-4.850300787698998,-13.554098073561741,-132.14904631151256,-14.132088298159857,-66.82716670203071,2.2283275747011566,-7.3560067870884644,1.0972462350733903,-3.174246587505948,-40.26681762991169,-13.373665915388399
2023-11-09,5.321,-102.62694340200729,-148.86671349121147,-4.0846544637623845,-43.73235796922842,-99.33314879808003,-3.293794603927253,-13.752230024543103,-132.66598089990998,-16.200732591301488,-68.30728669463927,2.173320822525925,-6.25797528628831,1.031096508407674,-3.722512369842633,-40.009845599385784,-14.669497363700653
2023-11-10,5.3205,-103.08215647871351,-151.7907263949707,-4.638697041542578,-47.1539238800945,-99.37628642936772,-3.7058700493457906,-13.89215804576438,-132.99811560747418,-18.79261078749653,-69.52995034608809,2.1244937100117465,-6.763190751554324,0.9727641744308185,-4.234470929999475,-42.91945295009503,-15.977252439103179
2023-11-13,5.323,-102.72635752881476,-150.49852636859532,-4.109054301152356,-45.687052647608034,-99.45620685962945,-3.2701506691853126,-14.002019599555917,-133.48259057431943,-17.01593579427589,-70.45594323210328,2.0806039703909924,-6.189658271543348,0.9359078419124086,-4.817401619231504,-40.86965102837653,-17.338426510377722
2023-11-14,5.3248,-101.3088698715571,-144.6457262384747,-3.563628588448106,-43.74017470085578,-99.522521765849,-1.7863481057081003,-14.104634553653714,-133.91512434843307,-10.73060189004164,-71.40458677399079,2.0406219781872634,-5.604250566635369,0.9049842980495613,-5.3876844573937746,-38.35249024346201,-18.735064655473753
2023-11-15,5.32795,-102.04862617037018,-144.61161755985967,-3.5717019159631884,-44.36462603606298,-99.59616032147835,-2.4524658488918334,-14.191188913049407,-134.44759366339275,-10.164023896466915,-72.52101004308844,2.003146912105481,-5.574848828068669,0.8651538757637617,-6.035153163950497,-38.32947287211248,-20.418798154712334
2023-11-16,5.32905,-101.97385027007948,-144.85918339846432,-4.038568327527662,-45.90014822800236,-99.65579611634047,-2.3180541537390127,-14.329406521643092,-134.93200075635417,-9.927182642110154,-74.11040199815325,1.953955021038447,-5.992523348566109,0.7794341825618625,-6.677417156502386,-39.22273107149997,-22.266629177968213
2023-11-17,5.3303,-101.47312729071751,-147.1400444371367,-3.5338900051484643,-46.376518303968325,-99.72000829547291,-1.7531189952446056,-14.48598788103311,-135.45062005429634,-11.689424382840372,-75.85735162741857,1.891988733767174,-5.425878738915638,0.6429332969883711,-7.337059105428267,-39.03945919854006,-24.199327505678404
2023-11-20,5.33365,-101.61419969970798,-147.16044327284777,-4.549889538794473,-45.21451300556996,-99.76225498680881,-1.8519447128991686,-14.409770458238864,-136.13248817233682,-11.027955100510951,-77.55613114437128,1.885113854066352,-6.435003392860825,0.745035358769182,-8.056494950267961,-37.158018055302,-26.159372026543576
2023-11-21,5.339,-101.0864288967069,-148.19867042215583,-5.004278658252806,-48.83819820730117,-99.85849839655751,-1.227930500149398,-14.450542278575702,-136.74844028939054,-11.450230132765284,-78.215305381505,1.828598281251855,-6.832876939504661,0.6322935241021903,-8.549101174646381,-40.28909703265479,-26.826161958932357
2023-11-22,5.34115,-102.50380620751038,-145.9909612552694,-6.029635659265517,-44.85519389292523,-99.90402883305204,-2.5997773744583412,-14.486204149543925,-137.12538950188133,-8.865571753388082,-78.90521978929092,1.7743110497918668,-7.803946709057383,0.5538568910186144,-8.98983693781986,-35.86535695510537,-27.554252160622365
2023-11-23,5.34105,-102.39678755176354,-145.70179698883055,-6.023340444221586,-44.76634921975852,-99.93560100230252,-2.4611865494610186,-14.57591185495803,-137.30604032914022,-8.395756659690335,-79.59170759952052,1.719113510217706,-7.742453954439291,0.5049851965227994,-9.321874167804623,-35.444475051953894,-28.18666470866193
2023-11-24,5.346,-102.45799222318848,-144.26633785450025,-5.997541008186872,-43.56761200164328,-100.03959018313904,-2.4184020400494433,-14.662700186744658,-137.89602317582847,-6.370314678671775,-80.31901124577165,1.664191812822684,-7.661732821009556,0.44284682686939125,-9.777458880427986,-33.7901531212153,-28.733590623659325
2023-11-27,5.3412,-102.27741009765955,-144.833461803724,-6.454399666355831,-45.43794880116772,-99.99620739455148,-2.281202703108079,-14.729259434562806,-137.7006726437113,-7.132789160012692,-81.10586289124707,1.6052480644800882,-8.05964773083592,0.3794622714805584,-9.953000332271927,-35.484948468895794,-29.336093731346104
2023-11-28,5.339,-98.97254736718236,-146.6457286934149,-3.9197048462237425,-48.748716350399334,-99.98481210598953,1.0122647388071755,-14.771442915947055,-137.68672069483705,-8.959007998577846,-81.78566266976725,1.5421365968870908,-5.461841443110833,0.29670044520968564,-10.210017087093831,-38.5386992633055,-29.963168201363814
2023-11-29,5.3436,-97.8358705435761,-148.28078225107103,-2.4458967635894022,-50.35951095319554,-100.04478245620564,2.2089119126295316,-14.76015077977674,-138.2223352815334,-10.058446969537641,-82.37915002763401,1.4994573972412681,-3.9453541608306706,0.23023624743968368,-10.702345051601554,-39.657165901593984,-30.675180749944783
2023-11-30,5.34605,-93.7925074027328,-145.22000633111782,1.9642409927278444,-49.06616017727222,-100.0629521442304,6.270444741497599,-14.732328207787408,-138.58599554095656,-6.6340107901612555,-82.95787919011559,1.46784605492517,0.4963949378026744,0.18032400173620167,-11.129057795955475,-37.93710238131674,-31.336102730008655
2023-12-01,5.3438,-94.10197758925212,-94.95409244291018,1.4477227321432182,-1.961861414110711,-99.97105589285263,5.869078303600517,-14.606262742917234,-138.51813320136847,43.56404075845829,-83.42155684682835,1.4729397314398733,-0.025216999296655107,0.1952528989765898,-11.417788632194743,9.455927218084032,-32.1209781483876
2023-12-04,5.361,-95.59381498161969,-99.16141274407724,1.4782548708506955,-3.6726449164460178,-100.16774299007385,4.5739280084541605,-14.49916642863659,-139.67842888939572,40.51701614531848,-83.32399303369493,1.4778590235209075,0.00039584732978803494,0.2044026609006907,-11.972105368766762,8.299460452320744,-32.42862983552211
2023-12-05,5.364,-96.07004199350224,-99.34268258357288,2.2519379946441653e-12,-3.3114227527868407,-100.17849743658407,4.108455443081823,-14.46954178373754,-139.6953195266105,40.35263694303761,-83.36039190343244,1.475097631992497,-1.4750976319902451,0.18668819178496074,-12.066313019365396,8.754890266578554,-32.670389980374644
2023-12-06,5.352,-95.77645577744362,-100.42135125296493,0.9873861420345984,-2.928956078210615,-99.97536555217009,4.198909774726474,-14.440058872484514,-138.45975971319507,38.038408460230144,-83.37775544282394,1.45755342564263,-0.4701672836080315,0.14955021006679667,-11.651126674688498,8.722170596477884,-32.831305760015184
2023-12-07,5.3562,-95.63858474613916,-100.83313376775544,1.4789471867946142,-4.621518631021831,-100.00512193252905,4.366537186389891,-14.403964632421633,-138.58668981176106,37.75355604400562,-83.36387134302012,1.4535459040673748,0.025401282727239405,0.13899976989154705,-11.74690100709904,7.1253823760772095,-32.878327891942206
2023-12-08,5.3589,-96.77403263380052,-104.34510404076347,1.9953408790456095,-3.0433988678547066,-100.0072315273083,3.23319889350779,-14.340981723266104,-138.57515029576416,34.23004625500069,-83.26638761680194,1.4557875510179739,0.5395533280276357,0.14844248652472553,-11.83906340312737,8.795664535272662,-33.12385947961232
2023-12-11,5.362,-97.37884406771086,-101.2292118582798,2.018214384823487,-0.438221696358279,-100.02743164752448,2.648587579813622,-14.310699370154405,-138.63243236431248,37.40322050603268,-83.24933442477506,1.4596011491707064,0.5586132356527804,0.14972887481187505,-11.934695354141041,11.496473657782762,-33.361143080167096
2023-12-12,5.3605,-97.49739838548328,-100.99102936204426,1.515503601846664,-1.7563657280345752,-99.99164880163829,2.494250416155012,-14.315909392179169,-138.2818073365858,37.290777974541555,-83.19308915991658,1.4600958393910806,0.05540776245558354,0.13596036718898247,-11.845759221468114,10.089393493433539,-33.51181176397645
2023-12-13,5.3571,-95.67301527809327,-94.05836657568769,0.4931598725670404,-0.8398068444253165,-99.93144329507122,4.258428016977945,-14.331496851434713,-137.764119387734,43.70575281204633,-83.07273753506655,1.453443603668404,-0.9602837311013636,0.09912403430437408,-11.7270118135622,10.887204969136883,-33.81169940049148
2023-12-14,5.3552,-94.7769549588468,-93.44866939018505,2.233138300135851e-12,-2.067448437835549,-99.87927444039778,5.102319481550978,-14.327077062107332,-137.32583730128567,43.87716791110063,-82.88645044507956,1.4388814140675938,-1.4388814140653607,0.047767805654071516,-11.654786548076288,9.58733811024074,-34.121413312883554
2023-12-15,5.357,-96.55281686653814,-95.15585439058349,-0.4951426505971869,-4.191887858616662,-99.87288342682481,3.3200665602866763,-14.307481957647315,-137.1940161073814,42.038161716797916,-82.69333272665726,1.4176666135784282,-1.912809264175615,-0.027919793086785022,-11.692392885255003,7.500505026638342,-34.29494276674502
2023-12-18,5.35725,-96.6855598143238,-96.20029826293312,-0.4932936725216139,-4.6209750257301065,-99.86117514082954,3.175615326505749,-14.326620552296287,-136.981949680801,40.78165141786788,-82.71057636649711,1.3861560673325588,-1.8794497398541727,-0.14721581358909666,-11.731372648542106,7.110397622811999,-34.71103543358593
2023-12-19,5.3575,-96.55206214620176,-95.21196095062248,-0.9802239811810368,-2.0788637762140585,-99.8532057747442,3.301143628542434,-14.362949146248546,-136.767273547476,41.555312596853526,-82.67009996924493,1.3545736244059763,-2.334797605587013,-0.2696910589462852,-11.782980020167173,9.704116243953115,-35.193219949232734
2023-12-20,5.35475,-96.48565760390734,-94.83461919137925,-0.984547526574058,-3.312999797078397,-99.79934454198295,3.3136869380756053,-14.388979057134996,-136.29708878176166,41.46246959038241,-82.61679943094279,1.3156827167298522,-2.3002302433039103,-0.432281174593828,-11.704697164487726,8.391697367409328,-35.6426250078706
2023-12-21,5.3568,-96.28778806911126,-94.65273509526658,-1.4663114934369224,-4.917025199752879,-99.81507440723311,3.527286338121854,-14.417943678122452,-136.22947698597625,41.57674189070967,-82.58459593317926,1.2742293630966466,-2.7405408565335687,-0.6012860400292167,-11.811846026600534,6.894820826847655,-36.136436789639305
2023-12-22,5.358,-95.95339684766437,-96.74098634463694,-1.461219241338071,-5.374499241367985,-99.81309906501279,3.8597022173484277,-14.420437318996505,-136.09799828638455,39.357011941747615,-82.59341256670729,1.2315358965826109,-2.692755137920682,-0.7646460138566427,-11.881846641527062,6.507347400159077,-36.53514928549892
2023-12-25,5.358,-95.95339684766437,-96.74098634463694,-1.461219241338071,-5.374499241367985,-99.78772315214424,3.834326304479873,-14.396281410087447,-135.8996707515969,39.15868440695995,-82.71987730030162,1.203276124031662,-2.664495365369733,-0.8466185892586473,-11.924922308463891,6.550423067095906,-37.024083640241976
2023-12-26,5.35795,-95.7534783176391,-96.59123744107448,-2.4180171292311443,-4.953396791848733,-99.76675239973056,4.0132740820914705,-14.404509167808706,-135.6897120733007,39.09847463222623,-82.81032830494094,1.1785021414830386,-3.596519270714183,-0.9103790430190605,-11.950008800462228,6.9966120086134955,-37.43606456059962
2023-12-27,5.358,-95.30731796543031,-97.25541910492076,-1.444050272204352,-4.5330915684493664,-99.74106386711632,4.4337459016860095,-14.378546446800996,-135.49422451051953,38.23880540559877,-82.93354145743615,1.1410837554216986,-2.585134027626051,-1.0230709442035186,-11.982762862456838,7.449671294007471,-37.8926665709763
2023-12-28,5.3523,-96.8236985684616,-99.6900847991394,-1.9364739713696724,-4.171133255194755,-99.63174439160113,2.808045823139537,-14.361181083370006,-134.83750904376058,35.14742424462118,-83.14867376692222,1.120519564209376,-3.056993535579048,-1.1064902537438224,-11.803149897740639,7.632016642545883,-38.441501479677896
2023-12-29,5.348,-96.94713472743312,-98.75899862578028,-2.4236783681858283,-2.9417574058763716,-99.55606532498459,2.6089305975514634,-14.373575680572218,-134.32420185295433,35.56520322717405,-83.43978272115426,1.0958482120932764,-3.5195265802791047,-1.1976450325154449,-11.674456977824377,8.732699571948006,-39.02125243310118
2024-01-01,5.348,-96.94713472743312,-98.75899862578028,-2.4236783681858283,-2.9417574058763716,-99.54629671917345,2.5991619917403312,-14.40788070791443,-134.1644484947936,35.40544986901331,-83.71008854705622,1.063099828296001,-3.486778196481829,-1.296629269851623,-11.692303765866313,8.750546359989942,-39.511253489382284
2024-01-02,5.34475,-97.62210047791072,-99.73038987821089,-2.4284104596495317,-3.380691182311852,-99.48641193837697,1.8643114604662543,-14.418314180700953,-133.72326075018117,33.99287087197028,-83.92123693577167,1.035392729482739,-3.4638031891322707,-1.3961116518279768,-11.575796869861733,8.195105687549882,-39.98659864846917
2024-01-03,5.34355,-97.47782257076872,-99.17571065051504,-2.4491915218764007,-3.9148306835746296,-99.45803580351287,1.9802132327441484,-14.41204557525798,-133.4489851892635,34.27327453874847,-84.04110800957957,1.005878057841958,-3.4550695797183586,-1.4954347868539302,-11.536015495963682,7.6211848123890515,-40.42888209010255
2024-01-04,5.339,-97.37479509700825,-99.95306551706176,-1.4679617351316607,-3.0420498200851123,-99.38148778291054,2.006692685902294,-14.411251992473172,-132.89447707626226,32.9414115592005,-84.18103330324415,0.9818590322219976,-2.4498207673536583,-1.5976137502121075,-11.365162709325716,8.323112889240605,-40.90342749439964
2024-01-05,5.337,-97.2891050868984,-98.74094515350087,-1.4666699259296117,-3.018282166264854,-99.34260447192898,2.0534993850305767,-14.419123440739824,-132.571597273076,33.830652119575134,-84.40530733271956,0.9614912118677861,-2.4281611377973977,-1.6888021912881355,-11.322283138553644,8.30400097228879,-41.656784300547976
2024-01-08,5.3374,-98.12284585837811,-99.09087368726348,-2.4653981371451676,-4.32711238809227,-99.3388623464891,1.2160164881109807,-14.43363203654069,-132.45063259831636,33.35975891105288,-84.661806643892,0.9352778437550882,-3.400675980900256,-1.8001812367526397,-11.39293241138094,7.06582002328867,-42.546774786076625
2024-01-09,5.334,-98.51246182642105,-100.07919310062763,-2.9553738547921835,-3.9161423387203538,-99.2783698034731,0.765907977052052,-14.386871369072484,-131.9993536199285,31.92016051930088,-84.84033584039236,0.9084861027124962,-3.8638599575046797,-1.9405156342596461,-11.285152759512016,7.369010420791662,-43.28197680193158
2024-01-10,5.333,-98.794216586561,-100.43448832994932,-2.9638264975986277,-5.676731949083262,-99.2563682407009,0.46215165413988757,-14.35223681312012,-131.7611293766522,31.32664104670289,-85.03049650964215,0.8780353488323218,-3.8418618464309495,-2.0552296993449883,-11.285680168362518,5.608948219279256,-44.11513201896258
2024-01-11,5.3324,-97.5893460035189,-100.655358689108,-2.464377424331291,-6.153602714619157,-99.24245932469651,1.6531133211776137,-14.323115615166977,-131.5643137698458,30.908955080737798,-85.27526909888216,0.849116780556189,-3.31349420488748,-2.1528592470412695,-11.2941571542122,5.140554439593044,-44.79401748475188
2024-01-12,5.3321,-96.62967409446372,-98.72945112461002,-2.928171942258225,-8.191526512521547,-99.22402851946582,2.594354425002095,-14.267917172394613,-131.39871357608462,32.669262451474594,-85.54999370219939,0.8247154508530397,-3.7528873931112647,-2.2289730806142156,-11.312939825814766,3.1214133132932194,-45.423509285663954
2024-01-15,5.3321,-96.27774671172682,-98.61678121716328,-2.9175074761146766,-8.182178354261774,-99.20234814964681,2.924601437919989,-14.18521115136544,-131.25599707104226,32.63921585387898,-85.88806824932843,0.7933100125313945,-3.710817488646071,-2.349072809152847,-11.362544981156958,3.180366626895184,-46.12541295434903
2024-01-16,5.3343,-97.118968271184,-98.17053749460123,-1.9719587466257107,-4.799448499737245,-99.20948971951627,2.090521448332268,-14.093793189885343,-131.29469563515607,33.12415814055484,-86.16496479502845,0.7574035334907485,-2.729362280116459,-2.4672921989428223,-11.521973634281068,6.722525134543822,-46.94819925637087
2024-01-17,5.3357,-97.196261682243,-97.97619311506664,-0.4984423676007928,-3.5466495245269076,-99.20197177253685,2.005710090293846,-13.918759625383743,-131.26534181235752,33.289148697290884,-86.47008443187252,0.7359216661447174,-1.2343640337455102,-2.504089079920705,-11.624298432732871,8.077648908205964,-47.742520147542066
2024-01-18,5.33215,-96.37530024612772,-97.6214661688857,0.0,-4.8370996750360735,-99.12827996847517,2.7529797223474475,-13.76101997751457,-130.80790912386465,33.18644295497894,-86.80307118208148,0.7366652647594734,-0.7366652647594734,-2.5217372540178733,-11.482481270811718,6.645381595775644,-48.573336295273535
2024-01-19,5.3317,-95.0977831869088,-98.1362945149774,0.9854692558242358,-3.5364430455859317,-99.08445891254021,3.9866757256314145,-13.485284283901517,-130.62083244524706,32.48453793026967,-87.15479189241765,0.7421854007176218,0.243283855106614,-2.4216625874038415,-11.484689621046869,7.948246575460937,-49.28974223578298
2024-01-22,5.3327,-95.9588465153082,-99.1129616220136,0.0,-2.715423606082652,-99.06591979751573,3.107073282207537,-13.356868227492289,-130.56679931453908,31.453837692525482,-87.51637701171097,0.737986757157449,-0.737986757157449,-2.45769392382021,-11.551538115310734,8.836114509228082,-49.990798504449224
2024-01-23,5.33395,-95.60040999763508,-96.68508287292762,0.4927856185418193,-2.2277668864725566,-99.05962261822111,3.4592126205860296,-13.279896674366825,-130.55159960828985,33.866516735362225,-87.99556936288889,0.7268024494097656,-0.23401683086794628,-2.5068143043706943,-11.627134427992758,9.399367541520201,-50.68508465112992
2024-01-24,5.3345,-95.3378784342742,-96.61409507003472,1.489654350534176,-3.97044226315224,-99.04728678329181,3.7094083490176075,-13.262746557765944,-130.47730396647455,33.86320889643983,-88.63522191934945,0.7204404355900547,0.7692139149441213,-2.550387712545294,-11.670541563205347,7.7000993000531075,-51.4380400388948
2024-01-25,5.33343,-94.02030838661152,-96.44969123006094,2.4742186417529344,-5.23708730660984,-99.0098204322712,4.98951204565968,-13.21682035309983,-130.2603824404324,33.81069121037147,-89.28390017339686,0.7261965298012729,1.7480221119516615,-2.5621213571616295,-11.627792928620863,6.390705622011024,-52.05868460309917
2024-01-26,5.3286,-93.1375463210667,-97.798438733444,3.467887363019801,-5.701254275939884,-98.91617723909238,5.778630918025684,-13.167581428244748,-129.7194751496039,31.921036416159907,-90.10302234841802,0.7492992664836731,2.718588096536128,-2.541305704032789,-11.441708828675814,5.7404545527359305,-53.28859412161874
2024-01-29,5.32655,-94.43102846210128,-96.10287748391418,1.9673130929609093,-5.602409898164618,-98.86013114272055,4.429102680619266,-13.174507863160759,-129.43874566091796,33.335868177003775,-90.96870814180068,0.7673928302608726,1.1999202627000367,-2.5546273051634505,-11.400101600385824,5.797691702221206,-54.53396593163829
2024-01-30,5.326,-95.23762769942265,-97.10036725516588,0.9818312133952122,-6.041800629208564,-98.83103115787742,3.593403458454773,-13.183205345797873,-129.28755035306995,32.18718309790407,-91.85990340495727,0.7777232309983422,0.20410798239687,-2.517801736468793,-11.444513227071354,5.402712597862791,-55.88863670496984
2024-01-31,5.324,-93.15917470777438,-97.1338966808951,2.941868674981903,-7.840404216393907,-98.78571997243002,5.626545264655633,-13.17273309595491,-129.00272760372013,31.868830922825026,-92.68946364611047,0.7910968335424275,2.1507718414394756,-2.4194478925026903,-11.389905973939221,3.5495017575453147,-57.02594947638403
2024-02-01,5.32025,-94.8909727054633,-95.34821513318552,-11.192268575514856,-6.903038199688409,-98.70583553154958,3.8148628260862836,-13.140608042923045,-128.55860776128793,33.21039262810241,-93.59446021784584,0.82005293177283,-12.012321507287686,-2.289690128876658,-11.24896920880309,4.34593100911468,-58.32104527349371
2024-02-02,5.32115,-96.57998980272323,-96.9547397646639,-10.78558261756419,-4.407033625665687,-98.69985037161194,2.1198605688887113,-13.156833208773774,-128.543712463465,31.5889726988011,-94.5281976036516,0.7540083912123201,-11.53959100877651,-2.3505081896293896,-11.40446090217847,6.997427276512784,-60.086519131472585
2024-02-05,5.3233,-97.77246668082093,-97.52387769253136,-10.86360740897711,-3.5788578969732336,-98.7238531027078,0.9513864218868804,-13.242351295269533,-128.65280845886076,31.128930766329404,-95.38502051025239,0.6901024517889809,-11.55370986076609,-2.3746473217935726,-11.609356832650292,8.030498935677059,-61.60713317894465
2024-02-06,5.319,-97.24282220279412,-97.65624999999896,-10.804758022529704,-4.013270547943773,-98.6714394099698,1.4286172071756909,-13.377803014810725,-128.13454795157986,30.4782979515809,-96.05358465367352,0.6399234587228442,-11.444681481252548,-2.4241124182541465,-11.389513966087293,7.3762434181435195,-62.850965513914105
2024-02-07,5.32,-97.2800880433937,-97.21015846155971,-11.300212247465716,-2.2502351495742814,-98.68437394393449,1.4042859005407848,-13.472907610096028,-128.099429477007,30.889271015447278,-96.31107034174485,0.5847181851697716,-11.884930432635487,-2.3787402358364353,-11.492308360602522,9.24207321102824,-63.956671237037575
2024-02-08,5.3215,-97.81176886931604,-95.19803404990142,-11.30487780901727,-1.7711262148809066,-98.70515436771578,0.8933854983997378,-13.578892708905645,-128.11260768857517,32.914573638673744,-96.5836492389061,0.5267535810148907,-11.831631390032161,-2.329421634329067,-11.625197754873625,9.854071539992718,-65.12928164967225
2024-02-09,5.3206,-98.30752966516091,-95.0730072255485,-9.88015373519212,-0.4422000336077429,-98.69798223632591,0.39045257116499954,-13.716135730033542,-127.86793635613344,32.79492913058495,-96.6140796836169,0.4755241704647517,-10.355677905656872,-2.269090868481307,-11.571910052955104,11.129710019347362,-65.90677748695578
2024-02-12,5.31955,-99.00745031063587,-94.71699443152174,-9.900745031063588,0.0,-98.69545380218851,-0.3119965084473648,-13.924116614532394,-127.61578629932626,32.89879186780452,-96.73400048216854,0.42969761481113977,-10.330442645874728,-2.240605032202101,-11.510686553671121,11.510686553671121,-66.84097961497287
2024-02-13,5.321,-99.8419587085762,-95.39094464160516,-8.52921255299309,3.164628495219806,-98.73000607581307,-1.1119526327631348,-14.12685004328005,-127.5821404556973,32.19119581409214,-96.51132190599282,0.3784315024762943,-8.907644055469385,-2.206504947151017,-11.595881129896895,14.7605096251167,-67.53827078184389
2024-02-14,5.3215,-98.87920173866804,-94.76130877883055,-6.525023464988002,1.7879492222426854,-98.75809292915139,-0.12110880951665592,-14.377224551457976,-127.4523176125283,32.69100883369775,-96.16400363599953,0.3358074107480977,-6.8608308757361,-2.178305726837464,-11.591691437524673,13.37964065976736,-68.0793734292208
2024-02-15,5.3177,-98.78267810816182,-93.78735135795355,-7.4835362203153055,0.4362202388747359,-98.71194160687995,-0.07073650128187126,-14.527347011473259,-126.89108819300355,33.10373683505,-95.49487018765734,0.3181158289970121,-7.801652049312318,-2.03085249978419,-11.276417894091253,11.712638132965989,-68.25408979614811
2024-02-16,5.3178,-98.33183517995316,-90.09124407041573,-6.45613059262403,2.1348636035654605,-98.71718915059316,0.3853539706399971,-14.593549612313286,-126.68221628252263,36.590972212106905,-94.39454466786361,0.29761783323269597,-6.753748425856726,-1.6919402919149773,-11.219826784089832,13.354690387655292,-68.13077628685275
2024-02-19,5.3178,-98.15537301520509,-91.64668682025024,-6.444544692918347,2.171722436499947,-98.72006692934376,0.5646939141386724,-14.686808044543277,-126.54224910446254,34.8955622842123,-95.13463321726428,0.28055639392449283,-6.72510108684284,-1.383050935538429,-11.230430306846813,13.40215274334676,-69.61235381096762
2024-02-20,5.3186,-97.8062744206952,-93.45916269284096,-7.40956624398983,-1.304081339900157,-98.73417243616069,0.9278980154654874,-14.792737225855678,-126.47237055252998,33.01320785968902,-95.63428474177955,0.26046737936237196,-7.670033623352202,-1.096978638396773,-11.292832481657513,9.988751141757355,-71.10608732035382
2024-02-21,5.3178,-97.23641281546328,-96.12863759503732,-6.416616074115505,-3.9325351743440944,-98.7193731193143,1.4829603038510157,-14.827256999608469,-126.24997006304682,30.1213324680095,-95.97094974829409,0.23666061411843842,-6.653276688233944,-0.8154882902408254,-11.254768617725688,7.322233443381593,-72.5974110840819
2024-02-22,5.3192,-97.80724069966732,-96.26119750687948,-6.915663483815326,-2.6372930823803453,-98.73445935080863,0.9272186511413167,-14.863732027073619,-126.2658957259174,30.00469821903792,-96.63744757474232,0.21348866366848585,-7.129152147483811,-0.5731160124036481,-11.394702113986,8.757409031605654,-74.30523786630715
2024-02-23,5.3207,-97.76948020045243,-90.19607843137288,-7.36955880908153,5.228758169934839,-98.75477373471269,0.9852935342602507,-14.941352844300766,-126.27530593054007,36.07922749916719,-97.07366176811216,0.1852382542448776,-7.554797063326408,-0.32956215094357977,-11.496672256053671,16.72543042598851,-75.30637866665339
2024-02-26,5.3237,-97.96971308166484,-92.8039217427598,-6.892341623836135,4.440379030754759,-98.79841117023989,0.8286980885750523,-15.05597000310332,-126.38896945533895,33.585047712579154,-97.22718098687193,0.15379761900787947,-7.046139242844014,-0.09456754934746359,-11.65892315487821,16.09930218563297,-75.9396607872007
2024-02-27,5.32505,-98.49887711280093,-100.16917460600187,-6.894921397896512,-4.451963315822973,-98.81565745452991,0.31678034172898606,-15.092815098789337,-126.3517335345008,26.18255892849892,-97.32561261813487,0.125981343821724,-7.020902741718237,0.17062437062851654,-11.69611742900895,7.244154113185977,-76.47982024495303
2024-02-28,5.32405,-98.3018357867822,-100.63318757848012,-6.881128505073044,-4.45279591055135,-98.79705291494446,0.4952171281622526,-15.03949918241044,-126.13474585178022,25.501558273300105,-97.64667908067727,0.10053640957246479,-6.981664914645509,0.44554381945470195,-11.617811663478506,7.165015752927156,-77.43560638207634
2024-02-29,5.3237,-97.34383407523404,-96.57958334068393,-6.848309934941501,-0.8820053273132549,-98.77862152348492,1.434787448250873,-14.834927641031234,-126.02239256324458,29.442809222560655,-98.45115457658775,0.0689462053251062,-6.917256140266607,0.47617744796515066,-11.675613882425807,10.793608555112552,-79.6816468446381
2024-03-01,5.3201,-97.45933593224984,-93.41146452742774,-8.161619265263537,-0.4324604839207372,-98.70812656090042,1.2487906286505819,-14.583918852244018,-125.53931237822741,32.12784785079967,-98.78743251076216,0.03596015956571108,-8.197579424829248,0.5293431526855151,-11.408431130561496,10.975970646640759,-81.45670440922174
2024-03-04,5.3235,-96.95055048995498,-93.35817302660456,-8.512731262533492,-0.8372930316282803,-98.74422558383903,1.7936750938840476,-14.435607212933634,-125.78300871771086,32.424835691106296,-99.90775691175031,-0.02026567736823892,-8.492465585165254,0.1467246287372267,-11.811428754835049,10.974135723206768,-84.89143661859495
2024-03-05,5.32175,-96.8026916787274,-93.78564488192208,-7.9885716433893075,-1.6898314393129918,-98.69924354079433,1.8965518620669286,-14.16398185654737,-125.47178647189116,31.686141589969083,-100.37690784171551,-0.05858128458361511,-7.929990358805693,0.21245103365530188,-11.69764364720163,10.00781220788864,-87.02833593151107
2024-03-06,5.318,-95.89512983083524,-92.68722612786706,-8.379186101726283,-1.6551290379967074,-98.61655944788697,2.721429617051726,-13.648537633589658,-124.97135036911845,32.28412424125139,-101.01269736238658,-0.09773092982402032,-8.281455171902262,0.18876222431108758,-11.444845422889387,9.78971638489268,-90.04663285829359
2024-03-07,5.3175,-95.83422068722984,-91.6635495579182,-8.7963777442409,-0.8220946148687698,-98.58043212704297,2.7462114398131234,-13.19133660730787,-124.77841539474593,33.11486583682773,-101.28098410817563,-0.1419032302601233,-8.654474513980777,0.04835479779150681,-11.43914473625108,10.617050121382311,-92.416882577834
2024-03-08,5.32335,-95.4588219096362,-92.13670784025808,-8.260859588334666,-2.0566229428624925,-98.63494497146357,3.1761230618273686,-12.941061816529402,-125.22471177326565,33.08800393300757,-101.54969770023723,-0.18829410240133648,-8.07256548593333,-0.10049002894619369,-12.029311891747511,9.972688948885018,-94.9977331249018
2024-03-11,5.32725,-98.0414614591689,-91.9553383139075,-9.620891077768452,-1.2260711775202575,-98.65214945206435,0.6106879928954498,-12.482825598185915,-125.46060957035877,33.505271256451266,-101.51888175157143,-0.22902418590533413,-9.391866891863117,-0.1402443878600155,-12.43337643768973,11.207305260169473,-97.07082797100736
2024-03-12,5.32737,-100.07691095934796,-93.60193499221474,-10.656337741040462,-1.6566714157934166,-98.63567104121124,-1.4412399181367164,-12.10867912072478,-125.3187833407203,31.716848348505565,-101.6890365005656,-0.2843653047599597,-10.371972436280501,-0.39481191031136953,-12.508149810231316,10.8514783944379,-99.97873970800403
2024-03-13,5.327,-99.3372914951638,-94.77649542913431,-9.197897360663353,-5.598611544338164,-98.63357282353596,-0.7037186716278399,-11.996698150713586,-125.1425249729507,30.36602954381638,-102.00524528554101,-0.3532916091787648,-8.844605751484588,-0.8828359472413593,-12.54561429042269,6.947002746084527,-103.12391066118889
2024-03-14,5.32705,-99.89871380405935,-95.09648666835932,-9.712374953172056,-4.029512146964997,-98.63193596725117,-1.2667778368081883,-11.848974563279256,-125.01330385993515,29.91681719157583,-102.28995875114455,-0.4091450020740366,-9.303229951098018,-1.2400990639119405,-12.627284961511009,8.597772814546012,-106.01824006646167
2024-03-15,5.3285,-100.19017579665062,-94.89059789017335,-9.740711535785096,-3.970317903355142,-98.63305985964307,-1.557115937007552,-11.294490532692919,-125.03253100449507,30.141933114321716,-102.61412813145793,-0.45181430932787414,-9.288897226457221,-1.157558278204902,-12.887612565963423,8.917294662608281,-109.72178276001034
2024-03-18,5.32915,-99.9833361106478,-96.25638547287434,-8.794830491214848,-3.9940408909912666,-98.63764437586522,-1.3456917347825765,-11.045413735688104,-124.97621320057624,28.719827727701897,-103.09576607122843,-0.5035017841609095,-8.291328707053939,-1.3295997094748429,-13.082811012819434,9.088770121828167,-113.80774696708296
2024-03-19,5.3302,-99.64821861428722,-96.3282868014186,-8.806121644981836,-3.2109428933802877,-98.6375746445436,-1.0106439697436116,-10.610242947396294,-124.96639078388046,28.638103982461857,-103.51539150641634,-0.541070032303546,-8.26505161267829,-1.2588204439974686,-13.32505769823831,10.114114804858023,-117.80854282049242
2024-03-20,5.32945,-97.87823764287292,-93.81449746700936,-8.690123902872275,-3.5180436550143432,-98.61302793746984,0.7347902945969196,-10.078379457249053,-124.77075151993984,30.956254052930475,-103.93506878443668,-0.5717600914036032,-8.118363811468672,-1.077363000354676,-13.35971364154716,9.841669986532816,-122.05981045792169
2024-03-21,5.3298,-99.93902802418792,-97.39852972675858,-10.085589984093524,-3.2331462149957844,-98.603926024244,-1.335101999943916,-9.846687556829739,-124.68594306282125,27.28741333606267,-104.54200311043243,-0.6179162484007517,-9.467673735692772,-1.2714062461547038,-13.5348778894828,10.301731674487016,-126.5669670256334
2024-03-22,5.33105,-99.74878084823364,-97.6764356612207,-9.23599822668834,-3.647667721788468,-98.60552820500226,-1.1432526432313779,-9.41513841388335,-124.70704760860332,27.030611947382624,-105.01489256668485,-0.6728229132714905,-8.56317531341685,-1.4962360114013222,-13.83962725324011,10.191959531451642,-131.52188129643878
2024-03-25,5.33193,-100.3761804561118,-98.44672938088031,-10.590147479313424,-3.646175162256372,-98.59984367173433,-1.7763367843774631,-8.935282335396149,-124.70725120318696,26.260521822306643,-105.86826843703844,-0.7336929955757654,-9.856454483737659,-1.9793713933941828,-14.131318560064074,10.485143397807702,-137.07646997794467
2024-03-26,5.3283,-100.9730126675234,-99.3649638319704,-10.556269506148922,-3.271274529447244,-98.5596360894229,-2.413376578100511,-8.483161420253175,-124.22150500273244,24.856541170762043,-106.47472004186609,-0.7900373822149049,-9.766232123934017,-2.466780820963786,-13.792230660389805,10.520956130942562,-142.90884179756722
2024-03-27,5.328,-100.69300479772512,-98.58492096978438,-10.934986946357675,-2.434195579502361,-98.55223291666067,-2.1407718810644525,-8.001355218516032,-124.08974157447165,25.504820604687268,-106.95424114179903,-0.8513128104265935,-10.083674135931082,-2.960273043317221,-13.89574575282802,11.461550173325659,-148.75471574280505
2024-03-28,5.323,-94.17589366196236,-97.34367927060283,-4.48456636485535,-1.20177381815422,-98.5098824901467,4.3339888281843315,-7.551664724255332,-123.45807571733286,26.114396446730026,-107.75037585902821,-0.8948026055045304,-3.58976375935082,-3.3757708890376223,-13.259115267475863,12.057341449321644,-154.61930579632354
2024-03-29,5.323,-94.17589366196236,-97.34367927060283,-4.48456636485535,-1.20177381815422,-98.47705567265005,4.30116201068769,-7.051435791362859,-123.35885561995747,26.015176349354633,-108.57355299576582,-0.9175312091484145,-3.567035155706936,-3.616439466983773,-13.358181011574743,12.156407193420524,-160.63896244547138
2024-04-01,5.32645,-90.60867711331454,-97.67104392406416,0.8883203638552131,-1.9932866106961984,-98.46573063586905,7.857053522554509,-6.505795930135597,-123.63589924479999,25.964855320735822,-109.31818890512994,-0.9505962022507433,1.8389165661059563,-3.7614353726832386,-14.055711253103937,12.062424642407738,-167.45644853911799
2024-04-02,5.324,-90.324334515734,-95.63484321623802,0.8769352865597307,1.530157491460319,-98.39459361582877,8.070259100094773,-5.767709010735211,-123.2613683035654,27.62652508732738,-109.83351458024384,-0.9340851162984123,1.811020402858143,-3.808132296752453,-13.76471038103557,15.294867872495889,-174.28457187792975
2024-04-03,5.32325,-90.8695652173917,-96.01871813171957,-0.8695652173924907,-0.3678878089355442,-98.34106415841356,7.4714989410218635,-5.24121770398669,-123.06834098378465,27.049622852065085,-110.56086982024773,-0.9251676496260828,0.05560243223359207,-3.9080088602509098,-13.719834992417418,13.351947183481874,-181.12688846538543
2024-04-04,5.316,-91.22892786367208,-98.08984881530472,-0.4365020471961893,0.371552457634185,-98.26257616407437,7.033648300402291,-4.805354498746643,-122.14886472095418,24.05901590564946,-111.04009048962894,-0.9000420957124646,0.46354004851627534,-4.156487771842183,-12.436842008908684,12.808394466542868,-187.70368486391334
2024-04-05,5.31985,-90.9968880781192,-99.72448381660918,1.9519148015300538e-12,-0.3639579701340538,-98.24219694779562,7.245308869676421,-4.373469565434554,-122.4754059410916,22.750922124482415,-111.52264459398614,-0.9179646229591434,0.9179646229610953,-4.4023102153824265,-13.211395778019323,12.84743780788527,-194.42521429962588
2024-04-08,5.32105,-91.06338952471827,-99.10055474767051,0.4275276503484534,1.077179942909504,-98.20541930818192,7.1420297834636415,-3.840502588311794,-122.51072244051863,23.41016769284812,-111.83362523676715,-0.9222962877034284,1.3498239380518817,-4.594224647869622,-13.503094259872341,14.580274202781846,-201.3644797258071
2024-04-09,5.32,-91.38125961628371,-98.39443023586156,0.0,1.0656436487651555,-98.16164496969638,6.780385353412669,-3.3461755433039126,-122.28965552497743,23.89522528911587,-112.0892647831486,-0.9147213521205444,0.9147213521205444,-4.8361949777108855,-13.322265577333383,14.387909226098538,-208.22825176412385
2024-04-10,5.321,-92.97184281331862,-99.47008920105436,1.2853250158531213,1.4312243050516265,-98.12781007771048,5.155967264391862,-2.901015588929021,-122.2955775897974,22.82548838874304,-112.30701332359106,-0.9181220522110003,2.2034470680641216,-5.033398755475926,-13.559647042140796,14.990871347192423,-215.0471167142892
2024-04-11,5.3195,-92.30691416721498,-97.38536125750204,1.2644782762639803,2.1094302077425495,-98.09522807856335,5.788313911348368,-2.4896160627473263,-122.01854908824532,24.63318783074328,-111.95433461117207,-0.9031038738109274,2.1675821500749075,-5.268975566824181,-13.237279550432731,15.346709758175281,-221.21544670432826
2024-04-12,5.3174,-94.69495002922012,-99.3639986655813,-0.4265538289619975,4.663292356145726,-98.06009602269452,3.3651459934743997,-2.1141162163978047,-121.66640125584433,22.30240259026303,-111.39538069783185,-0.8861609611682759,0.4596071322062784,-5.669393669054466,-12.774971462892609,17.438263819038333,-228.51092521791816
2024-04-15,5.3164,-92.72701335101122,-95.24799113327865,0.8391584918655032,4.848988639510873,-98.03977030878679,5.312756957775562,-1.74811712737674,-121.44576553799675,26.197774404718103,-110.31466040524248,-0.8818268576314026,1.7209853494969058,-6.0681591380523905,-12.531832875700502,17.380821515211373,-235.97596900944893
2024-04-16,5.3196,-93.1641829878837,-98.90774540150096,0.4196584819289342,2.1346995410396796,-98.01855584866904,4.8543728607853325,-1.3675035988697983,-121.67913152208746,22.7713861205865,-110.16976437029291,-0.8953763038803544,1.3150347858092886,-6.333283215696966,-13.259801733597214,15.394501274636895,-243.08406942676834
2024-04-17,5.31765,-93.6036119982038,-98.854492564654,0.8470915112971209,1.771585888256355,-97.99256031006665,4.388948311862848,-1.139175058500221,-121.36016942093585,22.505676856281852,-110.07908286384475,-0.8803245131704642,1.7274160244675851,-6.940330411661755,-12.757815930712013,14.529401818968369,-250.86679333844367
2024-04-18,5.31755,-92.89461295312356,-100.1961436876434,0.8406752303461601,-0.3540499776952841,-97.97221714772144,5.077604194597882,-0.9687286158500017,-121.24529453129793,21.04915084365453,-109.01828049110827,-0.871940689004191,1.712615919350351,-7.248797470496578,-12.667016806573884,12.312966828878599,-252.03538058342644
2024-04-19,5.31495,-93.2301530563174,-98.99264526473524,-0.4180724352278466,-0.6971313046808504,-97.94682443120611,4.716671374888705,-0.5785108756663657,-120.86689892216276,21.874253657427516,-107.7496507904797,-0.8452280021025089,0.42715556687466233,-7.541006342091757,-11.955375597708553,11.258244293027703,-253.5664331466283
2024-04-22,5.3159,-93.24109483091917,-101.48364679278576,-0.4296824646582264,1.1030831173129314,-97.92681906917915,4.685724238259979,-0.07498513823436204,-120.8728342919186,19.38918749913283,-106.23583142767748,-0.8500637336119468,0.42038126895372036,-7.843819813750184,-12.143359512918323,13.246442630231254,-255.2323801088034
2024-04-23,5.318,-93.02245458695408,-101.07372522595227,-1.7226380479049974,-0.3662091493711364,-97.90532549132915,4.882870904375068,0.4667150132573612,-121.00718527128629,19.933460045334016,-104.74903087250547,-0.8650831338496019,-0.8575549140553955,-8.23207793146377,-12.621819318063672,12.255610168692535,-256.98214583530444
2024-04-24,5.318,-94.55264509945336,-101.61030240109557,-1.7269889515885748,1.47261307827724,-97.883099690822,3.3304545913686354,0.7813113565634411,-120.91629160758407,19.305989206488505,-103.18064421921395,-0.8691982439632184,-0.8577907076253564,-8.661480393171505,-12.567136365948954,14.039749444226194,-258.14017584170347
2024-04-25,5.315,-94.32101729504473,-102.0631333381926,-1.2861956903877534,1.4580447619759744,-97.87103596133316,3.5500186662884374,0.9803733824110354,-120.52492561839813,18.46179228020553,-101.45919285927289,-0.8457494862085468,-0.44044620417920655,-9.106375216602572,-11.72726465271262,13.185309414688595,-258.8802507641841
2024-04-26,5.31312,-94.526852469676,-104.02193649883526,-0.8554466286879484,1.1027060406237323,-97.85897990268504,3.3321274330090347,1.3302540541963799,-120.26105734313217,16.239120844296906,-99.79775292188529,-0.8288474172183342,-0.026599211469614192,-9.43243228266892,-11.179240966171164,12.281947006794898,-259.4015811888438
2024-04-29,5.3175,-94.61993612084107,-105.7366751526178,1.284433521999231,-1.842102354574863,-97.83887864827508,3.2189425274340095,1.731674013417626,-120.62821451968813,14.891539367070322,-98.29376774364579,-0.8700965952964808,2.154530117295712,-9.643557733922764,-12.260996947742797,10.418894593167934,-260.02347652682647
2024-04-30,5.3225,-95.3526517222514,-100.02205809646298,1.9890534757199087e-12,6.8456161434830225,-97.81440747148929,2.461755749237895,2.070021564627795,-121.05101734602391,21.028959249560927,-97.72076177544017,-0.9105973438148638,0.9105973438168529,-10.05101512598241,-13.51905953071514,20.36467567419816,-260.9465072342806
2024-05-01,5.3242,-94.41445791443245,-105.06172376270968,0.4311162461842291,44.27601215714311,-97.79755297178029,3.3830950573478447,2.4602545561556366,-121.11591073410398,16.0541869713943,-96.606464592935,-0.9253040966929333,1.3564203428771624,-10.353331919529648,-13.873582496886684,58.14959465402979,-261.4330503352061
2024-05-02,5.3219,-95.49315704717796,-104.93651340938776,0.0,43.09892515028349,-97.78697331148526,2.2938162643072957,2.8477142587194213,-120.81718312868406,15.880669719296307,-95.002210078882,-0.8959727906469936,0.8959727906469936,-10.641314029680107,-13.006456297865498,56.10538144814899,-260.7074364489172
2024-05-03,5.3209,-95.57986566684336,-106.17709737418768,0.4344539348488929,38.78099655865644,-97.77933132728259,2.1994656604392304,3.1762667406767284,-120.64986117330494,14.47276379911726,-93.28785761443228,-0.8814298978181796,1.3158838326670725,-10.874822229972548,-12.493308889220543,51.27430544787698,-260.30945002198496
2024-05-06,5.321,-95.52619009711948,-103.4815718996516,1.290894460770695,39.71651879247272,-97.7691002540019,2.2429101568824166,3.759320288391987,-120.59428075531014,17.11270885565854,-91.54408317169829,-0.8766304577054456,2.1675249184761407,-10.811740880453108,-12.290406189313671,52.00692498178639,-260.799025669202
2024-05-07,5.322,-96.79789118879953,-105.35241668165548,0.4321334428067458,35.973995940078524,-97.75561231075287,0.957721121953341,4.391516023438209,-120.61000508426145,15.257588402605961,-89.89798484758944,-0.8777853065567953,1.3099187493635411,-10.709793154116959,-12.318630857968401,48.292626798046925,-260.0875236935336
2024-05-08,5.32095,-97.45111202546722,-106.10584240721197,0.0,36.58822151972889,-97.75657516770262,0.3054631422353964,5.052335250350813,-120.44920022404784,14.343357816835876,-88.07101893004378,-0.8606211811326006,0.8606211811326006,-10.780793640344534,-11.82999105142153,48.41821257115042,-259.9123492859626
2024-05-09,5.32085,-95.46824189265637,-103.11753986976169,1.9381218792176042e-12,37.07993728193355,-97.75772950186595,2.289487609209587,5.803286542512622,-120.38123136834287,17.26369149858118,-86.29139249995043,-0.8565443710145999,0.856544371016538,-10.468186846274728,-11.589811726462813,48.669749008396366,-259.31285435816073
2024-05-10,5.3198,-96.16606651133158,-103.9619066542714,1.9264874004933877e-12,39.03006734460817,-97.7582794122508,1.5922129009192219,6.772857586375592,-120.22325879258642,16.26135213831502,-84.30514342084352,-0.8436792135806073,0.8436792135825337,-10.06371422179754,-11.103966972409125,50.134034317017296,-258.6381644699351
2024-05-13,5.3201,-97.16134776057996,-103.895182880343,-0.4280235584143195,38.65042639575971,-97.75360456539278,0.5922568048128198,7.4359932548954975,-120.1871148386125,16.2919319582695,-82.6719348854705,-0.8452911421118969,0.41726758369757744,-9.713336099110851,-10.969760889855479,49.62018728561519,-256.9440586529255
2024-05-14,5.32,-95.83905823282916,-102.02869382307038,-1.272199888045253,39.48370685618954,-97.75658576693445,1.9175275341052895,7.8195532179413005,-120.12671437856193,18.098020555491544,-80.97036939511196,-0.8475239599730031,-0.42467592807224985,-9.316402472763517,-10.74390011340688,50.22760696959642,-254.9830597674864
2024-05-15,5.3197,-95.13870552684556,-97.0549877164782,-1.2573397206179708,38.41759930443951,-97.75453354379009,2.6158280169445334,8.151256030606588,-120.04714775566242,22.992160039184228,-78.9120064345376,-0.8509912026753526,-0.4063485179426183,-8.97792490639645,-10.473683799560604,48.89128310400012,-252.41095187353548
2024-05-16,5.319,-95.9248756763132,-100.42061699508956,-0.4207231389327255,33.47353899836478,-97.75302110614913,1.8281454298359279,8.486306861129776,-119.91770023372305,19.497083238633493,-76.76548843359352,-0.8513189868356648,0.43059584790293925,-8.622611952519097,-10.113027962780961,43.58656696114574,-249.78780224838528
2024-05-17,5.319,-95.22942009423572,-99.06963452195762,0.0,34.61086590670886,-97.74826852491805,2.5188484306823256,8.692262145610641,-119.86350924536299,20.793874723405366,-74.77668354309425,-0.8534691194722797,0.8534691194722797,-8.38035284439384,-9.956611460144813,44.56747736685367,-247.43181371860726
2024-05-20,5.3211,-95.65787466344436,-105.26646556058348,0.8246368505480655,34.25087983911345,-97.7268948158613,2.0690201524169396,9.689680225437671,-119.94653394987347,14.680068389289985,-72.62848868198424,-0.8748018253110246,1.69943867585909,-7.438090457805691,-10.298723897326,44.54960373643945,-245.20851828898418
2024-05-21,5.3212,-95.82619111542438,-104.45334000500252,1.878306317037914e-12,34.400800600452385,-97.71756831607115,1.8913772006467724,9.78364748195855,-119.90830681240487,15.454966807402357,-70.29914866196864,-0.8633736557559999,0.8633736557578782,-7.999955350685323,-10.141403564489565,44.54220416494195,-243.41268971762457
2024-05-22,5.3226,-95.8446308090032,-107.82651622919003,1.261113563279049,35.400874304162286,-97.69502710517577,1.850396296172562,9.722380240218262,-119.95721087488116,12.130694645691122,-67.94612909129701,-0.866684133203556,2.127797696482605,-8.5110771638251,-10.308393111974738,45.709267416137024,-240.52961482630695
2024-05-23,5.3258,-96.5967878348152,-107.52081556529788,2.146595285218116,39.49066991441468,-97.65576002713829,1.0589721923230826,9.705423148993855,-120.12654853617147,12.60573297087359,-65.57325938045972,-0.8832896234333703,3.029884908651486,-9.109121039698113,-10.88256317544733,50.37323308986201,-238.20570782398624
2024-05-24,5.325,-95.97957006294412,-108.38675566717431,2.570881340971318,37.67100654285694,-97.65902931642277,1.6794592534786545,9.77321522738377,-120.02624611153064,11.639490444356326,-62.92522563295565,-0.860925451231509,3.431806792202827,-9.635391856067406,-10.476232827977128,48.147239370834065,-235.6132034774888
2024-05-27,5.325,-95.2798206697665,-103.69574151939646,2.5521380536540623,36.0405930890562,-97.65087007733095,2.371049407564456,9.635938702346941,-119.98747126666944,16.29172974727298,-60.37615254315817,-0.8440100613562507,3.396148115010313,-9.963724221945535,-10.273951120756237,46.31454420981244,-233.31897844567055
2024-05-28,5.32705,-96.55657241107768,-106.52712236602304,1.6939749545787557,37.06645485835312,-97.62086740396498,1.064294992887298,9.719426615969525,-120.04845334220641,13.521330976183378,-56.9844343273018,-0.8482251247336592,2.5422000793124147,-10.40920895283157,-10.552214895364614,47.61866975371773,-231.63014851445098
2024-05-29,5.32725,-97.94193625647996,-107.26795096322353,0.8553880895754628,35.65173880410221,-97.61382609474799,-0.3281101617319706,9.644434362028077,-120.01415951943943,12.746208556215905,-53.524462927900835,-0.8373960493839121,1.6927841389593747,-10.758438305410545,-10.394828591037822,46.04656739514003,-229.34931211305422
2024-05-30,5.3281,-100.72255630433536,-108.42646888994422,-3.414323942518692,37.21145086163745,-97.60684276258417,-3.115713541751191,9.515046163207092,-120.0102586622323,11.583789772288085,-49.6878777400685,-0.8380359074484787,-2.5762880350702133,-11.29158754857297,-10.390677052370165,47.60212791400762,-226.56148606879674
2024-05-31,5.3279,-98.39601603554328,-107.53642919860636,-0.8593538518399747,39.462909797654255,-97.62270419768547,-0.7733118378578183,9.318472779224251,-119.94120715885313,12.404777960246776,-45.536048786560755,-0.8484164478521592,-0.010937403987815508,-11.974053319183081,-10.133944079216917,49.59685387687117,-224.4289648501819
2024-06-03,5.32715,-96.56492608741812,-106.7197662576825,1.2761884504952967,40.01991234663137,-97.63301914949801,1.068093062079896,9.315588435298526,-119.83922026338347,13.119454005700973,-40.56520375094155,-0.8419519219406055,2.118140372435902,-12.813745611228356,-9.748108668179839,49.76802101481121,-222.81825356315701
2024-06-04,5.3299,-95.83113093626469,-107.8050153062774,2.148680065837511,43.054204226093034,-97.6021007151314,1.7709697788667143,9.44405863811822,-119.8568576062,12.051842299922598,-34.093462624427154,-0.8736954596037521,3.022375525441263,-13.750962230122923,-10.136710676239545,53.19091490233258,-220.71062056541803
2024-06-05,5.3284,-95.95299152556726,-107.29113215468554,1.2737122768888385,40.31747512645101,-97.6080365021884,1.6550449766211415,9.597440819839788,-119.72298071286124,12.431848558175702,-26.60189436538316,-0.8436914570672087,2.1174037339560474,-14.615411252673958,-9.568985250047035,49.88646037649804,-218.6457011605021
2024-06-06,5.32695,-95.95717279866555,-105.66640063846754,0.841729585954365,37.66959297685622,-97.61482368042155,1.6576508817559983,9.636483169574268,-119.60929645784435,13.942895819376815,-18.256359774450956,-0.8162995404697,1.658029126424065,-15.65639423517543,-9.034292615126333,46.703885591982555,-216.434290126997
2024-06-07,5.3305,-98.52732171350308,-110.10873666517956,0.4359616005038138,41.50516241896279,-97.57504981326429,-0.9522719002387987,9.404467046228483,-119.56191853395441,9.453181868774848,-9.418223327301448,-0.8722421981005652,1.308203798604379,-16.86670238611257,-9.58016124392816,51.08532366289095,-212.129788138783
2024-06-10,5.33,-97.7982413625974,-107.91729702471054,0.432735581252007,42.69625147083506,-97.5860962543344,-0.2121451082630017,8.978459672902037,-119.46408001540819,11.54678299069765,0.4078387325033761,-0.864717945897354,1.297453527149361,-18.068154931373826,-9.226491544697865,51.92274301553292,-206.4914214134324
2024-06-11,5.3315,-97.10791062619496,-108.27686085910912,0.0,42.012788282874034,-97.57669552443141,0.46878489823645,8.524252230933987,-119.3279842482397,11.05112338913058,12.829815064685874,-0.8936150655338224,0.8936150655338224,-19.1099301967217,-9.261507443720348,51.27429572659438,-198.54562999786594
2024-06-12,5.3325,-97.63524847525493,-108.99549216174448,-0.8602224535256996,37.67745408060228,-97.56900814724855,-0.0662403280063728,8.177457649685131,-119.12461641387668,10.1291242521322,30.53446886286089,-0.9200551429293995,0.0598326894036999,-20.476860406017025,-9.154320110772574,46.831774191374855,-187.5805401203753
2024-06-13,5.3326,-98.08133807248431,-108.7451841418456,-0.4339882215592721,41.42673681594013,-97.57177915622198,-0.5095589162623355,7.762093609185635,-118.90664296378799,10.16145882194239,52.13560800078689,-0.9349002809426992,0.5009120593834271,-22.11532338497016,-8.87788697481676,50.30462379075689,-175.4007198664716
2024-06-14,5.3376,-97.72657134039788,-107.59782774196748,-0.8572506257941264,37.21937437615354,-97.54212546940708,-0.18444587099079968,7.202908324978058,-118.2486461556029,10.65081841363542,80.43599169037188,-1.0621823802964627,0.20493175450233636,-23.61881506148189,-9.331660396762572,46.55103477291611,-158.5935791122031
2024-06-17,5.344,-98.31230542356298,-107.924290092347,-0.4311943220347362,38.011070724347896,-97.50783847993398,-0.8044669436289951,6.624557827497394,-117.00318283501974,9.07889274267275,116.38405993706147,-1.2461788566725716,0.8149845346378354,-25.388304474267315,-9.794592575425327,47.80566329977322,-140.10716844001027
2024-06-18,5.34395,-97.0181930576181,-108.00379198266492,0.8585680801570873,37.91982665222165,-97.51330113558288,0.4951080779647725,6.538912331378565,-116.29424618604992,8.290454203384996,153.32559436989052,-1.2512225754115036,2.109790655568591,-25.932025209582093,-9.181480667005076,47.10130731922673,-118.52276243953705
2024-06-19,5.3447,-97.07236616040096,-107.08758690375848,0.8590474881463166,37.59814963392222,-97.51380969318811,0.4414435327871473,6.117754861651047,-115.44125550726972,8.353668603511238,192.00628112576283,-1.281703312236317,2.1407508003826337,-27.06255588365837,-8.582378699668254,46.18052833359047,-92.19838390491199
2024-06-20,5.345,-96.6064853458986,-106.36014129310452,0.4237126550235554,36.10390117288911,-97.51839897903571,0.9119136331371038,5.657422484662405,-115.13432606130459,8.774184768200072,203.61137257285276,-1.2981470157208719,1.7218596707444274,-28.044353854151588,-8.427488899985633,44.53139007287474,-93.5419106487277
2024-06-21,5.34475,-97.76139329365571,-110.98253378538394,0.4306669308067007,36.8813908006313,-97.52256397267713,-0.23882932097858145,5.27743107801026,-114.85875304137858,3.8762192559946413,219.60753173831205,-1.3088354693364863,1.739502400143187,-29.458190975353986,-8.249306014498188,45.13069681512949,-95.99940634544483
2024-06-24,5.344,-97.65917803525038,-109.53124683069365,0.4283297282263457,38.200712629223055,-97.54920389027745,-0.10997414497292368,4.014872642641873,-114.63763554048387,5.106388709790224,241.1322625762925,-1.3030354649299056,1.7313651931562513,-30.86092256389224,-8.01081146047784,46.211524089700895,-97.98458212302134
2024-06-25,5.3448,-97.86085651960158,-112.41396008439791,2.155525474000052,37.01013455086153,-97.5883511207906,-0.2725053988109778,1.5855344575325105,-114.15156189344543,1.7376018090475185,256.8154142264216,-1.3630344946189723,3.5185599686190243,-33.36022329771359,-7.850277601559185,44.860412152420714,-96.14167233539955
2024-06-26,5.3435,-98.77166341053886,-113.30066381677284,0.4351174599559413,33.71216070621686,-97.61790966842044,-1.1537537421184254,-0.09627134763492151,-114.19617754856245,0.895513731789606,274.83286919570463,-1.3243522525981746,1.7594697125541159,-34.67809756112082,-7.477603959779799,41.189764665996655,-93.25928224188806
2024-06-27,5.3378,-97.51990136313178,-116.66678172266477,1.7184123588201217,31.06511939360882,-97.64334370820687,0.123442345075091,-2.2922141922023442,-115.62374648016907,-1.0430352424956908,289.10225837969085,-1.130725151030333,2.849137509850455,-35.94676251708042,-6.773150916928898,37.83827031053772,-94.67932594282814
2024-06-28,5.33435,-98.4205436768028,-110.83317034337708,0.8595680670455275,36.71563228093268,-97.64772569146821,-0.7728179853345836,-4.475275894983543,-116.51282847711968,5.679658133742606,308.3097762574016,-1.0032433662507856,1.862811433296313,-37.46272382723784,-6.2960353091363,43.01166759006898,-97.03465926116601
2024-07-01,5.3347,-98.63201681032632,-146.34676373316702,1.7153394227886742,-2.037309935960635,-97.65861811574283,-0.9733986945834943,-5.4647111134175645,-116.17245284392948,-30.174310889237546,342.34205269445454,-1.022253310683027,2.7375927334717014,-39.71035127150908,-6.17130012588882,4.133990189928185,-100.7933233950669
2024-07-02,5.3333,-98.73532921793031,-146.9841162325998,2.14642020038979,-0.3386730788761707,-97.65850581087219,-1.0768234070581286,-6.256300378194233,-116.64007463969824,-30.34404159290156,375.17401416953874,-0.9605512418929436,3.1069714422827337,-41.01352742138198,-6.028851778837293,5.690178699961122,-104.60514583001378
2024-07-03,5.32603,-98.46362787539182,-148.52118148108175,2.1220609455922874,-1.9671679666380708,-97.61640386004376,-0.8472240153480612,-6.604835979146841,-119.59047334428442,-28.930708136797335,403.0266705621542,-0.6504676400149378,2.7725285856072253,-40.64534306930928,-5.235923450225641,3.2687554835875705,-107.06850340938237
2024-07-04,5.3287,-98.44315544259032,-149.02933542128028,2.121619729368117,-1.9738984824022936,-97.63629003721961,-0.8068654053707149,-7.527740475056637,-118.65078488766358,-30.378550533616703,423.7417579507992,-0.7482906717037565,2.8699104010718735,-40.54988784414908,-5.507248390194718,3.5333499077924246,-108.65214771620563
2024-07-05,5.3248,-97.81954384322158,-146.3852141324196,2.090161193231222,1.6015887760644003,-97.61947506388034,-0.2000687793412368,-5.756465407795929,-120.51487054684958,-25.870343585570026,440.7443084428538,-0.5951828418844229,2.685344035115645,-37.38936482558972,-5.048669720285488,6.650258496349888,-112.58020678075786
2024-07-08,5.3257,-99.61299292535809,-148.55315082208102,2.119425381390597,-3.2506159917309407,-97.63038237023486,-1.9826105551232303,-4.685753214536666,-120.28881042856074,-28.264340393520285,456.4658087515779,-0.6281538273670435,2.7475792087576405,-35.353620029994104,-5.142418022405423,1.8918020306744818,-108.80744957647812
2024-07-09,5.3282,-98.55800752086311,-147.7176806700858,2.9609701830314106,-0.9739627296917606,-97.64786786752533,-0.9101396533377795,-5.158469072627398,-119.24938780688626,-28.468292863199537,455.33891296080196,-0.7086768739542606,3.669647056985671,-34.65906653775035,-5.4306854170311,4.456722687339339,-102.08479313257145
2024-07-10,5.3284,-99.1034302438366,-147.97603826608412,2.1085836222092893,-2.920579702619042,-97.6510352969543,-1.4523949468822934,-5.526592309688842,-119.24444690787595,-28.731591358208163,448.6472981652771,-0.705066630062845,2.8136502522721343,-33.65673713890136,-5.460870042733973,2.5402903401149306,-95.23395472315292
2024-07-11,5.32653,-98.11714441849992,-146.198830409357,2.4839783397103834,-3.1782354436810354,-97.63799439132767,-0.47915002717225263,-6.491543490313866,-120.11436451449754,-26.08446589485945,439.147363081804,-0.6311202984474278,3.115098638157811,-33.63190790799257,-5.308631167492081,2.1303957238110454,-91.14954485303946
2024-07-12,5.3319,-98.69662399489177,-149.08163762443758,2.902841882201922,-4.2223557497111335,-97.6715081113386,-1.0251158835531697,-6.871610207275026,-117.7953002970512,-31.286337327386377,432.8461280912814,-0.8048417230154143,3.7076836052173365,-33.161691439402944,-5.812917093113981,1.5905613434028476,-88.32968834944647
2024-07-15,5.34015,-99.08061446494403,-148.64604963343737,1.6513435744161091,-3.58575996922741,-97.73218058333424,-1.3484338816097932,-7.473954557943188,-114.36943254092103,-34.27661709251635,423.6245671738021,-1.0603481680712434,2.7116917424873526,-32.410783021213874,-6.536766634943547,2.951006665716137,-86.88731676268577
2024-07-16,5.3416,-98.01221507605996,-147.8475697955746,2.0250457660343124,-4.800245772586012,-97.75683686579757,-0.2553782102623927,-9.078578974373192,-114.05976901446775,-33.78780078110685,403.52258904647164,-1.0833214034524303,3.1083671694867427,-30.8534850109694,-6.631868241860332,1.8316224692743193,-83.09095498051857
2024-07-17,5.347,-99.23580297626106,-149.49261612078192,1.2201123316742266,-2.9700519759085187,-97.81579190934957,-1.420011066911485,-10.102869843815128,-112.31592695884342,-37.1766891619385,381.7995531918199,-1.2112832095975818,2.4313955412718085,-29.034803693182567,-7.037457834442705,4.067405858534187,-79.38664861678657
2024-07-18,5.3455,-99.7922358368646,-150.1697790023767,0.8179691462030613,-3.687204395147382,-97.81439196089875,-1.9778438759658599,-10.154500548162204,-113.40966995989743,-36.760109042479286,354.27203930559097,-1.1234896648620634,1.9414588110651247,-25.581355206667702,-6.849162358577189,3.161957963429807,-74.38923432092732
2024-07-19,5.3458,-99.54890600334087,-151.2507271669576,-0.4165226192604602,-2.737569722478568,-97.84870587467826,-1.7002001286626154,-12.305231129360017,-113.80004013510893,-37.45068703184867,327.76829747770455,-1.0951977315857278,0.6786751123252676,-22.629353208641923,-6.809585018066457,4.072015295587889,-69.05254024284886
2024-07-22,5.3475,-98.89050692859551,-149.35622317596523,-1.897476626734085e-12,-2.403433476394128,-97.90200573659057,-0.9885011920049465,-14.399986074610517,-113.81259610029042,-35.543627075674806,298.9061795039935,-1.1071007339467087,1.1071007339448113,-20.150580941209277,-6.841009064200534,4.437575587806407,-63.022614245941014
2024-07-23,5.3469,-98.35494098703464,-148.4065107372456,2.074998755000747,-1.0258514567091075,-97.91608417822162,-0.43885680881301425,-16.096786402583717,-114.55994002295097,-33.84657071429464,268.2950651107758,-1.0632780955419605,3.1382768505427077,-17.48212773281809,-6.713085959859825,5.687234503150718,-56.85619783774432
2024-07-24,5.3451,-99.6788589064524,-150.82069287579776,2.085331776285607,-4.151028244288169,-97.90055756146889,-1.778301344983518,-17.57749432229216,-115.52989709298686,-35.2907957828109,238.23422545219825,-0.9805415098708039,3.065873286156411,-13.76015032439861,-6.525449994930796,2.374421750642626,-51.275897591353065
2024-07-25,5.34365,-97.69259397097096,-147.58425049823072,0.8458233244251483,1.2757289185415737e-12,-97.90404650523143,0.2114525342604736,-20.048633432203623,-116.34339180884513,-31.24085868938559,206.0443677231573,-0.9127504960853017,1.75857382051045,-9.833332017616065,-6.403296347345503,6.403296347346778,-46.54094149615937
2024-07-26,5.3417,-98.44210138279732,-148.96618897220506,-0.4189025590753524,-2.506642602898198,-97.87078172899324,-0.5713196538040819,-21.73233971191055,-117.08831213416022,-31.87787683804484,178.16829375884035,-0.8664793746079056,0.4475768155325532,-6.477150242990075,-6.233674568470917,3.7270319655727193,-38.86677294435326
2024-07-29,5.34115,-100.66311829174688,-148.591076639258,-1.258288978647599,-1.7945782202818057,-97.86813030833797,-2.794987983408916,-23.216250895674264,-117.48941268953604,-31.101663949721967,153.56948482919063,-0.8483192452126005,-0.40996973343499854,-3.343692798254808,-6.160896528853584,4.3663183085717785,-31.687280663152933
2024-07-30,5.3421,-97.06402077336004,-147.95869838619393,0.4148035075780827,-4.2273913824628275,-97.91923452204081,0.855213748680768,-25.22471800253194,-117.70182488303521,-30.256873503158715,125.47501546951614,-0.8297227636473177,1.2445262712254004,0.6278111275378301,-6.104117088310531,1.8767257058477034,-21.74875234892159
2024-07-31,5.3501,-93.1524758947548,-147.89788495682075,3.677071416896699,-6.205505662525377,-98.12519751839136,4.972721623636559,-25.92632547218568,-117.25799099605592,-30.639893960764823,98.33758574895923,-0.7614041744862092,4.438475591382908,4.7017528204866235,-6.116464366939873,-0.08904129558550444,-10.74281863955819
2024-08-01,5.34145,-96.88258811410182,-147.94818307711208,-2.0439364581052493,-3.505881115571919,-97.8517817366009,0.9691936224990769,-23.863259069315344,-118.48433138874378,-29.463851688368294,68.08847303512914,-0.7400410385772958,-1.3038954195279535,10.914569772314174,-5.987545729900246,2.4816646143283267,-1.90424954015195
2024-08-02,5.3251,-92.09083020906664,-143.5589309411514,-4.911510944484672,-12.255030690098335,-97.45135313955271,5.36052293048607,-24.20024108227011,-119.53038056397315,-24.02855037717825,47.4001559815105,-0.9712083438114121,-3.9403026006732595,14.541249128786541,-6.07123486806573,-6.1837958220326055,8.742299381032938
2024-08-05,5.3059,-90.42678955861015,-142.6789906103284,-3.7332160826952614,-9.903169014084884,-96.9339623197834,6.507172761173251,-25.383973480680904,-120.2146609549792,-22.464329655349218,37.93544161777963,-1.4323569558307554,-2.300859126864506,19.986840263356562,-6.561874919542106,-3.3412940945427785,18.47815103014079
2024-08-06,5.3229,-93.273437565353,-143.4172589885935,-5.437464970176455,-12.229378673446403,-97.29939718621154,4.025959620858529,-30.451471460304514,-119.57859690304997,-23.83866208554352,40.02086522971881,-1.1801685873653867,-4.257296382811068,26.29025121900513,-6.409284799146008,-5.820093874300396,30.044721044480077
2024-08-07,5.3266,-92.74335688986582,-145.43678009733384,-4.196531985966797,-9.019335199834988,-97.39050451453701,4.647147624671192,-31.534932218029418,-119.40389245553632,-26.032887641797515,32.5277128870307,-1.1584317450400476,-3.0381002409267497,32.18925472632684,-6.424857648054086,-2.5944775517809013,40.2248804744473
2024-08-08,5.3385,-92.68680510642504,-143.76996805111722,-3.707472204257376,-13.433052570431125,-97.7534017099291,5.066596603504053,-31.00886546860883,-119.08426286222215,-24.68570518889507,28.62278802525663,-0.7937507705644578,-2.9137214336929183,37.20884129484082,-5.968919866009458,-7.464132704421667,48.187774916223006
2024-08-09,5.3408,-94.59881874866326,-143.4856077380253,-4.524291331457435,-12.017830089732294,-97.79075311264768,3.1919343639844158,-28.649781246865295,-119.18423687098466,-24.30137086704063,16.823808539944295,-0.7220226945018169,-3.802268636955618,41.60638725409497,-5.897720599318234,-6.120109490414061,55.253881404267574
2024-08-12,5.3372,-93.81697602005669,-143.32689970691249,-4.448218690605803,-10.722710701264416,-97.67078233950537,3.8538063194486796,-26.814398033328857,-119.37835811838687,-23.948541588525615,4.753742360853781,-0.9078375625605588,-3.5403811280452446,45.04222575845823,-6.1546542474386,-4.568056453825816,60.792271147413935
2024-08-13,5.3397,-92.89457885086604,-144.33019301470495,-3.650878644794216,-8.975758272057039,-97.71641567464967,4.821836823783627,-26.005457965146498,-119.44043256273928,-24.88976045196567,-3.1151536098270114,-0.8411421069152141,-2.809736537879002,45.56248739821616,-6.05135605890348,-2.9244022131535594,60.955547013520686
2024-08-14,5.34325,-92.3259186633164,-143.2773886517065,-4.085217639967912,-9.068189155173288,-97.7742756569596,5.448356993643202,-24.697295634008885,-119.5428732628306,-23.734515388875906,-10.219533668772177,-0.7346044321693626,-3.350613207798549,44.943089823446385,-5.883247400276844,-3.1849417548964443,60.273538799369945
2024-08-15,5.3435,-93.6180951566882,-144.59734928371415,-3.663316767001213,-11.63832323503109,-97.72904711665213,4.110951959963927,-22.69604398576223,-119.65697518978298,-24.94037409393117,-19.631631089809446,-0.7825510893019043,-2.8807656776993085,43.882658725377446,-5.93132389995543,-5.706999335075659,59.30808933091637
2024-08-16,5.3326,-92.9023408997579,-143.20566749369348,-3.1897799450567654,-11.042364722405312,-97.45954906825615,4.557208168498249,-21.311408807549974,-119.47900741293091,-23.72666008076257,-33.563561775683866,-1.304297018382556,-1.8854829266742095,44.486859347371706,-6.644457957246004,-4.397906765159307,59.41414738269922
2024-08-19,5.3098,-92.64139792675049,-145.33403057447717,-1.996581851871415,-12.903488695864858,-96.9574778355738,4.316079908823312,-21.124323912707496,-118.56824327756047,-26.7657872969167,-39.14038320344855,-2.3839485861409457,0.38736673426953083,45.58486804702825,-8.03446230654231,-4.869026389322549,59.62946240077001
2024-08-20,5.30745,-92.28358108027408,-147.42849378354543,-3.182192451042873,-11.889394659963362,-96.83055600388352,4.54697492360944,-23.715814236323496,-118.86141063108995,-28.56708315245548,-23.70494118919231,-2.5275079988648486,-0.6546844521780244,45.64517805710045,-8.340011976159872,-3.54938268380349,63.081335251633064
2024-08-21,5.3094,-93.1321043079572,-147.29729729729726,-4.776005349127077,-13.513513513513226,-96.80194620474441,3.6698418967872044,-26.565458869836057,-119.1896419847271,-28.10765531257016,-9.863131133437506,-2.5229087822692975,-2.2530965668577796,47.64377915861195,-8.007463150352578,-5.506050363160648,59.525305618622326
2024-08-22,5.2843,-93.36955428111406,-146.28003657000897,-4.427004728843764,-13.455003363750128,-96.03085468941839,2.661300408304328,-28.591421364920876,-119.46383524623499,-26.81620132377398,1.8047432232155103,-3.900141786877782,-0.526862941965982,50.51772693354036,-9.254136325178138,-4.200867038571991,56.95396311370327
2024-08-23,5.2697,-94.32497940372392,-146.23168330778748,-5.571939711614492,-12.744963224073308,-95.42177287794743,1.0967934742235173,-31.72957714995656,-121.34634454378588,-24.885338764001602,32.90539561276566,-4.754196762657557,-0.8177429489569352,51.68459331780879,-10.141803734191114,-2.6031594898821933,60.19636760512945
2024-08-26,5.2534,-94.51833377680062,-149.14691974825536,-5.162766130664555,-15.717276296339897,-94.7883824988547,0.27004872205408503,-33.25319683406295,-124.44558102698323,-24.701338721272123,66.952012557666,-5.78421216150889,0.6214460308443348,53.53814107655491,-11.06486158349935,-4.652414712840546,61.43825567113977
2024-08-27,5.2474,-93.4786741872105,-148.7871842859376,-5.149249001838607,-16.012970506108186,-94.56400692943603,1.0853327422255319,-33.60873716938718,-127.93692013477266,-20.850264151164936,104.91623415984128,-6.109785250276616,0.9605362484380091,53.13047303983139,-11.692581432198779,-4.320389073909407,66.4353497987174
2024-08-28,5.2386,-93.8269830432682,-146.60088509855206,-5.190428849202798,-12.016465991684656,-94.1214290920465,0.2944460487782976,-35.31013661947914,-131.73834456291672,-14.862540535635333,137.20542680806656,-6.467894958501688,1.2774661092988904,51.48364640214305,-12.784848479287689,0.7683824876030325,73.73667740996036
2024-08-29,5.2073,-93.59879432061696,-146.83988334387118,-4.759260728169777,-11.556842670583237,-92.95431345184699,-0.6444808687699748,-35.93245768526012,-138.80277381673545,-8.037109527135726,160.57789565435138,-7.821835090566424,3.0625743623966466,49.03493199749927,-15.047906687738475,3.4910640171552387,74.75463759784742
2024-08-30,5.1912,-92.2748752691347,-142.73489764314164,-3.595125010484328,-7.621766379002194,-92.49072011466788,0.21584484553318362,-35.22978940835711,-143.3918955242989,0.6569978811572526,175.90990075838317,-7.8500010604259955,4.254876049941668,43.218698586716826,-15.816539641223585,8.194773262221391,73.10765733067603
2024-09-02,5.1912,-92.41811395033388,-144.33350849535788,-3.600705738323256,-7.707129094411794,-92.46077775522292,0.04266380488904531,-35.512464081026295,-143.07007786980716,-1.2634306255507113,174.59387245864042,-7.068421447910794,3.4677157095875377,37.26852171403113,-13.912729149815334,6.20560005540354,60.86068636923217
2024-09-03,5.1667,-93.46506692981367,-132.9863091842547,-5.214789142007461,-49.20136908157251,-91.58815576173424,-1.876911168079431,-35.55088317506187,-147.38245687341077,14.396147689156066,175.6429946900194,-7.369469473502988,2.154680331495528,33.27774329838972,-13.92167509687448,-35.27969398469803,52.886533482839305
2024-09-04,5.1484,-93.35983203244028,-131.21456587784743,-6.410975590211899,-50.222286670228094,-91.34582295630082,-2.014009076139459,-33.350293728466525,-147.3252422061131,16.11067632826567,158.33505155577805,-7.6309652377028385,1.21998964749094,31.122496947908086,-21.872387689456957,-28.349898980771137,92.13520919429152
2024-09-05,5.1242,-92.97668430839688,-129.06404282705762,-6.75471638137851,-48.919435587674464,-90.9895515555925,-1.987132752804385,-31.218259836195372,-147.52973748724924,18.465694660191616,141.23409265563902,-8.209732428811918,1.455016047433408,30.047125604666004,-29.850233082385103,-19.06920250528936,120.83785607480166
2024-09-06,5.1335,-92.49582567539936,-130.30248791838224,-6.80705210598107,-50.83228924288635,-91.65819861836957,-0.8376270570297919,-29.328576805889014,-142.65430420158805,12.351816283205807,123.63545525049928,-7.709544742707209,0.902492636726139,28.710162415353885,-32.0926824815233,-18.73960676136305,138.75258987946407
2024-09-09,5.1245,-93.36174083738156,-131.58869536687885,-7.580654170555287,-51.15378238122731,-91.53681374385448,-1.82492709352708,-28.657882790512062,-141.57966475849082,9.99096939161197,113.52168947936795,-7.902148972084319,0.321494801529032,28.21865301438362,-35.98290940242896,-15.17087297879835,152.31485366420006
2024-09-10,5.1033,-93.7724745999766,-129.56879645375784,-7.549478887284835,-51.40501163654447,-91.22554010070343,-2.5469344992731777,-27.36954919365649,-142.19063394448017,12.621837490722328,106.02071051400395,-8.5303791162967,0.9809002290118656,28.203559660403872,-41.23391084650427,-10.1711007900402,161.88802427845982
2024-09-11,5.1292,-93.16176704780749,-127.62841301391346,-5.971908144090198,-49.16832304634438,-92.27724081894499,-0.884526228862498,-25.68374914660989,-137.61059460155212,9.982181587638664,97.34130315953308,-7.744849994366035,1.7729418502758367,27.73947736938995,-38.108779512450724,-11.05954353389366,167.895405860981
2024-09-12,5.0587,-91.8722389460104,-129.8562210500956,-4.6913483717104585,-48.86342338483104,-90.59806679863699,-1.274172147373406,-25.214262935127607,-142.86548961502382,13.00926856492822,91.82828581670559,-9.524755444957975,4.833407073247517,26.951519021881136,-51.21876283572283,2.3553394508917904,173.11917113347408
2024-09-13,5.0295,-92.71831477673754,-126.9572577232322,-6.595026574075197,-50.131840229172944,-90.09390337398774,-2.6244114027498,-24.45538001721563,-143.09695797244495,16.13970024921275,84.02048605511803,-9.50855348928971,2.913526915214513,24.13017064418217,-55.68035458631505,5.548514357142103,171.59417542766468
2024-09-16,4.9652,-91.77331603709762,-125.27536175294334,-6.97012526864095,-51.73709745121547,-89.0327719418867,-2.7405440952109217,-23.021063655812974,-145.12708250197448,19.851720749031145,75.03116042904354,-10.51976677275654,3.5496415041155904,22.558068975696177,-65.41596094701356,13.67886349579809,168.40128303179455
2024-09-17,4.96255,-91.45748200038918,-124.75244944757112,-6.616073165986663,-50.81300813008091,-89.50877442666068,-1.9487075737284982,-21.539394736821073,-141.327433002563,16.574983554991874,64.36463743621825,-9.911510825375615,3.295437659388952,20.622165873013465,-63.04841391741468,12.235405787333768,161.08729997161197
2024-09-18,4.8616,-92.61755982039156,-125.65988058987011,-6.643453658002111,-50.86233261971007,-87.74535956000881,-4.872200260382755,-20.653128873037794,-144.2517223280036,18.591841738133496,56.97991610228176,-11.31772822886785,4.674274570865739,19.084988312361013,-76.64298873435405,25.780656114643982,155.69419335317997
2024-09-19,4.8574,-91.62111383440092,-123.75152253349582,-7.345152585878891,-49.695493300854494,-88.71990200157718,-2.9012118328237335,-18.312034155431157,-140.58662844957874,16.835105916082924,48.96404836105149,-10.395786426763166,3.0506338408842755,16.940460330690886,-71.85352346283776,22.158030161983262,144.3940888897024
2024-09-20,4.8556,-90.7745587135938,-122.52425627455744,-6.865302759850668,-49.71533958784645,-89.22677549936253,-1.5477832142312735,-17.089662514125834,-137.77032669863888,15.246070424081438,43.09679631518314,-9.885264070069368,3.0199613102187,15.79821114237828,-68.27629261432162,18.56095302647517,136.59445774770626
2024-09-23,4.8576,-90.9187741562437,-123.4756941842615,-7.608265619769318,-50.823768582438845,-89.50576199178302,-1.4130121644606817,-16.502800088469083,-135.42969921386035,11.954005029598846,38.58273884367387,-9.397693138935082,1.7894275191657645,14.828103874508871,-65.25304507251315,14.429276490074301,131.0549241273684
2024-09-24,4.85705,-90.32403748447555,-120.2548405688748,-7.903353279891269,-49.22348396342768,-89.70393393143621,-0.6201035530393426,-15.996098815931404,-133.99401242853253,13.73917185965773,35.781158016658466,-9.174161699319754,1.2708084194284845,14.340594505863471,-63.57449124415507,14.351007280727387,127.71306081726264
2024-09-25,4.84905,-90.33117667649016,-121.33976706537032,-7.903977959192549,-50.92497996007926,-89.69207854762308,-0.6390981288670758,-15.686054795122292,-132.87065100694068,11.530883941570352,33.13738497147155,-9.14872668280998,1.2447487236174304,14.060533478259043,-63.16784652265471,12.24286656257545,125.11154593038319
2024-09-26,4.847,-91.67857864525254,-123.68042975826124,-8.980758724433242,-51.84583671684799,-89.75914854507283,-1.91943010017971,-15.426517525456596,-131.89379035864283,8.213360600381591,31.27786357902195,-9.049221063293714,0.06846233886047237,13.80093014874319,-62.35129506020837,10.505458343360381,123.27457413812472
2024-09-27,4.84605,-89.53292403996527,-121.64409598479573,-7.523775129407221,-50.36825849370588,-89.9472598536461,0.41433581368083594,-14.94430432331578,-131.20699028719847,9.56289430240274,30.110407114808357,-9.060213762174484,1.536438632767264,13.814047857329948,-61.54441923610227,11.176160742396391,121.73676320732031
2024-09-30,4.8563,-88.43914400018289,-123.5578234567312,-5.313939982843911,-49.42312938269339,-90.07015316482857,1.6310091646456755,-14.947312057279728,-130.0951678650639,6.5373444083327,28.728240414296742,-8.785988729585128,3.4720487467412173,13.546810914026224,-59.357513289248004,9.934383906554615,120.1162007329786
2024-10-01,4.8576,-83.35742688389594,-125.25392531178431,-14.643872290412904,-48.63921465152981,-89.97378454269463,6.616357658798691,-15.130445377150599,-129.60996338016133,4.356038068377018,28.115613680067767,-8.49905698953048,-6.144815300882424,12.986955353556487,-58.49752850399773,9.858313852467916,119.01191349606637
2024-10-02,4.853,-83.87589376723191,-125.34753310400104,-14.668878282161858,-49.32221227400644,-89.4227696080153,5.546875840783386,-16.114437874619483,-129.4478109986521,4.100277894651057,27.772998288874057,-9.010221804261462,-5.658656477900395,13.952594341469577,-58.35832448163694,9.036112207630502,117.91305383208132
2024-10-03,4.8443,-84.34084242946842,-127.11996751725756,-13.931299865581098,-52.15979011150598,-88.90204759268508,4.5612051632166555,-16.864761876769414,-129.4573770167744,2.3374094995168235,27.557875512625365,-9.528758379102825,-4.402541486478272,14.779795368279622,-58.82119814918667,6.661408037680694,117.08334752665874
2024-10-04,4.8463,-86.29785951160551,-130.74615370281782,-12.812782634909691,-51.24255430157924,-88.64367904426013,2.345819532654616,-17.430236052076104,-129.307141587076,-1.439012115741832,27.613930020498245,-9.792767532075814,-3.0200151028338773,15.399316551456318,-58.229926857304804,6.987372555725564,116.69791085377338
2024-10-07,4.8263,-87.41424133142071,-132.23922991952156,-12.487748761630549,-50.497080637526814,-88.14760784965186,0.7333665182311506,-17.687307212676885,-129.98055951306168,-2.258670406459885,28.11519682845494,-10.295414698261155,-2.192334063369394,15.784162101636767,-60.14855419630885,9.651473558782037,116.20007154894131
2024-10-08,4.827,-86.96216001800165,-131.73211426782703,-12.586628423657244,-49.88864723509364,-88.1151377930498,1.152977775048143,-17.753867934621752,-130.11849256486948,-1.6136217029575448,28.69157711216898,-10.421965955767305,-2.164662467889938,16.05028415399457,-59.47811815000114,9.589470914907494,115.34636988264737
2024-10-09,4.82515,-87.43102344148518,-132.44815998688628,-11.887551432834814,-49.83198098516549,-88.0134900170353,0.5824665755501144,-17.853462831182277,-130.26605944983598,-2.182100537050303,29.152761550927167,-10.580402378615375,-1.3071490542194386,16.314190478934762,-59.11915018335617,9.287169198190682,114.53835192793406
2024-10-10,4.8033,-88.60191501821369,-133.17502085873906,-13.689566268906638,-51.66549001989875,-87.59149737296059,-1.0104176452530993,-17.878141810233565,-131.0497472664931,-2.1252735922459465,29.72120451162202,-11.01381376393185,-2.6757525049747883,16.463499832909136,-61.098327771446975,9.432837751548227,113.88350391004006
2024-10-11,4.7849,-88.08284304314793,-134.11753515432972,-13.551206622020914,-52.31535059211438,-87.32649803191337,-0.7563450112345578,-17.721959782361083,-131.7498169095402,-2.367718244789529,30.285559902829263,-11.477564533281182,-2.0736420887397315,16.76909536864411,-62.65981882584572,10.344468233731341,113.22279492936968
2024-10-14,4.7878,-88.35056295166429,-134.9436826483577,-13.214827791915544,-52.56713528344632,-87.42500181884105,-0.9255611328232334,-17.595598640482642,-131.82373060216628,-3.119952046191429,30.878449320185247,-11.55022441881951,-1.6646033730960337,17.00667703783713,-61.759772943883036,9.192637660436716,112.49909876393923
2024-10-15,4.7793,-88.26025884668255,-133.9674033815649,-14.64744721285404,-52.0631615037347,-87.32885913720887,-0.9313997094736806,-17.45703839321454,-132.2739979364489,-1.6934054451160137,31.51055509597612,-11.787850475929531,-2.8595967369245088,17.191699054408836,-62.22339826076313,10.160236757028436,111.93325037027356
2024-10-16,4.7824,-88.26290377473478,-133.4797508377979,-13.463832779196544,-51.75101450921559,-87.43190373745495,-0.8310000372798356,-17.334048251394,-132.26184798142026,-1.2179028563776342,31.93396987124033,-11.886131456031592,-1.577701323164952,17.490156702059267,-61.33141498191253,9.580400472696944,111.24850543769065
2024-10-17,4.7672,-88.75816556554584,-133.13352788074675,-14.854923107204264,-50.79264926255833,-87.2120910091025,-1.5460745564433438,-17.212012304209157,-132.81478217956032,-0.31874570118642964,32.30564210161107,-12.233634480745494,-2.621288626458771,17.653962772405798,-62.53456062633177,11.74191136377344,110.68883782493673
2024-10-18,4.75365,-89.29030740852403,-129.9078781120041,-13.963093339605145,-49.8276792758354,-87.06156733081124,-2.2287400777127857,-17.02228242125382,-133.2867390729491,3.3788609609449907,32.62781501849207,-12.608939239794424,-1.3541540998107209,17.907728840889277,-63.45056973113242,13.622890455297018,109.97751601883378
2024-10-21,4.7516,-90.0784969759362,-133.77332524379543,-14.706693383826314,-50.60893499267483,-87.14211645168176,-2.936380524254446,-16.774023739792597,-133.20093737944293,-0.5723878643524927,32.60492871926319,-12.715337770054205,-1.9913556137721091,18.051363448732094,-63.01204706065869,12.403112067983855,109.1196155706275
2024-10-22,4.74035,-89.48676068839295,-133.683319706815,-14.186925474989508,-50.776711562459546,-87.10059131494839,-2.3861693734445595,-16.472379623522002,-133.61245825831858,-0.07086144849643006,32.938908404369236,-13.017486361204803,-1.1694391137847049,18.243159316555946,-63.651166225305474,12.874454662845928,108.41584625986714
2024-10-23,4.7414,-89.85288431441177,-133.8318644470164,-14.729981035151091,-50.446600789341446,-87.23398180345835,-2.6189025109534185,-16.226235942622512,-133.5946626579024,-0.23720178911398193,33.205005484775,-13.0549113574843,-1.6750696776667908,18.35765329810317,-62.941975606053575,12.495374816712129,107.6895933723269
2024-10-24,4.7106,-89.17574565907853,-135.37865945438716,-14.618974698211204,-51.36076334563261,-86.86301479901218,-2.3127308600663525,-15.965754915396012,-134.64722370119966,-0.7314357531874975,33.49825464666624,-13.701840453142012,-0.9171342450691924,18.511373774849844,-65.68508477261145,14.324321426978834,107.05204489987159
2024-10-25,4.6992,-89.17002722415525,-135.53269985883057,-15.286290381283097,-51.89983036169438,-86.79865760034016,-2.3713696238150845,-15.727360802128713,-135.08846602598865,-0.44423383284191686,33.833341130350675,-13.959221273774446,-1.3270691075086507,18.60233614292727,-66.23464683097524,14.33481646928086,106.25390293425443
2024-10-28,4.6926,-89.70048788314108,-136.31301507164693,-16.408625832281967,-52.26817135644871,-86.81414060246607,-2.886347280675011,-15.480915144433453,-135.3567821248294,-0.9562329468175221,34.13480681737218,-14.147641518631474,-2.260984313650493,18.727765675511726,-66.2801870089994,14.012015652550694,105.49982997113707
2024-10-29,4.683,-89.01734937327561,-135.2524082765169,-16.217735715780417,-51.372695847516695,-86.80643995699731,-2.210909416278298,-15.21342583871145,-135.7603048656539,0.5078965891370046,34.50182916604964,-14.435105335049542,-1.7826303807308754,18.91143453510033,-66.67372775880926,15.301031911292569,104.82060417275244
2024-10-30,4.6711,-89.32382937354808,-135.89410326175337,-16.50159096860556,-50.33114935620379,-86.73394062764675,-2.5898887459013338,-14.997762801041683,-136.18196686500502,0.28786360325165106,34.78283026675574,-14.74489317103884,-1.7566977975667193,19.059876249617055,-67.25449452940046,16.923345173196672,104.1041050265973
2024-10-31,4.6517,-90.015561394621,-135.6295445847678,-15.306289791797354,-49.9043245311892,-86.57101371533119,-3.444547679289812,-14.760575967626698,-136.88847923052018,1.2589346457523618,35.08204299833418,-15.198536825603824,-0.10775296619353014,19.19979258218747,-68.54351217878423,18.63918764759503,103.30515211762676
2024-11-01,4.6374,-90.26029314496924,-136.3517444097339,-14.982477809489987,-48.63109620031344,-86.52775119029369,-3.732541954675554,-14.47759744783933,-137.3759054861018,1.0241610763679034,35.270317091782644,-15.479961366756697,0.49748355726671,19.218667734206136,-69.21322167395778,20.582125473644332,102.39662139361002
2024-11-04,4.6285,-90.25204802724468,-136.5156160922013,-14.981109186709796,-49.922189180443766,-86.58048860443486,-3.671559422809821,-14.172379656777386,-137.69494922516088,1.1793331329595844,35.48798021622703,-15.630290236077457,0.6491810493676606,19.197100253624793,-69.24993324642384,19.32774406598007,101.40838952300916
2024-11-05,4.6173,-90.74377093211017,-136.2648130569251,-15.306178229511838,-49.60651621398139,-86.59833971026518,-4.145431221844987,-13.879236000212932,-138.09545878350315,1.830645726578041,35.703106611540406,-15.81907021199865,0.5128919824868117,19.171115771157098,-69.59141970973445,19.98490349575306,100.56527537068928
2024-11-06,4.6044,-90.63353215045883,-137.5979062024909,-13.16254616292976,-50.67708433565176,-86.61533519647115,-4.018196953987683,-13.566154716008473,-138.53914706983448,0.9412408673435948,35.90302349440845,-16.04592044597922,2.883374283049461,19.150807770967525,-70.08127942280925,19.404195087157483,99.72390996674335
2024-11-07,4.60268,-91.62414887446282,-136.4443903246256,-15.88644516774877,-50.268985909072875,-86.77911971772522,-4.845029156737596,-13.264942798875813,-138.63095992680144,2.1865696021758367,36.17350621848857,-15.957176934233345,0.07073176648457569,18.992769507161867,-69.49803209013879,19.229046181065918,98.95628103288558
2024-11-08,4.602,-92.0004320668058,-139.58539623726247,-15.271326780319765,-51.10678123103351,-86.98529963733898,-5.015132429466817,-12.927048303390407,-138.64670054089194,-0.9386956963705302,36.40006748252706,-15.974099013081002,0.7027722327612373,19.018537322703203,-68.87326368032944,17.766482449295935,98.31110016050674
2024-11-11,4.602,-91.64432836162852,-137.86000853884747,-14.51035199059014,-48.56061766498534,-87.20285471348969,-4.441473648138839,-12.57595596584282,-138.76529849899256,0.9052899601450974,36.79790186583634,-15.955244701907219,1.4448927113170793,19.01894382523298,-68.26655978862965,19.705942123644313,97.76673474819458
2024-11-12,4.6072,-92.36488748802142,-139.63934639671848,-14.23958682107102,-50.45244450231026,-87.45326446999931,-4.911623018022112,-12.269318839603471,-138.61443272688774,-1.0249136698307382,37.08640902600804,-15.80953118528113,1.5699443642101105,18.979222620986015,-67.10311656965541,16.650672067345155,97.15059019028438
2024-11-13,4.60745,-92.49974737464024,-140.89851677088305,-14.768867227884328,-50.48588540033944,-87.65234260266644,-4.8474047719738,-11.946097387894227,-138.722568610691,-2.1759481601920356,37.481359359289584,-15.756824526304896,0.987957298420568,18.93879637326873,-66.57878409940218,16.092898699062744,96.75879266622493
2024-11-14,4.6028,-91.62329181043724,-138.58921434365547,-14.035908532662376,-50.24680046108785,-87.78333655989194,-3.8399552505453016,-11.63913590595888,-139.04654294365406,0.4573285999985899,37.92343083317758,-15.819190822869231,1.7832822902068557,18.933079809687477,-66.5569375734363,16.31013711234845,96.42039859146499
2024-11-15,4.6008,-91.68048376085048,-139.73862600261697,-14.4347995708566,-51.20446106478888,-87.89960371729838,-3.780880043552102,-11.421823328029067,-139.1764757677331,-0.562150234883859,38.2409907145847,-15.798676999592189,1.3638774287355897,18.863368762673225,-66.28396063671653,15.079499571927649,96.11375972952706
2024-11-18,4.602,-90.35810140782482,-137.296981711914,-11.869072642552956,-50.68439979084592,-88.0443863972105,-2.3137150106143167,-11.223950355491805,-139.22946637159725,1.9324846596832685,38.639702622132745,-15.731275571844975,3.8622029292920192,18.803701966365374,-65.77625555793725,15.091855767091324,95.93118683839751
2024-11-19,4.58818,-89.66292817847447,-138.09012703650927,-12.53761283851451,-51.58355093475205,-87.96036152016967,-1.7025666583048036,-11.141633588730375,-139.77978375028334,1.6896567137740703,38.89799477847442,-15.853764427304199,3.3161515887896886,18.585453453811645,-66.72591775314999,15.142366818397939,95.77273637101612
2024-11-20,4.58795,-90.16826378933106,-139.0455447084912,-12.072738247943176,-51.53436272412666,-88.00890124945556,-2.1593625398755023,-11.085031962056009,-139.6998488552682,0.6543041467769797,38.66808901285557,-15.741909908477837,3.6691716605346603,18.399666898830667,-66.26616316039974,14.731800436273083,95.14512394392773
2024-11-21,4.57755,-91.39535232159211,-141.6136156944264,-13.109989062525116,-54.24191243341613,-87.96050091382827,-3.434851407763844,-10.998826973746464,-140.04898756324516,-1.5646281311812231,38.521280362251325,-15.805649272091074,2.6956602095659576,18.20170174891841,-66.81206372480727,12.570151291391142,94.60379508178093
2024-11-22,4.58275,-92.04068934794694,-139.73163868843636,-13.622022023495475,-53.595697031180976,-88.12444744427194,-3.916241903675001,-10.852757251808185,-139.86692336679707,0.1352846783607049,38.474274663802355,-15.62149752646799,1.9994755029725155,18.065675272947132,-65.95612052415333,12.360423492972359,94.16890385791189
2024-11-25,4.57295,-91.80917406028895,-139.2808224829614,-12.57138068045351,-51.817746753140774,-88.13694244087944,-3.6722316194095157,-10.69305230602298,-140.21517399853496,0.9343515155735531,38.36730760305515,-15.730188859698131,3.1588081792446214,17.952617626602986,-66.52189685009705,14.704150096956276,93.73896976260303
2024-11-26,4.5516,-94.94331883865333,-140.27042297938308,-15.570704289540526,-53.54585233170843,-88.0206490555984,-6.922669783054928,-10.548007168784673,-140.9786833431687,0.7082603637856266,38.22999882476922,-16.00605781927682,0.43535352973629315,17.786869944342005,-68.09753302178638,14.551680690077944,93.2425024311115
2024-11-27,4.5399,-94.46058831116645,-147.84249624579738,-15.553751488988564,-61.13038047017272,-88.11674693807818,-6.343841373088267,-10.25396994987755,-141.38624136785006,-6.456254877947316,38.13885264069617,-16.189455396299394,0.6357039073108304,17.729834162874738,-68.75928419605623,7.628903725883511,92.73835386247377
2024-11-28,4.5462,-94.39255170740618,-147.24372973330696,-15.542548674714787,-60.88280060882835,-88.37958023394881,-6.01297147345737,-9.981284123540513,-141.31884520112172,-5.924884532185246,38.312527260415294,-16.047277690689725,0.504729015974938,17.664323391406622,-67.96332687015024,7.080526261321893,92.50641735508802
2024-11-29,4.53855,-90.80074910618012,-138.12244897959243,-11.728430092881254,-52.89795918367432,-88.48653515287022,-2.3142139533099026,-9.730385699226508,-141.76284964883197,3.64040066923954,38.452538592424276,-16.157920661421343,4.429490568540089,17.610420792603072,-68.48538967402686,15.587430490352546,92.32010969407835
2024-12-02,4.51775,-78.81385153440786,-84.88324457189687,3.410214729852778,0.0,-88.35183819705586,9.537986662647995,-9.647507569604707,-142.4046674075202,57.52142283562334,38.141575306686065,-16.38365141928938,19.793866149142158,17.413238105420426,-69.95759725172888,69.95759725172888,91.7896186759202
2024-12-03,4.51575,-78.68386110785261,-84.09453385529916,3.4045901440918853,2.289377783448843e-12,-88.03947110408528,9.355609996232673,-10.039752947031838,-140.69362591520093,56.599092059901764,35.7044070674079,-15.814883231889539,19.219473375981423,16.615831963007956,-68.05121429084312,68.05121429084541,89.12749128031007
2024-12-04,4.5021,-76.22929167138486,-81.14445630019544,4.151100041508941,-0.3194663633858545,-87.62237731928303,11.393085647898175,-10.397804712877155,-139.43957406828736,58.29511776809191,33.37551761403588,-15.461983682149537,19.613083723658477,15.865133664718881,-67.26227644728317,66.94281008389731,86.6318233863407
2024-12-05,4.4905,-77.51731790080098,-82.08371261118762,2.6599079671836443,0.0,-87.16007039555184,9.642752494750866,-10.829048986415103,-138.03131636915424,55.94760375796662,31.01022935262148,-15.052670959963052,17.712578927146698,15.10545782007068,-66.2910441002486,66.2910441002486,84.20428197707037
2024-12-06,4.4686,-78.60650041581805,-83.95871814412419,1.898707739510761,0.0,-86.6296475627618,8.023147146943757,-11.19105167142686,-136.95814258811458,52.99942444399039,28.7479537914772,-14.84166076052206,16.740368500032822,14.430535453162287,-66.14690301330847,66.14690301330847,81.80465108788074
2024-12-09,4.4584,-78.18667067623849,-81.35444151275297,2.631282186220625,0.628219625581871,-86.26893817088643,8.082267494647937,-11.493364003708962,-135.57226559704336,54.217824084290385,26.589430763538473,-14.471479371028131,17.102761557248755,13.790390090411588,-64.98004008485765,65.60825971043953,79.4132338982248
2024-12-10,4.45655,-77.94376913797903,-76.46865255339479,2.226964832513349,5.014337872353209,-86.00233498820137,8.058565850222337,-11.795731691438899,-133.9289418380419,57.46028928464712,24.41146002142724,-13.977934338950277,16.204899171463627,13.15088730748779,-63.17835241546851,68.19269028782172,77.09635772822863
2024-12-11,4.421,-73.20940464934935,-70.21833513581409,5.150410377341473,9.71771602325722,-85.33320091379562,12.12379626444627,-12.093204892696928,-132.98009884368577,62.76176370787168,22.187200917720695,-13.945581855656961,19.095992232998434,12.5598006008731,-63.86549179295764,73.58320781621487,74.75376673158152
2024-12-12,4.4011,-78.336870926949,-78.39721254355354,3.730327186997571,0.0,-84.70448605578429,6.367615128835283,-12.545704420880774,-131.370898375321,52.973685831767455,19.72784612842889,-13.58573210058389,17.31605928758146,11.851091196172032,-63.05424974478473,63.05424974478473,72.16501483317461
2024-12-13,4.39305,-81.18630179402847,-83.46152587307385,3.3984963541672593,2.291100710240532,-84.39742443966527,3.211122645636806,-12.788026696102538,-129.7872027271934,46.32567685411955,17.633487845756182,-13.130560467850557,16.529056822017818,11.219428206476001,-61.666895348452044,63.95799605869258,69.96666722058282
2024-12-16,4.3825,-81.04888567206491,-84.45227137329954,3.7697156126541818,2.291340696172919,-84.15621609626653,3.1073304242016206,-12.917146790334805,-128.45794563132773,44.00567425802819,15.82078103843466,-12.724898691712951,16.494614304367133,10.618438604886574,-60.426119865579324,62.71746056175224,67.77542350769076
2024-12-17,4.381,-81.98486491387743,-84.47660521921323,3.778104373913152,1.964572214401552,-84.04103905835626,2.056174144478831,-13.025370017033985,-127.07440312419784,42.59779790498462,14.142323672898158,-12.22823146118077,16.00633583509392,10.03226459591584,-58.615928537047864,60.580500751449414,65.65388284479161
2024-12-18,4.3578,-85.86845108012385,-89.94889267461767,3.8679482468524577,1.3628620102194993,-83.67632297877306,-2.1921281013507894,-13.093016083235653,-126.0383235770864,36.089430902468735,12.546850617218617,-11.966003284844263,15.83395153169672,9.482459240697455,-58.29250350999541,59.655365520214914,63.648534925697675
2024-12-19,4.3445,-84.42527206911342,-89.84973406544201,5.397049356016711,2.06551112794128,-83.57162035476009,-0.8536517143533331,-13.015078080720796,-125.02964591460787,35.17991184916586,11.173929050455111,-11.597389604953662,16.994438960970374,8.938337980946635,-57.30236406640324,59.36787519434452,61.67400776415296
2024-12-20,4.3445,-83.49504939170652,-87.73861345890015,4.193815266249735,0.3387591253243524,-83.60105050688331,0.10600111517679522,-12.976971379811367,-123.90520151438554,36.16658805548539,9.85784933288973,-11.07471732976473,15.268532596014467,8.361599852482172,-55.50312681670931,55.84188594203366,59.73592200865742
2024-12-23,4.3425,-85.35689132498463,-89.37394395410583,3.4448969593028917,1.3490406634574508,-83.57467949223349,-1.7822118327511447,-12.972378938027086,-122.79965386355079,33.42570990944496,8.538602298852911,-10.634503366464394,14.079400325767285,7.85784745915811,-53.97882017907929,55.327860842536744,57.973949745841736
2024-12-24,4.351,-86.3627157634881,-89.68005124574296,4.585630925496004,1.348572199184564,-83.7386590367792,-2.6240567267089006,-12.907847950604346,-121.72520570687941,32.04515446113645,7.345877483741077,-10.158521430761951,14.744152356257956,7.395990280925432,-51.91096758986552,53.25953978905009,56.26314944408759
2024-12-25,4.351,-86.3627157634881,-89.68005124574296,4.585630925496004,1.348572199184564,-83.81362050755305,-2.5490952559350433,-12.820068137866713,-120.79497364437792,31.11492239863496,6.225539996273173,-9.745720806912523,14.331351732408528,6.930210558576789,-50.45011116776388,51.798683366948445,54.67961105720152
2024-12-26,4.3573,-88.0930140720989,-93.59557987326016,3.0376901404179177,-1.0064040846587496,-83.96691828368908,-4.126095788409813,-12.729536199495929,-119.88229522095503,26.286715347694866,5.160749145838133,-9.31659500942591,12.354285149843829,6.496869037715548,-48.7360134664178,47.729609381759055,53.19333784812434
2024-12-27,4.3495,-88.88380254825562,-95.9673302705462,3.81475547417584,2.041858090862762,-83.98073059531696,-4.90307195293866,-12.592362710607137,-119.19883458962877,23.231504319082575,4.2759706965856195,-9.043891459644069,12.858646933819909,6.138751514565854,-47.91898987487659,49.96084796573935,51.869768271106935
2024-12-30,4.33335,-91.69384231728408,-102.24242507979032,4.9875311720687785,0.6908271964859155,-83.91178131778624,-7.782060999497844,-12.43231694863684,-118.62344658537613,16.381021505585807,3.4923967473502575,-8.806183921274076,13.793715093342854,5.771400464946568,-47.47003376031424,48.16086095680015,50.51645174186295
2024-12-31,4.32315,-95.25623928367308,-108.2966289646769,4.1912745284812685,-2.7679649575633323,-83.99247868636854,-11.26376059730454,-12.200890024057689,-118.19277057982643,9.896141615149531,2.9078206434732454,-8.501365131321975,12.692639659803245,5.3748000135885095,-46.74331647036439,43.97535151280106,49.22362902459406
2025-01-01,4.32315,-95.25623928367308,-108.2966289646769,4.1912745284812685,-2.7679649575633323,-84.28471994282324,-10.971519340849838,-11.882170221582271,-117.89647224153754,9.59984327686064,2.49460344131062,-8.172582700969453,12.363857229450723,5.0174389132626835,-45.63252567668383,42.8645607191205,48.08090242760662
2025-01-02,4.313,-92.17803529101924,-101.11941560418109,1.88118439369427,-1.2014994348136564e-12,-84.4439603351949,-7.73407495582434,-11.58184692353588,-117.63554025901986,16.516124654838777,2.09470981666604,-7.907688212210971,9.78887260590524,4.677467876489763,-45.054588376352996,45.054588376351795,46.99821326312859
2025-01-03,4.3076,-93.9315663088689,-95.19630017216352,-1.515025263046606,1.012726597576246,-84.57915798844485,-9.352408320424047,-11.36566126000854,-117.18537200641728,21.989071834253764,1.5051842266607367,-7.682450730604057,6.16742546755745,4.403126676188789,-44.188477367242285,45.20120396481853,45.843268418123216
2025-01-06,4.3008,-93.30658038968738,-93.80111493140244,-3.4136553801108716,-3.0043061721814244,-84.73802220379368,-8.568558185893707,-11.109346621830415,-116.6005846324154,22.799469701012967,0.7746229919983869,-7.551409142567202,4.137753762456331,4.217211175343413,-43.38714966369565,40.38284349151423,44.695384282228765
2025-01-07,4.30295,-94.01228578224674,-99.82962410818892,-5.285831329122631,-0.6655308273887379,-84.97233524193396,-9.039950540312773,-10.883613306963289,-115.99628900536796,16.166664897179032,0.030031460857078862,-7.433209146052338,2.1473778169297066,4.082871628946889,-42.31958043541786,41.654049608029126,43.69977699210538
2025-01-08,4.303,-97.2974597474026,-99.98505206862708,-9.015980826014452,-0.3321762527189189,-85.18615667673572,-12.111303070666878,-10.661789419436701,-115.56832051462249,15.583268445995401,-0.5266786143358368,-7.371796999207447,-1.644183826807005,3.993930981269432,-41.337580273661075,41.00540402094216,42.68769345399203
2025-01-09,4.3045,-98.6034304995772,-95.90654918943964,-10.497703627330498,2.6548525727189576,-85.48364964826294,-13.11978085131426,-10.361633257847465,-115.16670048891069,19.260151299471048,-1.0531549936087377,-7.396494367820768,-3.10120925950973,4.008421446109569,-40.331270333218015,42.98612290593697,41.70912863867403
2025-01-10,4.30753,-102.61138540241474,-92.4108038424474,-14.1276545119257,3.946368847365637,-85.81092743866424,-16.800457963750503,-10.046957651609782,-114.68874860187171,22.277944759424315,-1.6813110041850514,-7.44594680766275,-6.68170770426295,4.053167056430658,-39.242414810687904,43.18878365805354,40.702847900830434
2025-01-13,4.30705,-103.26078793613604,-94.21474207448028,-12.015800778022417,0.0,-86.17548251185067,-17.085305424285366,-9.65500194500271,-114.1506741909192,19.93593211643892,-2.3714090397544703,-7.584648546305669,-4.431152231716748,4.172624048260717,-38.322629058383114,38.322629058383114,39.731978794407425
2025-01-14,4.3025,-103.82974909055496,-95.97506654717245,-12.325114100676489,0.6688157947522502,-86.49828847798824,-17.331460612566715,-9.27483258968681,-113.66117301029895,17.686106463126507,-2.9983934044889984,-7.6869429706343695,-4.638171130042119,4.228593222285171,-37.68771415671816,38.35652995147041,38.90416834817917
2025-01-15,4.3005,-96.79859957275067,-92.6499853195454,-6.675765487776606,-1.3049293706994058,-86.84498895342713,-9.953610619323541,-8.901088466503225,-113.23601361517298,20.586028295627585,-3.5544901817131835,-7.780312789608061,1.104547301831455,4.280330470019225,-36.96050284964414,35.65557347894474,38.08952399329359
2025-01-16,4.3025,-94.31494560311796,-95.08510603774174,-2.578924293834596,-1.6226127310203176,-87.06848533626226,-7.246460266855706,-8.689548926616817,-112.76906030841283,17.683954270671094,-4.18205301602581,-7.737713074288603,5.158788780454007,4.213046495629293,-36.15191835060725,34.52930561958693,37.34904900048852
2025-01-17,4.30307,-97.290298714511,-100.76728027134747,-6.658651623047006,-1.646524187439986,-87.22053826337233,-10.069760451138663,-8.535999891203316,-112.3694125029979,11.60213223165043,-4.7286231640714735,-7.62082986842292,0.962178245375914,4.064774358053476,-35.43894627977596,33.792422092335975,36.654296056173564
2025-01-20,4.302,-97.11211464399062,-100.18367006178023,-6.646456515558919,-1.6369880729045752,-87.40848510037911,-9.703629543611513,-8.340937580660873,-112.09262618066529,11.908956118885058,-5.136226609492126,-7.593527872475647,0.9470713569167284,3.9936398812608673,-34.81777127286273,33.18078319995816,36.003685761068695
2025-01-21,4.3064,-96.1815207610002,-101.03701008420832,-5.829183076423901,-3.248778459298657,-87.63393706911734,-8.547583691882863,-8.14347686725754,-111.84226856627934,10.805258482071025,-5.558734108682346,-7.570997641082332,1.7418145646584309,4.033092548465191,-34.023346379811784,30.774567920513128,35.36954135800298
2025-01-22,4.31184,-96.13710239145576,-99.90820123068733,-5.4417227768748555,-1.6218863836158848,-87.84234209675498,-8.29476029470078,-7.961707028517987,-111.63099305071158,11.722791820024256,-5.941848054367599,-7.528515349577127,2.0867925727022714,4.054110437112088,-33.25522316638049,31.633336782764605,34.78318467633967
2025-01-23,4.3167,-97.64526093790305,-104.41978065278826,-6.896877166617993,-6.567281802063153,-88.0377267934586,-9.607534144444443,-7.780015459567613,-111.40845741558647,6.988676762798207,-6.336073183315099,-7.482960878543519,0.586083711925526,4.070636926654444,-32.51034251151182,25.94306070944867,34.18994606571519
2025-01-24,4.31534,-99.97906575518418,-104.62645087461182,-7.218705108675964,-7.846983815596178,-88.20333810532398,-11.775727649860201,-7.580394357021066,-111.24075025428422,6.614299379672403,-6.629465364972234,-7.489885310657794,0.2711802019818297,4.116614477886077,-32.09658612678035,24.249602311184173,33.72525099970837
2025-01-27,4.3147,-101.42986927222144,-106.88993315242466,-7.297112897280531,-7.280428883445269,-88.41071238384353,-13.019156888377907,-7.341247192889157,-111.08498597433919,4.19505282191453,-6.918993890755317,-7.500610730425073,0.20349783314454228,4.1734352739619265,-31.692593981778742,24.412165098333475,33.287803135191055
2025-01-28,4.3125,-98.06369435970886,-106.50642490146448,-2.5330105554161846,-8.546811874807696,-88.62656726949173,-9.437127090217132,-7.077672374388079,-110.95828065721469,4.451855755750202,-7.1786566512116625,-7.519459420354952,4.986448864938767,4.2325622278674,-31.342969740083163,22.796157865275468,32.85150194283478
2025-01-29,4.313,-85.88948161892547,-102.1112721119521,5.436043140438362,-4.862441529138493,-88.79743738999832,2.9079557710728494,-6.880503268058126,-110.84753846845359,8.736266356501488,-7.444045376767085,-7.44180087858944,12.877844019027801,4.191074922833879,-30.935850989360944,26.07340946022245,32.44101623204545
2025-01-30,4.315,-79.43920217276887,-100.0126598303568,8.945856100538736,-6.329915179135341,-88.76701574499158,9.32781357222271,-6.9083585860041055,-110.67737550138366,10.664715671026869,-7.790825223440939,-7.225466648513947,16.171322749052685,4.0059116361020575,-30.431498636859175,24.101583457723834,31.97340724282898
2025-01-31,4.3135,-80.4028001615203,-97.7489003248705,7.504261348408236,-7.02769871616673,-88.60770023936712,8.204900077846816,-7.044594682978296,-110.45128391187558,12.702383587005073,-8.166948867660285,-6.970360784519777,14.474622132928012,3.7553344685486305,-30.075436118164163,23.04773740199743,31.525703731493145
2025-02-03,4.3087,-85.60640236429933,-93.35738472736308,-5.328199317278445,-10.443368461025395,-88.44354073083434,2.837138366535015,-7.165918899075843,-110.16371775203257,16.806333024669485,-8.583996154830485,-6.754798531978198,1.4265992146997526,3.523386463895018,-29.84609198042537,19.402723519399977,31.11341330019135
2025-02-04,4.3135,-87.59247337927413,-92.0169112161152,-4.573101019798968,-5.5956229793585806,-88.43649637906994,0.8440229997958113,-7.191652750890336,-109.8945334760716,17.877622259956397,-9.078672749221843,-6.721112461117629,2.148011441318661,3.5318749351832306,-29.383244653390534,23.787621674031953,30.778729113697274
2025-02-05,4.3145,-88.5869337760358,-90.06276539113978,-5.23151183716745,-6.189880782899288,-88.4342169499838,-0.152716826052,-7.185139447223554,-109.57698636189446,19.51422097075468,-9.616724097474359,-6.688291055357491,1.4567792181900403,3.5206308671830646,-28.973663585095295,22.783782802196008,30.36214874235221
2025-02-06,4.317,-89.97717310627904,-94.17015272347676,-4.901480247036515,-7.1482294146542555,-88.45817664621222,-1.5189964600668162,-7.162617658201644,-109.25726562899132,15.087112905514559,-10.167683085747054,-6.661526202801426,1.7600459557649106,3.5219023970825303,-28.541778144296927,21.39354872964267,29.968789335499167
2025-02-07,4.31982,-91.92365094178116,-97.4367839575057,-3.844715438630875,-4.714683094718162,-88.50463172375964,-3.4190192180215178,-7.119882559385408,-109.01892740752811,11.582143450022414,-10.627152314340528,-6.630806465951386,2.7860910273205106,3.526586636956849,-28.134830043000534,23.420146948282373,29.633326005333082
2025-02-10,4.31769,-92.49516893262668,-97.34121214768336,-3.0946339048093736,-2.4959285166059013,-88.54310577573413,-3.9520631568925495,-7.050791764665581,-108.78922660348655,11.44801445580319,-11.004853774689067,-6.601136548625371,3.5065026438159976,3.507267397609275,-27.853798862107652,25.357870345501752,29.291923000471485
2025-02-11,4.31784,-96.27628187210816,-98.69403278276314,-5.866296744896401,0.0,-88.6058972537463,-7.670384618361851,-6.96892359720983,-108.5876756719461,9.893642889182956,-11.380222966585732,-6.55404493266289,0.6877481877664895,3.4811733543785413,-27.479213388611385,27.479213388611385,28.913574477876622
2025-02-12,4.3142,-95.38436109695552,-97.08798094221945,-4.476522361951564,1.8611114557614512,-88.69623893588012,-6.688122161075398,-6.8285496946755195,-108.3575290039818,11.26954806176235,-11.780463970528162,-6.562923546975517,2.086401185023953,3.5051312308009894,-27.1758963179291,29.037007773690554,28.44379935777799
2025-02-13,4.3136,-94.93854607422188,-97.08077491482246,-5.805594544104976,3.0917444240383163,-88.7928790551346,-6.14566701908727,-6.7028718052894565,-108.14548201477656,11.064707099954106,-12.184913167522527,-6.540532657231619,0.7349381131266428,3.5038300088734693,-26.766776356639724,29.85852078067804,27.959253957143794
2025-02-14,4.315,-95.74922030299898,-100.30215244681268,-6.244514367589016,-1.5574868392370051,-88.89459420456643,-6.854626098432547,-6.582352415512892,-107.97373182440603,7.671579377593346,-12.526461766348586,-6.5309658993019095,0.2864515317128937,3.524621389406143,-26.309355717228414,24.75186887799141,27.54095681062173
2025-02-17,4.31575,-95.28544204159542,-99.57787639354991,-6.2142679592366,-1.546240316670808,-89.00008020713688,-6.285361834458541,-6.453686892573543,-107.84578669855438,8.267910305004463,-12.810557962714203,-6.530029737127727,0.3157617778911268,3.5526164010002725,-25.949006745707152,24.402766429036344,27.208427503643712
2025-02-18,4.32024,-94.68600350133916,-91.23865599377274,-6.130748428144843,6.690834772873944,-89.118420072557,-5.567583428782157,-6.342817789787739,-107.75494254014697,16.516286546374232,-13.137520436071538,-6.515241408606576,0.38449298046173297,3.580270801003408,-25.493339969536294,32.184174742410235,26.857028421717825
2025-02-19,4.32518,-93.74818895544064,-92.6662181173152,-5.454440084679872,-0.6116582053933998,-89.22741338226287,-4.520775573177772,-6.243283718187664,-107.56119775607266,14.894979638757462,-13.611136207321259,-6.499227874271844,1.0447877895919717,3.617792706400611,-24.929251342541747,24.317593137148346,26.392128449139925
2025-02-20,4.3202,-92.54911567959044,-97.38545831841864,-5.784319729975273,-6.067629801773639,-89.25853562766156,-3.2905800519288846,-6.164739090273296,-107.25650969844267,9.871051380024028,-14.061982040731674,-6.511195243767116,0.7268755137918426,3.6497484982037838,-24.740363642522325,18.672733840748688,26.05585632310912
2025-02-21,4.3195,-93.66325505355836,-100.44058292510108,-7.493060404284048,-5.853899004836661,-89.29956312312123,-4.3636919304371276,-6.1054017983537445,-107.07860320664956,6.638020281548478,-14.436741892082992,-6.511162885732231,-0.9818975185518166,3.6822564718862316,-24.516087456361177,18.662188451524514,25.80993818225955
2025-02-24,4.32397,-94.52084032076137,-101.08566623800516,-7.792040599919986,-4.018696211296285,-89.38415247967612,-5.136687841085248,-6.038503422536606,-107.02044242137059,5.934776183365429,-14.772582422040582,-6.514478238253144,-1.277562361666842,3.7426476258080834,-24.1620621371154,20.143365925819115,25.565944893266
2025-02-25,4.3239,-96.0555475509266,-94.20675705054066,-8.919443701158718,2.8356548944979916,-89.4498365487997,-6.60571100212691,-5.962290027968347,-106.90604971229277,12.69929266175211,-15.107825568764762,-6.5385599819688025,-2.3808837191899155,3.8109200258725746,-23.909412297778516,26.745067192276508,25.299135415268168
2025-02-26,4.3238,-97.0377761547673,-95.11551983927812,-8.572241709786603,3.766951280761347,-89.53255822947112,-7.505217925296179,-5.869795939825476,-106.7047922423503,11.589272403072172,-15.540216016708094,-6.576298544898503,-1.9959431648881,3.8913975351554826,-23.579437258784907,27.346388539546254,24.955726450706578
2025-02-27,4.3246,-97.30601351163502,-98.7955890487171,-7.992993967027794,0.0,-89.63419234028339,-7.671821171351624,-5.743650521595708,-106.53152432974268,7.735935281025576,-15.963348315093146,-6.6075274317390935,-1.3854665352887006,3.9792358472150795,-23.22301095083445,23.22301095083445,24.60228899640741
2025-02-28,4.31976,-96.5767732860244,-88.92427311629737,-7.348232750023302,9.630787702127662,-89.70766848688848,-6.8691047991359255,-5.59840358203402,-106.31808448508826,17.393811368790892,-16.321218787515978,-6.6551930259934196,-0.693039724029882,4.068268139928712,-23.059822694697942,32.690610396825605,24.313485472610296
2025-03-03,4.31331,-97.14007183525564,-93.42608607825046,-7.259578322207426,2.5250293534648347,-89.76215573753296,-7.377916097722675,-5.470302553016424,-105.95746721778667,12.531381139536208,-16.80233054108149,-6.699624847875526,-0.5599534743319001,4.135886089748429,-22.823241736824315,25.34827109028915,23.93199080385223
2025-03-04,4.322,-96.64517853654618,-91.93389515158051,-7.882408178514738,0.9381009709367624,-89.90573369330883,-6.739444843237351,-5.329917641094804,-105.91286268192445,13.978967530343937,-17.217924268189154,-6.680353385321602,-1.2020547931931356,4.206986042853301,-22.314361888583207,23.25246285951997,23.63690984158491
2025-03-05,4.32489,-97.28059628895107,-91.24562526217862,-9.591044704545066,-1.5309668668158516,-90.00780555736418,-7.272790731586895,-5.197165365562021,-105.75825623636607,14.512630974187445,-17.654710828436045,-6.692351898909951,-2.8986928056351147,4.287748716058355,-21.977419139063926,20.446452272248074,23.378337212813364
2025-03-06,4.32193,-98.22103166426234,-92.5075047479016,-10.302905419326688,-3.0631624088703084,-90.08435004497161,-8.136681619290727,-5.060011138533471,-105.49798916484346,12.990484416941854,-18.087358495026617,-6.747932942990417,-3.554972476336271,4.3828492710316755,-21.814303430624022,18.751141021753714,23.161788910957785
2025-03-07,4.3281,-98.99969062596742,-92.50864387245544,-11.687463476676948,-3.3807145601237907,-90.21558240171842,-8.784108224248996,-4.914541601693051,-105.42279178906205,12.914147916606609,-18.502845203530338,-6.770641634280107,-4.916821842396841,4.48731097675473,-21.461018281921938,18.080303721798145,22.962360574280652
2025-03-10,4.324,-97.2752543522884,-91.56625005060964,-13.154660730913548,-4.048847791352945,-90.29932291950432,-6.97593143278408,-4.778498384639491,-105.15869035915321,13.592440308543573,-18.939654859376887,-6.853825614058174,-6.3008351168553745,4.607710917329704,-21.355869778056388,17.307021986703443,22.779340171374272
2025-03-11,4.32303,-96.36818820947188,-88.94258498114881,-11.317260537054516,-7.285399452378927,-90.3804035134485,-5.9877846960233825,-4.646367777499394,-104.94950473508459,16.006919753935776,-19.3559336812334,-6.94050576868888,-4.376754768365636,4.759021716648448,-21.18827079836889,13.902871345989963,22.60477223885249
2025-03-12,4.31889,-95.40781730765954,-88.13275861550332,-10.903750549447736,-7.21906555212343,-90.43533734583255,-4.972479961826991,-4.52832313409769,-104.65087933171303,16.518120716209708,-19.802899865367813,-7.019622767627716,-3.8841277818200197,4.879107588212388,-21.132498146141486,13.913432594018056,22.47924796615966
2025-03-13,4.317,-94.34025384888103,-87.98892166328643,-10.036197217966132,-7.676885782703786,-90.49032962395935,-3.849924224921679,-4.416605724422519,-104.39011529861057,16.401193635324134,-20.252800221320648,-7.084729534930158,-2.9514676830359736,5.006608567892382,-21.02637710931579,13.349491326612004,22.354900280191373
2025-03-14,4.32006,-93.15854377781416,-87.87138233222987,-9.047772237414458,-6.804854524043662,-90.5547455640426,-2.6037982137715545,-4.313188404079206,-104.23541076208176,16.364028429851885,-20.692233112639045,-7.113779178179925,-1.933993059234533,5.122242371367969,-20.816527479241927,14.011672955198264,22.234593830946494
2025-03-17,4.3243,-93.31467039925349,-89.47872001133908,-10.331267079917046,-7.973351288137401,-90.60899034216649,-2.705680057086994,-4.227478523878387,-104.1101793554763,14.631459344137227,-21.138765198763473,-7.124930966932585,-3.206336112984461,5.229542062593591,-20.575071740761956,12.601720452624555,22.101292087554476
2025-03-18,4.325,-92.59472836133662,-89.3760143001629,-9.226520975507482,-7.938001270080504,-90.64010707876884,-1.9546212825677856,-4.2011255998833885,-103.93357545819578,14.557561158032883,-21.572551428640022,-7.1588212802290485,-2.0676996952784332,5.291907521641779,-20.428018972603553,12.49001770252305,21.97529210989447
2025-03-19,4.32175,-91.54174008051766,-91.13558489516444,-8.530771477037161,-8.580947928439736,-90.64638871111306,-0.8953513694045938,-4.1840845347090125,-103.6729805120118,12.537395616847363,-22.007482214663103,-7.201310671255076,-1.3294608057820856,5.340743286305999,-20.37015266220503,11.789204733765294,21.85247219217673
2025-03-20,4.32046,-90.3149528720155,-91.39298387673026,-8.210450261092317,-9.824001524209091,-90.64484471129083,0.3298918392753336,-4.2136563038784685,-103.47488612423984,12.08190224750959,-22.42163402342765,-7.218649666849483,-0.9918005942428341,5.330663059867826,-20.27846476230303,10.45446323809394,21.74711430486503
2025-03-21,4.32212,-89.34037026620122,-90.8188225036946,-8.272256506129741,-12.109176333827666,-90.6425899280346,1.3022196618333766,-4.260627969000329,-103.34708786023121,12.528265356536608,-22.850784673196184,-7.2166703841115805,-1.0555861220181608,5.316272577043898,-20.13306732342788,8.023890989600215,21.624680879190613
2025-03-24,4.32482,-94.31957064668715,-92.074895658546,-12.620224241458706,-10.297850172335073,-90.63568258358117,-3.6838880631059823,-4.3141670376338155,-103.24236204114864,11.16746638260264,-23.283515269660334,-7.211920047460158,-5.408304193998548,5.318738332419031,-19.994369802840026,9.696519630504953,21.54969458855569
2025-03-25,4.3315,-94.03693267419212,-91.313100168692,-11.257942644093689,-10.67295975997529,-90.69765843986653,-3.339274234325586,-4.3068470686025595,-103.25448697088927,11.941386802197272,-23.677341093944364,-7.22931887513441,-4.028623768959278,5.366306037786123,-19.75367022302973,9.080710463054439,21.448354056579618
2025-03-26,4.331,-98.6957587319257,-91.57536384854382,-16.890884883652813,-11.00093656622089,-90.72414286039714,-7.971615871528556,-4.307442919735962,-103.09360125245492,11.518237403911101,-24.06883753709801,-7.26978574890882,-9.621099134743993,5.392882689467944,-19.676354431028074,8.675417864807184,21.36419461997152
2025-03-27,4.32475,-97.79903116812632,-91.82629719174334,-16.354353038148165,-11.33299237493069,-90.77140109118757,-7.027630076938749,-4.257029962451991,-102.79554865171214,10.969251459968802,-24.465719346060027,-7.395893147328113,-8.958459890820052,5.4767473692587885,-19.72447458197267,8.391482207041982,21.27185349257762
2025-03-28,4.31911,-90.10994710092372,-92.01330383437607,-8.751685509802773,-11.428403979429303,-90.81268801937549,0.7027409184517666,-4.21414191168369,-102.51267398436772,10.499370149991648,-24.86717874787643,-7.513362942669804,-1.2383225671329683,5.557454410726086,-19.76154682557349,8.333142846144186,21.182242972247714
2025-03-31,4.31995,-88.04028723543894,-94.76059015604704,-8.323808974988118,-11.148304724239848,-90.8066976762463,2.7664104408073626,-4.242209824203492,-102.39475600745206,7.634165851405015,-25.25842111850418,-7.516906736409567,-0.8069022385785516,5.539550298662261,-19.661355567771466,8.513050843531618,21.08971092006916
2025-04-01,4.31823,-81.26216523521119,-96.75083395657506,-4.496720605902735,-6.82597908282469,-90.76885014168987,9.506684906478682,-4.299699123077225,-102.23866709424982,5.487833137674755,-25.640623755171017,-7.530297139488901,3.0335765335861664,5.5164878385286915,-19.613281546905753,12.787302464081064,20.989056685953088
2025-04-02,4.324,-83.27563597379965,-95.63164108618597,-5.743147308539857,-9.740259740258011,-90.70131249994358,7.425676526143931,-4.407592687588815,-102.30030431330552,6.668663227119552,-25.98225616865455,-7.46727941443924,1.7241321058993826,5.467501513956598,-19.3646844259209,9.624424685662888,20.81620136904337
2025-04-03,4.313,-83.77897757548249,-97.00143147743684,-6.74083727618932,-9.73153519676722,-90.5783202300951,6.799342654612616,-4.510757969619253,-101.9087379253386,4.90730644790176,-26.3800412440345,-7.507169745026488,0.7663324688371675,5.420358741583106,-19.49644459161925,9.764909394852031,20.67740529878894
2025-04-04,4.29797,-81.95534256674948,-96.33097294282676,-5.924482595187286,-9.126092173531298,-90.44087975137454,8.48553718462506,-4.604479491510113,-101.42118357400481,5.090210631178053,-26.73112592889892,-7.577526236205735,1.6530436410184484,5.387131949609716,-19.710091339674676,10.583999166143379,20.56284735788138
2025-04-07,4.3147,-81.78917164999628,-95.40462197165088,-3.687216754712628,-6.31598542669413,-90.43357743263437,8.644405782638088,-4.71419443373907,-101.78146781412448,6.3768458424736,-27.088978079798082,-7.467660398980602,3.7804436442679736,5.339156732211669,-19.26264008212837,12.94665465543424,20.440116244912304
2025-04-08,4.31129,-83.8006616900247,-92.2663982553258,-4.022431761120576,-6.374769334003808,-90.33263194838055,6.531970258355855,-4.829485041687214,-101.59155297245724,9.32515471713144,-27.449649676526988,-7.446218815485981,3.4237870543654045,5.268759731905867,-19.21166187565241,12.836892541648602,20.318179672618317
2025-04-09,4.35,-83.69286664287712,-91.82381426458797,-3.5683005157798497,-5.799398795658403,-90.4590004612974,6.766133818420286,-4.918944139260386,-102.54392869670201,10.720114432114045,-27.85653718191177,-7.209888816884735,3.6415883011048855,5.214542370173609,-18.31103682445567,12.511638028797266,20.200617398840876
2025-04-10,4.319,-82.80256782411911,-92.87757134758924,-3.1483866092835053,-5.124279798487132,-90.24418048815221,7.4416126640331015,-5.005349049958361,-101.55190614062937,8.674334793040131,-28.249497180169865,-7.337174131109251,4.188787521825745,5.160992802300334,-18.826463858254968,13.702184059767836,20.079372037747984
2025-04-11,4.32845,-84.93919897702318,-92.55103462151672,-2.779828330157403,-2.7858170956332153,-90.221963916851,5.282764939827814,-5.105424424281568,-101.70861274511354,9.15757812359682,-28.638515048578835,-7.250158850434701,4.470330520277298,5.112924326145986,-18.515080594749648,15.729263499116433,19.954465948618683
2025-04-14,4.33202,-83.46491514919269,-94.28887638573724,-3.114362505565506,-5.564589426043726,-90.19293021814914,6.728015068956452,-5.166150085805874,-101.69951276986959,7.410636384132346,-29.029715197815676,-7.192072555445204,4.077710049879698,5.0630812961231495,-18.305190202178252,12.740600776134526,19.79370491808997
2025-04-15,4.326,-83.88223058637057,-94.0596969668848,-3.0952852614896993,-5.56932416251309,-90.10191748449236,6.219686898121793,-5.242833288495844,-101.42848990794447,7.368792941059667,-29.400127515363017,-7.185846495381501,4.090561233891801,5.012882796385089,-18.31256016026478,12.74323599775169,19.664229541485284
2025-04-16,4.3191,-85.84795041757347,-94.91690955425672,-5.384192012251212,-5.188384123543333,-90.01012555719419,4.1621751396207145,-5.31271551076677,-101.12983554896093,6.212925994704207,-29.753374676113474,-7.182817254572793,1.798625242321581,4.957512767733221,-18.336088440757152,13.147704317213819,19.53728617192833
2025-04-17,4.3256,-86.26779085320895,-95.2231754778828,-5.410523468144723,-5.22191607459446,-90.00753196197633,3.739741108767376,-5.3619239194946875,-101.2402413798342,6.017065901951398,-30.08599500551909,-7.130862898894055,1.7203394307493314,4.901592633657689,-18.09778457617928,12.875868501584819,19.437911039065987
2025-04-18,4.3256,-86.26779085320895,-95.2231754778828,-5.410523468144723,-5.22191607459446,-89.97540196959137,3.7076111163824237,-5.398644469726957,-101.15119932427534,5.928023846392534,-30.487420205109935,-7.113396987443451,1.7028735192987279,4.860082396178324,-17.98050234276944,12.75858626817498,19.250439990699626
2025-04-21,4.32789,-85.57292974842062,-95.11866895033032,-5.54909783351432,-6.422804012723512,-89.9551274732219,4.382197724801287,-5.445355422562775,-101.13908288369392,6.020413933363599,-30.839762870828828,-7.0845964443459515,1.535498610831631,4.813607175939524,-17.77682047199977,11.354016459276258,18.64835909843108
2025-04-22,4.3272,-86.67023602109586,-94.74095423827345,-5.324451359657008,-3.691206009283523,-89.91465471956761,3.2444186984717476,-5.486166562427986,-101.03556328004728,6.294609041773839,-31.197244459763464,-7.072295651930403,1.7478442922733954,4.77317184158561,-17.644368396016986,13.953162386733464,18.066868403379296
2025-04-23,4.32085,-86.6698699039637,-94.1078368598962,-5.169781713569211,-6.25400181663886,-89.85279521205771,3.1829253080940134,-5.514844874496198,-100.75245615878235,6.644619298886155,-31.54794238345638,-7.084478282196663,1.914696568627452,4.725393472353728,-17.594036545678193,11.340034729039333,17.50116344119211
2025-04-24,4.31985,-87.47757081055639,-95.59232998114894,-5.9711652430427105,-5.658112989537956,-89.82070286264347,2.3431320520870855,-5.543753399311804,-100.62886096209269,5.036530980943752,-31.938697702635558,-7.068519865066065,1.0973546220233548,4.665568789978283,-17.466216259434816,11.808103269896861,16.940646306641447
2025-04-25,4.32059,-86.75430457990352,-96.04291124789488,-6.024604484714209,-6.040434669681921,-89.80703728535532,3.0527327054518025,-5.549955981819961,-100.57614668783974,4.5332354399448604,-32.29966869442621,-7.052355844217608,1.027751359503399,4.622665276492197,-17.309271212528728,11.268836542846806,16.409497689591394
2025-04-28,4.32295,-87.02205156729516,-95.2866288133484,-5.9808970149356595,-4.8246394335846565,-89.79751135782557,2.7754597905304053,-5.554864787364627,-100.58223083034834,5.295602016999936,-32.651931098650856,-7.029999441703946,1.049102426768287,4.5848586384139765,-17.131755146672518,12.30711571308786,15.869619654792618
2025-04-29,4.31981,-87.11615386702304,-91.69437233380384,-5.727359596794159,-0.3036237494489743,-89.75749732272415,2.6413434557011044,-5.5794831855669065,-100.39843757446377,8.70406524065993,-33.05174826057865,-7.032707559906708,1.305347963112549,4.546397514335824,-17.032390069306857,16.728766319857883,15.30685742101755
2025-04-30,4.32635,-87.5723307923173,-91.05848591506242,-6.0814118605789345,-0.3065942286717035,-89.77358597815278,2.2012551858354783,-5.594604210892289,-100.50943928959632,9.450953374533896,-33.479720014672154,-6.989482700212797,0.9080708396338624,4.504935322425413,-16.748916130086556,16.442321901414854,14.671141240462365
2025-05-01,4.32524,-86.7498147690799,-88.85378615855365,-5.865645838480321,32.39460953697428,-89.75199597815049,3.002181209070585,-5.593204703684208,-100.36111028695638,11.507324128402729,-33.92108308935974,-6.984743025482594,1.1190971870022723,4.471855437479348,-16.585161921704554,48.97977145867883,14.03573596225326
2025-05-02,4.33475,-87.64106662881119,-90.5966885348326,-6.171906100619182,34.36426116838471,-89.78221362025718,2.141146991445993,-5.614487787128642,-100.55867835738279,9.961989822550194,-34.41060385911271,-6.9320694193584345,0.7601633187392522,4.446456368866288,-16.021946884165644,50.38620805255035,13.082334159413751
2025-05-05,4.3303,-86.3796144109982,-91.42653093264424,-5.398725900686619,33.5538446857158,-89.74046513454044,3.3608507235422422,-5.635676465683769,-100.28588146299191,8.859350530347669,-34.95129712177069,-6.944499498064239,1.5457735973776199,4.424028197314561,-15.642989292661959,49.19683397837776,12.130946485190364
2025-05-06,4.32965,-85.37868213778816,-92.40641968768502,-4.079527474159504,30.701807192649856,-89.71154221619659,4.33286007840843,-5.658310706123119,-100.15534938497962,7.748929697294599,-35.45022763754982,-6.932975551691381,2.853448077531877,4.383979866818827,-15.228389683700541,45.930196876350394,11.237833322816801
2025-05-07,4.32615,-87.08574825382591,-95.82144551734336,-4.161093773219308,33.58372206234918,-89.65826495183738,2.5725166980114693,-5.697925201678188,-99.92851850675791,4.107072989414547,-35.96455846653778,-6.9232469903040155,2.762153217084707,4.326578591583579,-14.867789939653662,48.45151200200284,10.351561230785876
2025-05-08,4.32545,-86.81921033844311,-95.18499465547178,-3.327565553039744,34.80875209083312,-89.63491531274317,2.8157049743000613,-5.716787041256158,-99.8345621725924,4.649567517120616,-36.381412171581154,-6.90084341692317,3.5732778638834257,4.258902760727194,-14.455308330121902,49.26406042095502,9.433876291509183
2025-05-09,4.32498,-86.01555498078157,-94.42553217496454,-3.0075368874399246,34.531019856866365,-89.61134189727258,3.595786916491008,-5.735547256693393,-99.74295315014628,5.317420975181733,-36.82165556472984,-6.87227548616336,3.8647385987234357,4.193539393139774,-14.034843732455734,48.5658635893221,8.497531054568515
2025-05-12,4.32725,-86.82513541322248,-94.77858924063564,-2.7808762231981814,34.966858166449704,-89.59778753668317,2.772652123460688,-5.760855968884437,-99.75129979804422,4.9727105574085755,-37.23501424457221,-6.828695179325052,4.047818956126871,4.1088168640559894,-13.59813518850931,48.564993354959014,7.543796296327096
2025-05-13,4.32921,-86.45329214751797,-94.1448007774524,-1.5383148068953425,35.53206997084899,-89.58989469822437,3.1366025507063995,-5.768941867798273,-99.75094483492651,5.606144057474111,-37.66070291269034,-6.78440274179065,5.246087934895308,4.010061190029305,-13.16443007764644,48.69650004849542,6.526585603736343
2025-05-14,4.32446,-87.18231174757987,-94.64172676157725,-1.5736879376819577,36.305186987227195,-89.53998070749674,2.3576689599168645,-5.78766284594634,-99.49307339284645,4.851346631269209,-38.0879646591045,-6.757485466363853,5.183797528681896,3.8942555715603553,-12.775781346549277,49.08096833377647,5.5229523186702245
2025-05-15,4.32414,-84.87392364433197,-92.21672462125332,-1.2345297984632913,34.00683200318533,-89.52053785784389,4.646614213511924,-5.808902214999115,-99.40072192581492,7.183997304561601,-38.580006326127595,-6.713159174419328,5.478629375956037,3.777240804008237,-12.35642004443362,46.36325204761895,4.520662611565243
2025-05-16,4.32112,-84.90315733616428,-93.82315419200528,-0.6242879215902888,33.44191634566682,-89.47022145839252,4.567064122228231,-5.832956045185913,-99.1878818671631,5.364727675157823,-39.06724119530023,-6.677668961187081,6.0533810395967915,3.667505886131396,-11.965277818159771,45.40719416382659,3.51394097805304
2025-05-19,4.32212,-86.38947720432532,-93.01319489509038,-1.2385588129655152,34.60956089119458,-89.44591968049941,3.056442476174098,-5.837254888789229,-99.14491517858863,6.131720283498254,-39.53917089391675,-6.6241388531472225,5.385580040181708,3.562489937023338,-11.566988204183895,46.176549095378476,2.518472906784776
2025-05-20,4.3192,-85.10302024540063,-91.89259448463127,-1.8236361481154515,32.04149676108668,-89.4140932033919,4.311072957991271,-5.789093471313278,-98.9413191501095,7.0487246654782325,-40.01279935454882,-6.595550442066429,4.771914293950978,3.5211398332732977,-11.170060742295941,43.21155750338262,1.4817337295315762
2025-05-21,4.321,-85.67222530588631,-92.84411473136672,-0.9049882954852604,29.94971442947121,-89.39744473710437,3.7252194312180507,-5.782567443809098,-98.91758550066442,6.0734707692977,-40.51704867759915,-6.551347663633852,5.646359368148591,3.4493502299453107,-10.783545915809885,40.733260345281096,0.4220244662961757
2025-05-22,4.323,-86.81082524920143,-94.08248401959092,-1.5176717700909388,29.041538475499692,-89.38398723952606,2.5731619903246354,-5.795477530338181,-98.90970482541994,4.827220805829015,-41.03399518847922,-6.4977610312748,4.980089261183862,3.3394955502638184,-10.419963941007932,39.46150241650763,-0.6376789789562768
2025-05-23,4.32359,-85.48001346235698,-92.00346506556735,-0.8935193044837607,30.46867998924538,-89.36988219740773,3.8898687350507544,-5.808547782610129,-98.8543284863011,6.850863420733745,-41.5398028055033,-6.4528744099532,5.5593551054694395,3.221470520560454,-10.063235594294248,40.53191558353963,-1.7484843595710513
2025-05-26,4.32359,-85.82946552466571,-91.96610392169738,-0.8971721134974374,30.45630714289883,-89.3433481292651,3.513882604599388,-5.830544098193187,-98.7595811915711,6.793477269873719,-42.07979575026518,-6.407245030176215,5.510072916678777,3.1095748202523428,-9.703647992322011,40.15995513522084,-2.8452644119043615
2025-05-27,4.32315,-84.52317116396614,-93.19244239354336,2.120653039955582,29.761457409549717,-89.31709481801875,4.793923654052605,-5.848871315743853,-98.64414183852355,5.451699444980193,-42.65336571827492,-6.36406643634461,8.484719476300192,3.0029259501888923,-9.349737840246538,39.11119524979625,-3.917074852284055
2025-05-28,4.323,-83.65069901565941,-93.07543051176393,1.21673744022805,30.9240844045588,-89.28740413984028,5.636705124180864,-5.839550869715726,-98.55449827812188,5.479067766357957,-43.16824007332548,-6.299714189061291,7.516451629289341,2.8757020613688544,-8.996918311475891,39.92100271603469,-5.0606308360384995
2025-05-29,4.31787,-80.77300975906792,-90.93855794856935,1.8083509647549656,29.41247088765819,-89.22198171907453,8.448971960006617,-5.846865407060984,-98.24307314553236,7.30451519696301,-43.72814479209433,-6.256057031943328,8.064407996698293,2.7552184537524194,-8.605618825188255,38.01808971284645,-6.249531250945716
2025-05-30,4.318,-80.56547845253478,-92.47131873196044,2.1281447138399883,29.105726551698,-89.16666032760622,8.601181875071447,-5.887980782938229,-98.14504080357369,5.6737220716132555,-44.31462198032753,-6.193983677184757,8.322128391024746,2.6343173998597917,-8.253130319883784,37.358856871581786,-7.441494289388401
2025-06-02,4.31615,-81.61841027445776,-89.7544697438251,-1.3447737628939764e-12,27.041410756152985,-89.09983761542509,7.481427340967329,-5.9212797795953565,-97.96956434801615,8.215094604191052,-44.892131402137636,-6.136706664732435,6.13670666473109,2.523232633253654,-7.894611824837526,34.93602258099051,-8.585531976954096
2025-06-03,4.313,-82.60199258669564,-91.83720768535476,1.789212835811257,29.5501425359807,-89.03400425254729,6.432011665851647,-5.9373746836292565,-97.7136474186266,5.876439733271852,-45.51006665568502,-6.09679266139084,7.886005497202096,2.4223225384645564,-7.528976817718963,37.07911935369967,-9.792961246948941
2025-06-04,4.31058,-83.01904694134112,-92.45170919734976,0.5929931924389599,30.43081337217,-88.97941109927764,5.9603641579365245,-5.949629304796748,-97.49869352845336,5.046984331103602,-46.15086967211914,-6.042974872854197,6.635968065293157,2.3114536766201854,-7.151926539586121,37.58273991175612,-10.987095423810155
2025-06-05,4.313,-82.91948160410475,-91.44203528652788,0.2982715165612546,28.330201116377964,-88.95822926257851,6.038747658473767,-5.94759343425476,-97.50956479098627,6.067529504458392,-46.80757272710548,-5.985796570663368,6.284068087224623,2.2022067521565476,-6.818688311786559,35.14888942816452,-12.23622200779811
2025-06-06,4.31425,-84.27933615674172,-90.05578455543242,0.9062294210394064,30.296544804143057,-88.92776006028853,4.648423903546814,-5.965933889621681,-97.46002129802793,7.404236742595501,-47.489529282434475,-5.932002246022371,6.838231667061778,2.073134131602535,-6.492498702853069,36.78904350699612,-13.489157053007531
2025-06-09,4.314,-83.27846575210621,-89.50335161486915,0.9019328420811256,30.197179420213367,-88.89828686268721,5.619821110581,-5.9706854621406436,-97.32758408032588,7.824232465456731,-48.21856192868307,-5.877777240902859,6.779710082983984,1.9372221661478202,-6.135682673935314,36.33286209414868,-14.779812799632328
2025-06-10,4.31289,-83.64197623725354,-90.324346517038,1.203481672480122,32.02408649240381,-88.85652344836899,5.214547211115445,-5.990547416941816,-97.14689060432278,6.822544087284783,-48.98497048487503,-5.8262572302229225,7.029738902703045,1.806745985601223,-5.768801758683551,37.79288825108736,-16.072414630434785
2025-06-11,4.31104,-82.56038532153923,-90.7468548905385,1.1922077302738388,33.09915679897984,-88.81540284800778,6.255017526468549,-5.986167793831646,-96.94149709492478,6.194642204386284,-49.6840908399268,-5.773993491730537,6.966201222004376,1.6715144124114842,-5.373371585300092,38.47252838427993,-17.422837772077234
2025-06-12,4.314,-81.21869388526603,-89.15255543142631,0.2953407050370624,29.99268068526445,-88.79616406779486,7.5774701825288275,-5.991002017246528,-96.97613027610075,7.8235748446744395,-50.42333608595905,-5.714250153247853,6.009590858284915,1.5340611345106971,-5.054764371296201,35.04744505656065,-18.836276076578713
2025-06-13,4.31642,-80.7029606624047,-90.35090860509848,1.1653857135368026,30.851529767592883,-88.76586974876803,8.06290908636332,-6.001176505143794,-96.98019627332354,6.629287668225061,-51.14750404243494,-5.659445414631317,6.824831128168119,1.3710611021612507,-4.757369172284413,35.60889893987729,-20.234842350431574
2025-06-16,4.32,-81.82605022406105,-90.32528116497664,0.5908018066727307,31.66892479869438,-88.74157932038814,6.9155290963270915,-5.996481818311533,-97.05649587358658,6.73121470860994,-51.864755032499716,-5.601843651369121,6.192645458041852,1.2296350137461984,-4.4937363340330165,36.16266113272739,-21.610145630740494
2025-06-17,4.32125,-81.7564955092952,-88.92985051700535,0.8854494098485052,31.52967427421043,-88.70912548561006,6.952629976314853,-6.002636744137636,-97.02140095988625,8.091550442880902,-52.53145161381312,-5.550093646305191,6.435543056153696,1.0678316772012049,-4.189798430840767,35.719472705051196,-22.963361342010707
2025-06-18,4.32175,-81.9141800568648,-91.19442924537314,0.8903715223577687,31.305550337964377,-88.67386202088787,6.759681964023073,-5.990316128142521,-96.92952480913482,5.735095563761675,-53.33209108027493,-5.499484025947144,6.389855548304912,0.9169599047939785,-3.8649750173833013,35.17052535534768,-24.446983922242694
2025-06-19,4.3209,-81.87724346613638,-92.0785003573198,0.8899700376759379,31.60903743609532,-88.63255804370341,6.7553145775670345,-5.970124564773464,-96.8398335398299,4.7613331825101,-53.46518817346866,-5.448848626864276,6.338818664540214,0.7467266296852182,-3.575012435846915,35.184049871942236,-25.231811571729885
2025-06-20,4.322,-81.64137763145004,-91.0845447855475,0.8906332105254495,33.3236139459337,-88.60344331692741,6.96206568547737,-5.945571481803024,-96.86177934310206,5.777234557554564,-53.57989866770335,-5.3963187583148535,6.286951968840303,0.5643945033357409,-3.3314717396144715,36.65508568554817,-26.066778395101544
2025-06-23,4.32356,-81.6391963140645,-94.460618786306,0.5937396095562928,31.30219918725074,-88.57557817636965,6.93638186230514,-5.925061848398226,-96.9057307311831,2.445111944877098,-53.667063312038415,-5.344707236266373,5.938446845822666,0.379690093004699,-3.0977044990592475,34.39990368630998,-26.891319234701367
2025-06-24,4.32375,-82.73986286243822,-93.26696066639964,0.6017444571808215,34.24428705064746,-88.54024914583152,5.800386283393308,-5.901903792818899,-96.89770402963384,3.6307433632342025,-53.722337458685054,-5.295896909354515,5.897641366535336,0.19256414093403193,-2.8421341447540556,37.08642119540151,-27.719695391179638
2025-06-25,4.32875,-83.1250206312108,-91.00310237849166,-1.3646528131561524e-12,32.54050327473147,-88.53950940967961,5.414488778468808,-5.879619202285649,-97.13733747779867,6.134235099307006,-53.83691394783123,-5.247513413840382,5.247513413839018,0.0019777272942952673,-2.702996704208587,35.24349997894006,-28.656328805910604
2025-06-26,4.32582,-83.2351739224495,-90.84460934089874,1.366461185624847e-12,32.46398952422517,-88.49800996747112,5.262836045021615,-5.8144886006207095,-96.93858281159356,6.09397347069482,-53.93017983671079,-5.2034370130669565,5.2034370130683225,-0.18903892681659193,-2.358473832117241,34.82246335634241,-29.500322401120116
2025-06-27,4.32321,-84.59745963296392,-92.52287371044464,-0.9162179743661656,32.23019024147824,-88.45822035223517,3.860760719271255,-5.76670909276919,-96.75499591453027,4.232122204085627,-54.045982982937446,-5.1566446508144015,4.2404266764482355,-0.4041130364696895,-2.0153433690480256,34.245533610526266,-30.417622044545
2025-06-30,4.33155,-83.85960025914818,-88.61958382027956,-0.6054844784062221,33.78621633148152,-88.49087728736477,4.631277028216587,-5.693458626135369,-97.17535229346629,8.555768473186731,-54.14525236505693,-5.1222765963215355,4.516792117915314,-0.6008177021527664,-2.0158771288228365,35.802093460304356,-31.31774179022703
2025-07-01,4.33192,-82.96294521450508,-123.48762348762357,-0.2995052173806143,-8.602508602508271,-88.4719552990008,5.5090100844957135,-5.642555867274918,-97.13708123740201,-26.35054225022155,-54.31506394290004,-5.082694265050747,4.783189047670133,-0.8128391270884641,-1.7679696029999548,-6.834538999508316,-32.238727406299006
2025-07-02,4.32394,-82.80093523358556,-121.74602957470974,-0.297845090769375,-6.839664582848468,-88.40267623774612,5.601741004160559,-5.581990704201543,-96.85563943003774,-24.890390144671997,-54.16924428117631,-5.031625815602055,4.73378072483268,-1.0449093695116893,-1.496418485739639,-5.343246097108829,-32.8507653915049
2025-07-03,4.33505,-84.18217021634818,-123.50068807526166,-0.3006506079152558,-6.514322008365721,-88.44017431742009,4.258004101071904,-5.5104401274993275,-97.59827862120139,-25.902409454060276,-54.050673985802646,-5.002407859044298,4.701757251129042,-1.2597757519305568,-1.8402453905118534,-4.674076617853868,-33.528767256100984
2025-07-04,4.3325,-83.90393000014983,-123.20172861502256,-0.2996568928574054,-6.498552718155307,-88.40865209356865,4.50472209341882,-5.447368825311525,-97.6028614438967,-25.59886717112586,-53.95592677121102,-4.957262185508775,4.657605292651369,-1.48991359328107,-1.7270619351203038,-4.771490783035003,-34.21847216596906
2025-07-07,4.33754,-83.62056046755472,-124.28948298838525,0.299715270494122,-5.711332916313659,-88.4194258409148,4.798865373360073,-5.3528181621227855,-98.01667338419225,-26.272809604193,-53.83263307807172,-4.924790512583712,5.224505783077834,-1.711128290609115,-1.8691044193420225,-3.8422284969716367,-34.99333173615546
2025-07-08,4.344,-84.19343896884155,-124.58415278695792,0.3028540970113261,-5.984391618587102,-88.43650939492413,4.243070426082582,-5.240344355557571,-98.50875446432846,-26.075398322629454,-53.69152526432086,-4.8946422236645875,5.1974963206759135,-1.9341551422897314,-2.0637218381672824,-3.9206697804198196,-35.792083272652874
2025-07-09,4.34133,-82.98980583403247,-126.68698421771434,0.9053433363718122,-7.694654139036545,-88.40877590443827,5.4189700704058055,-5.12231968315429,-98.5087455733925,-28.178238644321837,-53.53158362468113,-4.849751970662584,5.755095307034396,-2.1336693586270616,-1.9307388480490033,-5.7639152909875415,-36.65438338258426
2025-07-10,4.33815,-83.03124200899614,-124.04466689007404,0.3008378333642824,-6.756245473317069,-88.37189822078706,5.340656211790915,-5.023200250461634,-98.49027072641871,-25.554396163655326,-53.40586997392186,-4.798192076178113,5.099029909542395,-2.357014345871781,-1.7804270588271436,-4.975818414489925,-37.55807018840002
2025-07-11,4.3358,-82.25081133273108,-121.56583037011168,0.8940305579650133,-8.85061720039331,-88.3395847264708,6.088773393739729,-4.931785427392012,-98.50013494592744,-23.06569542418424,-53.32320217519127,-4.746533957986867,5.640564515951881,-2.640402804669498,-1.6464501089386658,-7.204167091454645,-38.54865469182204
2025-07-14,4.34198,-83.4452416771599,-123.7630252717808,1.1963475509272918,-11.79944096870833,-88.3475483996717,4.9023067225117956,-4.804151943838577,-98.95472214662428,-24.808303125156527,-53.19233617006394,-4.714920317800058,5.911267868727349,-2.940525393050634,-1.8605228806645187,-9.938918088043811,-39.48461304957697
2025-07-15,4.3485,-83.92113218330327,-126.76859427419716,1.2031703538827538,-10.07783803853548,-88.35958210023043,4.438449916927155,-4.713483040496544,-99.4284663387904,-27.340127935406755,-53.14225782018528,-4.688435055527917,5.891605409410671,-3.2200212906478747,-2.1054168847769574,-7.972421153758523,-40.56511620231029
2025-07-16,4.3451,-83.05623026294222,-125.8239888578497,1.4938170910587436,-10.815059838933903,-88.32901559632818,5.272785333385954,-4.590747286575253,-99.38899506218229,-26.43499379566741,-53.04283702561308,-4.6330106800995505,6.126827771158294,-3.474108707358704,-1.9416944230998467,-8.873365415834057,-41.64558388454333
2025-07-17,4.35038,-83.25920867812448,-124.79583035108168,1.197974225586171,-9.700516224770436,-88.33756460134462,5.078355923220144,-4.401522291762764,-99.80414305528186,-24.99168729579982,-52.96001503823851,-4.6077698248101555,5.805744050396326,-3.7177468001554086,-2.1423047514047653,-7.55821147336567,-42.79922123306873
2025-07-18,4.3429,-81.79250971659086,-124.95088408644504,2.9851280918477783,-8.644400785856806,-88.28576987767944,6.493260161088585,-4.305693222171815,-99.53279752427684,-25.4180865621682,-52.917261692934076,-4.532811758960998,7.5179398508087765,-4.020228773975708,-1.787007329610276,-6.85739345624653,-43.96079455191732
2025-07-21,4.34625,-80.36384510089556,-124.83881408263947,5.593088120576811,-9.504189549501168,-88.26660883821052,7.902763737314956,-4.33631641290405,-99.83620411641573,-25.002609966223744,-52.88676039328716,-4.483362899957136,10.076451020533947,-4.458174161351456,-1.8963785874791768,-7.607810962021992,-45.15721431332024
2025-07-22,4.349,-82.7631226176463,-126.48724311255329,3.7884527958786935,-10.434561303046848,-88.24456892982901,5.481446312182712,-4.2559446163095345,-100.10510359278172,-26.38213951977157,-52.85172329105113,-4.430543482617427,8.218996278496121,-4.749297733885126,-1.9842195309911972,-8.450341772055651,-46.482662461556046
2025-07-23,4.3495,-84.43327852058698,-126.57389674422392,0.8856637607059977,-9.932358094617548,-88.2176296769749,3.7843511563879133,-4.30457768209347,-100.25536702156774,-26.31852972265618,-52.9265405177226,-4.383165839309832,5.26882960001583,-4.940836248759476,-1.9928517301339923,-7.939506364483556,-47.550343536920295
2025-07-24,4.35529,-85.79027987223509,-126.95812429609968,-0.5937043589782136,-9.98259445070172,-88.22045939674507,2.430179524509981,-4.392830718913233,-100.68574003873752,-26.272384257362162,-53.00505935505615,-4.377246815353772,3.783542456375558,-5.1514182644578215,-2.2569503333846797,-7.7256441173170405,-48.706000949413884
2025-07-25,4.35935,-86.29730620561585,-128.1446540880496,-2.0975039702761897,-8.909853249475608,-88.22714897653822,1.9298427709223631,-4.38218632930772,-101.0215970927504,-27.12305699529921,-53.11611583606991,-4.373555270147747,2.2760512998715576,-5.310625012886902,-2.4416070136108488,-6.468246235864759,-49.91557389362748
2025-07-28,4.35179,-86.58635555917535,-128.63943492966928,-1.810167712036874,-8.907822378025223,-88.18475544143413,1.5983998822587893,-4.385306224654872,-100.74494118415234,-27.89449374551694,-53.1801122108425,-4.312708417191779,2.502540705154905,-5.513069023560675,-2.0246626638560485,-6.8831597141691745,-51.34176342130405
2025-07-29,4.34677,-87.77678243983328,-129.55402010050184,-3.6072650317734465,-9.945561139027614,-88.15492426459014,0.37814182475685243,-4.390091883418245,-100.6012566965315,-28.95276340397035,-53.333012249833686,-4.259810194338858,0.6525451625654113,-5.754212154656482,-1.7214871593165526,-8.224073979711061,-52.74461277190379
2025-07-30,4.35218,-90.07138538950531,-131.15301544212352,-6.106534602678326,-8.348549237588617,-88.18075868621384,-1.890626703291474,-4.3129859449097365,-101.01764493562328,-30.135370506500237,-53.51039466101961,-4.277104316928035,-1.8294302857502904,-5.968460606261572,-1.96749340977658,-6.3810558278120375,-54.302371234564816
2025-07-31,4.34838,-84.80423595638841,-130.47007359710602,-1.2158313398768088,-8.171403356812808,-88.17686393337286,3.3726279769844467,-4.244553800782603,-100.94473919501857,-29.525334402087452,-53.70865777776948,-4.2516146790159475,3.0357833391391384,-6.181718151052558,-1.6988867359706887,-6.47251662084212,-56.03017832249476
2025-08-01,4.34405,-79.08475745359081,-127.70840364495416,1.18924447298523,-9.7198785015191,-88.14251314172205,9.057755688131238,-4.248224254066301,-100.8391636659637,-26.869239978990464,-53.899110224561255,-4.193353803448172,5.382598276433402,-6.481728485410939,-1.3743148125092262,-8.345563689009873,-57.97513499054462
2025-08-04,4.348,-79.73701605707893,-128.30588122082963,0.59284026808183,-9.890245010772087,-88.11315325194656,8.376137194867624,-4.3197799655452735,-101.1619925457995,-27.143888675030126,-54.186996045221896,-4.176327115754777,4.769167383836607,-6.80658601041899,-1.5290093586799003,-8.361235652092187,-60.07760331213697
2025-08-05,4.35312,-80.45909010234816,-127.98646093636424,0.5916109566357239,-9.255219282589266,-88.09609264212696,7.6370025397788055,-4.328250382390959,-101.5519880349926,-26.434472901371635,-54.456315885308484,-4.171478021807701,4.763088978443425,-7.169772792305671,-1.7699537190562182,-7.485265563533048,-62.24838144847811
2025-08-06,4.35562,-83.6961651129461,-127.1474302209092,-2.6711542057339166,-8.723212468378685,-88.07054071943332,4.37437560648722,-4.357515748899802,-101.79393422632754,-25.353495994581664,-54.804820671399824,-4.14944565916479,1.4782914534308738,-7.574664773358103,-1.8555359089981494,-6.867676559380536,-64.58560685869685
2025-08-07,4.359,-83.91287194012448,-129.35089369708493,-3.238742425758923,-6.794188355807294,-88.0647872095308,4.151915269406331,-4.369555931586098,-102.08632883917673,-27.264564857908198,-55.03348646165499,-4.150826581435382,0.912084155676459,-8.025482241219482,-2.0152591670054676,-4.778929188801826,-66.90977748620128
2025-08-08,4.35925,-83.29041277315925,-131.17952034716936,-4.120373776765641,-4.955091225836981,-88.04605337963606,4.755640606476817,-4.395167815749522,-102.21844427331084,-28.96107607385852,-55.17631519493662,-4.13249113098756,0.012117354221919285,-8.451162601782187,-1.9553177082000843,-2.9997735176368963,-69.49444175516005
2025-08-11,4.36315,-85.26883618510219,-131.60028606445954,-0.5983777977896466,-5.5830424390966344,-88.04215262932877,2.7733164442265803,-4.3822582450474385,-102.55861154338561,-29.04167452107393,-55.34745757056834,-4.15245503700578,3.554077239216133,-8.82981830665318,-2.145211190409043,-3.4378312486875915,-72.26499273793937
2025-08-12,4.36324,-83.32686231057353,-130.2938469126424,1.194650355707415,-5.275054530877038,-88.03159411336014,4.704731802786611,-4.334286236798636,-102.68854745356703,-27.605299459075383,-55.524611447773296,-4.123610022623097,5.318260378330512,-9.263015132732278,-2.077284548292937,-3.1977699825841013,-75.11459712976244
2025-08-13,4.35924,-82.84016615711079,-129.85495201859524,1.4899310459898365,-5.194198080742775,-87.99634779233412,5.156181635223334,-4.240590104137378,-102.58441396166293,-27.27053805693231,-55.695638600788556,-4.048823686635679,5.538754732625515,-9.671317539877137,-1.6875387925654195,-3.5066592881773557,-78.16133749384153
2025-08-14,4.35934,-82.14931387333907,-129.6873561404188,1.199260056546748,-6.050322903101747,-87.97721215052003,5.827898277180964,-4.128407063983529,-102.71322272973504,-26.974133410683777,-55.674872450110385,-4.010288510948783,5.209548567495531,-10.124607861242374,-1.6132511811228483,-4.437071721978898,-81.19813823560861
2025-08-15,4.3555,-81.53012867972093,-129.4702770979704,0.8992293604386498,-6.841925212493421,-87.93745451300327,6.407325833282343,-4.066415920889113,-102.62041476955719,-26.849862328413224,-55.66938654839826,-3.9308863994689176,4.830115759907567,-10.61076397549801,-1.2060188446794768,-5.635906367813944,-84.4579711806397
2025-08-18,4.3408,-81.91507237331724,-130.45319334162565,0.6001104203167926,-7.10128270206277,-87.85322270356781,5.938150330250565,-3.979513206370598,-101.91750676436479,-28.53568657726086,-55.769929491434276,-3.727827614868673,4.327938035185466,-11.128315335245762,0.1937044714379681,-7.294987173500738,-88.19221477482984
2025-08-19,4.33865,-81.12721591902852,-128.90216539591935,0.6031763265377305,-5.081205689880204,-87.82163710541808,6.694421186389562,-3.8954716682248405,-101.93025013553256,-26.971915260386794,-55.71845676461042,-3.6575156137611984,4.260691940298929,-11.680273190127998,0.5330135790859458,-5.61421926896615,-91.98259180000608
2025-08-20,4.3408,-80.33615754249034,-128.49536414055726,1.194589703234325,-9.498630614084956,-87.79979337528525,7.463635832794907,-3.8877970284514007,-102.1659846241138,-26.329379516443453,-55.88013428504602,-3.6341736033422904,4.828763306576615,-12.33269951867549,0.4984859868920921,-9.997116600977048,-96.23090114318686
2025-08-21,4.33623,-81.76810804172787,-130.81250557067344,0.8985506378217392,-12.058868249001598,-87.74898046182459,5.980872420096716,-3.871698547839059,-102.02491231378238,-28.787593256891057,-55.98351895721815,-3.520712714243679,4.419263352065418,-13.053897084066104,1.119793260997028,-13.178661509998626,-100.87706160049754
2025-08-22,4.3285,-80.6676433778384,-128.82886589455,0.8897166549031748,-12.085741910266462,-87.69752661158857,7.029883233750169,-3.7661422562796547,-101.68337422656518,-27.145491667984828,-56.720084486141005,-3.3649041956504036,4.254620850553579,-13.694822897184931,1.951255729455795,-14.036997639722257,-102.93686148825478
2025-08-25,4.32015,-81.10781992281441,-132.21169425397557,0.8912947244257154,-14.517362506318264,-87.63975099196546,6.531931069151042,-3.667963606265988,-101.28280176215353,-30.92889249182204,-57.57018978798664,-3.1949707713990207,4.086265495824736,-14.287754233679767,2.8684487479716836,-17.385811254289948,-104.94680319435369
2025-08-26,4.3115,-83.09833007717482,-132.34673290046427,-0.5893498587028353,-15.280738240951443,-87.58351252358837,4.485182446413546,-3.5812225890704203,-100.86807735778746,-31.47865554267682,-58.47005465419519,-3.013138022052239,2.4237881633494034,-14.87339548332671,3.830499985357278,-19.11123822630872,-106.95974314937078
2025-08-27,4.30059,-83.29972890794858,-129.27796056892726,0.2943453318312806,-9.067592424675173,-87.53027731709275,4.230548409144177,-3.495249488683668,-100.30219981190928,-28.97576075701798,-59.4225140923902,-2.7891883572310405,3.083533689062321,-15.515777320530042,5.0785775854347435,-14.146170010109916,-109.13019489047778
2025-08-28,4.28151,-83.40454423074671,-131.35624684732338,-1.4632376180832758,-10.498257545305368,-87.45939988189612,4.05485565114941,-3.332015405472869,-99.21564420484816,-32.140602642475216,-60.348262069597205,-2.4161768995740545,0.9529392814907787,-16.163325698202122,7.320293932060963,-17.81855147736633,-111.47537772286344
2025-08-29,4.26866,-83.81792079351526,-131.67534851166477,-1.1601096303603329,-11.077849587978754,-87.41939073438337,3.601469940868114,-3.123328746524088,-98.49322691920307,-33.1821215924617,-61.29970055972893,-2.1347043968319213,0.9745947664715884,-16.808814356958653,8.907293672806361,-19.985143260785115,-113.7193275661549
2025-09-01,4.2728,-83.13986772418303,-128.5122799257912,-1.1507248127917185,-10.811740567369904,-87.43501055134857,4.2951428271655345,-2.930571309075404,-98.76250191712535,-29.749778008665857,-62.689919210517814,-2.1031524126762946,0.9524275998845761,-17.732422933852956,8.65449390805395,-19.466234475423853,-116.73417815847625
2025-09-02,4.2533,-82.9285964971859,-118.8772702256477,-1.6981965152992062,-41.33798079863121,-87.36774782531444,4.4391513281285455,-2.838576665775852,-97.57771110774127,-21.29955911790644,-63.60120005470124,-1.642209670791857,-0.055986844507349254,-18.667003116396522,11.119483308910617,-52.457464107541824,-119.13455196801505
2025-09-03,4.2456,-82.59772659590632,-118.65965547448025,-1.1237785931418347,-40.28119183796207,-87.34303347690657,4.745306881000246,-2.6801426124993677,-97.05299226430537,-21.606663210174872,-64.7573098852217,-1.4038689019418342,0.2800903087999995,-19.438431129579193,11.943557207780941,-52.22474904574301,-120.52305464882168
2025-09-04,4.22745,-82.91382884216658,-120.46800591030662,-0.8460594779792502,-42.04087553196269,-87.28041041026843,4.36658156810185,-2.601224838212203,-95.87009216335605,-24.597913746950567,-65.64488469263301,-0.9628999776030298,0.11684049962377963,-20.081706453105923,13.931506338228075,-55.972381870190766,-121.0525232593866
2025-09-05,4.20435,-81.69091836763195,-118.52444383745984,-1.3940429755581183,-41.45916759746431,-87.20709248592385,5.5161741182919,-2.538147752768314,-94.34670866105571,-24.177735176404127,-66.51964298142248,-0.38565990381755455,-1.0083830717405637,-20.800096288371066,16.49919360621459,-57.9583612036789,-121.48481329358476
2025-09-08,4.1946,-79.48338549717019,-117.0382550660158,-0.8250870466839254,-41.10847801905541,-87.16323857209974,7.679853074929554,-2.4559812467511914,-93.82264654704295,-23.215608518972843,-66.61597397323501,-0.11771498979753403,-0.7073720568863914,-21.25938198876009,17.209185152150212,-58.31766317120562,-120.57637299791523
2025-09-09,4.18895,-79.68830567220708,-117.67871996868466,-0.8272142457302576,-40.85726867935646,-87.0962150765767,7.407909404369619,-2.508555794108564,-93.54635376758117,-24.132366201103494,-66.83876291604753,0.06805118107747887,-0.8952654268077365,-21.699108426424495,17.396291631386077,-58.253560310742536,-119.60637383916232
2025-09-10,4.18593,-79.37924878115798,-116.58408627222308,-0.8240060427114796,-40.318663169143306,-87.02840031882816,7.649151537670178,-2.6135224294295387,-93.44044251007116,-23.14364376215191,-67.12155800333548,0.20713435433697214,-1.0311403970484516,-22.18992424802767,17.248866330638975,-57.56752949978228,-118.5633324916333
2025-09-11,4.162,-78.6996397978022,-116.2236692028926,-1.1006942629053271,-39.94436664115926,-86.90179948129206,8.202159683489853,-2.7189876652957032,-91.91513297805469,-24.30853622483791,-67.41682833511751,0.8189147652362863,-1.9196090281416134,-22.66220821804079,19.54475389780731,-59.489120538966574,-117.44735820606485
2025-09-12,4.1704,-79.87615079299701,-116.62471021604122,-1.3724424534879254,-40.29715596895905,-86.84069313870727,6.964542345710257,-2.9176573210744694,-92.5509192320668,-24.07379098397442,-67.85726218379308,0.6944786538431913,-2.0669211073311167,-23.10691249550026,17.971788774373067,-58.26894474333212,-116.13524451868793
2025-09-15,4.15198,-80.18505078839573,-116.44634798948464,-2.174509851889192,-41.236533694465855,-86.71778336355295,6.532732575157226,-3.0633987871033623,-91.36877577852619,-25.07757221095845,-68.25199047307441,1.1939631320354778,-3.36847298392467,-23.558726441746337,19.49364564610613,-60.730179340571986,-114.71305091788906
2025-09-16,4.1377,-80.21723694979352,-117.00055680987822,-2.168033431074768,-41.1146534974467,-86.62441219165608,6.407175241862561,-3.1122162493180827,-90.51832888844467,-26.482227921433548,-68.39039646439676,1.57864978297917,-3.746683214053938,-23.89643824654961,20.390885387025776,-61.50553888447248,-112.88581771871672
2025-09-17,4.1509,-81.4229896991726,-118.05667200161184,-2.185852072461493,-41.5117972688584,-86.58361892632455,5.160629227151944,-3.336399625997025,-91.54500111122212,-26.511670890389723,-68.59886161483924,1.325686341477308,-3.511538413938801,-24.349300938077818,18.151246487589162,-59.663043756447564,-110.92643839460337
2025-09-18,4.1608,-81.2231771433599,-117.14948992155644,-2.195221003876312,-41.360942360058885,-86.53954916163802,5.316372018278116,-3.5949494652629554,-92.33760938036511,-24.81188054119133,-68.84909582853109,1.1944788070332493,-3.389699810909561,-25.079961250654023,16.406927920753446,-57.76787028081233,-109.3069695234575
2025-09-19,4.1609,-80.86180229560736,-115.1236767160048,-2.1707866388087314,-39.22560759073626,-86.3821580302234,5.520355734616032,-4.306478365231341,-92.43842123474514,-22.68525548125966,-69.13637584231795,1.1726577087117818,-3.343444347520513,-25.082801487376067,15.807691925702159,-55.03329951643842,-107.89954588133465
2025-09-22,4.16395,-80.87116662663071,-115.29287340252478,-2.4021138601960024,-38.58226078430966,-86.23812919728857,5.366962570657861,-5.026875016122798,-92.71506788714908,-22.5778055153757,-69.5195645088208,1.0758812895352179,-3.4779951497312203,-25.078299402495617,14.90592358466563,-53.48818436897529,-106.44801051991348
2025-09-23,4.161,-83.68734408250775,-116.52390784390003,-3.985111622976559,-39.29558685574179,-86.0682561431795,2.380912060671747,-5.73643984148641,-92.60227910592252,-23.921628737977514,-69.74163602997736,1.136737072377315,-5.121848695353874,-25.118763968950354,14.601325127840084,-53.89691198358187,-104.68329202890371
2025-09-24,4.171,-88.59363624684143,-117.03656140207134,-8.297289195323298,-38.93628793726623,-86.03719289922942,-2.556443347612003,-6.192228490082073,-93.45877796816166,-23.577783433909687,-69.61579453515654,0.8701458670493167,-9.167435062372615,-25.20574376788608,12.949316703642126,-51.885604640908355,-102.89307928695466
2025-09-25,4.1675,-86.4129043270464,-116.41443538998912,-5.334129896731246,-38.50971817083411,-86.00632934589306,-0.4065749811533408,-6.337441596841656,-93.40882476370876,-23.005610626280358,-69.26211907972264,0.8908424383081268,-6.224972335039372,-25.115595102126594,12.710820961226375,-51.22053913206049,-101.06691514517946
2025-09-26,4.1604,-87.23450656652477,-118.2717994457505,-5.851094952633452,-38.4112082603628,-85.91239166877635,-1.3221148977484205,-6.637823163447408,-93.09862100515065,-25.173178440599855,-68.97249842754267,1.0385131225746704,-6.889608075208122,-25.14546509474394,12.81646935602106,-51.22767761638386,-99.20537144827568
2025-09-29,4.13168,-89.47320368848646,-119.539740038355,-7.564789816226829,-39.20733006605529,-85.68281713650266,-3.7903865519838007,-6.872728874531731,-91.36453380520024,-28.175206233154768,-68.46140217984076,1.7340209737418917,-9.29881078996872,-25.211747087877693,14.961516656963795,-54.16884672301909,-97.1470866366697
2025-09-30,4.13303,-83.96044530132377,-120.05342377357974,-2.591371768558226,-41.16117386522873,-85.7217537277061,1.7613084263823282,-6.838885847140465,-91.84315600554055,-28.210267768039188,-67.35456223855046,1.575137031341356,-4.166508799899582,-24.85992618152899,13.903400737972163,-55.064574603200896,-94.06716438186044
2025-10-01,4.129,-81.74372823831897,-118.55953336996492,-9.829942003341475,-40.36518872310802,-85.62345059079948,3.8797223524805133,-7.146369245220888,-92.0148989084654,-26.544634461499527,-65.96907396764874,1.6262830137117277,-11.456225017053203,-24.739518769509214,13.259061223928029,-53.62424994703605,-90.5502811588778
2025-10-02,4.1124,-80.38210020277035,-118.95413988070486,-9.334695507418257,-43.198015019289265,-85.3907097790981,5.008609576327757,-7.575442534614281,-91.38913925999049,-27.565000620714372,-64.51214687677927,1.8615520697779573,-11.196247577196214,-24.239641647963964,13.653885201015271,-56.851900220304536,-86.84635301348862
2025-10-03,4.10702,-80.2770587720693,-118.33259375462193,-9.520035815918062,-43.541394532950015,-85.20212311372505,4.925064341655755,-8.119468990117337,-91.57173310252483,-26.760860652097094,-62.84554026926187,1.7648722002858648,-11.284908016203927,-23.506833637211635,12.830010332219615,-56.37140486516963,-82.48010113626356
2025-10-06,4.08723,-81.0405505708181,-119.14700637993116,-8.583734328373511,-44.937798254022965,-84.87350559524583,3.832955024427733,-8.70853070472808,-90.88553370992997,-28.261472670001183,-61.17089494735815,2.005880036012556,-10.589614364386067,-22.847541138248275,13.028676486740778,-57.96647474076374,-77.8380461928572
2025-10-07,4.08144,-81.30795387530294,-121.89130139349112,-6.524712348019031,-44.951337563636734,-84.68065805404999,3.3727041787470426,-9.20719234333815,-91.20589709568617,-30.68540429780495,-59.08854286182113,1.8571698703630233,-8.381882218382055,-21.947379198943885,11.846032394670146,-56.79736995830688,-72.5066315118919
2025-10-08,4.07758,-81.6421451597341,-119.86728686737248,-6.927212316583948,-44.387715444060994,-84.52260231269032,2.8804571529562253,-9.630656654879017,-91.68925122634619,-28.178035641026298,-56.93955972694877,1.712308905780759,-8.639521222364706,-21.21145281394206,10.420784432081973,-54.80849987614297,-66.88835148570992
2025-10-09,4.0448,-80.71694754152752,-111.59582022927955,-7.04073062667463,-40.58029826519283,-84.10087821169124,3.3839306701637213,-9.955528120543125,-90.69436853902232,-20.901451690257232,-54.380297173031664,2.1103885528591206,-9.151119179533751,-20.31472091182359,10.652206908153403,-51.23250517334623,-60.917294900889914
2025-10-10,4.0328,-80.39245455835105,-111.66968108335588,-7.466791445047017,-40.6796695375096,-83.8290743454636,3.436619787112548,-10.420529317794491,-90.84660259658006,-20.823078486775827,-51.99989862007128,2.004750717801926,-9.471542162848943,-19.28316290051503,9.209790562324514,-49.88946009983411,-54.35746376298107
2025-10-13,4.0353,-81.25986857310988,-107.69072141326888,-8.271962669118174,-37.80631709189234,-83.70336737190638,2.4434987987964973,-10.888705750129729,-91.8293541217293,-15.86136729153958,-49.40820412504736,1.5598137635356437,-9.831776432653818,-18.071838476520128,6.826595802453085,-44.632912894345424,-47.39864393911591
2025-10-14,4.0429,-80.8604517564821,-110.43321706737552,-9.172230348494722,-38.88493558710337,-83.65777985688061,2.797328100398502,-11.314362925977038,-92.98018199735384,-17.453035070021684,-46.86727486252603,1.0085853270918221,-10.180815675586544,-16.753299942268434,4.355357604069184,-43.240293191172555,-40.52048362467776
2025-10-15,4.0557,-80.33312101305123,-107.67327666186404,-8.793862359414446,-38.46821092647924,-83.67174578331705,3.338624770265824,-11.767786302520587,-94.39270339668258,-13.28057326518146,-44.05394566514801,0.3619974989034205,-9.155859858317866,-15.283633000980881,1.811670552744033,-40.27988147922327,-33.50234108240096
2025-10-16,4.02375,-79.97078523914837,-106.37827154666968,-9.476306921400862,-38.163435372894305,-83.15121711439014,3.1804318752417657,-12.209692690547062,-93.79965470152045,-12.578616845149227,-41.42159096347094,0.36396438582507784,-9.84027130722594,-13.743329783107402,0.6891941037358578,-38.85262947663016,-26.531472481856238
2025-10-17,4.01,-79.49536904196364,-109.20520949295658,-9.642929380830711,-39.48336498422559,-82.80750080724465,3.312131765281009,-12.74443007691651,-94.09439581408594,-15.110813678870642,-38.71327935261458,-0.014589711073092815,-9.628339669757619,-12.006279487702784,-1.3361124316422917,-38.147252552583296,-19.14822847011811
2025-10-20,4.00464,-80.80251589651935,-108.48778702074284,-10.10031448706805,-39.4674374574596,-82.56320701688304,1.7606911203636884,-13.270150116246013,-94.91586805147489,-13.571918969267955,-35.52555396720287,-0.5522976466705387,-9.548016840397512,-10.162168535873572,-3.693099507875978,-35.774337949583625,-11.58264679306043
2025-10-21,4.0207,-80.23814487469626,-115.98903749627864,-9.454041239011824,-43.521550352585365,-82.68592234467422,2.4477774699779644,-13.557904460307153,-96.42243366991059,-19.566603826368052,-32.40797289248053,-1.2597312849397113,-8.194309954072112,-8.398688454536892,-6.133171272206743,-37.38837908037862,-4.166888275251107
2025-10-22,4.016,-81.0068270211454,-114.65666926500218,-9.271865743386698,-41.24340621043269,-82.52185752660286,1.5150305054574602,-13.86250799021782,-97.42411020110096,-17.23255906390122,-28.653726733233945,-1.708466999054174,-7.563398744332524,-6.807969868631103,-8.365574046056562,-32.87783216437613,3.182686470361409
2025-10-23,3.98913,-81.67162674370091,-115.29026982829107,-9.451612590516486,-41.087489779231504,-82.07512044488769,0.4034937011867754,-14.076996648350539,-97.85280276136959,-17.437467066921485,-24.99437213878258,-2.0419529978676323,-7.409659592648854,-5.235148640227536,-10.804065853377168,-30.283423925854336,10.392182864611225
2025-10-24,3.98445,-81.93433097093353,-117.4196467128664,-9.48201456340097,-42.155915194635135,-81.98939451356412,0.055063542630591655,-14.133619840046741,-98.99713232127432,-18.422514391592074,-21.16004723843899,-2.562052970200556,-6.919961593200414,-3.5761510419342373,-13.199683558399371,-28.956231636235763,17.589046657632718
2025-10-27,3.97575,-82.6174410691553,-119.30652813734496,-10.546907370529976,-43.11255578487223,-81.86128033796615,-0.7561607311891549,-14.149476159753188,-100.17555900579461,-19.130969131550344,-17.078022767731525,-3.01207821390242,-7.534829156627556,-2.146685323851691,-15.709149649909676,-27.40340613496255,24.732853360847166
2025-10-28,3.95507,-81.98090148628361,-119.20470699228036,-10.62715389637076,-42.49722174412757,-81.62347005305531,-0.3574314332282995,-13.995255966074845,-101.29009820672633,-17.914608785554037,-12.916751850072515,-3.5854304787576745,-7.0417234176130865,-0.38101628719250724,-18.688343598450516,-23.808878145677056,31.860384773998636
2025-10-29,3.99714,-83.96797003615711,-120.91542439211145,-10.432384156007169,-43.10897739197109,-82.25610735638287,-1.7118626797742422,-13.84347994418403,-103.19109958271812,-17.724324809393323,-8.444141170067168,-4.127492949168087,-6.304891206839081,1.348704472417161,-19.458229771680664,-23.650747620290424,38.94563124694757
2025-10-30,3.99355,-82.99085112832793,-121.1975049255654,-9.193597280683688,-43.32861896158536,-82.28660904755701,-0.7042420807709249,-13.597964593439055,-104.43575097893208,-16.76175394663332,-4.252743679252935,-4.601803667856538,-4.59179361282715,2.8987964572291016,-21.60762960299016,-21.720989358595205,45.68229265817544
2025-10-31,3.9925,-82.4398189321795,-121.58703947882,-8.743617159473583,-43.54130467822779,-82.33686322018444,-0.10295571199506526,-13.379441788189464,-105.76035229062421,-15.826687188195791,0.1799212332933413,-5.02826411411586,-3.7153530453577233,4.333470910839136,-23.727028516031794,-19.814276162195995,52.723332393269175
2025-11-03,4.00025,-83.47036801935336,-123.13401015439564,-8.996806133823402,-44.303284058928334,-82.48859608366033,-0.9817719356930326,-13.197382070402426,-107.07769969821946,-16.056310456176178,4.774166932923142,-5.399816154349853,-3.5969899794735483,5.780459894980929,-25.317614587186483,-18.98566947174185,59.81774624838228
2025-11-04,3.98776,-83.67051618859203,-121.92717025061926,-9.66407177862201,-43.68173403761359,-82.38311996791967,-1.2873962206723633,-13.005751085228336,-108.46642945849193,-13.460740792127325,9.239828553410428,-5.874905115001297,-3.789166663620712,7.171621572951562,-28.119966651211996,-15.561767386401591,66.89555374987422
2025-11-05,3.969,-83.67738222973769,-121.2111114350814,-9.548770344534026,-41.44503638415968,-82.21649281533914,-1.460889414398551,-12.77105418782703,-110.0312975708305,-11.179813864250903,13.735555382114288,-6.46572774899758,-3.0830425955364458,8.663430036267231,-31.52347962760001,-9.921556756559667,73.98467830403632
2025-11-06,3.96435,-83.4756022437835,-121.78746525934352,-9.554436401396272,-45.59223058426485,-82.21083036385883,-1.264771879924666,-12.626178567736329,-111.41731858291746,-10.37014667642606,18.009208271166997,-6.895513879183596,-2.6589225222126753,9.928451185920938,-33.91494766332278,-11.67728292094207,80.81400393609019
2025-11-07,3.965,-83.72362705747689,-124.78555715820067,-9.99685099193754,-47.18259872648404,-82.25365508972288,-1.469971967754006,-12.541398846570132,-112.68619571337462,-12.099361444826059,22.2304089552363,-7.268368840333494,-2.7284821516040463,11.191066606811697,-35.91605476519641,-11.266543961287631,87.73100255675533
2025-11-10,3.959,-83.33819270317068,-120.96518736735348,-9.961708165685955,-43.3574075833876,-82.2327910100093,-1.105401693161383,-12.394289780731274,-114.22899682575155,-6.736190541601928,26.800812743613903,-7.719522707294409,-2.242185458391546,12.452872875075133,-38.556889898419286,-4.800517684968312,94.78839381639952
2025-11-11,3.9575,-83.59887080945514,-121.62908789897904,-10.6618849728014,-45.29365713091862,-82.28818930409018,-1.310681505364954,-12.166643081696503,-115.5344821344165,-6.09460576456253,31.05903660744893,-8.123369036055642,-2.538515936745757,13.74337256928861,-40.60545266510519,-4.688204465813428,101.3647628170646
2025-11-12,3.966,-83.9016158211747,-123.75935472360705,-11.44112943016068,-46.01068574701586,-82.48548541386113,-1.4161304073135739,-11.863722764004198,-116.48071060695784,-7.278644116649204,35.295074203668506,-8.416903382410297,-3.0242260477503837,15.165222494121277,-41.659525853757316,-4.351159893258547,108.22194578786093
2025-11-13,3.9644,-87.01864068732783,-127.5405328402534,-12.94492175514092,-47.8037979161382,-82.55983549261126,-4.458805194716575,-11.563332267978872,-117.75349326471473,-9.787039575538671,39.55364016680583,-8.835636550445827,-4.109285204695093,16.52592543719537,-43.6523408899759,-4.151457026162298,114.79411633117763
2025-11-14,3.9593,-86.43359793930594,-126.12559183148952,-14.201554335637042,-47.44536369836509,-82.7607608717556,-3.672837067550347,-10.74427168408591,-119.20838853969468,-6.917203291794834,43.87770865657576,-9.389641582825831,-4.81191275281121,18.132599007590365,-45.95048197413189,-1.4948817242332026,120.99889407139902
2025-11-17,3.9597,-87.26909536806342,-125.84652697436772,-13.844389066889075,-45.40032935151377,-82.98853824007051,-4.280557127992907,-10.023953510175625,-120.44954413004172,-5.396982844326004,48.39488944688575,-9.857493757824116,-3.986895309064959,19.764082432756467,-47.583838498335524,2.1835091468217556,127.29317742117658
2025-11-18,3.9477,-86.54517559819391,-123.26735407117556,-14.01441763947989,-43.98179193259523,-83.12130940307594,-3.4238661951179665,-9.241620952561231,-122.3329118583043,-0.9344422128712608,52.94391354943171,-10.577840108725752,-3.4365775307541373,21.38915523714074,-50.8341654946114,6.852373562016169,133.6019718351671
2025-11-19,3.95781,-86.80768419658664,-126.36415852958088,-12.996630684798042,-47.89766255512655,-83.3667696966269,-3.4409144999597316,-8.777595836671349,-122.71141981213088,-3.652738717449992,56.40048653036644,-10.731218465357614,-2.265412219440428,22.683419143756403,-50.78317763408165,2.885515078955102,138.7965285906294
2025-11-20,3.957,-87.56030501399204,-129.28260981126735,-14.96128461023267,-49.936641652292394,-83.30599897917972,-4.254306034812316,-9.109606104861554,-122.76420742377701,-6.51840238749034,56.29861456792066,-10.795005347036152,-4.166279263196518,22.780626462346387,-51.26056731812548,1.3239256658330874,140.32637788354486
2025-11-21,3.9358,-89.78780558603148,-128.54755259853994,-18.695543080927997,-50.97920048620072,-83.07507945495607,-6.712726131075414,-9.387956788465878,-124.03694829839588,-4.510604300144053,56.372432511905124,-11.384718200298096,-7.310824880629902,23.032627065841446,-54.6786459987502,3.699445512549481,141.98701357804035
2025-11-24,3.9165,-88.4846638670708,-123.43611888806258,-18.85738738150714,-48.08946587594862,-82.91260667774453,-5.572057189326259,-9.547598851401556,-125.0883026357915,1.6521837477289267,56.09381230384049,-12.038858758250342,-6.8185286232568,23.517667843918453,-57.749104187613284,9.659638311664665,143.26036885075263
2025-11-25,3.89738,-90.29968358797242,-129.00693800866802,-19.609314666557804,-53.42907824154051,-82.74870098528936,-7.550982602683064,-9.674023456408285,-125.91228219291838,-3.0946558157496327,55.321389581034566,-12.721040287833233,-6.888274378724571,24.06189537327121,-60.553399305045446,7.1243210635049365,143.80442090586905
2025-11-26,3.87639,-89.13662410052585,-129.49775112443825,-18.259793616280923,-54.91004497751111,-82.69074784725353,-6.445876253272317,-9.47590236871572,-127.03094761653853,-2.4668035078997264,55.073930198780985,-13.485272719874132,-4.774520896406791,24.651207299493656,-63.63396161661501,8.723916639103898,144.25874209789248
2025-11-27,3.8738,-89.23395893313796,-129.40293001192953,-18.27973282727424,-54.86983863023895,-82.7799925983511,-6.453966334786855,-9.350964933973723,-127.07337380315255,-2.329556208776978,54.650861298287325,-13.716410400911002,-4.563322426363239,25.0156369073581,-63.94373407311821,9.073895442879255,144.38490996997774
2025-11-28,3.872,-86.33236071830282,-126.9019810514278,-15.804011388320856,-51.8581317267328,-82.87187760527155,-3.460483113031273,-9.241767011875114,-126.99717209374893,0.09519104232113307,53.98403359691016,-13.92225810857613,-1.881753279744725,25.370140184717574,-64.06103075047554,12.202899023742738,144.2652509645494
2025-12-01,3.85498,-73.01149990194163,-77.60092431323109,0.4725663424091139,-2.931590474054719,-82.68613380762497,9.674633905683336,-9.492083707149499,-127.6062860838864,50.00536177065531,52.9469834218441,-14.370922027373226,14.843488369782339,25.34274139516706,-66.09217730834132,63.160586834286605,143.38416524584753
2025-12-02,3.8401,-72.99356848199488,-77.13423237756446,0.951056266867686,-2.0523520809995732,-82.05533128878008,9.061762806785197,-10.670860993153358,-126.14231989055577,49.00808751299131,47.80298277004223,-14.096543098237248,15.047599365104935,23.873519749998675,-65.74531249514803,63.69296041414845,138.1258861161617
2025-12-03,3.82715,-73.04167420082373,-75.21277523175019,0.9516830514778346,-0.5128143765813433,-81.47576021159412,8.434086010770386,-11.686594130754518,-124.55685592625727,49.344080694507085,42.928556736743566,-13.735053902242797,14.686736953720631,22.39797472305046,-64.93310301786073,64.42028864127938,132.6861742504533
2025-12-04,3.80938,-72.2498704730932,-75.60947008612867,0.71299214282918,-1.925241136452828,-80.84821810243545,8.598347629342257,-12.624697463249802,-123.06198444362533,47.45251435749667,38.10841202085011,-13.459232885412192,14.172225028241371,20.957092884459197,-64.57086601925414,62.645624882801314,127.15801579432676
2025-12-05,3.806,-73.37211573736637,-76.78938112558156,0.9528846199649248,-2.2282632915902125,-80.38675880093724,7.0146430635708725,-13.549007860625373,-121.01154035612,44.22215923053844,33.45599349609344,-12.877321506778031,13.830206126742956,19.561173880115252,-62.3468387356516,60.11857544406139,121.77482161055113
2025-12-08,3.7957,-73.73540206077455,-77.55057122615888,1.1931294831818628,-3.095144749602907,-79.93716575125197,6.201763690477421,-14.193170669323948,-119.40141783916226,41.850846613003384,29.39443796780735,-12.455766312962822,13.648895796144686,18.247236718629367,-61.06382498631689,57.96868023671398,116.70155075415555
2025-12-09,3.7845,-74.14025816018055,-78.12718908592782,1.901032260517893,-3.1316805751740726,-79.4984952985159,5.358237138335355,-14.776965715063664,-117.88475787025831,39.75756878433049,25.62201571936938,-12.041856551293378,13.94288881181127,16.951589134811485,-59.905825993463566,56.77414541828949,111.8443953164435
2025-12-10,3.7559,-73.0696834120008,-76.528053275174,2.3647146735253415,-2.9122726404929966,-78.81774795372641,5.748064541725611,-15.299510798311378,-116.78304481855596,40.25499154338196,22.041328068539464,-11.877226266716534,14.241940940241875,15.673490732677132,-60.61123024211503,57.698957601622034,107.19501347631365
2025-12-11,3.7512,-73.36140068875523,-76.7795388822283,1.635445238286071,-3.618707775186385,-78.4756417837275,5.114241094972272,-15.826096299055635,-115.00670189355388,38.22716301132559,18.39972575006967,-11.280975574899102,12.916420813185173,14.367097191770242,-58.52411305632364,54.905405281137256,102.36389662258173
2025-12-12,3.75667,-73.72727420731509,-75.53162644769007,1.395468912442149,-2.5822778272722986,-78.33399879391376,4.6067245865986735,-16.272249084058405,-113.18835933172579,37.65673288403572,15.02120331785828,-10.609433466618242,12.004902379060391,13.17937398332784,-55.61156001350622,53.02928218623392,97.93190593493992
2025-12-15,3.7435,-73.86742423362588,-75.20955691896707,1.3937249855388356,-1.872437101717096,-77.9182306450446,4.050806411418719,-16.658513153225243,-111.73329696151475,36.523740042547686,11.842056702182141,-10.241796237493944,11.635521223032779,12.114881667495755,-54.6881856722361,52.815748570519006,93.86406746933855
2025-12-16,3.7465,-73.44874393350437,-75.28738606900981,0.9297309358684284,-2.352730814654432,-77.80209367545797,4.353349741953593,-16.967848454039643,-110.14276400598948,34.855377936979664,8.849941350199412,-9.696977321757643,10.626708257626072,11.115268240948133,-52.26598086273896,49.91325004808452,89.92024882734057
2025-12-17,3.7481,-72.8390878517779,-75.15222853521134,0.4610068851374102,-2.8672536991353654,-77.66335976086603,4.824271909088125,-17.269360945397352,-108.72667460213526,33.574446066923926,6.153799515732012,-9.232369646433852,9.693376531571262,10.219091268275307,-50.17381661839369,47.30656291925832,86.28599324449752
2025-12-18,3.74616,-72.47346870946365,-75.29752449842519,0.692421675570651,-2.290999731191622,-77.46204563123491,4.988576921771269,-17.545897982009464,-107.46625775691098,32.16873325848579,3.7632782454060725,-8.85921662504149,9.551638300612142,9.414591372512401,-48.56124721513049,46.270247483938874,82.97478500364886
2025-12-19,3.74674,-72.59938048528652,-75.94009368922796,0.6914226712888623,-2.97804288977099,-77.31131796853295,4.71193748324643,-17.777216572024813,-106.30330737300943,30.363213683781467,1.6288025435622662,-8.486536047933114,9.177958719221976,8.663077860351091,-46.83759274029825,43.85954985052726,79.87371196670712
2025-12-22,3.749,-72.46376811594367,-76.62413471942332,0.450085516245631,-2.17270703363008,-77.20670250490011,4.742934388956442,-17.978840080634768,-105.24800470473187,28.623869985308545,-0.3115351348784179,-8.127302910046929,8.57738842629256,7.95884067309545,-45.132258814174634,42.95955178054455,77.03978721818606
2025-12-23,3.739,-72.24934050177734,-74.89850202995892,0.2229917916709316,-1.819963600726728,-76.87413944636795,4.624798944590609,-18.217151143275203,-104.25759922627184,29.359097196312916,-2.1609891532489423,-7.902788378322189,8.12578016999312,7.352651300959751,-44.430225217511236,42.610261616784506,74.32279512194066
2025-12-24,3.7283,-72.1075496381232,-79.03158480589924,0.892972750935693,-3.2002226241820138,-76.53170667693534,4.42415703881214,-18.4264449536863,-103.20921692005743,24.177632114158186,-4.09856734723497,-7.698776546503886,8.591749297439579,6.823773250135475,-43.757237439401194,40.55701481521918,71.64617909830365
2025-12-25,3.7283,-72.1075496381232,-79.03158480589924,0.892972750935693,-3.2002226241820138,-76.38961551637519,4.282065878251984,-18.63108998673563,-102.37708422332169,23.345499417422445,-5.703332739616761,-7.407685379298197,8.30065813023389,6.2938654900320055,-42.38564516885367,39.18542254467166,69.16656539275016
2025-12-26,3.72145,-72.79609812914028,-72.66231701963493,0.220594236755773,-1.7660979831173655,-76.12970683229771,3.333608703157438,-18.809501375805755,-101.55658426226131,28.894267242626384,-7.1491544669200575,-7.177887651866367,7.398481888622141,5.818550931308268,-41.55859728851314,39.79249930539578,66.82456738288278
2025-12-29,3.708,-74.09373665562443,-76.79831431858852,2.0993103091230586e-12,-0.5545004643948166,-75.78121171256286,1.687475056938439,-18.89229097679916,-100.49159987647778,23.693285557889254,-8.890663230462508,-7.018067805432256,7.018067805434356,5.445190183585823,-41.131395001991194,40.57689453759638,64.48614125919327
2025-12-30,3.683,-75.12403531290418,-79.82226766018636,0.921767304454085,-1.4417815176729505,-75.27187193886371,0.14783662595952762,-18.862815471466213,-99.43722007866796,19.614952418481607,-10.368020531753796,-6.925236643429795,7.84700394788388,5.113707260895344,-41.33954540761877,39.89776388994582,62.083664469911845
2025-12-31,3.67485,-75.93700007176804,-81.91082464804207,0.4630304882441828,-0.5581657556943217,-75.14453531630384,-0.792464755464195,-18.695988427698556,-98.63647702917964,16.72565238113758,-11.669145429314714,-6.712449306417533,7.175479794661715,4.77136283747771,-40.431184144774676,39.87301838908036,59.67340121024565
2026-01-01,3.67485,-75.93700007176804,-81.9184834334874,0.4630304882441828,-0.5582179450329612,-75.20344090890758,-0.733559162860459,-18.468472683925917,-98.03848841820466,16.12000498471727,-12.761926885535926,-6.4819019614009825,6.944932449645165,4.451979463333911,-39.054999822802756,38.49678187776979,57.352159780789776
2026-01-02,3.6757,-74.55641242852919,-77.31594205286905,0.6924744188433631,-1.3732849387727937,-75.27116209756052,0.7147496690313346,-18.246585480942453,-97.49786946864879,20.18192741577974,-13.764752798044555,-6.261612828257615,6.954087247100978,4.1579223238351215,-37.7222986787948,36.34901374002201,55.17344093256254
2026-01-05,3.67425,-73.27242282233767,-77.42727320206868,0.2247620331961258,0.1305687575064715,-75.23677804825628,1.9643552259186094,-18.179730042447368,-96.8087704983361,19.381497296267426,-14.988508461328564,-6.0484486594833164,6.273210692679442,3.815712854693868,-36.63026706388419,36.760835821390664,53.20087909204993
2026-01-06,3.6756,-73.41768209253743,-77.51928446008992,0.2224778245216266,-0.615232416349365,-75.21188011973601,1.7941980271985756,-18.201340625752117,-96.20779397918434,18.688509519094424,-16.117835246387482,-5.846128737645499,6.068606562167125,3.476957115975296,-35.41027483430065,34.79504241795129,51.26544421732507
2026-01-07,3.678,-73.60085448796958,-76.48379195896977,0.0,0.767395905942871,-75.21769021654755,1.6168357285779678,-18.178988159504108,-95.67671918496227,19.19292722599249,-17.12057221112248,-5.659984016923664,5.659984016923664,3.202199263145308,-34.239587619167935,35.006983525110805,49.491195770160914
2026-01-08,3.67107,-74.14603642535666,-72.98758172141571,-0.4466628700318651,1.6883248440903735,-75.05988440371686,0.9138479783602094,-18.147378200946164,-94.98479206858676,21.99721034717105,-18.122398432728147,-5.520263954334219,5.073601084302354,2.9571199969516826,-33.55112213648289,35.23944698057326,47.76392906542543
2026-01-09,3.67838,-74.95287725912004,-74.75937998552503,-1.3305244483875458,-0.5009003684128331,-75.18167860194873,0.2288013428286888,-18.087033256887054,-94.4811071019352,19.721727116410165,-19.23925464818946,-5.357383632363975,4.026859183976429,2.7369965541356414,-32.196781060385405,31.695880691972572,46.07031751793352
2026-01-12,3.6794,-75.04061981376876,-76.14132676262005,-1.5225633005688255,-0.5875102373670216,-75.21087395597968,0.17025414221092205,-17.98976569806568,-93.94896432535333,17.807637562733277,-20.225495358596522,-5.247657232004318,3.7250939314354925,2.571930011204123,-31.279977885593127,30.692467648226106,44.59281636078731
2026-01-13,3.678,-75.00239833250401,-75.6741091041245,-1.5262115939749918,0.2300124896792877,-75.20295785768896,0.2005595251849428,-17.86831767547058,-93.4411393358798,17.7670302317553,-21.052157727774016,-5.158495010228183,3.632283416253191,2.4436525127583613,-30.531603298033474,30.761615787712763,43.26068785034596
2026-01-14,3.6725,-74.35297779353334,-74.70720892364707,-1.0807118865358634,0.3220138315674574,-75.1255346347028,0.772556841169461,-17.721456439316693,-92.854273418081,18.14706449443392,-21.85629968046969,-5.083576606552114,4.002864720016251,2.32661742655592,-29.97099207496956,30.293005906537015,41.97015259095764
2026-01-15,3.671,-73.65445230332638,-74.0079526089439,0.0,-0.432795044498807,-75.10731280555856,1.452860502232184,-17.582417027126763,-92.35154923833244,18.343596629388543,-22.63946188685418,-4.990455324313817,4.990455324313817,2.196696159750308,-29.257577900048375,28.824782855549568,40.712061227290434
2026-01-16,3.6692,-73.97592301282177,-74.67348381205224,0.2175762441561496,-0.9986052812889256,-75.05968846762772,1.083765454805956,-17.51120990202639,-91.8445191481911,17.171035336138857,-23.417900125479527,-4.865859108746625,5.083435352902775,1.9741587457533387,-28.608870300231843,27.61026501894292,39.55676238814763
2026-01-19,3.6692,-72.7912667607244,-71.30332519295736,0.2140919610617329,-0.9535362952981264,-75.03198959163075,2.24072283090635,-17.56105052178399,-91.40961131523977,20.106286122282413,-24.182263503682265,-4.723595674716426,4.937687635778159,1.6613093155045748,-27.926348174056358,26.972811878758232,38.435278429033296
2026-01-20,3.6731,-73.47646548810415,-74.00468978291282,-0.2099327585382041,-0.9514888686374828,-75.03419849839366,1.5577330102895104,-17.731419514282187,-91.00738947079957,17.002699687886746,-25.074377402633303,-4.5758348895098155,4.3659021309716115,1.3168193737586495,-27.132820890870704,26.18133202223322,37.38420119186125
2026-01-21,3.67095,-73.67961372013826,-74.3635841958033,-1.88233759289722e-12,-0.5373091343607302,-74.94929915035165,1.2696854302133858,-17.860652283749776,-90.53886362153717,16.175279425733876,-25.845764921053622,-4.457054739514387,4.457054739512505,1.0178409118732112,-26.605894358680075,26.068585224319346,36.403810145152605
2026-01-22,3.6703,-72.93325391712351,-74.5004727714798,0.6077771159763977,-0.9351523778847208,-74.90736110280847,1.9741071856849572,-17.917501047960673,-90.12919072960239,15.628717958122579,-26.617651044590332,-4.357412826309853,4.96518994228625,0.8634598202225546,-26.040133137017705,25.104980759132985,35.480585433548235
2026-01-23,3.67595,-74.78711736765423,-76.0724519847154,1.4035115859877776,-1.1628909857522831,-74.96639716685948,0.17927979920524706,-17.97849822724431,-89.90653397289203,13.834081988176635,-27.37907595832463,-4.242972260511371,5.646483846499148,0.6855448540651623,-25.283271626632157,24.120380640879873,34.56365321728238
2026-01-26,3.675,-79.46173657835404,-85.17821904292062,-0.3993052089379033,-1.059909965467159,-74.94889653420212,-4.512840044151915,-17.960434961557052,-89.55280582650774,4.3745867835871195,-28.0814991563442,-4.1236114721957815,3.724306263257878,0.4964673249561845,-24.79840500669006,23.7384950412229,33.72017194287514
2026-01-27,3.67185,-73.35680751173709,-75.56839117839479,0.5791326908807304,-0.3568755191427929,-74.99469280574652,1.6378852940094362,-17.758451262202527,-89.34788678168675,13.779495603291963,-28.39434595221297,-4.047538899621001,4.626671590501731,0.37630418131461474,-24.404630819642975,24.04775530050018,32.91931536877423
2026-01-28,3.67,-67.56245373540892,-74.03763922760834,7.199277857052885,0.51415027241519,-74.9371488145318,7.374695079122873,-17.7516128126824,-88.98614040998838,14.948501182380042,-29.002056885121682,-3.9507675650314447,11.150045422084329,0.21392134164416998,-23.961521830364603,24.475672102779793,32.09229039967075
2026-01-29,3.66895,-67.71790654928998,-76.92467259476433,8.557757421062975,0.4321610819926647,-74.77595030935981,7.058043760069836,-17.93575803175728,-88.62751895506767,11.70284636030334,-29.642186435677253,-3.718399158081941,12.276156579144917,-0.18058224617494578,-23.48619488290535,23.918355964898016,31.236828769063543
2026-01-30,3.67075,-63.748536542011166,-71.47937661532765,8.990178230280815,2.464806090183827,-74.68154243675087,10.933005894739708,-18.059749040849127,-88.42781404402075,16.948437428693097,-30.14815543147888,-3.4728895635061043,12.46306779378692,-0.5742382161929633,-22.938909189196934,25.403715279380762,30.385410794130173
2026-02-02,3.6697,-72.51071571079653,-70.51625721403987,0.2145287447092348,1.7660601091185475,-74.45933726522021,1.9486215544236813,-18.318364835511012,-88.0425851911261,17.526327977086225,-30.835193775569632,-3.225521342387161,3.4400500870963957,-0.9811004298813001,-22.457678880258143,24.22373898937669,29.480682541759165
2026-02-03,3.673,-73.58351729212583,-75.15062416116058,-0.2021525200322116,0.9393828020139856,-74.49473426936521,0.911216977239377,-18.282122573426292,-87.78806532160736,12.637441160446784,-31.532258212836105,-3.1648246336418677,2.9626721136096563,-1.071078772430503,-21.880315561363233,22.819698363377217,28.61369253568334
2026-02-04,3.667,-74.1198768159877,-74.62424199121989,-0.2014127087398287,0.1134107021132455,-74.38252225271988,0.26264543673218554,-18.200538006334988,-87.34487753697954,12.720635545759649,-32.024567926418456,-3.1054439207461604,2.904031212006332,-1.1376356397584853,-21.612175548240813,21.72558625035406,27.86423003806466
2026-02-05,3.6645,-74.28254569422793,-79.95205696760422,-0.6277398227685039,0.1410089188127844,-74.34657409791026,0.06402840368232887,-18.10251371785525,-87.00884037030596,7.05678340270174,-32.52719793780343,-3.0510777937323095,2.4233379709638054,-1.2018617277728916,-21.26482219832559,21.405831117138373,27.153120658425642
2026-02-06,3.66267,-74.93413048207589,-77.341209631936,0.20143583462997,-0.7708426209163298,-74.32700294609093,-0.607127535984958,-18.002796672354968,-86.78663886973308,9.445429237797086,-32.953110656771955,-3.007244274732147,3.208680109362117,-1.2500706385587732,-20.893773801074786,20.122931180158456,26.362248622761093
2026-02-09,3.6595,-75.92233777531841,-75.90019064976916,-0.1977144212906081,-2.637921318003787,-74.29559166827234,-1.626746107046074,-17.89149306391088,-86.4756108754077,10.575420225638538,-33.441258615281086,-2.9465789287031994,2.7488645074125913,-1.328937201223029,-20.59691429718289,17.958992979179104,25.707386237909397
2026-02-10,3.6602,-75.61511904406571,-76.5998099235734,-0.1989871553798441,-2.103710450243029,-74.34912731308043,-1.2659917309852773,-17.764398044346404,-86.28537873022768,9.685568806654274,-33.898297544309905,-2.900393952136716,2.701406796756872,-1.3890772176690636,-20.25320986315036,18.149499412907332,25.189764218608897
2026-02-11,3.66,-76.11532553560961,-76.2939416914949,-0.3933608554808307,-0.474612389994327,-74.38124783361603,-1.7340777019935842,-17.63508938953511,-86.0901242894478,9.796182597952907,-34.28644898650071,-2.8576252337797086,2.464264378298878,-1.4256062732854544,-19.9347530364916,19.460140646497273,24.67371231606763
2026-02-12,3.6655,-76.591923513722,-76.2440127197326,-1.847743995605469e-12,1.5939514854300154,-74.5233141723739,-2.0686093413480933,-17.480073511685138,-86.09322238290224,9.849209663169646,-34.67035410447694,-2.829118857047271,2.8291188570454233,-1.448851383534779,-19.458185370978484,21.0521368564085,24.10729926782686
2026-02-13,3.66412,-74.57299029757688,-73.75850612544345,-0.3966648420062288,-0.1291742664181221,-74.55200734318393,-0.020982954392948727,-17.297013437096588,-85.85106180931808,12.092555683874636,-35.13378067954868,-2.7875142443904153,2.3908494023841866,-1.466198031144009,-19.119447527829323,18.9902732614112,23.426214393240244
2026-02-16,3.665,-75.319305780355,-74.53101586688291,-0.4006346052124737,-0.130527173145674,-74.58640415403661,-0.7329016263183803,-17.159203973791676,-85.65433522952132,11.123319362638412,-35.64720057729384,-2.756657864721676,2.3560232595092025,-1.4739409707691777,-18.765836042857515,18.635308869711842,22.798540885804815
2026-02-17,3.6709,-75.0324423059978,-71.13091352221734,-0.8200266918699389,-1.3600557078824906,-74.71826127988427,-0.3141810261135305,-16.996702372475255,-85.66525451980206,14.53434099758472,-36.08471395862445,-2.7336564169909683,1.9136297251210292,-1.4860301067765724,-18.319521974864514,16.959466266982023,22.235776264102014
2026-02-18,3.6768,-75.13721582462016,-77.45863152099983,-1.2054098795382764,-3.4972960720185258,-74.83880660980857,-0.2984092148115849,-16.855954240867614,-85.61964741491697,8.161015893917138,-36.72224928557833,-2.717289509937026,1.5118796303987496,-1.492966435934496,-17.900804374616115,14.40350830259759,21.61395933662031
2026-02-19,3.67217,-75.4588579091706,-76.04310892761309,-1.6012489742020604,-2.0380062694156567,-74.78026501661164,-0.6785928925589673,-16.710803264240177,-85.30271166332633,9.259602735713244,-37.12061386152598,-2.6914769422563634,1.090227968054303,-1.4899084587336668,-17.7683098427011,15.730303573285443,21.15782067266789
2026-02-20,3.67368,-75.77166687877654,-74.5448745968552,-1.1747545252548204,-4.016681040084825,-74.83225260129564,-0.9394142774809069,-16.556325955714936,-85.1902916448717,10.645417048016512,-37.579327410233134,-2.6831988674172416,1.5084443421624212,-1.4658357053174442,-17.486840369559374,13.470159329474548,20.686254500879528
2026-02-23,3.67616,-76.32828431616292,-73.01703201638183,-1.7216906236721676,-0.9070438759809994,-74.90510377267336,-1.4231805434895648,-16.384757872545784,-85.09528956573912,12.07825754935729,-38.08470345197692,-2.673114502272948,0.9514238786007805,-1.4291724640401118,-17.228881393715582,16.321837517734583,20.31002266914402
2026-02-24,3.67108,-76.79073067838291,-71.59510216070292,-1.3608483917684575,1.1473574064221168,-74.8620421767551,-1.9286885016278177,-16.189631671668124,-84.69618554959361,13.101083388890686,-38.60287087964011,-2.6616542791162434,1.300805887347786,-1.3690941545002322,-17.087173458164273,18.23453086458639,19.887294192283317
2026-02-25,3.66905,-77.25401662800846,-71.9492186449335,-1.161714535761975,0.8965634722121109,-74.88023824169794,-2.3737783863105193,-15.966866479000737,-84.39394213206211,12.444723487128613,-39.1576729371168,-2.653010340364919,1.491295804602944,-1.2966373029751546,-16.85538473140936,17.75194820362147,19.42252176074048
2026-02-26,3.6672,-76.1817329704897,-66.36466591166462,-0.771460587042232,5.775764439411318,-74.90440260318734,-1.277330367302369,-15.755975461494458,-84.10904052334024,17.744374611675624,-39.70158143249649,-2.6437362321384574,1.8722756450962255,-1.2107070703874474,-16.62938815966892,22.40515259908024,18.981146130651844
2026-02-27,3.6651,-75.20463427247705,-64.93458027630726,-0.3788646562858904,7.357119932783926,-74.90733048932405,-0.2973037831529979,-15.582939384892018,-83.73303102344104,18.798450747133785,-40.40732313070768,-2.626064576669602,2.2471999203837116,-1.1564149468312854,-16.346256152215247,23.70337608499917,18.47029055559583
