date,sofr_ois_1m,mom_20d_bps,fut_front_rate,fut_fourth_rate,futures_slope_bps,regime_on
2018-01-02,1.4556,,,,,True
2018-01-03,1.4571,,,,,True
2018-01-04,1.4571,,,,,True
2018-01-05,1.45815,,,,,True
2018-01-08,1.4576,,,,,True
2018-01-09,1.4576,,,,,True
2018-01-10,1.4594,,,,,True
2018-01-11,1.4596,,,,,True
2018-01-12,1.4596,,,,,True
2018-01-15,1.4596,,,,,True
2018-01-16,1.4596,,,,,True
2018-01-17,1.4597,,,,,True
2018-01-18,1.4596,,,,,True
2018-01-19,1.45895,,,,,True
2018-01-22,1.4596,,,,,True
2018-01-23,1.4596,,,,,True
2018-01-24,1.46235,,,,,True
2018-01-25,1.4676,,,,,True
2018-01-26,1.4666,,,,,True
2018-01-29,1.4666,,,,,True
2018-01-30,1.4676,1.200000000000001,,,,True
2018-01-31,1.46085,0.374999999999992,,,,True
2018-02-01,1.4626,0.5499999999999838,,,,True
2018-02-02,1.4611,0.2950000000000008,,,,True
2018-02-05,1.4606,0.29999999999998916,,,,True
2018-02-06,1.461,0.34000000000000696,,,,True
2018-02-07,1.4606,0.11999999999998678,,,,True
2018-02-08,1.4609,0.1300000000000079,,,,True
2018-02-09,1.4621,0.24999999999999467,,,,True
2018-02-12,1.4646,0.49999999999998934,,,,True
2018-02-13,1.4646,0.49999999999998934,,,,True
2018-02-14,1.4641,0.43999999999999595,,,,True
2018-02-15,1.4656,0.6000000000000005,,,,True
2018-02-16,1.46375,0.48000000000001375,,,,True
2018-02-19,1.4626,0.29999999999998916,,,,True
2018-02-20,1.4619,0.22999999999999687,,,,True
2018-02-21,1.4696,0.7249999999999979,,,,True
2018-02-22,1.4956,2.8000000000000025,,,,True
2018-02-23,1.50565,3.905000000000003,,,,True
2018-02-26,1.5256,5.900000000000016,,,,True
2018-02-27,1.53865,7.105000000000006,,,,True
2018-02-28,1.5406,7.974999999999999,,,,True
2018-03-01,1.5613,9.870000000000001,,,,True
2018-03-02,1.5686,10.749999999999993,,,,True
2018-03-05,1.5896,12.9,,,,True
2018-03-06,1.5926,13.159999999999993,,,,True
2018-03-07,1.5981,13.750000000000018,,,,True
2018-03-08,1.6216,16.069999999999986,,,,True
2018-03-09,1.6307,16.860000000000007,,,,True
2018-03-12,1.6436,17.900000000000006,,,,True
2018-03-13,1.6506,18.600000000000016,,,,True
2018-03-14,1.6566,19.25000000000001,,,,True
2018-03-15,1.6836,21.799999999999997,,,,True
2018-03-16,1.6974,23.36499999999999,,,,True
2018-03-19,1.7053,24.270000000000014,,,,True
2018-03-20,1.7166,25.46999999999999,,,,True
2018-03-21,1.72395,25.43500000000001,,,,True
2018-03-22,1.7226,22.69999999999999,,,,True
2018-03-23,1.717,21.135000000000016,,,,True
2018-03-26,1.7196,19.399999999999995,,,,True
2018-03-27,1.7186,17.994999999999983,,,,True
2018-03-28,1.7171,17.65000000000001,,,,True
2018-03-29,1.7217,16.04000000000001,,,,True
2018-03-30,1.7217,15.310000000000002,,,,True
2018-04-02,1.7206,13.100000000000001,,,,True
2018-04-03,1.7241,13.149999999999995,,,,True
2018-04-04,1.72845,13.034999999999997,,,,True
2018-04-05,1.7296,10.80000000000001,,,,True
2018-04-06,1.7289,9.820000000000007,,,,True
2018-04-09,1.729,8.540000000000013,,,,True
2018-04-10,1.7306,7.999999999999985,,,,True
2018-04-11,1.7306,7.399999999999984,,,,True
2018-04-12,1.7306,4.699999999999993,,,,True
2018-04-13,1.7307,3.3299999999999885,,,,True
2018-04-16,1.7316,2.629999999999999,,,,True
2018-04-17,1.7336,1.7000000000000126,,,,True
2018-04-18,1.7362,1.2249999999999872,,,,True
2018-04-19,1.7376,1.5000000000000124,,,,True
2018-04-20,1.73745,2.0449999999999857,,,,True
2018-04-23,1.7418,2.2199999999999998,,,,True
2018-04-24,1.7436,2.5000000000000133,,,,True
2018-04-25,1.7476,3.049999999999997,,,,True
2018-04-26,1.7487,2.6999999999999913,,,,True
2018-04-27,1.74775,2.6049999999999907,,,,True
2018-04-30,1.7506,3.0000000000000027,,,,True
2018-05-01,1.7476,2.3500000000000076,,,,True
2018-05-02,1.7457,1.7249999999999988,,,,True
2018-05-03,1.7441,1.4499999999999957,,,,True
2018-05-04,1.74715,1.8249999999999877,1.7625000000000028,2.0150000000000006,25.249999999999773,True
2018-05-07,1.7496,2.059999999999995,1.7325000000000017,1.9849999999999994,25.249999999999773,True
2018-05-08,1.7508,2.0199999999999996,1.7249999999999943,1.9849999999999994,26.00000000000051,True
2018-05-09,1.7486,1.8000000000000016,1.730000000000004,1.9899999999999949,25.99999999999909,True
2018-05-10,1.7476,1.7000000000000126,1.7325000000000017,1.9950000000000045,26.250000000000284,True
2018-05-11,1.7566,2.5900000000000034,1.7349999999999994,1.9899999999999949,25.499999999999545,True
2018-05-14,1.7778,4.620000000000002,1.7349999999999994,1.9950000000000045,26.00000000000051,True
2018-05-15,1.7787,4.509999999999992,1.7374999999999972,2.0,26.250000000000284,True
2018-05-16,1.7773,4.110000000000014,1.7374999999999972,2.0049999999999955,26.74999999999983,True
2018-05-17,1.8035,6.590000000000007,1.7374999999999972,2.0049999999999955,26.74999999999983,True
2018-05-18,1.8116,7.415000000000016,1.7349999999999994,2.0049999999999955,26.999999999999602,True
2018-05-21,1.8302,8.840000000000003,1.7349999999999994,2.0049999999999955,26.999999999999602,True
2018-05-22,1.8307,8.709999999999996,1.7325000000000017,2.0049999999999955,27.249999999999375,True
2018-05-23,1.8226,7.499999999999996,1.7325000000000017,1.9749999999999943,24.24999999999926,True
2018-05-24,1.8537,10.499999999999998,1.7325000000000017,1.9699999999999989,23.749999999999716,True
2018-05-25,1.854,10.625000000000018,1.7325000000000017,1.9650000000000034,23.25000000000017,True
2018-05-28,1.8526,10.20000000000001,1.7325000000000017,1.9650000000000034,23.25000000000017,True
2018-05-29,1.8421,9.450000000000003,1.7325000000000017,1.9200000000000017,18.75,True
2018-05-30,1.8634,11.769999999999992,1.730000000000004,1.9500000000000028,21.999999999999886,True
2018-05-31,1.87855,13.444999999999997,1.8649999999999949,1.980000000000004,11.50000000000091,True
2018-06-01,1.8909,14.375000000000004,1.8725000000000023,1.9950000000000045,12.250000000000227,True
2018-06-04,1.9016,15.199999999999992,1.8774999999999977,2.0049999999999955,12.749999999999773,True
2018-06-05,1.9111,16.030000000000012,1.8774999999999977,2.0049999999999955,12.749999999999773,True
2018-06-06,1.9171,16.85000000000001,1.8799999999999955,2.0049999999999955,12.5,True
2018-06-07,1.9347,18.710000000000004,1.8774999999999977,2.010000000000005,13.250000000000739,True
2018-06-08,1.93995,18.33500000000001,1.8700000000000045,1.9899999999999949,11.999999999999034,True
2018-06-11,1.9506,17.279999999999983,1.8725000000000023,1.9950000000000045,12.250000000000227,True
2018-06-12,1.9576,17.890000000000008,1.8700000000000045,1.9899999999999949,11.999999999999034,True
2018-06-13,1.9536,17.62999999999999,1.8624999999999972,1.9749999999999943,11.249999999999716,True
2018-06-14,1.9516,14.80999999999999,1.8599999999999994,1.9749999999999943,11.499999999999488,True
2018-06-15,1.9506,13.899999999999979,1.855000000000004,1.9699999999999989,11.499999999999488,True
2018-06-18,1.9501,11.98999999999999,1.8449999999999989,1.9699999999999989,12.5,True
2018-06-19,1.9528,12.21000000000001,1.8474999999999966,1.9699999999999989,12.250000000000227,True
2018-06-20,1.9659,14.329999999999998,1.8474999999999966,1.9650000000000034,11.750000000000682,True
2018-06-21,1.9736,11.990000000000013,1.8499999999999943,1.9699999999999989,12.000000000000455,True
2018-06-22,1.9748,12.080000000000002,1.8449999999999989,1.9650000000000034,12.000000000000455,True
2018-06-25,1.9706,11.799999999999988,1.8375000000000057,1.9650000000000034,12.749999999999773,True
2018-06-26,1.96875,12.664999999999992,1.8375000000000057,1.9549999999999983,11.749999999999261,True
2018-06-27,1.9661,10.270000000000001,1.8375000000000057,1.9549999999999983,11.749999999999261,True
2018-06-28,1.9626,8.404999999999996,1.8375000000000057,1.9549999999999983,11.749999999999261,True
2018-06-29,1.9636,7.269999999999999,1.9249999999999972,2.105000000000004,18.000000000000682,True
2018-07-02,1.96315,6.154999999999999,1.9249999999999972,2.0999999999999943,17.499999999999716,True
2018-07-03,1.9616,5.049999999999999,1.9300000000000068,2.0999999999999943,16.99999999999875,True
2018-07-04,1.964,4.689999999999994,1.9300000000000068,2.0999999999999943,16.99999999999875,True
2018-07-05,1.9601,2.5399999999999867,1.9300000000000068,2.114999999999995,18.499999999998806,True
2018-07-06,1.9606,2.0649999999999835,1.9300000000000068,2.114999999999995,18.499999999998806,True
2018-07-09,1.9586,0.8000000000000007,1.9300000000000068,2.114999999999995,18.499999999998806,True
2018-07-10,1.95775,0.01500000000000945,1.9325000000000045,2.1299999999999955,19.74999999999909,True
2018-07-11,1.9566,0.29999999999998916,1.9325000000000045,2.1299999999999955,19.74999999999909,True
2018-07-12,1.9566,0.49999999999998934,1.9325000000000045,2.1299999999999955,19.74999999999909,True
2018-07-13,1.9566,0.6000000000000005,1.9325000000000045,2.135000000000005,20.250000000000057,True
2018-07-16,1.9611,1.100000000000012,1.9325000000000045,2.1400000000000006,20.749999999999602,True
2018-07-17,1.9638,1.0999999999999899,1.9350000000000023,2.144999999999996,20.999999999999375,True
2018-07-18,1.9646,-0.1300000000000079,1.9350000000000023,2.1500000000000057,21.50000000000034,True
2018-07-19,1.9651,-0.8499999999999952,1.9350000000000023,2.1500000000000057,21.50000000000034,True
2018-07-20,1.9626,-1.220000000000021,1.9325000000000045,2.1500000000000057,21.750000000000114,True
2018-07-23,1.9621,-0.8499999999999952,1.9325000000000045,2.1500000000000057,21.750000000000114,True
2018-07-24,1.9641,-0.4650000000000043,1.9300000000000068,2.1599999999999966,22.999999999998977,True
2018-07-25,1.9641,-0.20000000000000018,1.9274999999999949,2.1700000000000017,24.250000000000682,True
2018-07-26,1.9651,0.2500000000000169,1.9249999999999972,2.1650000000000063,24.00000000000091,True
2018-07-27,1.9646,0.09999999999998899,1.9224999999999994,2.1650000000000063,24.250000000000682,True
2018-07-30,1.9621,-0.10499999999999954,1.9224999999999994,2.1599999999999966,23.749999999999716,True
2018-07-31,1.9691,0.7500000000000062,1.9325000000000045,2.1650000000000063,23.25000000000017,True
2018-08-01,1.9596,-0.43999999999999595,1.9300000000000068,2.1650000000000063,23.499999999999943,True
2018-08-02,1.9541,-0.6000000000000005,1.9249999999999972,2.155000000000001,23.000000000000398,True
2018-08-03,1.9597,-0.08999999999999009,1.9200000000000017,2.1500000000000057,23.000000000000398,True
2018-08-06,1.9567,-0.18999999999997907,1.9124999999999943,2.1500000000000057,23.750000000001137,True
2018-08-07,1.9566,-0.11500000000002064,1.9099999999999966,2.1500000000000057,24.00000000000091,True
2018-08-08,1.9556,-0.09999999999998899,1.9124999999999943,2.1500000000000057,23.750000000001137,True
2018-08-09,1.9541,-0.24999999999999467,1.9124999999999943,2.1500000000000057,23.750000000001137,True
2018-08-10,1.9566,0.0,1.9074999999999989,2.135000000000005,22.750000000000625,True
2018-08-13,1.9546,-0.6500000000000172,1.9074999999999989,2.1400000000000006,23.25000000000017,True
2018-08-14,1.9536,-1.0199999999999987,1.9074999999999989,2.144999999999996,23.749999999999716,True
2018-08-15,1.9556,-0.8999999999999897,1.9074999999999989,2.1500000000000057,24.250000000000682,True
2018-08-16,1.9576,-0.7500000000000062,1.9074999999999989,2.1500000000000057,24.250000000000682,True
2018-08-17,1.9626,0.0,1.9074999999999989,2.1500000000000057,24.250000000000682,True
2018-08-20,1.9576,-0.44999999999999485,1.9050000000000011,2.144999999999996,23.99999999999949,True
2018-08-21,1.9606,-0.35000000000000586,1.9050000000000011,2.144999999999996,23.99999999999949,True
2018-08-22,1.9626,-0.15000000000000568,1.9050000000000011,2.155000000000001,25.0,True
2018-08-23,1.9632,-0.19000000000000128,1.9074999999999989,2.1650000000000063,25.75000000000074,True
2018-08-24,1.9686,0.40000000000000036,1.9099999999999966,2.1700000000000017,26.00000000000051,True
2018-08-27,1.9691,0.7000000000000117,1.9124999999999943,2.174999999999997,26.250000000000284,True
2018-08-28,1.9708,0.17000000000000348,1.9150000000000063,2.180000000000007,26.500000000000057,True
2018-08-29,1.9716,1.200000000000001,1.9150000000000063,2.180000000000007,26.500000000000057,True
2018-08-30,2.0176,6.349999999999989,1.9124999999999943,2.180000000000007,26.75000000000125,True
2018-08-31,2.0251,6.5400000000000125,1.9599999999999937,2.2450000000000045,28.50000000000108,True
2018-09-03,2.0241,6.739999999999968,1.9599999999999937,2.2450000000000045,28.50000000000108,True
2018-09-04,2.0486,9.200000000000008,1.9625000000000057,2.25,28.74999999999943,True
2018-09-05,2.0516,9.600000000000009,1.9650000000000034,2.2549999999999955,28.999999999999204,True
2018-09-06,2.0656,11.149999999999993,1.9650000000000034,2.25,28.49999999999966,True
2018-09-07,2.0736,11.7,1.9650000000000034,2.2549999999999955,28.999999999999204,True
2018-09-10,2.0806,12.600000000000012,1.9650000000000034,2.260000000000005,29.50000000000017,True
2018-09-11,2.0972,14.359999999999996,1.9675000000000011,2.2650000000000006,29.749999999999943,True
2018-09-12,2.1046,14.900000000000002,1.9699999999999989,2.2650000000000006,29.50000000000017,True
2018-09-13,2.1246,16.700000000000003,1.9699999999999989,2.269999999999996,29.999999999999716,True
2018-09-14,2.1336,17.100000000000005,1.9724999999999966,2.269999999999996,29.749999999999943,True
2018-09-17,2.1416,18.399999999999995,1.9775000000000063,2.2750000000000057,29.749999999999943,True
2018-09-18,2.1586,19.799999999999997,1.9849999999999994,2.280000000000001,29.50000000000017,True
2018-09-19,2.1656,20.300000000000008,1.9849999999999994,2.2950000000000017,31.000000000000227,True
2018-09-20,2.1886,22.540000000000006,1.9849999999999994,2.299999999999997,31.499999999999773,True
2018-09-21,2.1966,22.80000000000002,1.9899999999999949,2.305000000000007,31.500000000001194,True
2018-09-24,2.2056,23.64999999999999,1.9899999999999949,2.299999999999997,31.000000000000227,True
2018-09-25,2.2166,24.580000000000002,1.9925000000000068,2.305000000000007,31.25,True
2018-09-26,2.2216,25.0,1.9925000000000068,2.305000000000007,31.25,True
2018-09-27,2.2201,20.250000000000014,1.9899999999999949,2.305000000000007,31.500000000001194,True
2018-09-28,2.2236,19.849999999999966,2.2049999999999983,2.4150000000000063,21.000000000000796,True
2018-10-01,2.2271,20.30000000000003,2.2025000000000006,2.4150000000000063,21.25000000000057,True
2018-10-02,2.2296,18.100000000000005,2.197500000000005,2.405000000000001,20.749999999999602,True
2018-10-03,2.2296,17.799999999999994,2.1924999999999955,2.405000000000001,21.25000000000057,True
2018-10-04,2.2326,16.700000000000024,2.1924999999999955,2.4099999999999966,21.750000000000114,True
2018-10-05,2.2316,15.799999999999992,2.1899999999999977,2.4099999999999966,21.999999999999886,True
2018-10-08,2.2316,15.09999999999998,2.1875,2.4099999999999966,22.24999999999966,True
2018-10-09,2.2311,13.390000000000013,2.1875,2.4099999999999966,22.24999999999966,True
2018-10-10,2.2296,12.5,2.1850000000000023,2.4150000000000063,23.000000000000398,True
2018-10-11,2.2296,10.499999999999998,2.1825000000000045,2.405000000000001,22.24999999999966,True
2018-10-12,2.2296,9.600000000000009,2.1825000000000045,2.4099999999999966,22.749999999999204,True
2018-10-15,2.2296,8.800000000000008,2.1825000000000045,2.4150000000000063,23.25000000000017,True
2018-10-16,2.2296,7.100000000000017,2.1825000000000045,2.4099999999999966,22.749999999999204,True
2018-10-17,2.2316,6.599999999999984,2.1825000000000045,2.4150000000000063,23.25000000000017,True
2018-10-18,2.2386,4.999999999999982,2.1825000000000045,2.424999999999997,24.24999999999926,True
2018-10-19,2.2416,4.499999999999993,2.1825000000000045,2.430000000000007,24.750000000000227,True
2018-10-22,2.2416,3.600000000000003,2.1825000000000045,2.4350000000000023,25.249999999999773,True
2018-10-23,2.2426,2.59999999999998,2.180000000000007,2.4350000000000023,25.499999999999545,True
2018-10-24,2.2436,2.1999999999999797,2.1825000000000045,2.4200000000000017,23.749999999999716,True
2018-10-25,2.2436,2.3499999999999854,2.1825000000000045,2.4150000000000063,23.25000000000017,True
2018-10-26,2.2396,1.6000000000000014,2.1825000000000045,2.405000000000001,22.24999999999966,True
2018-10-29,2.2414,1.429999999999998,2.1825000000000045,2.4000000000000057,21.750000000000114,True
2018-10-30,2.2426,1.29999999999999,2.1825000000000045,2.4000000000000057,21.750000000000114,True
2018-10-31,2.2446,1.5000000000000124,2.2224999999999966,2.4099999999999966,18.75,True
2018-11-01,2.2446,1.200000000000001,2.2249999999999943,2.4000000000000057,17.500000000001137,True
2018-11-02,2.2446,1.3000000000000345,2.2249999999999943,2.4000000000000057,17.500000000001137,True
2018-11-05,2.2419,1.0299999999999976,2.2275000000000063,2.4000000000000057,17.249999999999943,True
2018-11-06,2.2446,1.3500000000000068,2.230000000000004,2.405000000000001,17.499999999999716,True
2018-11-07,2.2466,1.6999999999999904,2.2275000000000063,2.4150000000000063,18.75,True
2018-11-08,2.2526,2.300000000000013,2.2275000000000063,2.4200000000000017,19.249999999999545,True
2018-11-09,2.2551,2.550000000000008,2.2249999999999943,2.4099999999999966,18.500000000000227,True
2018-11-12,2.2556,2.59999999999998,2.2249999999999943,2.405000000000001,18.000000000000682,True
2018-11-13,2.2516,2.1999999999999797,2.2224999999999966,2.4099999999999966,18.75,True
2018-11-14,2.2506,1.9000000000000128,2.2249999999999943,2.4099999999999966,18.500000000000227,True
2018-11-15,2.2516,1.29999999999999,2.2275000000000063,2.4000000000000057,17.249999999999943,True
2018-11-16,2.2506,0.8999999999999897,2.2325000000000017,2.4000000000000057,16.750000000000398,True
2018-11-19,2.2546,1.29999999999999,2.230000000000004,2.3900000000000006,15.999999999999659,True
2018-11-20,2.2706,2.8000000000000025,2.2325000000000017,2.394999999999996,16.24999999999943,True
2018-11-21,2.2856,4.200000000000026,2.2325000000000017,2.405000000000001,17.249999999999943,True
2018-11-22,2.2926,4.900000000000038,2.2325000000000017,2.405000000000001,17.249999999999943,True
2018-11-23,2.2921,5.250000000000021,2.2275000000000063,2.405000000000001,17.74999999999949,True
2018-11-26,2.3016,6.020000000000003,2.2249999999999943,2.4099999999999966,18.500000000000227,True
2018-11-27,2.3156,7.299999999999995,2.2249999999999943,2.4150000000000063,19.000000000001194,True
2018-11-28,2.3196,7.499999999999973,2.2224999999999966,2.4200000000000017,19.75000000000051,True
2018-11-29,2.3366,9.199999999999964,2.2224999999999966,2.4099999999999966,18.75,True
2018-11-30,2.3366,9.199999999999964,2.3100000000000023,2.4650000000000034,15.500000000000114,True
2018-12-03,2.3556,11.370000000000013,2.305000000000007,2.4749999999999943,16.99999999999875,True
2018-12-04,2.3524,10.779999999999967,2.3125,2.4650000000000034,15.250000000000341,True
2018-12-05,2.3531,10.650000000000004,2.3125,2.4650000000000034,15.250000000000341,True
2018-12-06,2.3671,11.450000000000005,2.3174999999999955,2.4399999999999977,12.250000000000227,True
2018-12-07,2.3706,11.549999999999994,2.3149999999999977,2.4350000000000023,12.000000000000455,True
2018-12-10,2.3761,12.050000000000027,2.3125,2.430000000000007,11.750000000000682,True
2018-12-11,2.3846,13.3,2.3149999999999977,2.4399999999999977,12.5,True
2018-12-12,2.3936,14.300000000000024,2.319999999999993,2.4549999999999983,13.500000000000512,True
2018-12-13,2.4116,16.000000000000014,2.3174999999999955,2.4599999999999937,14.24999999999983,True
2018-12-14,2.4146,16.400000000000013,2.3275000000000006,2.4599999999999937,13.249999999999318,True
2018-12-17,2.4066,15.200000000000014,2.3299999999999983,2.444999999999993,11.499999999999488,True
2018-12-18,2.4086,13.79999999999999,2.3375000000000057,2.430000000000007,9.250000000000114,True
2018-12-19,2.4446,15.89999999999998,2.3499999999999943,2.4599999999999937,10.999999999999943,True
2018-12-20,2.4462,15.359999999999996,2.3499999999999943,2.4599999999999937,10.999999999999943,True
2018-12-21,2.4446,15.249999999999986,2.3400000000000034,2.4399999999999977,9.999999999999432,True
2018-12-24,2.4456,14.400000000000013,2.3375000000000057,2.4399999999999977,10.249999999999204,True
2018-12-25,2.4456,13.000000000000034,2.3375000000000057,2.4399999999999977,10.249999999999204,True
2018-12-26,2.4451,12.550000000000017,2.3375000000000057,2.4350000000000023,9.749999999999659,True
2018-12-27,2.4451,10.850000000000026,2.3375000000000057,2.4200000000000017,8.249999999999602,True
2018-12-28,2.4416,10.500000000000043,2.3349999999999937,2.424999999999997,9.000000000000341,True
2018-12-31,2.4436,8.800000000000008,2.450000000000003,2.430000000000007,-1.999999999999602,True
2019-01-01,2.4441,9.170000000000034,2.450000000000003,2.430000000000007,-1.999999999999602,True
2019-01-02,2.4436,9.050000000000002,2.4749999999999943,2.430000000000007,-4.4999999999987494,True
2019-01-03,2.4406,7.349999999999968,2.4775000000000063,2.4000000000000057,-7.750000000000057,True
2019-01-04,2.4436,7.299999999999995,2.4724999999999966,2.4150000000000063,-5.749999999999034,True
2019-01-07,2.4446,6.849999999999978,2.4724999999999966,2.4200000000000017,-5.249999999999488,True
2019-01-08,2.4466,6.200000000000028,2.4724999999999966,2.444999999999993,-2.750000000000341,True
2019-01-09,2.4446,5.099999999999971,2.4775000000000063,2.450000000000003,-2.750000000000341,True
2019-01-10,2.4456,3.4000000000000252,2.480000000000004,2.450000000000003,-3.0000000000001137,True
2019-01-11,2.4459,3.1299999999999883,2.4775000000000063,2.444999999999993,-3.2500000000013074,True
2019-01-14,2.4446,3.799999999999981,2.4749999999999943,2.444999999999993,-3.0000000000001137,True
2019-01-15,2.4446,3.600000000000003,2.4724999999999966,2.4399999999999977,-3.2499999999998863,True
2019-01-16,2.4446,0.0,2.4749999999999943,2.4399999999999977,-3.499999999999659,True
2019-01-17,2.4451,-0.11000000000001009,2.4749999999999943,2.450000000000003,-2.4999999999991473,True
2019-01-18,2.4456,0.1000000000000334,2.4749999999999943,2.4549999999999983,-1.999999999999602,True
2019-01-21,2.4456,0.0,2.4749999999999943,2.4549999999999983,-1.999999999999602,True
2019-01-22,2.4456,0.0,2.4749999999999943,2.450000000000003,-2.4999999999991473,True
2019-01-23,2.4496,0.45000000000001705,2.4749999999999943,2.450000000000003,-2.4999999999991473,True
2019-01-24,2.4506,0.550000000000006,2.4749999999999943,2.4549999999999983,-1.999999999999602,True
2019-01-25,2.4496,0.8000000000000007,2.4749999999999943,2.450000000000003,-2.4999999999991473,True
2019-01-28,2.4471,0.34999999999998366,2.4724999999999966,2.444999999999993,-2.750000000000341,True
2019-01-29,2.4471,0.29999999999996696,2.4724999999999966,2.4399999999999977,-3.2499999999998863,True
2019-01-30,2.4451,0.15000000000000568,2.4724999999999966,2.4350000000000023,-3.7499999999994316,True
2019-01-31,2.4436,0.30000000000001137,2.4350000000000023,2.430000000000007,-0.49999999999954525,True
2019-02-01,2.4441,0.0500000000000167,2.4350000000000023,2.430000000000007,-0.49999999999954525,True
2019-02-04,2.4436,-0.09999999999998899,2.4350000000000023,2.4350000000000023,0.0,True
2019-02-05,2.4436,-0.30000000000001137,2.427499999999995,2.430000000000007,0.2500000000011937,True
2019-02-06,2.4446,0.0,2.430000000000007,2.4350000000000023,0.49999999999954525,True
2019-02-07,2.4426,-0.30000000000001137,2.427499999999995,2.424999999999997,-0.24999999999977263,True
2019-02-08,2.4426,-0.32999999999998586,2.424999999999997,2.4200000000000017,-0.49999999999954525,True
2019-02-11,2.4426,-0.19999999999997797,2.4224999999999994,2.424999999999997,0.24999999999977263,True
2019-02-12,2.4426,-0.19999999999997797,2.417500000000004,2.430000000000007,1.2500000000002842,True
2019-02-13,2.44255,-0.20499999999996632,2.417500000000004,2.430000000000007,1.2500000000002842,True
2019-02-14,2.4446,-0.0500000000000167,2.417500000000004,2.430000000000007,1.2500000000002842,True
2019-02-15,2.4426,-0.30000000000001137,2.4150000000000063,2.430000000000007,1.5000000000000568,True
2019-02-18,2.4436,-0.20000000000002238,2.4150000000000063,2.430000000000007,1.5000000000000568,True
2019-02-19,2.4437,-0.19000000000000128,2.4150000000000063,2.424999999999997,0.9999999999990905,True
2019-02-20,2.4446,-0.5000000000000338,2.4150000000000063,2.424999999999997,0.9999999999990905,True
2019-02-21,2.4441,-0.649999999999995,2.4099999999999966,2.430000000000007,2.000000000001023,True
2019-02-22,2.4486,-0.1000000000000334,2.4099999999999966,2.430000000000007,2.000000000001023,True
2019-02-25,2.4466,-0.04999999999997229,2.4099999999999966,2.4350000000000023,2.5000000000005684,True
2019-02-26,2.4466,-0.04999999999997229,2.4099999999999966,2.4350000000000023,2.5000000000005684,True
2019-02-27,2.4466,0.15000000000000568,2.4099999999999966,2.4350000000000023,2.5000000000005684,True
2019-02-28,2.4466,0.30000000000001137,2.4724999999999966,2.469999999999999,-0.24999999999977263,True
2019-03-01,2.4466,0.24999999999999467,2.469999999999999,2.4749999999999943,0.49999999999954525,True
2019-03-04,2.4466,0.30000000000001137,2.467500000000001,2.469999999999999,0.24999999999977263,True
2019-03-05,2.4476,0.40000000000000036,2.4625000000000057,2.4650000000000034,0.24999999999977263,True
2019-03-06,2.4461,0.15000000000000568,2.447500000000005,2.4549999999999983,0.7499999999993179,True
2019-03-07,2.4436,0.09999999999998899,2.447500000000005,2.444999999999993,-0.2500000000011937,True
2019-03-08,2.4446,0.19999999999997797,2.447500000000005,2.444999999999993,-0.2500000000011937,True
2019-03-11,2.4446,0.19999999999997797,2.447500000000005,2.4399999999999977,-0.750000000000739,True
2019-03-12,2.4436,0.09999999999998899,2.450000000000003,2.4350000000000023,-1.5000000000000568,True
2019-03-13,2.4446,0.20499999999996632,2.450000000000003,2.4350000000000023,-1.5000000000000568,True
2019-03-14,2.4436,-0.09999999999998899,2.4549999999999983,2.4350000000000023,-1.999999999999602,True
2019-03-15,2.4426,0.0,2.457499999999996,2.430000000000007,-2.74999999999892,True
2019-03-18,2.4441,0.0500000000000167,2.4625000000000057,2.430000000000007,-3.2499999999998863,True
2019-03-19,2.4446,0.08999999999996788,2.467500000000001,2.4350000000000023,-3.2499999999998863,True
2019-03-20,2.4466,0.20000000000002238,2.4749999999999943,2.4399999999999977,-3.499999999999659,True
2019-03-21,2.4546,1.0499999999999954,2.4749999999999943,2.4399999999999977,-3.499999999999659,True
2019-03-22,2.4496,0.1000000000000334,2.467500000000001,2.430000000000007,-3.7499999999994316,True
2019-03-25,2.4496,0.30000000000001137,2.4625000000000057,2.4099999999999966,-5.2500000000009095,True
2019-03-26,2.4486,0.19999999999997797,2.4650000000000034,2.4150000000000063,-4.999999999999716,True
2019-03-27,2.4467,0.009999999999976694,2.4650000000000034,2.405000000000001,-6.000000000000227,True
2019-03-28,2.4486,0.19999999999997797,2.4650000000000034,2.405000000000001,-6.000000000000227,True
2019-03-29,2.4491,0.24999999999999467,2.394999999999996,2.3499999999999943,-4.5000000000001705,True
2019-04-01,2.4516,0.49999999999998934,2.3974999999999937,2.364999999999995,-3.2499999999998863,True
2019-04-02,2.4486,0.09999999999998899,2.405000000000001,2.3700000000000045,-3.499999999999659,True
2019-04-03,2.4501,0.40000000000000036,2.4124999999999943,2.3799999999999955,-3.2499999999998863,True
2019-04-04,2.4496,0.6000000000000227,2.424999999999997,2.3799999999999955,-4.5000000000001705,True
2019-04-05,2.4501,0.550000000000006,2.424999999999997,2.385000000000005,-3.999999999999204,True
2019-04-08,2.4486,0.40000000000000036,2.427499999999995,2.385000000000005,-4.249999999998977,True
2019-04-09,2.4496,0.6000000000000227,2.4375,2.3900000000000006,-4.749999999999943,True
2019-04-10,2.4501,0.550000000000006,2.4375,2.3900000000000006,-4.749999999999943,True
2019-04-11,2.4506,0.7000000000000117,2.4375,2.394999999999996,-4.250000000000398,True
2019-04-12,2.4496,0.7000000000000117,2.4375,2.394999999999996,-4.250000000000398,True
2019-04-15,2.4501,0.5999999999999783,2.4424999999999955,2.394999999999996,-4.749999999999943,True
2019-04-16,2.4521,0.7500000000000284,2.4525000000000006,2.4000000000000057,-5.249999999999488,True
2019-04-17,2.4586,1.200000000000001,2.457499999999996,2.4099999999999966,-4.749999999999943,True
2019-04-18,2.4596,0.49999999999998934,2.4599999999999937,2.4150000000000063,-4.4999999999987494,True
2019-04-19,2.4586,0.8999999999999897,2.4599999999999937,2.4150000000000063,-4.4999999999987494,True
2019-04-22,2.4681,1.849999999999996,2.467500000000001,2.405000000000001,-6.25,True
2019-04-23,2.4666,1.8000000000000238,2.4625000000000057,2.4000000000000057,-6.25,True
2019-04-24,2.4626,1.5900000000000247,2.4625000000000057,2.3900000000000006,-7.250000000000512,True
2019-04-25,2.4646,1.6000000000000014,2.4650000000000034,2.405000000000001,-6.000000000000227,True
2019-04-26,2.4616,1.2499999999999734,2.467500000000001,2.4000000000000057,-6.749999999999545,True
2019-04-29,2.4616,0.9999999999999787,2.4749999999999943,2.4000000000000057,-7.499999999998863,True
2019-04-30,2.4616,1.29999999999999,2.4399999999999977,2.3599999999999994,-7.9999999999998295,True
2019-05-01,2.4386,-1.1499999999999844,2.424999999999997,2.3599999999999994,-6.499999999999773,True
2019-05-02,2.4446,-0.5000000000000338,2.4399999999999977,2.385000000000005,-5.499999999999261,True
2019-05-03,2.4396,-1.0499999999999954,2.430000000000007,2.385000000000005,-4.5000000000001705,True
2019-05-06,2.43345,-1.5149999999999775,2.424999999999997,2.375,-4.999999999999716,True
2019-05-07,2.4336,-1.6000000000000014,2.427499999999995,2.3700000000000045,-5.749999999999034,True
2019-05-08,2.4298,-2.0299999999999763,2.427499999999995,2.375,-5.249999999999488,True
2019-05-09,2.4244,-2.6200000000000223,2.4200000000000017,2.364999999999995,-5.500000000000682,True
2019-05-10,2.42005,-2.955000000000041,2.4150000000000063,2.355000000000004,-6.000000000000227,True
2019-05-13,2.419,-3.1099999999999905,2.4150000000000063,2.3349999999999937,-8.00000000000125,True
2019-05-14,2.411,-4.110000000000014,2.4200000000000017,2.3299999999999983,-9.000000000000341,True
2019-05-15,2.4341,-2.450000000000019,2.427499999999995,2.3299999999999983,-9.749999999999659,True
2019-05-16,2.427,-3.2599999999999962,2.427499999999995,2.3400000000000034,-8.749999999999147,True
2019-05-17,2.43195,-2.6650000000000063,2.424999999999997,2.3400000000000034,-8.499999999999375,True
2019-05-20,2.417,-5.110000000000037,2.427499999999995,2.355000000000004,-7.2499999999990905,True
2019-05-21,2.43105,-3.5550000000000193,2.424999999999997,2.364999999999995,-6.000000000000227,True
2019-05-22,2.424,-3.860000000000019,2.424999999999997,2.3700000000000045,-5.499999999999261,True
2019-05-23,2.4322,-3.2399999999999984,2.4224999999999994,2.3599999999999994,-6.25,True
2019-05-24,2.4356,-2.59999999999998,2.4224999999999994,2.3799999999999955,-4.250000000000398,True
2019-05-27,2.4339,-2.7699999999999836,2.4224999999999994,2.3799999999999955,-4.250000000000398,True
2019-05-28,2.4339,-2.7699999999999836,2.4200000000000017,2.3799999999999955,-4.000000000000625,True
2019-05-29,2.4395,0.08999999999996788,2.4200000000000017,2.375,-4.5000000000001705,True
2019-05-30,2.462,1.7400000000000304,2.417500000000004,2.375,-4.250000000000398,True
2019-05-31,2.46695,2.7350000000000207,2.4549999999999983,2.2900000000000063,-16.499999999999204,True
2019-06-03,2.4142,-1.924999999999999,2.4399999999999977,2.2099999999999937,-23.000000000000398,True
2019-06-04,2.42875,-0.4850000000000243,2.4350000000000023,2.1850000000000023,-25.0,True
2019-06-05,2.4241,-0.5700000000000038,2.4350000000000023,2.1650000000000063,-26.999999999999602,True
2019-06-06,2.4194,-0.49999999999998934,2.430000000000007,2.174999999999997,-25.500000000000966,True
2019-06-07,2.40535,-1.4699999999999935,2.424999999999997,2.1099999999999994,-31.499999999999773,True
2019-06-10,2.4265,0.749999999999984,2.430000000000007,2.144999999999996,-28.50000000000108,True
2019-06-11,2.4315,2.0500000000000185,2.4325000000000045,2.1599999999999966,-27.250000000000796,True
2019-06-12,2.4054,-2.8699999999999726,2.4325000000000045,2.135000000000005,-29.749999999999943,True
2019-06-13,2.4102,-1.6799999999999926,2.424999999999997,2.0999999999999943,-32.500000000000284,True
2019-06-14,2.40215,-2.980000000000027,2.417500000000004,2.105000000000004,-31.25,True
2019-06-17,2.4031,-1.3900000000000023,2.407499999999999,2.114999999999995,-29.250000000000398,True
2019-06-18,2.38235,-4.869999999999974,2.405000000000001,2.114999999999995,-29.000000000000625,True
2019-06-19,2.4327,0.8700000000000152,2.4200000000000017,2.0400000000000063,-37.999999999999545,True
2019-06-20,2.4306,-0.15999999999998238,2.4224999999999994,2.0,-42.24999999999994,True
2019-06-21,2.42425,-1.1350000000000193,2.427499999999995,2.030000000000001,-39.749999999999375,True
2019-06-24,2.43645,0.254999999999983,2.430000000000007,2.0,-43.00000000000068,True
2019-06-25,2.4415,0.7600000000000051,2.4325000000000045,2.0250000000000057,-40.749999999999886,True
2019-06-26,2.4425,0.30000000000001137,2.4325000000000045,2.049999999999997,-38.25000000000074,True
2019-06-27,2.4065,-5.550000000000033,2.4200000000000017,2.0349999999999966,-38.50000000000051,True
2019-06-28,2.3818,-8.515000000000006,2.3900000000000006,1.9099999999999966,-48.0000000000004,True
2019-07-01,2.36895,-4.5250000000000234,2.4025000000000034,1.9599999999999937,-44.250000000000966,True
2019-07-02,2.37715,-5.160000000000009,2.417500000000004,1.9500000000000028,-46.750000000000114,True
2019-07-03,2.34485,-7.925000000000004,2.4224999999999994,1.9399999999999977,-48.25000000000017,True
2019-07-04,2.3398,-7.9600000000000115,2.4224999999999994,1.9399999999999977,-48.25000000000017,True
2019-07-05,2.3432,-6.214999999999993,2.430000000000007,2.0049999999999955,-42.50000000000114,True
2019-07-08,2.3305,-9.600000000000009,2.4375,2.0049999999999955,-43.250000000000455,True
2019-07-09,2.345,-8.650000000000002,2.4599999999999937,2.049999999999997,-40.99999999999966,True
2019-07-10,2.3175,-8.790000000000031,2.447500000000005,1.9599999999999937,-48.75000000000114,True
2019-07-11,2.2925,-11.770000000000014,2.4424999999999955,1.9849999999999994,-45.7499999999996,True
2019-07-12,2.2707,-13.144999999999962,2.4399999999999977,1.9699999999999989,-46.999999999999886,True
2019-07-15,2.248,-15.509999999999957,2.4424999999999955,1.9650000000000034,-47.749999999999204,True
2019-07-16,2.2549,-12.745000000000006,2.450000000000003,1.980000000000004,-46.999999999999886,True
2019-07-17,2.2542,-17.85000000000001,2.4650000000000034,1.9699999999999989,-49.500000000000455,True
2019-07-18,2.18245,-24.815000000000033,2.4650000000000034,1.9200000000000017,-54.50000000000017,True
2019-07-19,2.2265,-19.774999999999963,2.4625000000000057,1.9849999999999994,-47.750000000000625,True
2019-07-22,2.234,-20.24499999999998,2.4549999999999983,2.0,-45.49999999999983,True
2019-07-23,2.238,-20.35,2.457499999999996,2.010000000000005,-44.74999999999909,True
2019-07-24,2.2285,-21.4,2.457499999999996,2.0049999999999955,-45.25000000000006,True
2019-07-25,2.211,-19.55,2.457499999999996,2.019999999999996,-43.75,True
2019-07-26,2.205,-17.680000000000007,2.4599999999999937,2.0400000000000063,-41.99999999999875,True
2019-07-29,2.187,-18.195000000000007,2.457499999999996,2.0150000000000006,-44.249999999999545,True
2019-07-30,2.16675,-21.039999999999992,2.4549999999999983,2.019999999999996,-43.50000000000023,True
2019-07-31,2.22285,-12.199999999999989,2.207499999999996,1.980000000000004,-22.749999999999204,True
2019-08-01,2.2188,-12.1,2.207499999999996,1.8649999999999949,-34.250000000000114,True
2019-08-02,2.2,-14.319999999999977,2.200000000000003,1.8199999999999932,-38.000000000000966,True
2019-08-05,2.1869,-14.359999999999973,2.174999999999997,1.7049999999999983,-46.999999999999886,True
2019-08-06,2.1874,-15.76000000000004,2.180000000000007,1.7349999999999994,-44.50000000000074,True
2019-08-07,2.1725,-14.500000000000002,2.1700000000000017,1.6700000000000017,-50.0,True
2019-08-08,2.1818,-11.070000000000002,2.167500000000004,1.7199999999999989,-44.75000000000051,True
2019-08-09,2.18535,-8.535000000000004,2.167500000000004,1.7199999999999989,-44.75000000000051,True
2019-08-12,2.1935,-5.450000000000044,2.167500000000004,1.6949999999999932,-47.25000000000108,True
2019-08-13,2.19,-6.490000000000018,2.167500000000004,1.7650000000000006,-40.25000000000034,True
2019-08-14,2.185,-6.919999999999993,2.1599999999999966,1.7150000000000034,-44.49999999999932,True
2019-08-15,2.15,-3.244999999999987,2.1500000000000057,1.6700000000000017,-48.0000000000004,True
2019-08-16,2.1735,-5.299999999999994,2.1599999999999966,1.6850000000000023,-47.49999999999943,True
2019-08-19,2.15035,-8.365,2.157499999999999,1.7199999999999989,-43.75,True
2019-08-20,2.15,-8.800000000000008,2.1525000000000034,1.7150000000000034,-43.75,True
2019-08-21,2.1381,-9.039999999999981,2.144999999999996,1.7549999999999955,-39.00000000000006,True
2019-08-22,2.1056,-10.539999999999994,2.1400000000000006,1.7849999999999966,-35.5000000000004,True
2019-08-23,2.0855,-11.949999999999994,2.137500000000003,1.7349999999999994,-40.25000000000034,True
2019-08-26,2.08,-10.699999999999976,2.137500000000003,1.7750000000000057,-36.249999999999716,True
2019-08-27,2.082,-8.47500000000001,2.137500000000003,1.7750000000000057,-36.249999999999716,True
2019-08-28,2.082,-14.085000000000036,2.137500000000003,1.7800000000000011,-35.75000000000017,True
2019-08-29,2.0625,-15.629999999999988,2.135000000000005,1.7849999999999966,-35.00000000000085,True
2019-08-30,2.0575,-14.250000000000007,2.075000000000003,1.7099999999999937,-36.50000000000091,True
2019-09-02,2.0605,-12.639999999999985,2.075000000000003,1.7099999999999937,-36.50000000000091,True
2019-09-03,2.025,-16.239999999999988,2.075000000000003,1.6749999999999972,-40.00000000000057,True
2019-09-04,2.0051,-16.739999999999977,2.0674999999999955,1.6400000000000006,-42.74999999999949,True
2019-09-05,2.029,-15.280000000000005,2.0875000000000057,1.7049999999999983,-38.25000000000074,True
2019-09-06,2.01815,-16.720000000000024,2.092500000000001,1.7049999999999983,-38.750000000000284,True
2019-09-09,2.013,-18.04999999999999,2.082499999999996,1.7150000000000034,-36.74999999999926,True
2019-09-10,2.0065,-18.35,2.0849999999999937,1.7399999999999949,-34.499999999999886,True
2019-09-11,2.01,-17.50000000000003,2.0900000000000034,1.7450000000000045,-34.499999999999886,True
2019-09-12,1.9945,-15.549999999999997,2.0900000000000034,1.769999999999996,-32.00000000000074,True
2019-09-13,1.9993,-17.420000000000012,2.105000000000004,1.8199999999999932,-28.50000000000108,True
2019-09-16,2.0535,-9.684999999999988,2.1400000000000006,1.8050000000000068,-33.499999999999375,True
2019-09-17,2.1065,-4.349999999999987,2.282499999999999,1.8050000000000068,-47.749999999999204,True
2019-09-18,2.125,-1.3100000000000112,2.299999999999997,1.8449999999999989,-45.49999999999983,True
2019-09-19,2.116,1.0400000000000187,2.2900000000000063,1.8499999999999943,-44.000000000001194,True
2019-09-20,1.9768,-10.870000000000024,2.2150000000000034,1.7900000000000063,-42.499999999999716,True
2019-09-23,1.97375,-10.625000000000018,2.230000000000004,1.7750000000000057,-45.49999999999983,True
2019-09-24,2.003,-7.899999999999974,2.2349999999999994,1.769999999999996,-46.50000000000034,True
2019-09-25,2.002,-8.000000000000007,2.2249999999999943,1.7849999999999966,-43.99999999999977,True
2019-09-26,1.9531,-10.939999999999994,2.2125000000000057,1.7849999999999966,-42.75000000000091,True
2019-09-27,1.9137,-14.380000000000015,2.194999999999993,1.7600000000000051,-43.499999999998806,True
2019-09-30,1.87995,-18.05500000000002,1.8924999999999983,1.6500000000000057,-24.24999999999926,True
2019-10-01,2.0555,3.049999999999997,1.894999999999996,1.605000000000004,-28.999999999999204,True
2019-10-02,1.87955,-12.555000000000005,1.8924999999999983,1.5600000000000023,-33.2499999999996,True
2019-10-03,1.85075,-17.825000000000003,1.8850000000000051,1.5,-38.50000000000051,True
2019-10-04,1.82465,-19.34999999999998,1.8624999999999972,1.5100000000000051,-35.249999999999204,True
2019-10-07,1.809,-20.399999999999995,1.8599999999999994,1.5349999999999966,-32.500000000000284,True
2019-10-08,1.8025,-20.399999999999995,1.8575000000000017,1.5150000000000006,-34.250000000000114,True
2019-10-09,1.811,-19.899999999999984,1.8599999999999994,1.5349999999999966,-32.500000000000284,True
2019-10-10,1.791,-20.35,1.8624999999999972,1.5600000000000023,-30.24999999999949,True
2019-10-11,1.7785,-22.080000000000013,1.8525000000000063,1.5949999999999989,-25.75000000000074,True
2019-10-14,1.792,-26.150000000000006,1.8525000000000063,1.5799999999999983,-27.250000000000796,True
2019-10-15,1.777,-32.95000000000001,1.8649999999999949,1.5999999999999943,-26.500000000000057,True
2019-10-16,1.7664,-35.86,1.8725000000000023,1.5750000000000028,-29.749999999999943,True
2019-10-17,1.751,-36.50000000000002,1.875,1.5900000000000034,-28.49999999999966,True
2019-10-18,1.729,-24.77999999999998,1.8725000000000023,1.5600000000000023,-31.25,True
2019-10-21,1.722,-25.17499999999999,1.875,1.5699999999999932,-30.500000000000682,True
2019-10-22,1.7185,-28.45000000000002,1.8799999999999955,1.5600000000000023,-31.999999999999318,True
2019-10-23,1.708,-29.39999999999998,1.8799999999999955,1.5550000000000068,-32.49999999999886,True
2019-10-24,1.691,-26.21,1.8774999999999977,1.5649999999999977,-31.25,True
2019-10-25,1.676,-23.770000000000003,1.8725000000000023,1.5750000000000028,-29.749999999999943,True
2019-10-28,1.661,-21.894999999999996,1.8675000000000068,1.5900000000000034,-27.75000000000034,True
2019-10-29,1.644,-41.15,1.8649999999999949,1.5849999999999937,-28.000000000000114,True
2019-10-30,1.6135,-26.60500000000001,1.8624999999999972,1.5750000000000028,-28.74999999999943,True
2019-10-31,1.617,-23.37499999999999,1.6175000000000068,1.4500000000000028,-16.750000000000398,True
2019-11-01,1.619,-20.565000000000012,1.6149999999999949,1.4950000000000045,-11.999999999999034,True
2019-11-04,1.613,-19.599999999999994,1.6075000000000017,1.5100000000000051,-9.749999999999659,True
2019-11-05,1.6072,-19.53,1.6025000000000063,1.5300000000000011,-7.250000000000512,True
2019-11-06,1.618,-19.299999999999983,1.6025000000000063,1.519999999999996,-8.250000000001023,True
2019-11-07,1.612,-17.899999999999984,1.5999999999999943,1.5400000000000063,-5.999999999998806,True
2019-11-08,1.6009,-17.759999999999998,1.5925000000000011,1.5450000000000017,-4.749999999999943,True
2019-11-11,1.5956,-19.640000000000015,1.5925000000000011,1.5499999999999972,-4.250000000000398,True
2019-11-12,1.6003,-17.669999999999987,1.5949999999999989,1.5400000000000063,-5.499999999999261,True
2019-11-13,1.61,-15.639999999999986,1.5925000000000011,1.5349999999999966,-5.750000000000455,True
2019-11-14,1.604,-14.69999999999998,1.5875000000000057,1.5300000000000011,-5.750000000000455,True
2019-11-15,1.5945,-13.450000000000006,1.582499999999996,1.5349999999999966,-4.749999999999943,True
2019-11-18,1.597,-12.5,1.5799999999999983,1.5349999999999966,-4.5000000000001705,True
2019-11-19,1.6005,-11.799999999999988,1.5849999999999937,1.5450000000000017,-3.999999999999204,True
2019-11-20,1.6018,-10.620000000000008,1.582499999999996,1.5400000000000063,-4.249999999998977,True
2019-11-21,1.6395,-5.15000000000001,1.582499999999996,1.5600000000000023,-2.2499999999993747,True
2019-11-22,1.64,-3.600000000000003,1.582499999999996,1.5649999999999977,-1.7499999999998295,True
2019-11-25,1.64,-2.100000000000013,1.5799999999999983,1.5699999999999932,-1.0000000000005116,True
2019-11-26,1.60595,-3.8049999999999917,1.5775000000000006,1.5699999999999932,-0.750000000000739,True
2019-11-27,1.655,4.150000000000009,1.5725000000000051,1.5750000000000028,0.24999999999977263,True
2019-11-28,1.651,3.400000000000003,1.5725000000000051,1.5750000000000028,0.24999999999977263,True
2019-11-29,1.647,2.8000000000000025,1.6299999999999955,1.5699999999999932,-6.000000000000227,True
2019-12-02,1.638,2.499999999999991,1.6299999999999955,1.5699999999999932,-6.000000000000227,True
2019-12-03,1.6295,2.2299999999999986,1.625,1.5450000000000017,-7.9999999999998295,True
2019-12-04,1.645,2.6999999999999913,1.6225000000000023,1.5499999999999972,-7.250000000000512,True
2019-12-05,1.626,1.399999999999979,1.6200000000000045,1.5450000000000017,-7.500000000000284,True
2019-12-06,1.632,3.1099999999999905,1.6225000000000023,1.5600000000000023,-6.25,True
2019-12-09,1.6475,5.190000000000006,1.6200000000000045,1.5600000000000023,-6.000000000000227,True
2019-12-10,1.6665,6.620000000000004,1.6225000000000023,1.5649999999999977,-5.750000000000455,True
2019-12-11,1.6655,5.549999999999988,1.6225000000000023,1.5699999999999932,-5.2500000000009095,True
2019-12-12,1.6155,1.1499999999999844,1.6175000000000068,1.5799999999999983,-3.7500000000008527,True
2019-12-13,1.6334,3.8899999999999935,1.5974999999999966,1.5799999999999983,-1.7499999999998295,True
2019-12-16,1.629,3.200000000000003,1.5925000000000011,1.5799999999999983,-1.2500000000002842,True
2019-12-17,1.6205,2.0000000000000018,1.5925000000000011,1.5799999999999983,-1.2500000000002842,True
2019-12-18,1.6405,3.870000000000018,1.5875000000000057,1.5750000000000028,-1.2500000000002842,True
2019-12-19,1.62,-1.949999999999985,1.582499999999996,1.5699999999999932,-1.2500000000002842,True
2019-12-20,1.58,-5.999999999999983,1.5775000000000006,1.5750000000000028,-0.24999999999977263,True
2019-12-23,1.6124,-2.7599999999999847,1.5799999999999983,1.5799999999999983,0.0,True
2019-12-24,1.613,0.7050000000000001,1.5725000000000051,1.5799999999999983,0.7499999999993179,True
2019-12-25,1.604,-5.099999999999993,1.5725000000000051,1.5799999999999983,0.7499999999993179,True
2019-12-26,1.5975,-5.35000000000001,1.5750000000000028,1.5750000000000028,0.0,True
2019-12-27,1.57915,-6.784999999999997,1.5674999999999955,1.5750000000000028,0.750000000000739,True
2019-12-30,1.5665,-7.14999999999999,1.5550000000000068,1.5699999999999932,1.4999999999986358,True
2019-12-31,1.5615,-6.799999999999984,1.5550000000000068,1.5499999999999972,-0.5000000000009663,True
2020-01-01,1.559,-8.600000000000009,1.5550000000000068,1.5499999999999972,-0.5000000000009663,True
2020-01-02,1.551,-7.499999999999996,1.5499999999999972,1.5600000000000023,1.0000000000005116,True
2020-01-03,1.554,-7.799999999999985,1.5550000000000068,1.5699999999999932,1.4999999999986358,True
2020-01-06,1.551,-9.650000000000002,1.5625,1.5750000000000028,1.2500000000002842,True
2020-01-07,1.5725,-9.40000000000001,1.5625,1.5750000000000028,1.2500000000002842,True
2020-01-08,1.572,-9.34999999999999,1.5625,1.5799999999999983,1.7499999999998295,True
2020-01-09,1.5705,-4.499999999999993,1.5600000000000023,1.5799999999999983,1.999999999999602,True
2020-01-10,1.569,-6.440000000000001,1.5625,1.5799999999999983,1.7499999999998295,True
2020-01-13,1.5822,-4.679999999999995,1.5600000000000023,1.5900000000000034,3.0000000000001137,True
2020-01-14,1.575,-4.55000000000001,1.5600000000000023,1.5949999999999989,3.499999999999659,True
2020-01-15,1.5745,-6.600000000000006,1.5550000000000068,1.5949999999999989,3.999999999999204,True
2020-01-16,1.5741,-4.590000000000005,1.5550000000000068,1.5900000000000034,3.499999999999659,True
2020-01-17,1.5773,-0.2700000000000147,1.5550000000000068,1.5900000000000034,3.499999999999659,True
2020-01-20,1.5768,-3.5600000000000076,1.5550000000000068,1.5900000000000034,3.499999999999659,True
2020-01-21,1.5745,-3.849999999999998,1.5499999999999972,1.5799999999999983,3.0000000000001137,True
2020-01-22,1.5715,-3.2500000000000195,1.5524999999999949,1.5849999999999937,3.2499999999998863,True
2020-01-23,1.578,-1.949999999999985,1.5524999999999949,1.5849999999999937,3.2499999999998863,True
2020-01-24,1.5835,0.4349999999999854,1.5499999999999972,1.5799999999999983,3.0000000000001137,True
2020-01-27,1.5755,0.8999999999999897,1.5499999999999972,1.5600000000000023,1.0000000000005116,True
2020-01-28,1.58,1.849999999999996,1.5474999999999994,1.5699999999999932,2.2499999999993747,True
2020-01-29,1.5875,2.849999999999997,1.5474999999999994,1.5750000000000028,2.750000000000341,True
2020-01-30,1.5865,3.5500000000000087,1.5450000000000017,1.5600000000000023,1.5000000000000568,True
2020-01-31,1.5859,3.190000000000004,1.5900000000000034,1.480000000000004,-10.999999999999943,True
2020-02-03,1.588,3.7000000000000144,1.5875000000000057,1.4899999999999949,-9.75000000000108,True
2020-02-04,1.5885,1.6000000000000014,1.5900000000000034,1.5300000000000011,-6.000000000000227,True
2020-02-05,1.59,1.8000000000000016,1.5925000000000011,1.5349999999999966,-5.750000000000455,True
2020-02-06,1.591,2.0499999999999963,1.5900000000000034,1.5349999999999966,-5.500000000000682,True
2020-02-07,1.5865,1.750000000000007,1.5875000000000057,1.5100000000000051,-7.750000000000057,True
2020-02-10,1.579,-0.32000000000000917,1.5849999999999937,1.4899999999999949,-9.499999999999886,True
2020-02-11,1.596,2.100000000000013,1.5849999999999937,1.5049999999999955,-7.9999999999998295,True
2020-02-12,1.5786,0.40999999999999925,1.582499999999996,1.5150000000000006,-6.749999999999545,True
2020-02-13,1.5821,0.8000000000000007,1.5849999999999937,1.5,-8.499999999999375,True
2020-02-14,1.5826,0.5300000000000082,1.582499999999996,1.4950000000000045,-8.749999999999147,True
2020-02-17,1.59,1.32000000000001,1.582499999999996,1.4950000000000045,-8.749999999999147,True
2020-02-18,1.5793,0.47999999999999154,1.582499999999996,1.4899999999999949,-9.250000000000114,True
2020-02-19,1.582,1.0500000000000176,1.5849999999999937,1.5150000000000006,-6.999999999999318,True
2020-02-20,1.5807,0.26999999999999247,1.5875000000000057,1.5100000000000051,-7.750000000000057,True
2020-02-21,1.5829,-0.05999999999999339,1.5849999999999937,1.4849999999999994,-9.999999999999432,True
2020-02-24,1.581,0.550000000000006,1.5849999999999937,1.4399999999999977,-14.499999999999602,True
2020-02-25,1.5719,-0.8099999999999996,1.5849999999999937,1.3900000000000006,-19.499999999999318,True
2020-02-26,1.55,-3.7499999999999867,1.5900000000000034,1.3649999999999949,-22.500000000000853,True
2020-02-27,1.48,-10.650000000000004,1.5875000000000057,1.2800000000000011,-30.750000000000455,True
2020-02-28,1.3855,-20.040000000000013,1.3700000000000045,0.9300000000000068,-43.99999999999977,True
2020-03-02,1.2601,-32.790000000000006,1.3024999999999949,0.8299999999999983,-47.24999999999966,True
2020-03-03,0.963,-62.550000000000004,1.0450000000000017,0.6400000000000006,-40.500000000000114,True
2020-03-04,0.9888,-60.120000000000005,1.0575000000000045,0.5649999999999977,-49.25000000000068,True
2020-03-05,0.78,-81.1,1.0125000000000028,0.4549999999999983,-55.750000000000455,True
2020-03-06,0.6845,-90.2,0.917500000000004,0.34499999999999886,-57.25000000000051,True
2020-03-09,0.509,-106.99999999999999,0.7974999999999994,0.17499999999999716,-62.25000000000023,True
2020-03-10,0.534,-106.2,0.8824999999999932,0.24500000000000455,-63.74999999999886,True
2020-03-11,0.4148,-116.38,0.7900000000000063,0.18999999999999773,-60.00000000000085,True
2020-03-12,0.225,-135.71,0.7399999999999949,0.125,-61.49999999999949,True
2020-03-13,0.2375,-134.51,0.7524999999999977,0.13500000000000512,-61.74999999999926,True
2020-03-16,0.1451,-144.49,0.7125000000000057,0.10500000000000398,-60.75000000000017,True
2020-03-17,0.1527,-142.66,0.7199999999999989,0.125,-59.499999999999886,True
2020-03-18,0.1592,-142.28,0.7275000000000063,0.10999999999999943,-61.75000000000068,True
2020-03-19,0.1079,-147.28,0.6825000000000045,0.09499999999999886,-58.75000000000057,True
2020-03-20,0.1356,-144.73,0.6474999999999937,0.09000000000000341,-55.749999999999034,True
2020-03-23,0.0616,-151.94,0.6424999999999983,0.06999999999999318,-57.25000000000051,True
2020-03-24,0.05518,-151.672,0.6375000000000028,0.06999999999999318,-56.750000000000966,True
2020-03-25,0.0436,-150.64,0.6350000000000051,0.06499999999999773,-57.00000000000074,True
2020-03-26,0.038,-144.2,0.6324999999999932,0.04999999999999716,-58.2499999999996,True
2020-03-27,0.0445,-134.1,0.6324999999999932,0.04999999999999716,-58.2499999999996,True
2020-03-30,0.0438,-121.63,0.6324999999999932,0.060000000000002274,-57.24999999999909,True
2020-03-31,0.046,-91.69999999999999,0.04000000000000625,0.060000000000002274,1.999999999999602,True
2020-04-01,0.0505,-93.83,0.04749999999999943,0.06999999999999318,2.2499999999993747,True
2020-04-02,0.053,-72.7,0.04749999999999943,0.07500000000000284,2.750000000000341,True
2020-04-03,0.044,-64.05,0.03499999999999659,0.06999999999999318,3.499999999999659,True
2020-04-06,0.0487,-46.03,0.03499999999999659,0.0799999999999983,4.5000000000001705,True
2020-04-07,0.0493,-48.47,0.030000000000001137,0.06999999999999318,3.999999999999204,True
2020-04-08,0.0514,-36.34,0.03249999999999886,0.06999999999999318,3.7499999999994316,True
2020-04-09,0.0598,-16.520000000000003,0.03249999999999886,0.06999999999999318,3.7499999999994316,True
2020-04-10,0.025,-21.25,0.03249999999999886,0.06999999999999318,3.7499999999994316,True
2020-04-13,0.0659,-7.920000000000001,0.03499999999999659,0.07500000000000284,4.000000000000625,True
2020-04-14,0.0647,-8.8,0.03249999999999886,0.0799999999999983,4.749999999999943,True
2020-04-15,0.058,-10.120000000000001,0.030000000000001137,0.07500000000000284,4.5000000000001705,True
2020-04-16,0.0592,-4.869999999999999,0.02750000000000341,0.07500000000000284,4.749999999999943,True
2020-04-17,0.0505,-8.51,0.025000000000005684,0.06999999999999318,4.4999999999987494,True
2020-04-20,0.0403,-2.13,0.01999999999999602,0.06499999999999773,4.5000000000001705,True
2020-04-21,0.0392,-1.598,0.017499999999998295,0.05500000000000682,3.7500000000008527,True
2020-04-22,0.0415,-0.20999999999999977,0.017499999999998295,0.05500000000000682,3.7500000000008527,True
2020-04-23,0.0486,1.0599999999999998,0.01999999999999602,0.060000000000002274,4.000000000000625,True
2020-04-24,0.0492,0.4700000000000003,0.017499999999998295,0.05500000000000682,3.7500000000008527,True
2020-04-27,0.0466,0.28000000000000036,0.022499999999993747,0.04999999999999716,2.750000000000341,True
2020-04-28,0.0395,-0.6499999999999999,0.022499999999993747,0.04999999999999716,2.750000000000341,True
2020-04-29,0.022,-2.8500000000000005,0.017499999999998295,0.030000000000001137,1.2500000000002842,True
2020-04-30,0.0252,-2.78,0.022499999999993747,0.030000000000001137,0.750000000000739,True
2020-05-01,0.0305,-1.3499999999999999,0.030000000000001137,0.030000000000001137,0.0,True
2020-05-04,0.0319,-1.6800000000000002,0.03249999999999886,0.030000000000001137,-0.24999999999977263,True
2020-05-05,0.052,0.27000000000000013,0.04749999999999943,0.04000000000000625,-0.7499999999993179,True
2020-05-06,0.053,0.15999999999999973,0.052499999999994884,0.04000000000000625,-1.2499999999988631,True
2020-05-07,0.0713,1.1500000000000004,0.0625,0.04000000000000625,-2.2499999999993747,True
2020-05-08,0.066,4.1000000000000005,0.0625,0.045000000000001705,-1.7499999999998295,True
2020-05-11,0.0675,0.16000000000000042,0.060000000000002274,0.05500000000000682,-0.49999999999954525,True
2020-05-12,0.0692,0.4500000000000004,0.0625,0.06499999999999773,0.24999999999977263,True
2020-05-13,0.0532,-0.48000000000000054,0.052499999999994884,0.060000000000002274,0.750000000000739,True
2020-05-14,0.0568,-0.23999999999999994,0.052499999999994884,0.060000000000002274,0.750000000000739,True
2020-05-15,0.0526,0.20999999999999977,0.04999999999999716,0.060000000000002274,1.0000000000005116,True
2020-05-18,0.0578,1.7499999999999996,0.04999999999999716,0.06499999999999773,1.5000000000000568,True
2020-05-19,0.0535,1.43,0.04749999999999943,0.06499999999999773,1.7499999999998295,True
2020-05-20,0.0463,0.47999999999999987,0.04749999999999943,0.05500000000000682,0.750000000000739,True
2020-05-21,0.0304,-1.8199999999999998,0.04250000000000398,0.060000000000002274,1.7499999999998295,True
2020-05-22,0.0674,1.82,0.04250000000000398,0.060000000000002274,1.7499999999998295,True
2020-05-25,0.065,1.8399999999999999,0.04250000000000398,0.060000000000002274,1.7499999999998295,True
2020-05-26,0.0665,2.7,0.045000000000001705,0.06999999999999318,2.4999999999991473,True
2020-05-27,0.0578,3.58,0.04749999999999943,0.07500000000000284,2.750000000000341,True
2020-05-28,0.07,4.48,0.04999999999999716,0.07500000000000284,2.5000000000005684,True
2020-05-29,0.0676,3.7099999999999995,0.06999999999999318,0.06999999999999318,0.0,True
2020-06-01,0.0708,3.8900000000000006,0.07250000000000512,0.07500000000000284,0.24999999999977263,True
2020-06-02,0.0745,2.25,0.07250000000000512,0.07500000000000284,0.24999999999977263,True
2020-06-03,0.0792,2.620000000000001,0.07500000000000284,0.07500000000000284,0.0,True
2020-06-04,0.0817,1.0399999999999991,0.07500000000000284,0.0799999999999983,0.49999999999954525,True
2020-06-05,0.0782,1.2200000000000002,0.06999999999999318,0.07500000000000284,0.5000000000009663,True
2020-06-08,0.0912,2.37,0.07750000000000057,0.0799999999999983,0.24999999999977263,True
2020-06-09,0.0872,1.8000000000000003,0.07750000000000057,0.0799999999999983,0.24999999999977263,True
2020-06-10,0.0844,3.1200000000000006,0.07500000000000284,0.07500000000000284,0.0,True
2020-06-11,0.1115,5.47,0.07500000000000284,0.07500000000000284,0.0,True
2020-06-12,0.104,5.14,0.08249999999999602,0.09499999999999886,1.2500000000002842,True
2020-06-15,0.1098,5.2,0.08499999999999375,0.09999999999999432,1.5000000000000568,True
2020-06-16,0.1051,5.16,0.08499999999999375,0.09999999999999432,1.5000000000000568,True
2020-06-17,0.0937,4.74,0.08249999999999602,0.09000000000000341,0.750000000000739,True
2020-06-18,0.0901,5.970000000000001,0.0799999999999983,0.08499999999999375,0.49999999999954525,True
2020-06-19,0.0894,2.1999999999999993,0.0799999999999983,0.0799999999999983,0.0,True
2020-06-22,0.094,2.9,0.08249999999999602,0.0799999999999983,-0.24999999999977263,True
2020-06-23,0.0857,1.9199999999999995,0.0799999999999983,0.0799999999999983,0.0,True
2020-06-24,0.0771,1.9300000000000004,0.0799999999999983,0.07500000000000284,-0.49999999999954525,True
2020-06-25,0.0767,0.6699999999999997,0.0799999999999983,0.07500000000000284,-0.49999999999954525,True
2020-06-26,0.074,0.6400000000000003,0.0799999999999983,0.07500000000000284,-0.49999999999954525,True
2020-06-29,0.0741,0.32999999999999974,0.0799999999999983,0.06999999999999318,-1.0000000000005116,True
2020-06-30,0.0719,-0.2599999999999991,0.07250000000000512,0.05500000000000682,-1.7499999999998295,True
2020-07-01,0.078,-0.12000000000000066,0.07750000000000057,0.05500000000000682,-2.2499999999993747,True
2020-07-02,0.0759,-0.58,0.09000000000000341,0.06499999999999773,-2.5000000000005684,True
2020-07-03,0.086,0.7799999999999987,0.09000000000000341,0.06499999999999773,-2.5000000000005684,True
2020-07-06,0.094,0.2799999999999997,0.09499999999999886,0.06999999999999318,-2.5000000000005684,True
2020-07-07,0.0897,0.2500000000000002,0.09749999999999659,0.06999999999999318,-2.750000000000341,True
2020-07-08,0.0882,0.3799999999999998,0.09499999999999886,0.060000000000002274,-3.499999999999659,True
2020-07-09,0.0876,-2.3900000000000006,0.09499999999999886,0.060000000000002274,-3.499999999999659,True
2020-07-10,0.0913,-1.269999999999999,0.09999999999999432,0.06999999999999318,-3.0000000000001137,True
2020-07-13,0.0878,-2.1999999999999993,0.09999999999999432,0.06999999999999318,-3.0000000000001137,True
2020-07-14,0.0884,-1.6699999999999993,0.09999999999999432,0.06999999999999318,-3.0000000000001137,True
2020-07-15,0.0872,-0.6500000000000006,0.09999999999999432,0.06499999999999773,-3.499999999999659,True
2020-07-16,0.0858,-0.4299999999999998,0.09999999999999432,0.06499999999999773,-3.499999999999659,True
2020-07-17,0.0859,-0.3499999999999989,0.10250000000000625,0.06999999999999318,-3.2500000000013074,True
2020-07-20,0.0899,-0.41000000000000064,0.1075000000000017,0.06999999999999318,-3.7500000000008527,True
2020-07-21,0.0975,1.1800000000000006,0.1075000000000017,0.07500000000000284,-3.2499999999998863,True
2020-07-22,0.0999,2.2800000000000002,0.1075000000000017,0.07500000000000284,-3.2499999999998863,True
2020-07-23,0.089,1.229999999999999,0.1075000000000017,0.06499999999999773,-4.250000000000398,True
2020-07-24,0.0912,1.7200000000000006,0.1075000000000017,0.060000000000002274,-4.749999999999943,True
2020-07-27,0.0886,1.45,0.10500000000000398,0.060000000000002274,-4.5000000000001705,True
2020-07-28,0.0871,1.5199999999999991,0.1075000000000017,0.06499999999999773,-4.250000000000398,True
2020-07-29,0.0853,0.7300000000000001,0.1075000000000017,0.060000000000002274,-4.749999999999943,True
2020-07-30,0.083,0.7100000000000009,0.1075000000000017,0.060000000000002274,-4.749999999999943,True
2020-07-31,0.0779,-0.8099999999999996,0.0799999999999983,0.060000000000002274,-1.999999999999602,True
2020-08-03,0.0858,-0.8199999999999998,0.08499999999999375,0.06499999999999773,-1.999999999999602,True
2020-08-04,0.0826,-0.7099999999999995,0.08750000000000568,0.06499999999999773,-2.250000000000796,True
2020-08-05,0.0804,-0.7800000000000001,0.08499999999999375,0.06499999999999773,-1.999999999999602,True
2020-08-06,0.078,-0.9599999999999997,0.08499999999999375,0.06499999999999773,-1.999999999999602,True
2020-08-07,0.0775,-1.3800000000000008,0.08499999999999375,0.06499999999999773,-1.999999999999602,True
2020-08-10,0.0975,0.97,0.09000000000000341,0.06999999999999318,-2.000000000001023,True
2020-08-11,0.1027,1.4299999999999993,0.09000000000000341,0.06999999999999318,-2.000000000001023,True
2020-08-12,0.0883,0.11000000000000038,0.09000000000000341,0.07500000000000284,-1.5000000000000568,True
2020-08-13,0.0925,0.6699999999999997,0.09000000000000341,0.07500000000000284,-1.5000000000000568,True
2020-08-14,0.0885,0.2599999999999991,0.09250000000000114,0.0799999999999983,-1.2500000000002842,True
2020-08-17,0.0907,0.0800000000000009,0.09250000000000114,0.08499999999999375,-0.750000000000739,True
2020-08-18,0.0977,0.019999999999999185,0.09250000000000114,0.08499999999999375,-0.750000000000739,True
2020-08-19,0.077,-2.2900000000000005,0.09000000000000341,0.07500000000000284,-1.5000000000000568,True
2020-08-20,0.075,-1.4,0.08750000000000568,0.06999999999999318,-1.7500000000012506,True
2020-08-21,0.0745,-1.6700000000000006,0.08499999999999375,0.06499999999999773,-1.999999999999602,True
2020-08-24,0.0688,-1.9799999999999998,0.08499999999999375,0.06999999999999318,-1.5000000000000568,True
2020-08-25,0.0786,-0.8499999999999994,0.08750000000000568,0.07500000000000284,-1.2500000000002842,True
2020-08-26,0.0755,-0.9800000000000003,0.08750000000000568,0.0799999999999983,-0.750000000000739,True
2020-08-27,0.0695,-1.3499999999999999,0.08499999999999375,0.06999999999999318,-1.5000000000000568,True
2020-08-28,0.0741,-0.3799999999999998,0.08499999999999375,0.06999999999999318,-1.5000000000000568,True
2020-08-31,0.074,-1.1800000000000006,0.07500000000000284,0.0799999999999983,0.49999999999954525,True
2020-09-01,0.072,-1.0600000000000012,0.07250000000000512,0.0799999999999983,0.7499999999993179,True
2020-09-02,0.074,-0.6400000000000003,0.07750000000000057,0.0799999999999983,0.24999999999977263,True
2020-09-03,0.0736,-0.4400000000000001,0.07750000000000057,0.07500000000000284,-0.24999999999977263,True
2020-09-04,0.0823,0.47999999999999987,0.08499999999999375,0.08499999999999375,0.0,True
2020-09-07,0.094,-0.3500000000000003,0.08499999999999375,0.08499999999999375,0.0,True
2020-09-08,0.0842,-1.8500000000000003,0.08750000000000568,0.08499999999999375,-0.2500000000011937,True
2020-09-09,0.0822,-0.6100000000000008,0.08499999999999375,0.08499999999999375,0.0,True
2020-09-10,0.0821,-1.0399999999999991,0.08750000000000568,0.08499999999999375,-0.2500000000011937,True
2020-09-11,0.0787,-0.9799999999999989,0.08750000000000568,0.0799999999999983,-0.750000000000739,True
2020-09-14,0.078,-1.2700000000000002,0.08750000000000568,0.0799999999999983,-0.750000000000739,True
2020-09-15,0.0798,-1.79,0.09000000000000341,0.0799999999999983,-1.0000000000005116,True
2020-09-16,0.0773,0.02999999999999947,0.08750000000000568,0.0799999999999983,-0.750000000000739,True
2020-09-17,0.0773,0.22999999999999965,0.09000000000000341,0.0799999999999983,-1.0000000000005116,True
2020-09-18,0.0804,0.5900000000000003,0.09250000000000114,0.0799999999999983,-1.2500000000002842,True
2020-09-21,0.076,0.7199999999999998,0.09000000000000341,0.0799999999999983,-1.0000000000005116,True
2020-09-22,0.0742,-0.4400000000000001,0.09000000000000341,0.0799999999999983,-1.0000000000005116,True
2020-09-23,0.0775,0.20000000000000018,0.08750000000000568,0.07500000000000284,-1.2500000000002842,True
2020-09-24,0.0748,0.5299999999999999,0.08750000000000568,0.07500000000000284,-1.2500000000002842,True
2020-09-25,0.0763,0.22000000000000075,0.08750000000000568,0.07500000000000284,-1.2500000000002842,True
2020-09-28,0.0655,-0.8499999999999994,0.09000000000000341,0.07500000000000284,-1.5000000000000568,True
2020-09-29,0.0752,0.32000000000000084,0.08750000000000568,0.07500000000000284,-1.2500000000002842,True
2020-09-30,0.0734,-0.05999999999999894,0.07500000000000284,0.0799999999999983,0.49999999999954525,True
2020-10-01,0.0719,-0.16999999999999932,0.07500000000000284,0.0799999999999983,0.49999999999954525,True
2020-10-02,0.0745,-0.7800000000000001,0.07500000000000284,0.0799999999999983,0.49999999999954525,True
2020-10-05,0.0791,-1.4899999999999998,0.0799999999999983,0.0799999999999983,0.0,True
2020-10-06,0.0763,-0.789999999999999,0.08249999999999602,0.0799999999999983,-0.24999999999977263,True
2020-10-07,0.0752,-0.6999999999999993,0.0799999999999983,0.0799999999999983,0.0,True
2020-10-08,0.075,-0.7100000000000009,0.0799999999999983,0.08499999999999375,0.49999999999954525,True
2020-10-09,0.077,-0.1700000000000007,0.0799999999999983,0.08499999999999375,0.49999999999954525,True
2020-10-12,0.077,-0.10000000000000009,0.08249999999999602,0.08499999999999375,0.24999999999977263,True
2020-10-13,0.078,-0.1799999999999996,0.08249999999999602,0.08499999999999375,0.24999999999977263,True
2020-10-14,0.0798,0.2500000000000002,0.08499999999999375,0.08499999999999375,0.0,True
2020-10-15,0.084,0.6700000000000012,0.08750000000000568,0.09000000000000341,0.24999999999977263,True
2020-10-16,0.0825,0.21000000000000046,0.08750000000000568,0.09000000000000341,0.24999999999977263,True
2020-10-19,0.0814,0.5400000000000003,0.08750000000000568,0.09000000000000341,0.24999999999977263,True
2020-10-20,0.083,0.8800000000000002,0.08750000000000568,0.08499999999999375,-0.2500000000011937,True
2020-10-21,0.081,0.3500000000000003,0.08750000000000568,0.09000000000000341,0.24999999999977263,True
2020-10-22,0.0825,0.7699999999999998,0.08499999999999375,0.09000000000000341,0.5000000000009663,True
2020-10-23,0.0845,0.8199999999999998,0.08750000000000568,0.09000000000000341,0.24999999999977263,True
2020-10-26,0.083,1.7500000000000002,0.08750000000000568,0.08499999999999375,-0.2500000000011937,True
2020-10-27,0.0835,0.8300000000000002,0.08750000000000568,0.08499999999999375,-0.2500000000011937,True
2020-10-28,0.0835,1.0099999999999998,0.08750000000000568,0.08499999999999375,-0.2500000000011937,True
2020-10-29,0.0823,1.0399999999999991,0.08750000000000568,0.08499999999999375,-0.2500000000011937,True
2020-10-30,0.0825,0.8000000000000007,0.0799999999999983,0.07500000000000284,-0.49999999999954525,True
2020-11-02,0.0832,0.40999999999999925,0.08249999999999602,0.07500000000000284,-0.7499999999993179,True
2020-11-03,0.0882,1.1899999999999995,0.08750000000000568,0.0799999999999983,-0.750000000000739,True
2020-11-04,0.08985,1.4649999999999996,0.09250000000000114,0.0799999999999983,-1.2500000000002842,True
2020-11-05,0.0955,2.0500000000000003,0.09749999999999659,0.0799999999999983,-1.7499999999998295,True
2020-11-06,0.0915,1.45,0.09749999999999659,0.0799999999999983,-1.7499999999998295,True
2020-11-09,0.089,1.1999999999999997,0.09499999999999886,0.08499999999999375,-1.0000000000005116,True
2020-11-10,0.0885,1.0499999999999996,0.09749999999999659,0.08499999999999375,-1.2500000000002842,True
2020-11-11,0.0895,0.97,0.09749999999999659,0.08499999999999375,-1.2500000000002842,True
2020-11-12,0.0885,0.449999999999999,0.09499999999999886,0.0799999999999983,-1.5000000000000568,True
2020-11-13,0.085,0.2500000000000002,0.09250000000000114,0.08499999999999375,-0.750000000000739,True
2020-11-16,0.0845,0.31000000000000055,0.09000000000000341,0.0799999999999983,-1.0000000000005116,True
2020-11-17,0.0825,-0.050000000000000044,0.09250000000000114,0.0799999999999983,-1.2500000000002842,True
2020-11-18,0.078,-0.30000000000000027,0.09250000000000114,0.07500000000000284,-1.7499999999998295,True
2020-11-19,0.0715,-1.100000000000001,0.08499999999999375,0.06999999999999318,-1.5000000000000568,True
2020-11-20,0.0694,-1.5100000000000002,0.08750000000000568,0.06499999999999773,-2.250000000000796,True
2020-11-23,0.0696,-1.340000000000001,0.08750000000000568,0.06499999999999773,-2.250000000000796,True
2020-11-24,0.0725,-1.100000000000001,0.08499999999999375,0.06499999999999773,-1.999999999999602,True
2020-11-25,0.0638,-1.9700000000000009,0.08499999999999375,0.06999999999999318,-1.5000000000000568,True
2020-11-26,0.073,-0.9300000000000003,0.08499999999999375,0.06999999999999318,-1.5000000000000568,True
2020-11-27,0.078,-0.4500000000000004,0.08499999999999375,0.06999999999999318,-1.5000000000000568,True
2020-11-30,0.0741,-0.9099999999999997,0.07500000000000284,0.06999999999999318,-0.5000000000009663,True
2020-12-01,0.0705,-1.7700000000000007,0.07250000000000512,0.06999999999999318,-0.2500000000011937,True
2020-12-02,0.0735,-1.6350000000000002,0.07500000000000284,0.07500000000000284,0.0,True
2020-12-03,0.071,-2.4500000000000006,0.07500000000000284,0.06499999999999773,-1.0000000000005116,True
2020-12-04,0.0725,-1.9000000000000004,0.07500000000000284,0.06499999999999773,-1.0000000000005116,True
2020-12-07,0.0654,-2.3599999999999994,0.07250000000000512,0.05500000000000682,-1.7499999999998295,True
2020-12-08,0.0695,-1.899999999999999,0.07500000000000284,0.060000000000002274,-1.5000000000000568,True
2020-12-09,0.06545,-2.4050000000000002,0.07250000000000512,0.060000000000002274,-1.2500000000002842,True
2020-12-10,0.069,-1.9499999999999988,0.07250000000000512,0.060000000000002274,-1.2500000000002842,True
2020-12-11,0.0633,-2.1700000000000013,0.07250000000000512,0.05500000000000682,-1.7499999999998295,True
2020-12-14,0.065,-1.9500000000000004,0.07500000000000284,0.05500000000000682,-1.999999999999602,True
2020-12-15,0.0695,-1.2999999999999998,0.07500000000000284,0.05500000000000682,-1.999999999999602,True
2020-12-16,0.0711,-0.6900000000000004,0.07500000000000284,0.05500000000000682,-1.999999999999602,True
2020-12-17,0.0745,0.30000000000000027,0.0799999999999983,0.060000000000002274,-1.999999999999602,True
2020-12-18,0.073,0.3599999999999992,0.0799999999999983,0.05500000000000682,-2.4999999999991473,True
2020-12-21,0.077,0.7400000000000004,0.08750000000000568,0.05500000000000682,-3.2499999999998863,True
2020-12-22,0.0825,1.0000000000000009,0.08499999999999375,0.060000000000002274,-2.4999999999991473,True
2020-12-23,0.0653,0.15000000000000013,0.08249999999999602,0.060000000000002274,-2.2499999999993747,True
2020-12-24,0.077,0.40000000000000036,0.08249999999999602,0.060000000000002274,-2.2499999999993747,True
2020-12-25,0.077,-0.10000000000000009,0.08249999999999602,0.060000000000002274,-2.2499999999993747,True
2020-12-28,0.0795,0.5400000000000003,0.08499999999999375,0.06499999999999773,-1.999999999999602,True
2020-12-29,0.079,0.8500000000000008,0.08499999999999375,0.060000000000002274,-2.4999999999991473,True
2020-12-30,0.0645,-0.8999999999999995,0.08499999999999375,0.060000000000002274,-2.4999999999991473,True
2020-12-31,0.073,0.20000000000000018,0.06999999999999318,0.05500000000000682,-1.4999999999986358,True
2021-01-01,0.073,0.050000000000000044,0.06999999999999318,0.05500000000000682,-1.4999999999986358,True
2021-01-04,0.0715,0.6099999999999994,0.07500000000000284,0.05500000000000682,-1.999999999999602,True
2021-01-05,0.0795,0.9999999999999996,0.08249999999999602,0.060000000000002274,-2.2499999999993747,True
2021-01-06,0.0805,1.5050000000000008,0.08499999999999375,0.06499999999999773,-1.999999999999602,True
2021-01-07,0.0785,0.9499999999999995,0.08249999999999602,0.06499999999999773,-1.7499999999998295,True
2021-01-08,0.077,1.3700000000000003,0.08249999999999602,0.06499999999999773,-1.7499999999998295,True
2021-01-11,0.074,0.8999999999999995,0.08249999999999602,0.060000000000002274,-2.2499999999993747,True
2021-01-12,0.0765,0.6999999999999993,0.08249999999999602,0.06499999999999773,-1.7499999999998295,True
2021-01-13,0.074,0.29,0.08249999999999602,0.06499999999999773,-1.7499999999998295,True
2021-01-14,0.0708,-0.3699999999999995,0.08249999999999602,0.06999999999999318,-1.2500000000002842,True
2021-01-15,0.0694,-0.3599999999999992,0.0799999999999983,0.06499999999999773,-1.5000000000000568,True
2021-01-18,0.07,-0.6999999999999993,0.0799999999999983,0.06499999999999773,-1.5000000000000568,True
2021-01-19,0.0706,-1.1900000000000008,0.0799999999999983,0.06499999999999773,-1.5000000000000568,True
2021-01-20,0.0646,-0.06999999999999923,0.0799999999999983,0.060000000000002274,-1.999999999999602,True
2021-01-21,0.0625,-1.45,0.0799999999999983,0.05500000000000682,-2.4999999999991473,True
2021-01-22,0.0625,-1.45,0.0799999999999983,0.05500000000000682,-2.4999999999991473,True
2021-01-25,0.0594,-2.01,0.07750000000000057,0.05500000000000682,-2.2499999999993747,True
2021-01-26,0.0525,-2.6500000000000004,0.07250000000000512,0.045000000000001705,-2.750000000000341,True
2021-01-27,0.0475,-1.7000000000000002,0.07250000000000512,0.045000000000001705,-2.750000000000341,True
2021-01-28,0.0505,-2.249999999999999,0.07250000000000512,0.045000000000001705,-2.750000000000341,True
2021-01-29,0.0375,-3.55,0.04000000000000625,0.04000000000000625,0.0,True
2021-02-01,0.0425,-2.899999999999999,0.04749999999999943,0.045000000000001705,-0.24999999999977263,True
2021-02-02,0.04405,-3.5450000000000004,0.04749999999999943,0.045000000000001705,-0.24999999999977263,True
2021-02-03,0.042,-3.85,0.045000000000001705,0.045000000000001705,0.0,True
2021-02-04,0.0305,-4.8,0.03499999999999659,0.045000000000001705,1.0000000000005116,True
2021-02-05,0.0255,-5.15,0.03499999999999659,0.045000000000001705,1.0000000000005116,True
2021-02-08,0.029,-4.5,0.030000000000001137,0.045000000000001705,1.5000000000000568,True
2021-02-09,0.0305,-4.6,0.03499999999999659,0.045000000000001705,1.0000000000005116,True
2021-02-10,0.032,-4.199999999999999,0.03499999999999659,0.04000000000000625,0.5000000000009663,True
2021-02-11,0.031,-3.9800000000000004,0.04000000000000625,0.04000000000000625,0.0,True
2021-02-12,0.0275,-4.19,0.037499999999994316,0.04000000000000625,0.2500000000011937,True
2021-02-15,0.0275,-4.250000000000001,0.037499999999994316,0.04000000000000625,0.2500000000011937,True
2021-02-16,0.028,-4.26,0.037499999999994316,0.04000000000000625,0.2500000000011937,True
2021-02-17,0.026,-3.8600000000000008,0.037499999999994316,0.04000000000000625,0.2500000000011937,True
2021-02-18,0.024,-3.85,0.037499999999994316,0.04000000000000625,0.2500000000011937,True
2021-02-19,0.0201,-4.24,0.03499999999999659,0.04000000000000625,0.5000000000009663,True
2021-02-22,0.0265,-3.29,0.037499999999994316,0.045000000000001705,0.750000000000739,True
2021-02-23,0.0315,-2.0999999999999996,0.037499999999994316,0.04999999999999716,1.2500000000002842,True
2021-02-24,0.0315,-1.6,0.037499999999994316,0.05500000000000682,1.7500000000012506,True
2021-02-25,0.0325,-1.8000000000000003,0.037499999999994316,0.05500000000000682,1.7500000000012506,True
2021-02-26,0.033,-0.44999999999999973,0.030000000000001137,0.05500000000000682,2.5000000000005684,True
2021-03-01,0.032,-1.0500000000000003,0.030000000000001137,0.05500000000000682,2.5000000000005684,True
2021-03-02,0.0355,-0.8550000000000002,0.03249999999999886,0.05500000000000682,2.250000000000796,True
2021-03-03,0.0306,-1.1400000000000003,0.03249999999999886,0.05500000000000682,2.250000000000796,True
2021-03-04,0.0328,0.23000000000000034,0.03249999999999886,0.05500000000000682,2.250000000000796,True
2021-03-05,0.0301,0.45999999999999996,0.025000000000005684,0.04999999999999716,2.4999999999991473,True
2021-03-08,0.0285,-0.050000000000000044,0.02750000000000341,0.04999999999999716,2.2499999999993747,True
2021-03-09,0.03,-0.050000000000000044,0.02750000000000341,0.04999999999999716,2.2499999999993747,True
2021-03-10,0.032,0.0,0.02750000000000341,0.04999999999999716,2.2499999999993747,True
2021-03-11,0.0304,-0.059999999999999984,0.02750000000000341,0.04999999999999716,2.2499999999993747,True
2021-03-12,0.0235,-0.4,0.025000000000005684,0.045000000000001705,1.999999999999602,True
2021-03-15,0.0257,-0.17999999999999994,0.022499999999993747,0.045000000000001705,2.250000000000796,True
2021-03-16,0.0263,-0.17,0.022499999999993747,0.04999999999999716,2.750000000000341,True
2021-03-17,0.0165,-0.9499999999999998,0.017499999999998295,0.04000000000000625,2.250000000000796,True
2021-03-18,0.0161,-0.79,0.017499999999998295,0.03499999999999659,1.7499999999998295,True
2021-03-19,0.011,-0.91,0.012500000000002842,0.025000000000005684,1.2500000000002842,True
2021-03-22,0.0117,-1.48,0.012500000000002842,0.01999999999999602,0.7499999999993179,True
2021-03-23,0.0115,-2.0,0.015000000000000568,0.025000000000005684,1.0000000000005116,True
2021-03-24,0.0155,-1.6,0.015000000000000568,0.01999999999999602,0.49999999999954525,True
2021-03-25,0.0174,-1.5100000000000002,0.017499999999998295,0.025000000000005684,0.750000000000739,True
2021-03-26,0.01825,-1.4750000000000003,0.017499999999998295,0.025000000000005684,0.750000000000739,True
2021-03-29,0.0186,-1.3400000000000003,0.015000000000000568,0.025000000000005684,1.0000000000005116,True
2021-03-30,0.017,-1.8499999999999996,0.015000000000000568,0.025000000000005684,1.0000000000005116,True
2021-03-31,0.0141,-1.6500000000000001,0.015000000000000568,0.03499999999999659,1.999999999999602,True
2021-04-01,0.014,-1.8800000000000003,0.015000000000000568,0.03499999999999659,1.999999999999602,True
2021-04-02,0.0146,-1.5499999999999998,0.015000000000000568,0.03499999999999659,1.999999999999602,True
2021-04-05,0.015,-1.35,0.015000000000000568,0.03499999999999659,1.999999999999602,True
2021-04-06,0.0169,-1.31,0.015000000000000568,0.03499999999999659,1.999999999999602,True
2021-04-07,0.0205,-1.15,0.015000000000000568,0.04000000000000625,2.5000000000005684,True
2021-04-08,0.0235,-0.69,0.017499999999998295,0.04000000000000625,2.250000000000796,True
2021-04-09,0.02025,-0.32499999999999996,0.017499999999998295,0.04000000000000625,2.250000000000796,True
2021-04-12,0.0217,-0.4,0.015000000000000568,0.04000000000000625,2.5000000000005684,True
2021-04-13,0.023,-0.33000000000000007,0.015000000000000568,0.04000000000000625,2.5000000000005684,True
2021-04-14,0.0234,0.69,0.015000000000000568,0.04000000000000625,2.5000000000005684,True
2021-04-15,0.021,0.49000000000000016,0.012500000000002842,0.04000000000000625,2.750000000000341,True
2021-04-16,0.0228,1.1800000000000002,0.012500000000002842,0.045000000000001705,3.2499999999998863,True
2021-04-19,0.02085,0.915,0.010000000000005116,0.04000000000000625,3.0000000000001137,True
2021-04-20,0.02145,0.9950000000000001,0.012500000000002842,0.045000000000001705,3.2499999999998863,True
2021-04-21,0.0205,0.5000000000000001,0.012500000000002842,0.04000000000000625,2.750000000000341,True
2021-04-22,0.0216,0.42000000000000026,0.012500000000002842,0.04000000000000625,2.750000000000341,True
2021-04-23,0.0226,0.43499999999999994,0.012500000000002842,0.04000000000000625,2.750000000000341,True
2021-04-26,0.022,0.34,0.012500000000002842,0.04000000000000625,2.750000000000341,True
2021-04-27,0.02355,0.655,0.012500000000002842,0.04000000000000625,2.750000000000341,True
2021-04-28,0.0145,0.040000000000000105,0.010000000000005116,0.03499999999999659,2.4999999999991473,True
2021-04-29,0.0185,0.4499999999999999,0.010000000000005116,0.04000000000000625,3.0000000000001137,True
2021-04-30,0.021,0.6400000000000001,0.01999999999999602,0.045000000000001705,2.5000000000005684,True
2021-05-03,0.02125,0.6250000000000002,0.01999999999999602,0.045000000000001705,2.5000000000005684,True
2021-05-04,0.01835,0.14500000000000035,0.015000000000000568,0.04999999999999716,3.499999999999659,True
2021-05-05,0.01985,-0.06500000000000013,0.017499999999998295,0.04999999999999716,3.2499999999998863,True
2021-05-06,0.01555,-0.795,0.012500000000002842,0.045000000000001705,3.2499999999998863,True
2021-05-07,0.0133,-0.6950000000000002,0.012500000000002842,0.04000000000000625,2.750000000000341,True
2021-05-10,0.01575,-0.5950000000000001,0.012500000000002842,0.04000000000000625,2.750000000000341,True
2021-05-11,0.0151,-0.7899999999999999,0.012500000000002842,0.04000000000000625,2.750000000000341,True
2021-05-12,0.0127,-1.07,0.012500000000002842,0.03499999999999659,2.2499999999993747,True
2021-05-13,0.014,-0.7000000000000001,0.012500000000002842,0.03499999999999659,2.2499999999993747,True
2021-05-14,0.0136,-0.9200000000000002,0.012500000000002842,0.03499999999999659,2.2499999999993747,True
2021-05-17,0.0154,-0.545,0.010000000000005116,0.030000000000001137,1.999999999999602,True
2021-05-18,0.0173,-0.4150000000000001,0.010000000000005116,0.030000000000001137,1.999999999999602,True
2021-05-19,0.015,-0.5500000000000002,0.010000000000005116,0.03499999999999659,2.4999999999991473,True
2021-05-20,0.018,-0.36000000000000026,0.012500000000002842,0.03499999999999659,2.2499999999993747,True
2021-05-21,0.0175,-0.5099999999999997,0.012500000000002842,0.03499999999999659,2.2499999999993747,True
2021-05-24,0.0188,-0.3199999999999998,0.010000000000005116,0.03499999999999659,2.4999999999991473,True
2021-05-25,0.0148,-0.8750000000000001,0.007499999999993179,0.03499999999999659,2.750000000000341,True
2021-05-26,0.01585,0.13499999999999987,0.010000000000005116,0.030000000000001137,1.999999999999602,True
2021-05-27,0.0172,-0.1299999999999999,0.010000000000005116,0.03499999999999659,2.4999999999991473,True
2021-05-28,0.019,-0.20000000000000018,0.01999999999999602,0.030000000000001137,1.0000000000005116,True
2021-05-31,0.019,-0.2250000000000002,0.01999999999999602,0.030000000000001137,1.0000000000005116,True
2021-06-01,0.021,0.26499999999999996,0.01999999999999602,0.03499999999999659,1.5000000000000568,True
2021-06-02,0.0219,0.20499999999999996,0.01999999999999602,0.03499999999999659,1.5000000000000568,True
2021-06-03,0.0218,0.625,0.017499999999998295,0.03499999999999659,1.7499999999998295,True
2021-06-04,0.02215,0.885,0.017499999999998295,0.03499999999999659,1.7499999999998295,True
2021-06-07,0.0211,0.535,0.015000000000000568,0.03499999999999659,1.999999999999602,True
2021-06-08,0.0218,0.6699999999999999,0.015000000000000568,0.03499999999999659,1.999999999999602,True
2021-06-09,0.01965,0.6950000000000002,0.015000000000000568,0.03499999999999659,1.999999999999602,True
2021-06-10,0.02045,0.6449999999999999,0.017499999999998295,0.03499999999999659,1.7499999999998295,True
2021-06-11,0.0195,0.5900000000000001,0.015000000000000568,0.030000000000001137,1.5000000000000568,True
2021-06-14,0.0262,1.08,0.01999999999999602,0.04000000000000625,2.000000000001023,True
2021-06-15,0.0265,0.9199999999999999,0.01999999999999602,0.04000000000000625,2.000000000001023,True
2021-06-16,0.05,3.5000000000000004,0.03249999999999886,0.04999999999999716,1.7499999999998295,True
2021-06-17,0.047,2.9000000000000004,0.02750000000000341,0.045000000000001705,1.7499999999998295,True
2021-06-18,0.0477,3.0199999999999996,0.030000000000001137,0.04999999999999716,1.999999999999602,True
2021-06-21,0.0477,2.8899999999999997,0.030000000000001137,0.04999999999999716,1.999999999999602,True
2021-06-22,0.0425,2.7700000000000005,0.02750000000000341,0.04000000000000625,1.2500000000002842,True
2021-06-23,0.0427,2.685,0.02750000000000341,0.045000000000001705,1.7499999999998295,True
2021-06-24,0.0426,2.54,0.030000000000001137,0.045000000000001705,1.5000000000000568,True
2021-06-25,0.0474,2.84,0.030000000000001137,0.04999999999999716,1.999999999999602,True
2021-06-28,0.046,2.7,0.030000000000001137,0.04999999999999716,1.999999999999602,True
2021-06-29,0.0462,2.5199999999999996,0.02750000000000341,0.045000000000001705,1.7499999999998295,True
2021-06-30,0.04625,2.435,0.04749999999999943,0.04999999999999716,0.24999999999977263,True
2021-07-01,0.0466,2.4800000000000004,0.04749999999999943,0.04999999999999716,0.24999999999977263,True
2021-07-02,0.04805,2.5900000000000003,0.04749999999999943,0.04999999999999716,0.24999999999977263,True
2021-07-05,0.04805,2.6950000000000003,0.04749999999999943,0.04999999999999716,0.24999999999977263,True
2021-07-06,0.0481,2.63,0.04749999999999943,0.04999999999999716,0.24999999999977263,True
2021-07-07,0.0482,2.855,0.04749999999999943,0.04999999999999716,0.24999999999977263,True
2021-07-08,0.0479,2.7449999999999997,0.04999999999999716,0.04999999999999716,0.0,True
2021-07-09,0.0501,3.06,0.04999999999999716,0.04999999999999716,0.0,True
2021-07-12,0.0472,2.0999999999999996,0.04999999999999716,0.04999999999999716,0.0,True
2021-07-13,0.0474,2.09,0.04749999999999943,0.04999999999999716,0.24999999999977263,True
2021-07-14,0.04745,-0.25500000000000034,0.04999999999999716,0.04999999999999716,0.0,True
2021-07-15,0.0474,0.03999999999999976,0.04999999999999716,0.04999999999999716,0.0,True
2021-07-16,0.04705,-0.06499999999999978,0.04999999999999716,0.04999999999999716,0.0,True
2021-07-19,0.0474,-0.030000000000000165,0.04999999999999716,0.04999999999999716,0.0,True
2021-07-20,0.0465,0.3999999999999997,0.04999999999999716,0.04999999999999716,0.0,True
2021-07-21,0.04695,0.4249999999999997,0.04999999999999716,0.04999999999999716,0.0,True
2021-07-22,0.0473,0.4700000000000003,0.04999999999999716,0.04999999999999716,0.0,True
2021-07-23,0.0474,0.0,0.04999999999999716,0.04999999999999716,0.0,True
2021-07-26,0.0473,0.13000000000000025,0.04749999999999943,0.04999999999999716,0.24999999999977263,True
2021-07-27,0.0475,0.13000000000000025,0.04999999999999716,0.04999999999999716,0.0,True
2021-07-28,0.048,0.17500000000000016,0.04999999999999716,0.04999999999999716,0.0,True
2021-07-29,0.04745,0.08499999999999966,0.04999999999999716,0.04999999999999716,0.0,True
2021-07-30,0.048,-0.005000000000000143,0.04999999999999716,0.04999999999999716,0.0,True
2021-08-02,0.04815,0.009999999999999593,0.04999999999999716,0.04999999999999716,0.0,True
2021-08-03,0.0485,0.04000000000000045,0.04999999999999716,0.045000000000001705,-0.49999999999954525,True
2021-08-04,0.0485,0.030000000000000165,0.04999999999999716,0.045000000000001705,-0.49999999999954525,True
2021-08-05,0.04885,0.09499999999999995,0.04999999999999716,0.045000000000001705,-0.49999999999954525,True
2021-08-06,0.04925,-0.08499999999999966,0.04999999999999716,0.045000000000001705,-0.49999999999954525,True
2021-08-09,0.04705,-0.014999999999999736,0.04999999999999716,0.045000000000001705,-0.49999999999954525,True
2021-08-10,0.04995,0.25500000000000034,0.04999999999999716,0.04999999999999716,0.0,True
2021-08-11,0.049,0.15500000000000028,0.04999999999999716,0.04999999999999716,0.0,True
2021-08-12,0.049,0.16000000000000042,0.04999999999999716,0.04999999999999716,0.0,True
2021-08-13,0.05005,0.2999999999999996,0.04999999999999716,0.04999999999999716,0.0,True
2021-08-16,0.0464,-0.10000000000000009,0.04999999999999716,0.04999999999999716,0.0,True
2021-08-17,0.0463,-0.01999999999999988,0.04999999999999716,0.04999999999999716,0.0,True
2021-08-18,0.05,0.3050000000000004,0.04999999999999716,0.04999999999999716,0.0,True
2021-08-19,0.049,0.17,0.04999999999999716,0.04999999999999716,0.0,True
2021-08-20,0.0486,0.11999999999999997,0.04999999999999716,0.04999999999999716,0.0,True
2021-08-23,0.0485,0.11999999999999997,0.04999999999999716,0.04999999999999716,0.0,True
2021-08-24,0.05,0.2500000000000002,0.04999999999999716,0.05500000000000682,0.5000000000009663,True
2021-08-25,0.0493,0.12999999999999956,0.04999999999999716,0.05500000000000682,0.5000000000009663,True
2021-08-26,0.0497,0.2250000000000002,0.04999999999999716,0.05500000000000682,0.5000000000009663,True
2021-08-27,0.0495,0.15000000000000013,0.04999999999999716,0.05500000000000682,0.5000000000009663,True
2021-08-30,0.0493,0.11499999999999982,0.04999999999999716,0.05500000000000682,0.5000000000009663,True
2021-08-31,0.0495,0.10000000000000009,0.04999999999999716,0.05500000000000682,0.5000000000009663,True
2021-09-01,0.05,0.15000000000000013,0.04999999999999716,0.05500000000000682,0.5000000000009663,True
2021-09-02,0.0503,0.145,0.04999999999999716,0.05500000000000682,0.5000000000009663,True
2021-09-03,0.0517,0.24500000000000008,0.04999999999999716,0.05500000000000682,0.5000000000009663,True
2021-09-06,0.0517,0.46500000000000014,0.04999999999999716,0.05500000000000682,0.5000000000009663,True
2021-09-07,0.0517,0.17500000000000016,0.04999999999999716,0.04999999999999716,0.0,True
2021-09-08,0.0516,0.2599999999999998,0.04999999999999716,0.04999999999999716,0.0,True
2021-09-09,0.0516,0.2599999999999998,0.04999999999999716,0.04999999999999716,0.0,True
2021-09-10,0.0513,0.1250000000000001,0.052499999999994884,0.05500000000000682,0.2500000000011937,True
2021-09-13,0.053,0.6600000000000001,0.052499999999994884,0.05500000000000682,0.2500000000011937,True
2021-09-14,0.0522,0.5900000000000003,0.04999999999999716,0.04999999999999716,0.0,True
2021-09-15,0.0551,0.51,0.04999999999999716,0.05500000000000682,0.5000000000009663,True
2021-09-16,0.0575,0.8500000000000001,0.04999999999999716,0.05500000000000682,0.5000000000009663,True
2021-09-17,0.0575,0.8900000000000006,0.052499999999994884,0.060000000000002274,0.750000000000739,True
2021-09-20,0.0561,0.7599999999999996,0.052499999999994884,0.060000000000002274,0.750000000000739,True
2021-09-21,0.0535,0.34999999999999964,0.052499999999994884,0.060000000000002274,0.750000000000739,True
2021-09-22,0.055,0.5700000000000004,0.052499999999994884,0.060000000000002274,0.750000000000739,True
2021-09-23,0.0566,0.6899999999999996,0.052499999999994884,0.060000000000002274,0.750000000000739,True
2021-09-24,0.0555,0.5999999999999999,0.052499999999994884,0.060000000000002274,0.750000000000739,True
2021-09-27,0.057,0.7700000000000006,0.052499999999994884,0.060000000000002274,0.750000000000739,True
2021-09-28,0.058,0.8500000000000001,0.052499999999994884,0.060000000000002274,0.750000000000739,True
2021-09-29,0.054,0.3999999999999997,0.052499999999994884,0.060000000000002274,0.750000000000739,True
2021-09-30,0.054,0.3700000000000002,0.05500000000000682,0.04999999999999716,-0.5000000000009663,True
2021-10-01,0.058,0.63,0.05750000000000455,0.04999999999999716,-0.750000000000739,True
2021-10-04,0.0575,0.58,0.05500000000000682,0.04999999999999716,-0.5000000000009663,True
2021-10-05,0.0575,0.58,0.05750000000000455,0.05500000000000682,-0.24999999999977263,True
2021-10-06,0.0536,0.20000000000000018,0.05500000000000682,0.05500000000000682,0.0,True
2021-10-07,0.053,0.13999999999999985,0.04999999999999716,0.05500000000000682,0.5000000000009663,True
2021-10-08,0.0525,0.11999999999999997,0.052499999999994884,0.05500000000000682,0.2500000000011937,True
2021-10-11,0.052,-0.10000000000000009,0.052499999999994884,0.05500000000000682,0.2500000000011937,True
2021-10-12,0.053,0.07999999999999952,0.052499999999994884,0.05500000000000682,0.2500000000011937,True
2021-10-13,0.052,-0.31000000000000055,0.052499999999994884,0.060000000000002274,0.750000000000739,True
2021-10-14,0.0515,-0.6000000000000005,0.04999999999999716,0.05500000000000682,0.5000000000009663,True
2021-10-15,0.05225,-0.5250000000000005,0.04999999999999716,0.05500000000000682,0.5000000000009663,True
2021-10-18,0.048,-0.8099999999999996,0.04999999999999716,0.05500000000000682,0.5000000000009663,True
2021-10-19,0.048,-0.5499999999999998,0.04749999999999943,0.04999999999999716,0.24999999999977263,True
2021-10-20,0.0395,-1.55,0.045000000000001705,0.04999999999999716,0.49999999999954525,True
2021-10-21,0.043,-1.36,0.04749999999999943,0.05500000000000682,0.750000000000739,True
2021-10-22,0.044,-1.1500000000000004,0.04749999999999943,0.04999999999999716,0.24999999999977263,True
2021-10-25,0.04575,-1.1250000000000002,0.04749999999999943,0.04999999999999716,0.24999999999977263,True
2021-10-26,0.04205,-1.5950000000000006,0.04749999999999943,0.04999999999999716,0.24999999999977263,True
2021-10-27,0.04435,-0.9649999999999999,0.045000000000001705,0.04999999999999716,0.49999999999954525,True
2021-10-28,0.0435,-1.0500000000000003,0.04749999999999943,0.04999999999999716,0.24999999999977263,True
2021-10-29,0.04415,-1.3850000000000002,0.045000000000001705,0.06999999999999318,2.4999999999991473,True
2021-11-01,0.04395,-1.355,0.045000000000001705,0.06499999999999773,1.999999999999602,True
2021-11-02,0.04365,-1.3850000000000002,0.045000000000001705,0.060000000000002274,1.5000000000000568,True
2021-11-03,0.0435,-1.0100000000000005,0.045000000000001705,0.05500000000000682,1.0000000000005116,True
2021-11-04,0.044,-0.9000000000000001,0.04250000000000398,0.04999999999999716,0.7499999999993179,True
2021-11-05,0.044,-0.8500000000000001,0.04250000000000398,0.04999999999999716,0.7499999999993179,True
2021-11-08,0.0445,-0.75,0.04749999999999943,0.05500000000000682,0.750000000000739,True
2021-11-09,0.0455,-0.75,0.04749999999999943,0.05500000000000682,0.750000000000739,True
2021-11-10,0.0455,-0.6499999999999999,0.04749999999999943,0.060000000000002274,1.2500000000002842,True
2021-11-11,0.043,-0.8500000000000001,0.04749999999999943,0.060000000000002274,1.2500000000002842,True
2021-11-12,0.045,-0.725,0.04749999999999943,0.060000000000002274,1.2500000000002842,True
2021-11-15,0.04513,-0.28699999999999976,0.04749999999999943,0.060000000000002274,1.2500000000002842,True
2021-11-16,0.046,-0.20000000000000018,0.045000000000001705,0.060000000000002274,1.5000000000000568,True
2021-11-17,0.04617,0.6670000000000003,0.04749999999999943,0.06499999999999773,1.7499999999998295,True
2021-11-18,0.04662,0.36200000000000054,0.04749999999999943,0.060000000000002274,1.2500000000002842,True
2021-11-19,0.047,0.30000000000000027,0.04749999999999943,0.06499999999999773,1.7499999999998295,True
2021-11-22,0.0495,0.37500000000000033,0.04749999999999943,0.060000000000002274,1.2500000000002842,True
2021-11-23,0.05013,0.8080000000000004,0.04999999999999716,0.06499999999999773,1.5000000000000568,True
2021-11-24,0.053,0.8649999999999998,0.04749999999999943,0.06499999999999773,1.7499999999998295,True
2021-11-25,0.04925,0.5750000000000005,0.04749999999999943,0.06499999999999773,1.7499999999998295,True
2021-11-26,0.053,0.8849999999999997,0.04749999999999943,0.060000000000002274,1.2500000000002842,True
2021-11-29,0.0525,0.8549999999999995,0.04749999999999943,0.060000000000002274,1.2500000000002842,True
2021-11-30,0.054,1.0349999999999997,0.04999999999999716,0.0799999999999983,3.0000000000001137,True
2021-12-01,0.0538,1.0300000000000002,0.05500000000000682,0.0799999999999983,2.4999999999991473,True
2021-12-02,0.05305,0.9050000000000002,0.052499999999994884,0.08499999999999375,3.2499999999998863,True
2021-12-03,0.0525,0.8500000000000001,0.052499999999994884,0.08499999999999375,3.2499999999998863,True
2021-12-06,0.0535,0.9000000000000001,0.052499999999994884,0.09499999999999886,4.250000000000398,True
2021-12-07,0.053,0.75,0.04999999999999716,0.09499999999999886,4.5000000000001705,True
2021-12-08,0.0533,0.7800000000000001,0.05500000000000682,0.09999999999999432,4.4999999999987494,True
2021-12-09,0.054,1.1000000000000003,0.052499999999994884,0.09999999999999432,4.749999999999943,True
2021-12-10,0.0527,0.7699999999999998,0.052499999999994884,0.09999999999999432,4.749999999999943,True
2021-12-13,0.0575,1.2369999999999999,0.052499999999994884,0.09499999999999886,4.250000000000398,True
2021-12-14,0.05915,1.3150000000000002,0.05500000000000682,0.10500000000000398,4.999999999999716,True
2021-12-15,0.05395,0.7779999999999996,0.052499999999994884,0.11499999999999488,6.25,True
2021-12-16,0.0545,0.7879999999999998,0.052499999999994884,0.11499999999999488,6.25,True
2021-12-17,0.054,0.7,0.052499999999994884,0.125,7.250000000000512,True
2021-12-20,0.056,0.6499999999999999,0.04999999999999716,0.125,7.500000000000284,True
2021-12-21,0.05207,0.19399999999999973,0.04999999999999716,0.12999999999999545,7.9999999999998295,True
2021-12-22,0.0518,-0.11999999999999997,0.04999999999999716,0.12999999999999545,7.9999999999998295,True
2021-12-23,0.052,0.2749999999999996,0.04749999999999943,0.13500000000000512,8.750000000000568,True
2021-12-24,0.0518,-0.11999999999999997,0.04749999999999943,0.13500000000000512,8.750000000000568,True
2021-12-27,0.05335,0.08500000000000035,0.04749999999999943,0.13500000000000512,8.750000000000568,True
2021-12-28,0.05318,-0.08200000000000013,0.04999999999999716,0.14499999999999602,9.499999999999886,True
2021-12-29,0.05287,-0.09300000000000003,0.04999999999999716,0.14000000000000057,9.000000000000341,True
2021-12-30,0.0535,0.0449999999999999,0.04999999999999716,0.13500000000000512,8.500000000000796,True
2021-12-31,0.05335,0.08500000000000035,0.05500000000000682,0.20999999999999375,15.499999999998693,True
2022-01-03,0.0535,0.0,0.052499999999994884,0.21999999999999886,16.750000000000398,True
2022-01-04,0.0527,-0.030000000000000165,0.052499999999994884,0.2150000000000034,16.250000000000853,True
2022-01-05,0.0531,-0.01999999999999988,0.052499999999994884,0.23999999999999488,18.75,True
2022-01-06,0.0563,0.23000000000000034,0.052499999999994884,0.25499999999999545,20.250000000000057,True
2022-01-07,0.05875,0.605,0.052499999999994884,0.25,19.75000000000051,True
2022-01-10,0.0608,0.32999999999999974,0.05500000000000682,0.2600000000000051,20.49999999999983,True
2022-01-11,0.0563,-0.2849999999999998,0.052499999999994884,0.25499999999999545,20.250000000000057,True
2022-01-12,0.0551,0.11500000000000052,0.052499999999994884,0.26500000000000057,21.25000000000057,True
2022-01-13,0.0555,0.10000000000000009,0.052499999999994884,0.269999999999996,21.750000000000114,True
2022-01-14,0.0576,0.3599999999999999,0.052499999999994884,0.29000000000000625,23.750000000001137,True
2022-01-17,0.06,0.3999999999999997,0.052499999999994884,0.29000000000000625,23.750000000001137,True
2022-01-18,0.0585,0.6430000000000005,0.052499999999994884,0.3149999999999977,26.250000000000284,True
2022-01-19,0.06,0.8199999999999998,0.052499999999994884,0.3199999999999932,26.74999999999983,True
2022-01-20,0.06085,0.8850000000000003,0.052499999999994884,0.3199999999999932,26.74999999999983,True
2022-01-21,0.05785,0.605,0.04999999999999716,0.29999999999999716,25.0,True
2022-01-24,0.0575,0.4150000000000001,0.052499999999994884,0.29000000000000625,23.750000000001137,True
2022-01-25,0.05835,0.5170000000000001,0.052499999999994884,0.3100000000000023,25.75000000000074,True
2022-01-26,0.0515,-0.13700000000000032,0.04999999999999716,0.3199999999999932,26.999999999999602,True
2022-01-27,0.0495,-0.3999999999999997,0.04999999999999716,0.34499999999999886,29.50000000000017,True
2022-01-28,0.04925,-0.4099999999999999,0.04999999999999716,0.3400000000000034,29.000000000000625,True
2022-01-31,0.0486,-0.49000000000000016,0.04999999999999716,0.5150000000000006,46.50000000000034,True
2022-02-01,0.04995,-0.2749999999999996,0.04749999999999943,0.5049999999999955,45.7499999999996,True
2022-02-02,0.04975,-0.33499999999999985,0.04749999999999943,0.49500000000000455,44.75000000000051,True
2022-02-03,0.0497,-0.6600000000000001,0.04999999999999716,0.5250000000000057,47.50000000000085,True
2022-02-04,0.05883,0.008000000000000368,0.060000000000002274,0.6200000000000045,56.00000000000023,True
2022-02-07,0.05745,-0.33499999999999985,0.05500000000000682,0.5999999999999943,54.49999999999875,True
2022-02-08,0.056,-0.030000000000000165,0.05500000000000682,0.6149999999999949,55.999999999998806,True
2022-02-09,0.05745,0.2349999999999998,0.052499999999994884,0.6149999999999949,56.25,True
2022-02-10,0.1235,6.800000000000001,0.09250000000000114,0.7549999999999955,66.24999999999943,True
2022-02-11,0.0885,3.09,0.06999999999999318,0.7150000000000034,64.50000000000102,True
2022-02-14,0.07147,1.1470000000000007,0.05500000000000682,0.7450000000000045,68.99999999999977,True
2022-02-15,0.069,1.0500000000000003,0.052499999999994884,0.7049999999999983,65.25000000000034,True
2022-02-16,0.0734,1.340000000000001,0.04999999999999716,0.6749999999999972,62.5,True
2022-02-17,0.1205,5.965,0.04999999999999716,0.644999999999996,59.499999999999886,True
2022-02-18,0.122,6.415,0.052499999999994884,0.625,57.25000000000051,True
2022-02-21,0.122,6.45,0.052499999999994884,0.625,57.25000000000051,True
2022-02-22,0.1436,8.525,0.052499999999994884,0.6949999999999932,64.24999999999983,True
2022-02-23,0.153,10.15,0.052499999999994884,0.6899999999999977,63.750000000000284,True
2022-02-24,0.18405,13.455,0.04999999999999716,0.605000000000004,55.50000000000068,True
2022-02-25,0.2066,15.735,0.04999999999999716,0.6299999999999955,57.99999999999983,True
2022-02-28,0.21305,16.445,0.20000000000000284,0.7150000000000034,51.50000000000006,True
2022-03-01,0.2155,16.555,0.1875,0.6200000000000045,43.250000000000455,True
2022-03-02,0.2151,16.535,0.1875,0.7549999999999955,56.749999999999545,True
2022-03-03,0.2435,19.38,0.1875,0.7650000000000006,57.75000000000006,True
2022-03-04,0.241,18.217,0.1875,0.75,56.25,True
2022-03-07,0.2494,19.195,0.18500000000000227,0.769999999999996,58.499999999999375,True
2022-03-08,0.25635,20.035000000000004,0.18000000000000682,0.7750000000000057,59.499999999999886,True
2022-03-09,0.27115,21.37,0.1875,0.7999999999999972,61.249999999999716,True
2022-03-10,0.2883,16.48,0.17749999999999488,0.8149999999999977,63.750000000000284,True
2022-03-11,0.2993,21.080000000000002,0.17749999999999488,0.8250000000000028,64.7500000000008,True
2022-03-14,0.3226,25.112999999999996,0.1875,0.8850000000000051,69.75000000000051,True
2022-03-15,0.3346,26.56,0.1875,0.875,68.75,True
2022-03-16,0.3143,24.09,0.17499999999999716,0.8900000000000006,71.50000000000034,True
2022-03-17,0.305,18.45,0.1700000000000017,0.8250000000000028,65.50000000000011,True
2022-03-18,0.3042,18.220000000000002,0.1700000000000017,0.855000000000004,68.50000000000023,True
2022-03-21,0.31,18.8,0.1700000000000017,0.9300000000000068,76.00000000000051,True
2022-03-22,0.31075,16.715000000000003,0.1700000000000017,0.9300000000000068,76.00000000000051,True
2022-03-23,0.30495,15.195,0.16750000000000398,0.9300000000000068,76.25000000000028,True
2022-03-24,0.30025,11.620000000000003,0.16750000000000398,0.9399999999999977,77.24999999999937,True
2022-03-25,0.30435,9.775,0.16500000000000625,0.9599999999999937,79.49999999999875,True
2022-03-28,0.3085,9.545,0.16500000000000625,0.9699999999999989,80.49999999999926,False
2022-03-29,0.304,8.85,0.16500000000000625,0.9500000000000028,78.49999999999966,True
2022-03-30,0.2975,8.239999999999997,0.16500000000000625,0.9350000000000023,76.9999999999996,True
2022-03-31,0.288,4.449999999999998,0.29000000000000625,1.1800000000000068,89.00000000000006,False
2022-04-01,0.2968,5.580000000000002,0.2950000000000017,1.2150000000000034,92.00000000000017,False
2022-04-04,0.319,6.959999999999999,0.3050000000000068,1.2349999999999994,92.99999999999926,False
2022-04-05,0.361,10.464999999999996,0.3024999999999949,1.2450000000000045,94.25000000000097,False
2022-04-06,0.366,9.485,0.30750000000000455,1.269999999999996,96.24999999999915,False
2022-04-07,0.3986,11.030000000000001,0.3050000000000068,1.2750000000000057,96.99999999999989,False
2022-04-08,0.4175,11.819999999999997,0.30750000000000455,1.2800000000000011,97.24999999999966,False
2022-04-11,0.43715,11.454999999999998,0.30750000000000455,1.2900000000000063,98.25000000000017,False
2022-04-12,0.463,12.840000000000002,0.29749999999999943,1.2549999999999955,95.7499999999996,False
2022-04-13,0.50425,18.994999999999994,0.29749999999999943,1.2549999999999955,95.7499999999996,False
2022-04-14,0.51935,21.435,0.2950000000000017,1.2800000000000011,98.49999999999994,False
2022-04-15,0.524,21.98,0.2950000000000017,1.2800000000000011,98.49999999999994,False
2022-04-18,0.5377,22.769999999999996,0.29749999999999943,1.2849999999999966,98.74999999999972,False
2022-04-19,0.5714,26.064999999999998,0.2950000000000017,1.3100000000000023,101.50000000000006,False
2022-04-20,0.5744,26.945000000000004,0.292500000000004,1.3299999999999983,103.74999999999943,False
2022-04-21,0.626,32.574999999999996,0.29000000000000625,1.3850000000000051,109.49999999999989,False
2022-04-22,0.63935,33.5,0.29000000000000625,1.4350000000000023,114.4999999999996,False
2022-04-25,0.6575,34.9,0.29000000000000625,1.4150000000000063,112.5,False
2022-04-26,0.6774,37.34,0.2874999999999943,1.4000000000000057,111.25000000000114,False
2022-04-27,0.6943,39.68000000000001,0.2874999999999943,1.3900000000000006,110.25000000000063,False
2022-04-28,0.747,45.9,0.2874999999999943,1.4249999999999972,113.75000000000028,False
2022-04-29,0.773,47.620000000000005,0.7399999999999949,1.875,113.50000000000051,False
2022-05-02,0.78695,46.795,0.7349999999999994,1.8449999999999989,110.99999999999994,False
2022-05-03,0.8065,44.55,0.7374999999999972,1.875,113.75000000000028,False
2022-05-04,0.7906,42.46,0.7249999999999943,1.8149999999999977,109.00000000000034,False
2022-05-05,0.78912,39.05200000000001,0.7249999999999943,1.8250000000000028,110.00000000000085,False
2022-05-06,0.78692,36.942,0.7224999999999966,1.7999999999999972,107.75000000000006,False
2022-05-09,0.78422,34.70700000000001,0.7224999999999966,1.7750000000000057,105.25000000000091,False
2022-05-10,0.7795,31.649999999999995,0.7175000000000011,1.7900000000000063,107.25000000000051,False
2022-05-11,0.779,27.475000000000005,0.7150000000000034,1.8149999999999977,109.99999999999943,False
2022-05-12,0.7775,25.814999999999998,0.7150000000000034,1.7750000000000057,106.00000000000023,False
2022-05-13,0.7975,27.349999999999998,0.7175000000000011,1.7999999999999972,108.2499999999996,False
2022-05-16,0.8607,32.300000000000004,0.7175000000000011,1.7999999999999972,108.2499999999996,False
2022-05-17,0.86555,29.415000000000003,0.7224999999999966,1.8349999999999937,111.24999999999972,False
2022-05-18,0.867,29.259999999999998,0.7199999999999989,1.8349999999999937,111.49999999999949,False
2022-05-19,0.903,27.700000000000003,0.7224999999999966,1.8149999999999977,109.25000000000011,False
2022-05-20,0.9213,28.195000000000004,0.7224999999999966,1.7900000000000063,106.75000000000097,False
2022-05-23,0.9663,30.880000000000006,0.7224999999999966,1.8149999999999977,109.25000000000011,False
2022-05-24,0.968,29.059999999999995,0.7224999999999966,1.7950000000000017,107.25000000000051,False
2022-05-25,0.97225,27.79499999999999,0.7199999999999989,1.7800000000000011,106.00000000000023,False
2022-05-26,1.028,28.1,0.7224999999999966,1.7750000000000057,105.25000000000091,False
2022-05-27,1.0404,26.74,0.7224999999999966,1.7650000000000006,104.2500000000004,False
2022-05-30,1.0404,25.344999999999995,0.7224999999999966,1.7650000000000006,104.2500000000004,False
2022-05-31,1.07945,27.295,1.0400000000000063,1.894999999999996,85.49999999999898,False
2022-06-01,1.0878,29.720000000000013,1.0400000000000063,1.9249999999999972,88.49999999999909,False
2022-06-02,1.1252,33.60799999999999,1.042500000000004,1.9249999999999972,88.24999999999932,False
2022-06-03,1.14345,35.65300000000001,1.0400000000000063,1.9249999999999972,88.49999999999909,False
2022-06-06,1.1603,37.60800000000001,1.0400000000000063,1.9350000000000023,89.4999999999996,False
2022-06-07,1.1855,40.6,1.0400000000000063,1.9249999999999972,88.49999999999909,False
2022-06-08,1.1949,41.59,1.0374999999999943,1.9300000000000068,89.25000000000125,False
2022-06-09,1.2376,46.010000000000005,1.0324999999999989,1.9399999999999977,90.74999999999989,False
2022-06-10,1.2687,47.12,1.0349999999999966,2.0600000000000023,102.50000000000057,False
2022-06-13,1.43695,57.62499999999999,1.0400000000000063,2.135000000000005,109.49999999999989,False
2022-06-14,1.479,61.345000000000006,1.1149999999999949,2.4150000000000063,130.00000000000114,False
2022-06-15,1.49935,63.235,1.1200000000000045,2.385000000000005,126.50000000000006,False
2022-06-16,1.49935,59.63499999999999,1.1175000000000068,2.3900000000000006,127.24999999999937,False
2022-06-17,1.497,57.57000000000001,1.1124999999999972,2.4000000000000057,128.75000000000085,False
2022-06-20,1.4943,52.79999999999999,1.1124999999999972,2.4000000000000057,128.75000000000085,False
2022-06-21,1.503,53.49999999999999,1.1099999999999994,2.424999999999997,131.49999999999977,False
2022-06-22,1.4841,51.185,1.105000000000004,2.385000000000005,128.0000000000001,False
2022-06-23,1.486,45.8,1.1075000000000017,2.3900000000000006,128.2499999999999,False
2022-06-24,1.49855,45.815000000000005,1.105000000000004,2.3700000000000045,126.50000000000006,False
2022-06-27,1.5264,48.6,1.1099999999999994,2.3900000000000006,128.0000000000001,False
2022-06-28,1.528,44.855000000000004,1.1149999999999949,2.3799999999999955,126.50000000000006,False
2022-06-29,1.58835,50.054999999999986,1.1149999999999949,2.375,126.00000000000051,False
2022-06-30,1.676,55.08,1.5849999999999937,2.7450000000000045,116.00000000000108,False
2022-07-01,1.7297,58.62499999999999,1.5849999999999937,2.75,116.50000000000063,False
2022-07-04,1.74,57.969999999999985,1.5849999999999937,2.75,116.50000000000063,False
2022-07-05,1.738,55.25,1.5925000000000011,2.7249999999999943,113.24999999999932,False
2022-07-06,1.771,57.609999999999985,1.605000000000004,2.7650000000000006,115.99999999999966,False
2022-07-07,1.842,60.440000000000005,1.6099999999999994,2.7849999999999966,117.49999999999972,False
2022-07-08,1.88545,61.67500000000001,1.6200000000000045,2.844999999999999,122.49999999999943,False
2022-07-11,1.931,49.40500000000001,1.6200000000000045,2.844999999999999,122.49999999999943,False
2022-07-12,1.9445,46.54999999999998,1.6200000000000045,2.855000000000004,123.49999999999994,False
2022-07-13,2.0552,55.585000000000015,1.6424999999999983,3.1650000000000063,152.2500000000008,False
2022-07-14,2.0915,59.214999999999996,1.6350000000000051,3.075000000000003,143.99999999999977,False
2022-07-15,2.09565,59.86499999999999,1.6299999999999955,2.950000000000003,132.00000000000074,False
2022-07-18,2.1328,63.85000000000001,1.6324999999999932,2.944999999999993,131.25,False
2022-07-19,2.164,66.10000000000002,1.6324999999999932,2.9749999999999943,134.2500000000001,False
2022-07-20,2.1797,69.56,1.6375000000000028,2.9749999999999943,133.74999999999915,False
2022-07-21,2.2506,76.46,1.6350000000000051,2.944999999999993,130.9999999999988,False
2022-07-22,2.2599,76.13499999999999,1.6324999999999932,2.9000000000000057,126.75000000000125,False
2022-07-25,2.298,77.16000000000001,1.6324999999999932,2.930000000000007,129.75000000000136,False
2022-07-26,2.3212,79.32000000000001,1.6324999999999932,2.9150000000000063,128.2500000000013,False
2022-07-27,2.28955,70.12000000000003,1.6274999999999977,2.8700000000000045,124.25000000000068,False
2022-07-28,2.27977,60.37700000000002,1.625,2.8499999999999943,122.49999999999943,False
2022-07-29,2.2847,55.49999999999999,2.2849999999999966,3.1099999999999994,82.50000000000028,False
2022-08-01,2.285,54.500000000000014,2.2849999999999966,3.1200000000000045,83.5000000000008,False
2022-08-02,2.29,55.2,2.2849999999999966,3.1850000000000023,90.00000000000057,False
2022-08-03,2.2922,52.11999999999999,2.2900000000000063,3.2099999999999937,91.99999999999875,False
2022-08-04,2.292,44.99999999999997,2.292500000000004,3.180000000000007,88.75000000000028,False
2022-08-05,2.30395,41.84999999999999,2.302499999999995,3.319999999999993,101.74999999999983,False
2022-08-08,2.31345,38.245,2.302499999999995,3.319999999999993,101.74999999999983,False
2022-08-09,2.31125,36.67499999999999,2.302499999999995,3.3400000000000034,103.75000000000085,False
2022-08-10,2.295,23.97999999999998,2.2950000000000017,3.2650000000000006,96.99999999999989,False
2022-08-11,2.29605,20.455000000000023,2.2900000000000063,3.2650000000000006,97.49999999999943,False
2022-08-12,2.2944,19.875,2.2900000000000063,3.2650000000000006,97.49999999999943,False
2022-08-15,2.294,16.12,2.2900000000000063,3.2549999999999955,96.49999999999892,False
2022-08-16,2.2995,13.549999999999995,2.2874999999999943,3.2549999999999955,96.75000000000011,False
2022-08-17,2.294,11.430000000000007,2.2849999999999966,3.2549999999999955,96.99999999999989,False
2022-08-18,2.2939,4.329999999999989,2.2849999999999966,3.25,96.50000000000034,False
2022-08-19,2.3146,5.469999999999997,2.2849999999999966,3.260000000000005,97.50000000000085,False
2022-08-22,2.374,7.600000000000007,2.2849999999999966,3.3149999999999977,103.00000000000011,False
2022-08-23,2.37295,5.174999999999974,2.2849999999999966,3.3100000000000023,102.50000000000057,False
2022-08-24,2.3763,8.674999999999988,2.2849999999999966,3.3349999999999937,104.99999999999972,False
2022-08-25,2.43595,15.617999999999999,2.282499999999999,3.344999999999999,106.25,False
2022-08-26,2.453,16.82999999999999,2.2849999999999966,3.344999999999999,106.00000000000023,False
2022-08-29,2.4627,17.769999999999975,2.2849999999999966,3.4000000000000057,111.50000000000091,False
2022-08-30,2.5095,21.950000000000003,2.2849999999999966,3.4099999999999966,112.5,False
2022-08-31,2.5205,22.83000000000004,2.480000000000004,3.575000000000003,109.49999999999989,False
2022-09-01,2.59675,30.47500000000003,2.4825000000000017,3.594999999999999,111.24999999999972,False
2022-09-02,2.5963,29.23499999999999,2.469999999999999,3.519999999999996,104.99999999999972,False
2022-09-05,2.5963,28.284999999999982,2.469999999999999,3.519999999999996,104.99999999999972,False
2022-09-06,2.672,36.07500000000003,2.4849999999999994,3.614999999999995,112.99999999999955,False
2022-09-07,2.6904,39.54,2.4849999999999994,3.6200000000000045,113.50000000000051,False
2022-09-08,2.7556,45.95499999999997,2.492500000000007,3.6500000000000057,115.74999999999989,False
2022-09-09,2.783,48.85999999999999,2.4950000000000045,3.700000000000003,120.49999999999983,False
2022-09-12,2.8135,51.94999999999999,2.4975000000000023,3.7150000000000034,121.75000000000011,False
2022-09-13,2.92595,62.644999999999975,2.5250000000000057,3.944999999999993,141.99999999999875,False
2022-09-14,2.92755,63.355000000000004,2.5174999999999983,3.9650000000000034,144.7500000000005,False
2022-09-15,2.9947,70.08000000000001,2.5150000000000006,3.9849999999999994,146.9999999999999,False
2022-09-16,3.0195,70.48999999999998,2.512500000000003,3.9549999999999983,144.24999999999955,False
2022-09-19,3.0463,67.22999999999999,2.5150000000000006,3.9849999999999994,146.9999999999999,False
2022-09-20,3.0771,70.41500000000002,2.5150000000000006,3.969999999999999,145.49999999999983,False
2022-09-21,3.0387,66.23999999999998,2.5,3.9849999999999994,148.49999999999994,False
2022-09-22,3.032,59.605,2.4975000000000023,3.9950000000000045,149.75000000000023,False
2022-09-23,3.03665,58.365,2.4975000000000023,4.015000000000001,151.74999999999983,False
2022-09-26,3.04382,58.11200000000003,2.4975000000000023,4.010000000000005,151.25000000000028,False
2022-09-27,3.032,52.25,2.4950000000000045,3.9749999999999943,147.99999999999898,False
2022-09-28,3.0218,50.12999999999997,2.492500000000007,3.9350000000000023,144.24999999999955,False
2022-09-29,3.0175,42.074999999999996,2.492500000000007,3.930000000000007,143.75,False
2022-09-30,3.045,44.87000000000001,3.019999999999996,4.159999999999997,114.00000000000006,False
2022-10-03,3.11275,51.64500000000003,3.019999999999996,4.170000000000002,115.00000000000057,False
2022-10-04,3.12405,45.204999999999984,3.030000000000001,4.194999999999993,116.4999999999992,False
2022-10-05,3.12765,43.725000000000016,3.030000000000001,4.215000000000003,118.50000000000023,False
2022-10-06,3.2698,51.42000000000002,3.030000000000001,4.25,121.99999999999989,False
2022-10-07,3.2795,49.65000000000002,3.030000000000001,4.310000000000002,128.0000000000001,False
2022-10-10,3.2791,46.560000000000024,3.032499999999999,4.325000000000003,129.2500000000004,False
2022-10-11,3.2955,36.95500000000003,3.0374999999999943,4.329999999999998,129.2500000000004,False
2022-10-12,3.30215,37.46000000000001,3.0374999999999943,4.344999999999999,130.75000000000045,False
2022-10-13,3.395,40.03000000000001,3.0349999999999966,4.450000000000003,141.50000000000063,False
2022-10-14,3.419,39.95000000000002,3.032499999999999,4.459999999999994,142.7499999999995,False
2022-10-17,3.4635,41.71999999999998,3.0349999999999966,4.454999999999998,142.00000000000017,False
2022-10-18,3.4735,39.639999999999986,3.0349999999999966,4.444999999999993,140.99999999999966,False
2022-10-19,3.49595,45.725000000000016,3.0349999999999966,4.480000000000004,144.50000000000074,False
2022-10-20,3.579,54.70000000000002,3.0374999999999943,4.480000000000004,144.25000000000097,False
2022-10-21,3.58855,55.190000000000026,3.0374999999999943,4.400000000000006,136.25000000000114,False
2022-10-24,3.62985,58.60299999999996,3.0349999999999966,4.424999999999997,139.00000000000006,False
2022-10-25,3.64595,61.394999999999996,3.0349999999999966,4.420000000000002,138.5000000000005,False
2022-10-26,3.65335,63.15500000000003,3.032499999999999,4.3700000000000045,133.75000000000057,False
2022-10-27,3.71335,69.58500000000001,3.0349999999999966,4.359999999999999,132.50000000000028,False
2022-10-28,3.738,69.30000000000001,3.0349999999999966,4.375,134.00000000000034,False
2022-10-31,3.77355,66.08000000000001,3.742500000000007,4.7549999999999955,101.24999999999886,False
2022-11-01,3.80385,67.98000000000002,3.7475000000000023,4.769999999999996,102.24999999999937,False
2022-11-02,3.80775,68.00999999999999,3.7475000000000023,4.7549999999999955,100.74999999999932,False
2022-11-03,3.8045,53.47,3.75,4.790000000000006,104.00000000000063,False
2022-11-04,3.79975,52.02499999999999,3.7450000000000045,4.7549999999999955,100.99999999999909,False
2022-11-07,3.79962,52.051999999999985,3.7450000000000045,4.784999999999997,103.9999999999992,False
2022-11-08,3.79695,50.144999999999975,3.742500000000007,4.760000000000005,101.74999999999983,False
2022-11-09,3.794,49.18499999999999,3.739999999999995,4.7549999999999955,101.50000000000006,False
2022-11-10,3.7902,39.519999999999996,3.7349999999999994,4.644999999999996,90.99999999999966,False
2022-11-11,3.7938,37.480000000000004,3.737499999999997,4.655000000000001,91.7500000000004,False
2022-11-14,3.813,34.95000000000004,3.737499999999997,4.665000000000006,92.75000000000091,False
2022-11-15,3.871,39.75,3.7475000000000023,4.659999999999997,91.24999999999943,False
2022-11-16,3.8733,37.734999999999985,3.7475000000000023,4.655000000000001,90.74999999999989,False
2022-11-17,3.911,33.19999999999999,3.7475000000000023,4.674999999999997,92.74999999999949,False
2022-11-18,3.9295,34.094999999999985,3.7450000000000045,4.700000000000003,95.49999999999983,False
2022-11-21,3.9572,32.735,3.7475000000000023,4.715000000000003,96.75000000000011,False
2022-11-22,4.0235,37.755000000000024,3.7475000000000023,4.7450000000000045,99.75000000000023,False
2022-11-23,4.05435,40.10000000000002,3.7475000000000023,4.739999999999995,99.24999999999926,False
2022-11-24,4.055,34.16499999999996,3.7475000000000023,4.739999999999995,99.24999999999926,False
2022-11-25,4.0655,32.750000000000014,3.7475000000000023,4.730000000000004,98.25000000000017,False
2022-11-28,4.0813,30.774999999999952,3.7450000000000045,4.739999999999995,99.49999999999903,False
2022-11-29,4.1205,31.664999999999964,3.7450000000000045,4.719999999999999,97.49999999999943,False
2022-11-30,4.1254,31.765,4.097499999999997,4.760000000000005,66.25000000000085,False
2022-12-01,4.1679,36.34000000000004,4.094999999999999,4.719999999999999,62.5,False
2022-12-02,4.183,38.32499999999999,4.090000000000003,4.724999999999994,63.49999999999909,False
2022-12-05,4.2128,41.31799999999997,4.092500000000001,4.769999999999996,67.74999999999949,False
2022-12-06,4.21605,41.910000000000025,4.087500000000006,4.760000000000005,67.24999999999994,False
2022-12-07,4.22575,43.17499999999996,4.084999999999994,4.734999999999999,65.00000000000057,False
2022-12-08,4.277,48.680000000000014,4.079999999999998,4.739999999999995,65.99999999999966,False
2022-12-09,4.2941,50.030000000000015,4.082499999999996,4.7549999999999955,67.24999999999994,False
2022-12-12,4.3132,50.019999999999996,4.082499999999996,4.775000000000006,69.25000000000097,False
2022-12-13,4.32145,45.04499999999996,4.075000000000003,4.694999999999993,61.999999999999034,False
2022-12-14,4.325,45.17000000000002,4.075000000000003,4.674999999999997,59.99999999999943,False
2022-12-15,4.3167,40.56999999999999,4.077500000000001,4.680000000000007,60.250000000000625,False
2022-12-16,4.3167,38.72,4.077500000000001,4.674999999999997,59.74999999999966,False
2022-12-19,4.3163,35.91000000000002,4.077500000000001,4.700000000000003,62.25000000000023,False
2022-12-20,4.318,29.449999999999932,4.075000000000003,4.694999999999993,61.999999999999034,True
2022-12-21,4.3167,26.234999999999964,4.077500000000001,4.685000000000002,60.75000000000017,True
2022-12-22,4.31795,26.295,4.077500000000001,4.694999999999993,61.74999999999926,True
2022-12-23,4.3203,25.479999999999947,4.077500000000001,4.704999999999998,62.74999999999977,True
2022-12-26,4.3203,23.899999999999988,4.077500000000001,4.704999999999998,62.74999999999977,True
2022-12-27,4.322,20.150000000000023,4.079999999999998,4.730000000000004,65.00000000000057,True
2022-12-28,4.3185,19.310000000000027,4.079999999999998,4.715000000000003,63.50000000000051,True
2022-12-29,4.3287,16.080000000000005,4.077500000000001,4.700000000000003,62.25000000000023,True
2022-12-30,4.3565,17.349999999999977,4.305000000000007,4.844999999999999,53.999999999999204,True
2023-01-02,4.3565,14.369999999999994,4.305000000000007,4.844999999999999,53.999999999999204,True
2023-01-03,4.3618,14.57499999999996,4.3125,4.844999999999999,53.249999999999886,True
2023-01-04,4.3635,13.775000000000048,4.3125,4.849999999999994,53.74999999999943,True
2023-01-05,4.39945,12.244999999999973,4.310000000000002,4.875,56.49999999999977,True
2023-01-06,4.4024,10.829999999999984,4.310000000000002,4.840000000000003,53.000000000000114,True
2023-01-09,4.425,11.179999999999968,4.310000000000002,4.825000000000003,51.50000000000006,True
2023-01-10,4.4304,10.89500000000001,4.3125,4.829999999999998,51.74999999999983,True
2023-01-11,4.43505,11.00500000000002,4.3125,4.825000000000003,51.250000000000284,True
2023-01-12,4.45515,13.844999999999974,4.310000000000002,4.780000000000001,46.999999999999886,True
2023-01-13,4.47525,15.854999999999997,4.310000000000002,4.784999999999997,47.49999999999943,True
2023-01-16,4.47525,15.894999999999992,4.310000000000002,4.784999999999997,47.49999999999943,True
2023-01-17,4.482,16.40000000000006,4.310000000000002,4.780000000000001,46.999999999999886,True
2023-01-18,4.48465,16.795000000000027,4.310000000000002,4.769999999999996,45.999999999999375,True
2023-01-19,4.50875,19.08000000000003,4.3075000000000045,4.769999999999996,46.24999999999915,True
2023-01-20,4.51175,19.145000000000056,4.310000000000002,4.769999999999996,45.999999999999375,True
2023-01-23,4.5274,20.71000000000005,4.3075000000000045,4.795000000000002,48.749999999999716,True
2023-01-24,4.5286,20.65999999999999,4.3075000000000045,4.780000000000001,47.24999999999966,True
2023-01-25,4.52925,21.075,4.3075000000000045,4.765000000000001,45.7499999999996,True
2023-01-26,4.55435,22.56499999999999,4.305000000000007,4.775000000000006,46.999999999999886,True
2023-01-27,4.55735,20.084999999999997,4.305000000000007,4.769999999999996,46.49999999999892,True
2023-01-30,4.567,21.050000000000058,4.305000000000007,4.775000000000006,46.999999999999886,True
2023-01-31,4.57465,21.285000000000043,4.560000000000002,4.864999999999995,30.49999999999926,True
2023-02-01,4.56765,20.415000000000028,4.552499999999995,4.855000000000004,30.25000000000091,True
2023-02-02,4.5671,16.765000000000008,4.552499999999995,4.849999999999994,29.749999999999943,True
2023-02-03,4.5665,16.409999999999947,4.552499999999995,4.930000000000007,37.750000000001194,True
2023-02-06,4.5665,14.149999999999974,4.549999999999997,4.969999999999999,42.00000000000017,True
2023-02-07,4.56235,13.195000000000068,4.545000000000002,4.984999999999999,43.99999999999977,True
2023-02-08,4.5605,12.544999999999984,4.545000000000002,4.984999999999999,43.99999999999977,True
2023-02-09,4.5623,10.714999999999986,4.545000000000002,4.989999999999995,44.49999999999932,True
2023-02-10,4.5624,8.715000000000028,4.545000000000002,4.9950000000000045,45.000000000000284,True
2023-02-13,4.56315,8.790000000000031,4.545000000000002,5.0,45.49999999999983,True
2023-02-14,4.56335,8.134999999999959,4.545000000000002,5.010000000000005,46.50000000000034,True
2023-02-15,4.562,7.735000000000003,4.545000000000002,5.010000000000005,46.50000000000034,True
2023-02-16,4.5605,5.1750000000000185,4.545000000000002,5.010000000000005,46.50000000000034,True
2023-02-17,4.56095,4.919999999999991,4.542500000000004,5.049999999999997,50.74999999999932,True
2023-02-20,4.56095,3.354999999999997,4.542500000000004,5.049999999999997,50.74999999999932,True
2023-02-21,4.563,3.4399999999999764,4.542500000000004,5.079999999999998,53.74999999999943,True
2023-02-22,4.5705,4.124999999999979,4.542500000000004,5.094999999999999,55.24999999999949,True
2023-02-23,4.6045,5.014999999999947,4.542500000000004,5.094999999999999,55.24999999999949,True
2023-02-24,4.6143,5.69500000000005,4.540000000000006,5.090000000000003,54.999999999999716,True
2023-02-27,4.6597,9.269999999999978,4.542500000000004,5.084999999999994,54.24999999999898,True
2023-02-28,4.66165,8.699999999999974,4.637500000000003,5.204999999999998,56.749999999999545,True
2023-03-01,4.66895,10.129999999999928,4.637500000000003,5.224999999999994,58.74999999999915,True
2023-03-02,4.69337,12.626999999999988,4.637500000000003,5.230000000000004,59.250000000000114,True
2023-03-03,4.70695,14.04500000000004,4.637500000000003,5.234999999999999,59.74999999999966,True
2023-03-06,4.7286,16.210000000000058,4.640000000000001,5.25,60.99999999999994,True
2023-03-07,4.79055,22.81999999999993,4.667500000000004,5.405000000000001,73.74999999999972,True
2023-03-08,4.8115,25.099999999999945,4.677499999999995,5.450000000000003,77.2500000000008,True
2023-03-09,4.8261,26.38000000000007,4.670000000000002,5.405000000000001,73.49999999999994,True
2023-03-10,4.79555,23.31500000000002,4.640000000000001,5.215000000000003,57.500000000000284,True
2023-03-13,4.6647,10.154999999999959,4.572500000000005,4.700000000000003,12.749999999999773,True
2023-03-14,4.7415,17.815000000000047,4.614999999999995,4.844999999999999,23.000000000000398,True
2023-03-15,4.66813,10.61299999999994,4.594999999999999,4.704999999999998,10.999999999999943,True
2023-03-16,4.75113,19.062999999999963,4.6200000000000045,4.8700000000000045,25.0,True
2023-03-17,4.724,16.305000000000014,4.612499999999997,4.655000000000001,4.250000000000398,True
2023-03-20,4.7544,19.345000000000034,4.612499999999997,4.760000000000005,14.750000000000796,True
2023-03-21,4.78095,21.79500000000001,4.614999999999995,4.909999999999997,29.50000000000017,True
2023-03-22,4.8054,23.489999999999966,4.625,4.885000000000005,26.00000000000051,True
2023-03-23,4.79757,19.307000000000052,4.625,4.805000000000007,18.000000000000682,True
2023-03-24,4.7934,17.910000000000004,4.625,4.780000000000001,15.500000000000114,True
2023-03-27,4.8115,15.179999999999971,4.627499999999998,4.900000000000006,27.250000000000796,True
2023-03-28,4.806,14.43500000000002,4.627499999999998,4.890000000000001,26.250000000000284,True
2023-03-29,4.80245,13.350000000000062,4.627499999999998,4.890000000000001,26.250000000000284,True
2023-03-30,4.8035,11.012999999999984,4.627499999999998,4.909999999999997,28.249999999999886,True
2023-03-31,4.8067,9.975000000000023,4.797499999999999,4.890000000000001,9.250000000000114,True
2023-04-03,4.81375,8.514999999999961,4.802499999999995,4.939999999999998,13.750000000000284,True
2023-04-04,4.828,3.745000000000065,4.810000000000002,4.849999999999994,3.999999999999204,True
2023-04-05,4.8255,1.4000000000000234,4.8075000000000045,4.829999999999998,2.2499999999993747,True
2023-04-06,4.835,0.8899999999999686,4.8075000000000045,4.859999999999999,5.249999999999488,True
2023-04-07,4.8537,5.814999999999948,4.810000000000002,4.959999999999994,14.999999999999147,True
2023-04-10,4.8635,19.88000000000003,4.8125,4.989999999999995,17.74999999999949,True
2023-04-11,4.8799,13.839999999999986,4.8125,4.9950000000000045,18.250000000000455,True
2023-04-12,4.878,20.987000000000045,4.810000000000002,4.980000000000004,17.00000000000017,True
2023-04-13,4.8889,13.776999999999973,4.8075000000000045,4.969999999999999,16.24999999999943,True
2023-04-14,4.90932,18.531999999999993,4.810000000000002,5.040000000000006,23.000000000000398,True
2023-04-17,4.925,17.059999999999942,4.810000000000002,5.079999999999998,26.999999999999602,True
2023-04-18,4.9385,15.755000000000052,4.810000000000002,5.079999999999998,26.999999999999602,True
2023-04-19,4.94438,13.89800000000001,4.810000000000002,5.105000000000004,29.50000000000017,True
2023-04-20,4.95895,16.13799999999994,4.810000000000002,5.084999999999994,27.499999999999147,True
2023-04-21,4.97,17.659999999999965,4.810000000000002,5.084999999999994,27.499999999999147,True
2023-04-24,4.9805,16.90000000000005,4.810000000000002,5.094999999999999,28.49999999999966,True
2023-04-25,4.97305,16.70499999999997,4.810000000000002,5.015000000000001,20.49999999999983,True
2023-04-26,4.9757,17.324999999999946,4.8075000000000045,5.019999999999996,21.249999999999147,True
2023-04-27,5.0149,21.140000000000025,4.810000000000002,5.090000000000003,28.000000000000114,True
2023-04-28,5.01375,20.704999999999973,5.0049999999999955,5.045000000000002,4.000000000000625,True
2023-05-01,5.0473,23.355000000000015,5.017499999999998,5.084999999999994,6.749999999999545,True
2023-05-02,5.0367,20.869999999999944,5.002499999999998,4.954999999999998,-4.749999999999943,True
2023-05-03,5.0505,22.500000000000053,5.027500000000003,5.0049999999999955,-2.250000000000796,True
2023-05-04,5.048,21.300000000000008,5.017499999999998,4.875,-14.24999999999983,True
2023-05-05,5.052,19.82999999999997,5.022499999999994,4.974999999999994,-4.749999999999943,True
2023-05-08,5.056,19.24999999999999,5.025000000000006,5.010000000000005,-1.5000000000000568,True
2023-05-09,5.0595,17.959999999999976,5.027500000000003,5.025000000000006,-0.24999999999977263,True
2023-05-10,5.059,18.100000000000005,5.025000000000006,4.965000000000003,-6.000000000000227,True
2023-05-11,5.056,16.710000000000047,5.030000000000001,4.980000000000004,-4.999999999999716,True
2023-05-12,5.06,15.067999999999948,5.030000000000001,5.015000000000001,-1.5000000000000568,True
2023-05-15,5.0693,14.430000000000032,5.030000000000001,5.030000000000001,0.0,True
2023-05-16,5.0747,13.619999999999965,5.032499999999999,5.049999999999997,1.7499999999998295,True
2023-05-17,5.0785,13.412000000000024,5.032499999999999,5.084999999999994,5.249999999999488,True
2023-05-18,5.091,13.205000000000044,5.032499999999999,5.150000000000006,11.750000000000682,True
2023-05-19,5.0865,11.650000000000027,5.032499999999999,5.1299999999999955,9.749999999999659,True
2023-05-22,5.0988,11.829999999999963,5.032499999999999,5.180000000000007,14.750000000000796,True
2023-05-23,5.1065,13.344999999999985,5.032499999999999,5.204999999999998,17.249999999999943,True
2023-05-24,5.121,14.530000000000065,5.032499999999999,5.265000000000001,23.25000000000017,True
2023-05-25,5.1522,13.729999999999976,5.032499999999999,5.340000000000003,30.750000000000455,True
2023-05-26,5.1511,13.734999999999964,5.032499999999999,5.344999999999999,31.25,True
2023-05-29,5.1511,10.379999999999967,5.032499999999999,5.344999999999999,31.25,True
2023-05-30,5.1656,12.890000000000068,5.032499999999999,5.349999999999994,31.749999999999545,True
2023-05-31,5.133,8.249999999999957,5.114999999999995,5.275000000000006,16.00000000000108,True
2023-06-01,5.1361,8.809999999999985,5.112499999999997,5.234999999999999,12.250000000000227,True
2023-06-02,5.14262,9.062000000000037,5.1200000000000045,5.295000000000002,17.499999999999716,True
2023-06-05,5.126,7.000000000000028,5.107500000000002,5.280000000000001,17.249999999999943,True
2023-06-06,5.1269,6.740000000000013,5.094999999999999,5.269999999999996,17.499999999999716,True
2023-06-07,5.141,8.199999999999985,5.099999999999994,5.275000000000006,17.500000000001137,True
2023-06-08,5.139,8.300000000000018,5.099999999999994,5.269999999999996,17.00000000000017,True
2023-06-09,5.151,9.10000000000002,5.102500000000006,5.290000000000006,18.75,True
2023-06-12,5.1403,7.099999999999973,5.097499999999997,5.305000000000007,20.750000000001023,True
2023-06-13,5.102,2.7300000000000324,5.072500000000005,5.269999999999996,19.74999999999909,True
2023-06-14,5.08113,0.262999999999991,5.060000000000002,5.2549999999999955,19.499999999999318,True
2023-06-15,5.07785,-1.315000000000044,5.060000000000002,5.260000000000005,20.000000000000284,True
2023-06-16,5.0815,-0.49999999999998934,5.0575000000000045,5.275000000000006,21.750000000000114,True
2023-06-19,5.0815,-1.729999999999965,5.0575000000000045,5.275000000000006,21.750000000000114,True
2023-06-20,5.0845,-2.1999999999999353,5.0575000000000045,5.280000000000001,22.24999999999966,True
2023-06-21,5.0875,-3.3500000000000085,5.0575000000000045,5.290000000000006,23.25000000000017,True
2023-06-22,5.08488,-6.73199999999996,5.0575000000000045,5.284999999999997,22.749999999999204,True
2023-06-23,5.0805,-7.059999999999977,5.055000000000007,5.275000000000006,21.999999999999886,True
2023-06-26,5.08687,-6.422999999999934,5.055000000000007,5.275000000000006,21.999999999999886,True
2023-06-27,5.099,-6.6600000000000215,5.055000000000007,5.275000000000006,21.999999999999886,True
2023-06-28,5.0929,-4.00999999999998,5.055000000000007,5.275000000000006,21.999999999999886,True
2023-06-29,5.116,-2.010000000000023,5.0575000000000045,5.305000000000007,24.750000000000227,True
2023-06-30,5.1415,-0.11200000000002319,5.092500000000001,5.334999999999994,24.24999999999926,True
2023-07-03,5.144,1.7999999999999794,5.097499999999997,5.340000000000003,24.250000000000682,True
2023-07-04,5.1428,1.5900000000000247,5.097499999999997,5.340000000000003,24.250000000000682,True
2023-07-05,5.143,0.19999999999997797,5.092500000000001,5.334999999999994,24.24999999999926,True
2023-07-06,5.169,2.999999999999936,5.094999999999999,5.359999999999999,26.500000000000057,True
2023-07-07,5.1785,2.749999999999986,5.097499999999997,5.355000000000004,25.75000000000074,True
2023-07-10,5.194,5.370000000000008,5.097499999999997,5.349999999999994,25.249999999999773,True
2023-07-11,5.1976,9.560000000000013,5.097499999999997,5.359999999999999,26.250000000000284,True
2023-07-12,5.201,11.98699999999997,5.094999999999999,5.329999999999998,23.499999999999943,True
2023-07-13,5.22035,14.250000000000007,5.094999999999999,5.325000000000003,23.000000000000398,True
2023-07-14,5.2352,15.369999999999973,5.097499999999997,5.334999999999994,23.749999999999716,True
2023-07-17,5.24975,16.824999999999957,5.097499999999997,5.340000000000003,24.250000000000682,True
2023-07-18,5.256,17.15,5.097499999999997,5.344999999999999,24.750000000000227,True
2023-07-19,5.26445,17.694999999999972,5.097499999999997,5.344999999999999,24.750000000000227,True
2023-07-20,5.28715,20.22699999999995,5.094999999999999,5.349999999999994,25.499999999999545,True
2023-07-21,5.29425,21.37500000000001,5.094999999999999,5.349999999999994,25.499999999999545,True
2023-07-24,5.3083,22.14299999999998,5.097499999999997,5.355000000000004,25.75000000000074,True
2023-07-25,5.316,21.699999999999964,5.099999999999994,5.364999999999995,26.500000000000057,True
2023-07-26,5.31862,22.571999999999992,5.099999999999994,5.364999999999995,26.500000000000057,True
2023-07-27,5.3156,19.960000000000022,5.099999999999994,5.364999999999995,26.500000000000057,True
2023-07-28,5.3155,17.400000000000038,5.099999999999994,5.364999999999995,26.500000000000057,True
2023-07-31,5.3155,17.15,5.305000000000007,5.405000000000001,9.999999999999432,True
2023-08-01,5.31565,17.28499999999995,5.305000000000007,5.409999999999997,10.499999999998977,True
2023-08-02,5.31515,17.215000000000025,5.305000000000007,5.405000000000001,9.999999999999432,True
2023-08-03,5.31435,14.535000000000053,5.305000000000007,5.409999999999997,10.499999999998977,True
2023-08-04,5.314,13.55000000000004,5.302499999999995,5.394999999999996,9.250000000000114,True
2023-08-07,5.3115,11.749999999999972,5.299999999999997,5.400000000000006,10.000000000000853,True
2023-08-08,5.3115,11.389999999999922,5.299999999999997,5.400000000000006,10.000000000000853,True
2023-08-09,5.31165,11.065000000000058,5.299999999999997,5.394999999999996,9.499999999999886,True
2023-08-10,5.3075,8.715000000000028,5.297499999999999,5.385000000000005,8.750000000000568,True
2023-08-11,5.309,7.380000000000031,5.299999999999997,5.405000000000001,10.500000000000398,True
2023-08-14,5.311,6.125000000000025,5.299999999999997,5.415000000000006,11.50000000000091,True
2023-08-15,5.3111,5.509999999999948,5.299999999999997,5.409999999999997,10.999999999999943,True
2023-08-16,5.31075,4.629999999999956,5.299999999999997,5.420000000000002,12.000000000000455,True
2023-08-17,5.3105,2.335000000000065,5.299999999999997,5.420000000000002,12.000000000000455,True
2023-08-18,5.31205,1.780000000000026,5.297499999999999,5.400000000000006,10.250000000000625,True
2023-08-21,5.31695,0.8650000000000269,5.299999999999997,5.420000000000002,12.000000000000455,True
2023-08-22,5.31612,0.011999999999989797,5.299999999999997,5.424999999999997,12.5,True
2023-08-23,5.31645,-0.21700000000004493,5.299999999999997,5.420000000000002,12.000000000000455,True
2023-08-24,5.326,1.0399999999999743,5.299999999999997,5.439999999999998,14.000000000000057,True
2023-08-25,5.33,1.4499999999999957,5.302499999999995,5.469999999999999,16.750000000000398,True
2023-08-28,5.3298,1.4299999999999535,5.302499999999995,5.480000000000004,17.75000000000091,True
2023-08-29,5.32375,0.8100000000000662,5.302499999999995,5.439999999999998,13.750000000000284,True
2023-08-30,5.326,1.0849999999999582,5.302499999999995,5.435000000000002,13.250000000000739,True
2023-08-31,5.3295,1.5150000000000219,5.3125,5.424999999999997,11.249999999999716,True
2023-09-01,5.325,1.100000000000012,5.310000000000002,5.405000000000001,9.499999999999886,True
2023-09-04,5.325,1.3500000000000512,5.310000000000002,5.405000000000001,9.499999999999886,True
2023-09-05,5.3285,1.7000000000000348,5.3125,5.439999999999998,12.749999999999773,True
2023-09-06,5.3275,1.5849999999999476,5.3125,5.439999999999998,12.749999999999773,True
2023-09-07,5.327,1.949999999999985,5.3125,5.439999999999998,12.749999999999773,True
2023-09-08,5.33035,2.134999999999998,5.3125,5.439999999999998,12.749999999999773,True
2023-09-11,5.33225,2.1250000000000213,5.3125,5.439999999999998,12.749999999999773,True
2023-09-12,5.33461,2.350999999999992,5.3125,5.439999999999998,12.749999999999773,True
2023-09-13,5.327,1.625000000000032,5.310000000000002,5.439999999999998,12.999999999999545,True
2023-09-14,5.326,1.5499999999999403,5.310000000000002,5.424999999999997,11.499999999999488,True
2023-09-15,5.32312,1.1070000000000135,5.3075000000000045,5.415000000000006,10.75000000000017,True
2023-09-18,5.3235,0.6549999999999834,5.3075000000000045,5.424999999999997,11.749999999999261,True
2023-09-19,5.32455,0.8430000000000604,5.3075000000000045,5.424999999999997,11.749999999999261,True
2023-09-20,5.31915,0.26999999999999247,5.305000000000007,5.420000000000002,11.499999999999488,True
2023-09-21,5.31703,-0.89699999999997,5.3075000000000045,5.424999999999997,11.749999999999261,True
2023-09-22,5.317,-1.29999999999999,5.3075000000000045,5.420000000000002,11.249999999999716,True
2023-09-25,5.3175,-1.2299999999999756,5.3075000000000045,5.409999999999997,10.249999999999204,True
2023-09-26,5.31958,-0.4170000000000229,5.3075000000000045,5.405000000000001,9.749999999999659,True
2023-09-27,5.318,-0.8000000000000007,5.3075000000000045,5.415000000000006,10.75000000000017,True
2023-09-28,5.32,-0.9500000000000064,5.3075000000000045,5.405000000000001,9.749999999999659,True
2023-09-29,5.3205,-0.45000000000001705,5.3075000000000045,5.409999999999997,10.249999999999204,True
2023-10-02,5.3285,0.34999999999998366,5.3075000000000045,5.444999999999993,13.749999999998863,True
2023-10-03,5.331,0.2500000000000391,5.310000000000002,5.450000000000003,14.000000000000057,True
2023-10-04,5.32855,0.10500000000002174,5.3075000000000045,5.415000000000006,10.75000000000017,True
2023-10-05,5.335,0.8000000000000007,5.310000000000002,5.409999999999997,9.999999999999432,True
2023-10-06,5.347,1.6650000000000276,5.310000000000002,5.439999999999998,12.999999999999545,True
2023-10-09,5.347,1.4750000000000263,5.310000000000002,5.394999999999996,8.499999999999375,True
2023-10-10,5.3345,-0.010999999999938836,5.3075000000000045,5.394999999999996,8.749999999999147,True
2023-10-11,5.3284,0.140000000000029,5.310000000000002,5.394999999999996,8.499999999999375,True
2023-10-12,5.334,0.8000000000000007,5.3075000000000045,5.415000000000006,10.75000000000017,True
2023-10-13,5.32925,0.6129999999999747,5.310000000000002,5.405000000000001,9.499999999999886,True
2023-10-16,5.3354,1.18999999999998,5.310000000000002,5.409999999999997,9.999999999999432,True
2023-10-17,5.33845,1.389999999999958,5.3075000000000045,5.435000000000002,12.749999999999773,True
2023-10-18,5.3285,0.9350000000000414,5.310000000000002,5.424999999999997,11.499999999999488,True
2023-10-19,5.3256,0.8569999999999744,5.310000000000002,5.394999999999996,8.499999999999375,True
2023-10-20,5.3211,0.41000000000002146,5.310000000000002,5.375,6.499999999999773,True
2023-10-23,5.32438,0.6879999999999775,5.310000000000002,5.3799999999999955,6.999999999999318,True
2023-10-24,5.325,0.541999999999998,5.310000000000002,5.385000000000005,7.500000000000284,True
2023-10-25,5.325,0.7000000000000561,5.310000000000002,5.390000000000001,7.9999999999998295,True
2023-10-26,5.322,0.19999999999997797,5.310000000000002,5.375,6.499999999999773,True
2023-10-27,5.317,-0.34999999999998366,5.310000000000002,5.3700000000000045,6.000000000000227,True
2023-10-30,5.31862,-0.9879999999999889,5.310000000000002,5.3799999999999955,6.999999999999318,True
2023-10-31,5.3215,-0.9500000000000064,5.3075000000000045,5.420000000000002,11.249999999999716,True
2023-11-01,5.32185,-0.6699999999999484,5.310000000000002,5.394999999999996,8.499999999999375,True
2023-11-02,5.32035,-1.4649999999999608,5.310000000000002,5.390000000000001,7.9999999999998295,True
2023-11-03,5.32,-2.7000000000000135,5.3125,5.349999999999994,3.7499999999994316,True
2023-11-06,5.31855,-2.845000000000031,5.310000000000002,5.355000000000004,4.5000000000001705,True
2023-11-07,5.31965,-1.485000000000003,5.3125,5.355000000000004,4.250000000000398,True
2023-11-08,5.3197,-0.8700000000000152,5.310000000000002,5.359999999999999,4.999999999999716,True
2023-11-09,5.321,-1.29999999999999,5.3125,5.385000000000005,7.250000000000512,True
2023-11-10,5.3205,-0.8750000000000036,5.314999999999998,5.390000000000001,7.500000000000284,True
2023-11-13,5.323,-1.2399999999999523,5.314999999999998,5.394999999999996,7.9999999999998295,True
2023-11-14,5.3248,-1.3650000000000162,5.314999999999998,5.329999999999998,1.5000000000000568,True
2023-11-15,5.32795,-0.054999999999960636,5.314999999999998,5.340000000000003,2.5000000000005684,True
2023-11-16,5.32905,0.3449999999999953,5.3174999999999955,5.334999999999994,1.7499999999998295,True
2023-11-17,5.3303,0.9199999999999875,5.314999999999998,5.340000000000003,2.5000000000005684,True
2023-11-20,5.33365,0.9269999999999889,5.3174999999999955,5.349999999999994,3.2499999999998863,True
2023-11-21,5.339,1.4000000000000234,5.3174999999999955,5.349999999999994,3.2499999999998863,True
2023-11-22,5.34115,1.6149999999999665,5.3174999999999955,5.364999999999995,4.749999999999943,True
2023-11-23,5.34105,1.9050000000000011,5.3174999999999955,5.364999999999995,4.749999999999943,True
2023-11-24,5.346,2.8999999999999915,5.3174999999999955,5.375,5.750000000000455,True
2023-11-27,5.3412,2.25799999999996,5.319999999999993,5.3700000000000045,5.000000000001137,True
2023-11-28,5.339,1.750000000000007,5.319999999999993,5.355000000000004,3.50000000000108,True
2023-11-29,5.3436,2.1749999999999936,5.319999999999993,5.334999999999994,1.5000000000000568,True
2023-11-30,5.34605,2.569999999999961,5.329999999999998,5.305000000000007,-2.4999999999991473,True
2023-12-01,5.3438,2.37999999999996,5.327500000000001,5.2549999999999955,-7.250000000000512,True
2023-12-04,5.361,4.2449999999999655,5.347499999999997,5.280000000000001,-6.749999999999545,True
2023-12-05,5.364,4.434999999999967,5.349999999999994,5.280000000000001,-6.999999999999318,True
2023-12-06,5.352,3.2300000000000217,5.342500000000001,5.275000000000006,-6.749999999999545,True
2023-12-07,5.3562,3.5200000000000564,5.342500000000001,5.269999999999996,-7.250000000000512,True
2023-12-08,5.3589,3.840000000000021,5.342500000000001,5.314999999999998,-2.750000000000341,True
2023-12-11,5.362,3.89999999999997,5.340000000000003,5.314999999999998,-2.5000000000005684,True
2023-12-12,5.3605,3.5700000000000287,5.340000000000003,5.319999999999993,-2.000000000001023,True
2023-12-13,5.3571,2.9149999999999565,5.337500000000006,5.275000000000006,-6.25,True
2023-12-14,5.3552,2.615000000000034,5.337500000000006,5.260000000000005,-7.750000000000057,True
2023-12-15,5.357,2.6699999999999946,5.337500000000006,5.275000000000006,-6.25,True
2023-12-18,5.35725,2.3600000000000065,5.334999999999994,5.280000000000001,-5.499999999999261,True
2023-12-19,5.3575,1.8499999999999517,5.334999999999994,5.275000000000006,-5.999999999998806,True
2023-12-20,5.35475,1.3600000000000279,5.334999999999994,5.269999999999996,-6.499999999999773,True
2023-12-21,5.3568,1.5749999999999709,5.332499999999996,5.2549999999999955,-7.750000000000057,True
2023-12-22,5.358,1.1999999999999567,5.332499999999996,5.25,-8.249999999999602,True
2023-12-25,5.358,1.6799999999999926,5.332499999999996,5.25,-8.249999999999602,True
2023-12-26,5.35795,1.8949999999999356,5.334999999999994,5.2450000000000045,-8.99999999999892,True
2023-12-27,5.358,1.4399999999999302,5.340000000000003,5.239999999999995,-10.000000000000853,True
2023-12-28,5.3523,0.6249999999999645,5.344999999999999,5.2450000000000045,-9.999999999999432,True
2023-12-29,5.348,0.41999999999999815,5.340000000000003,5.105000000000004,-23.499999999999943,True
2024-01-01,5.348,-1.29999999999999,5.340000000000003,5.105000000000004,-23.499999999999943,True
2024-01-02,5.34475,-1.9249999999999545,5.340000000000003,5.140000000000001,-20.000000000000284,True
2024-01-03,5.34355,-0.8450000000000735,5.337500000000006,5.159999999999997,-17.75000000000091,True
2024-01-04,5.339,-1.7199999999999882,5.337500000000006,5.174999999999997,-16.250000000000853,True
2024-01-05,5.337,-2.1900000000000475,5.332499999999996,5.170000000000002,-16.24999999999943,True
2024-01-08,5.3374,-2.46000000000004,5.327500000000001,5.174999999999997,-15.250000000000341,True
2024-01-09,5.334,-2.650000000000041,5.325000000000003,5.180000000000007,-14.499999999999602,True
2024-01-10,5.333,-2.409999999999979,5.327500000000001,5.174999999999997,-15.250000000000341,True
2024-01-11,5.3324,-2.2800000000000153,5.327500000000001,5.159999999999997,-16.750000000000398,True
2024-01-12,5.3321,-2.490000000000059,5.325000000000003,5.135000000000005,-18.999999999999773,True
2024-01-15,5.3321,-2.5150000000000006,5.325000000000003,5.135000000000005,-18.999999999999773,True
2024-01-16,5.3343,-2.320000000000011,5.322500000000005,5.174999999999997,-14.750000000000796,True
2024-01-17,5.3357,-1.9050000000000011,5.322500000000005,5.200000000000003,-12.250000000000227,True
2024-01-18,5.33215,-2.4649999999999395,5.319999999999993,5.200000000000003,-11.999999999999034,True
2024-01-19,5.3317,-2.629999999999999,5.322500000000005,5.224999999999994,-9.75000000000108,True
2024-01-22,5.3327,-2.5299999999999656,5.322500000000005,5.234999999999999,-8.750000000000568,True
2024-01-23,5.33395,-2.400000000000002,5.322500000000005,5.224999999999994,-9.75000000000108,True
2024-01-24,5.3345,-2.349999999999941,5.322500000000005,5.239999999999995,-8.250000000001023,True
2024-01-25,5.33343,-1.886999999999972,5.322500000000005,5.219999999999999,-10.250000000000625,True
2024-01-26,5.3286,-1.9400000000000084,5.319999999999993,5.219999999999999,-9.999999999999432,True
2024-01-29,5.32655,-2.1449999999999747,5.322500000000005,5.219999999999999,-10.250000000000625,True
2024-01-30,5.326,-1.875000000000071,5.322500000000005,5.230000000000004,-9.250000000000114,True
2024-01-31,5.324,-1.9549999999999734,5.314999999999998,4.980000000000004,-33.499999999999375,True
2024-02-01,5.32025,-1.875000000000071,5.3125,5.0,-31.25,True
2024-02-02,5.32115,-1.5849999999999476,5.3125,5.105000000000004,-20.749999999999602,True
2024-02-05,5.3233,-1.4100000000000001,5.314999999999998,5.150000000000006,-16.499999999999204,True
2024-02-06,5.319,-1.499999999999968,5.3125,5.135000000000005,-17.74999999999949,True
2024-02-07,5.32,-1.29999999999999,5.310000000000002,5.1299999999999955,-18.000000000000682,True
2024-02-08,5.3215,-1.0899999999999466,5.310000000000002,5.140000000000001,-17.00000000000017,True
2024-02-09,5.3206,-1.1499999999999844,5.3125,5.150000000000006,-16.24999999999943,True
2024-02-12,5.31955,-1.255000000000006,5.3125,5.155000000000001,-15.749999999999886,True
2024-02-13,5.321,-1.330000000000009,5.3125,5.224999999999994,-8.750000000000568,True
2024-02-14,5.3215,-1.4199999999999768,5.3125,5.219999999999999,-9.250000000000114,True
2024-02-15,5.3177,-1.4450000000000074,5.310000000000002,5.219999999999999,-9.000000000000341,True
2024-02-16,5.3178,-1.389999999999958,5.310000000000002,5.239999999999995,-7.000000000000739,True
2024-02-19,5.3178,-1.4899999999999913,5.310000000000002,5.239999999999995,-7.000000000000739,True
2024-02-20,5.3186,-1.5349999999999753,5.310000000000002,5.234999999999999,-7.500000000000284,True
2024-02-21,5.3178,-1.670000000000016,5.310000000000002,5.2450000000000045,-6.499999999999773,True
2024-02-22,5.3192,-1.422999999999952,5.310000000000002,5.2549999999999955,-5.500000000000682,True
2024-02-23,5.3207,-0.7899999999999352,5.3075000000000045,5.269999999999996,-3.7500000000008527,True
2024-02-26,5.3237,-0.2850000000000463,5.310000000000002,5.290000000000006,-1.999999999999602,True
2024-02-27,5.32505,-0.09499999999995623,5.310000000000002,5.284999999999997,-2.5000000000005684,True
2024-02-28,5.32405,0.004999999999988347,5.310000000000002,5.275000000000006,-3.499999999999659,True
2024-02-29,5.3237,0.3449999999999953,5.310000000000002,5.200000000000003,-10.999999999999943,True
2024-03-01,5.3201,-0.10500000000002174,5.310000000000002,5.155000000000001,-15.500000000000114,True
2024-03-04,5.3235,0.020000000000042206,5.310000000000002,5.189999999999998,-12.000000000000455,True
2024-03-05,5.32175,0.2749999999999808,5.310000000000002,5.174999999999997,-13.500000000000512,True
2024-03-06,5.318,-0.2000000000000668,5.3075000000000045,5.170000000000002,-13.750000000000284,True
2024-03-07,5.3175,-0.40000000000004476,5.310000000000002,5.159999999999997,-15.000000000000568,True
2024-03-08,5.32335,0.2749999999999808,5.3075000000000045,5.159999999999997,-14.750000000000796,True
2024-03-11,5.32725,0.7700000000000706,5.310000000000002,5.174999999999997,-13.500000000000512,True
2024-03-12,5.32737,0.6370000000000431,5.3125,5.194999999999993,-11.750000000000682,True
2024-03-13,5.327,0.5499999999999616,5.3125,5.204999999999998,-10.75000000000017,True
2024-03-14,5.32705,0.9349999999999525,5.3125,5.215000000000003,-9.749999999999659,True
2024-03-15,5.3285,1.0699999999999932,5.3125,5.224999999999994,-8.750000000000568,True
2024-03-18,5.32915,1.1350000000000193,5.3125,5.230000000000004,-8.249999999999602,True
2024-03-19,5.3302,1.159999999999961,5.3125,5.219999999999999,-9.250000000000114,True
2024-03-20,5.32945,1.1649999999999494,5.3125,5.185000000000002,-12.749999999999773,True
2024-03-21,5.3298,1.0599999999999277,5.3125,5.194999999999993,-11.750000000000682,True
2024-03-22,5.33105,1.034999999999986,5.3125,5.180000000000007,-13.249999999999318,True
2024-03-25,5.33193,0.8230000000000182,5.314999999999998,5.200000000000003,-11.499999999999488,True
2024-03-26,5.3283,0.3249999999999531,5.314999999999998,5.194999999999993,-12.000000000000455,True
2024-03-27,5.328,0.3950000000000564,5.3174999999999955,5.194999999999993,-12.250000000000227,True
2024-03-28,5.323,-0.06999999999992568,5.314999999999998,5.155000000000001,-15.999999999999659,True
2024-03-29,5.323,0.2900000000000347,5.314999999999998,5.155000000000001,-15.999999999999659,True
2024-04-01,5.32645,0.295000000000023,5.3174999999999955,5.180000000000007,-13.749999999998863,True
2024-04-02,5.324,0.22500000000000853,5.314999999999998,5.159999999999997,-15.500000000000114,True
2024-04-03,5.32325,0.5250000000000199,5.3174999999999955,5.165000000000006,-15.24999999999892,True
2024-04-04,5.316,-0.15000000000000568,5.3125,5.140000000000001,-17.249999999999943,True
2024-04-05,5.31985,-0.34999999999998366,5.314999999999998,5.180000000000007,-13.49999999999909,True
2024-04-08,5.32105,-0.6200000000000649,5.314999999999998,5.194999999999993,-12.000000000000455,True
2024-04-09,5.32,-0.7369999999999877,5.3174999999999955,5.180000000000007,-13.749999999998863,True
2024-04-10,5.321,-0.6000000000000227,5.3174999999999955,5.280000000000001,-3.7499999999994316,True
2024-04-11,5.3195,-0.7550000000000168,5.3174999999999955,5.269999999999996,-4.749999999999943,True
2024-04-12,5.3174,-1.1099999999999888,5.314999999999998,5.25,-6.499999999999773,True
2024-04-15,5.3164,-1.2750000000000483,5.314999999999998,5.260000000000005,-5.499999999999261,True
2024-04-16,5.3196,-1.0599999999999277,5.314999999999998,5.269999999999996,-4.5000000000001705,True
2024-04-17,5.31765,-1.1799999999999145,5.314999999999998,5.269999999999996,-4.5000000000001705,True
2024-04-18,5.31755,-1.2249999999999872,5.314999999999998,5.269999999999996,-4.5000000000001705,True
2024-04-19,5.31495,-1.610000000000067,5.314999999999998,5.269999999999996,-4.5000000000001705,True
2024-04-22,5.3159,-1.6029999999999767,5.314999999999998,5.269999999999996,-4.5000000000001705,True
2024-04-23,5.318,-1.0299999999999976,5.314999999999998,5.269999999999996,-4.5000000000001705,True
2024-04-24,5.318,-1.0000000000000675,5.314999999999998,5.269999999999996,-4.5000000000001705,True
2024-04-25,5.315,-0.8000000000000007,5.3125,5.284999999999997,-2.750000000000341,True
2024-04-26,5.31312,-0.9880000000000777,5.314999999999998,5.284999999999997,-3.0000000000001137,True
2024-04-29,5.3175,-0.8950000000000458,5.314999999999998,5.284999999999997,-3.0000000000001137,True
2024-04-30,5.3225,-0.15000000000000568,5.310000000000002,5.2549999999999955,-5.500000000000682,True
2024-05-01,5.3242,0.09500000000004505,5.310000000000002,5.2450000000000045,-6.499999999999773,True
2024-05-02,5.3219,0.590000000000046,5.310000000000002,5.224999999999994,-8.500000000000796,True
2024-05-03,5.3209,0.10500000000002174,5.310000000000002,5.219999999999999,-9.000000000000341,True
2024-05-06,5.321,-0.004999999999988347,5.310000000000002,5.224999999999994,-8.500000000000796,True
2024-05-07,5.322,0.19999999999997797,5.310000000000002,5.230000000000004,-7.9999999999998295,True
2024-05-08,5.32095,-0.004999999999988347,5.310000000000002,5.230000000000004,-7.9999999999998295,True
2024-05-09,5.32085,0.13500000000004064,5.310000000000002,5.224999999999994,-8.500000000000796,True
2024-05-10,5.3198,0.23999999999997357,5.310000000000002,5.239999999999995,-7.000000000000739,True
2024-05-13,5.3201,0.37000000000002586,5.3075000000000045,5.239999999999995,-6.750000000000966,True
2024-05-14,5.32,0.039999999999995595,5.310000000000002,5.2450000000000045,-6.499999999999773,True
2024-05-15,5.3197,0.20499999999996632,5.3075000000000045,5.234999999999999,-7.250000000000512,True
2024-05-16,5.319,0.14500000000001734,5.3075000000000045,5.239999999999995,-6.750000000000966,True
2024-05-17,5.319,0.4050000000000331,5.3075000000000045,5.2450000000000045,-6.25,True
2024-05-20,5.3211,0.5200000000000315,5.310000000000002,5.25,-6.000000000000227,True
2024-05-21,5.3212,0.3200000000000536,5.3125,5.2549999999999955,-5.750000000000455,True
2024-05-22,5.3226,0.46000000000008257,5.3125,5.275000000000006,-3.7499999999994316,True
2024-05-23,5.3258,1.0799999999999699,5.310000000000002,5.290000000000006,-1.999999999999602,True
2024-05-24,5.325,1.1880000000000557,5.3125,5.295000000000002,-1.7499999999998295,True
2024-05-27,5.325,0.7500000000000284,5.3125,5.295000000000002,-1.7499999999998295,True
2024-05-28,5.32705,0.4550000000000054,5.3125,5.295000000000002,-1.7499999999998295,True
2024-05-29,5.32725,0.3049999999999997,5.3125,5.290000000000006,-2.2499999999993747,True
2024-05-30,5.3281,0.6199999999999761,5.3125,5.290000000000006,-2.2499999999993747,True
2024-05-31,5.3279,0.6999999999999673,5.314999999999998,5.2450000000000045,-6.999999999999318,True
2024-06-03,5.32715,0.6149999999999878,5.314999999999998,5.234999999999999,-7.9999999999998295,True
2024-06-04,5.3299,0.790000000000024,5.3174999999999955,5.224999999999994,-9.250000000000114,True
2024-06-05,5.3284,0.7450000000000401,5.3174999999999955,5.215000000000003,-10.249999999999204,True
2024-06-06,5.32695,0.6099999999999994,5.3174999999999955,5.215000000000003,-10.249999999999204,True
2024-06-07,5.3305,1.0699999999999932,5.319999999999993,5.260000000000005,-5.999999999998806,True
2024-06-10,5.33,0.990000000000002,5.322500000000005,5.260000000000005,-6.25,True
2024-06-11,5.3315,1.1499999999999844,5.322500000000005,5.260000000000005,-6.25,True
2024-06-12,5.3325,1.2799999999999478,5.322500000000005,5.25,-7.250000000000512,True
2024-06-13,5.3326,1.3600000000000279,5.325000000000003,5.239999999999995,-8.500000000000796,True
2024-06-14,5.3376,1.8600000000000172,5.327500000000001,5.239999999999995,-8.750000000000568,True
2024-06-17,5.344,2.289999999999992,5.327500000000001,5.2549999999999955,-7.250000000000512,True
2024-06-18,5.34395,2.275000000000027,5.329999999999998,5.2549999999999955,-7.500000000000284,True
2024-06-19,5.3447,2.209999999999912,5.329999999999998,5.2549999999999955,-7.500000000000284,True
2024-06-20,5.345,1.9199999999999662,5.329999999999998,5.25,-7.9999999999998295,True
2024-06-21,5.34475,1.9750000000000156,5.329999999999998,5.25,-7.9999999999998295,True
2024-06-24,5.344,1.9000000000000128,5.327500000000001,5.2450000000000045,-8.249999999999602,True
2024-06-25,5.3448,1.7750000000000377,5.327500000000001,5.2450000000000045,-8.249999999999602,True
2024-06-26,5.3435,1.6249999999999432,5.329999999999998,5.25,-7.9999999999998295,True
2024-06-27,5.3378,0.9699999999999598,5.329999999999998,5.2450000000000045,-8.499999999999375,True
2024-06-28,5.33435,0.6450000000000067,5.325000000000003,5.159999999999997,-16.500000000000625,True
2024-07-01,5.3347,0.7550000000000168,5.322500000000005,5.159999999999997,-16.250000000000853,True
2024-07-02,5.3333,0.34000000000000696,5.327500000000001,5.155000000000001,-17.249999999999943,True
2024-07-03,5.32603,-0.23699999999999832,5.325000000000003,5.140000000000001,-18.500000000000227,True
2024-07-04,5.3287,0.17500000000003624,5.325000000000003,5.140000000000001,-18.500000000000227,True
2024-07-05,5.3248,-0.5700000000000038,5.322500000000005,5.125,-19.75000000000051,True
2024-07-08,5.3257,-0.42999999999997485,5.322500000000005,5.1299999999999955,-19.250000000000966,True
2024-07-09,5.3282,-0.33000000000003027,5.325000000000003,5.144999999999996,-18.000000000000682,True
2024-07-10,5.3284,-0.40999999999993264,5.322500000000005,5.140000000000001,-18.250000000000455,True
2024-07-11,5.32653,-0.6070000000000242,5.327500000000001,5.090000000000003,-23.749999999999716,True
2024-07-12,5.3319,-0.5700000000000038,5.329999999999998,5.094999999999999,-23.499999999999943,True
2024-07-15,5.34015,-0.3849999999999909,5.334999999999994,5.084999999999994,-25.0,True
2024-07-16,5.3416,-0.23500000000007404,5.334999999999994,5.079999999999998,-25.499999999999545,True
2024-07-17,5.347,0.2300000000000857,5.337500000000006,5.090000000000003,-24.750000000000227,True
2024-07-18,5.3455,0.05000000000006111,5.337500000000006,5.099999999999994,-23.750000000001137,True
2024-07-19,5.3458,0.10499999999993292,5.340000000000003,5.105000000000004,-23.499999999999943,True
2024-07-22,5.3475,0.34999999999998366,5.340000000000003,5.114999999999995,-22.500000000000853,True
2024-07-23,5.3469,0.20999999999995467,5.340000000000003,5.109999999999999,-23.000000000000398,True
2024-07-24,5.3451,0.1600000000000712,5.340000000000003,5.090000000000003,-25.0,True
2024-07-25,5.34365,0.5850000000000577,5.342500000000001,5.090000000000003,-25.249999999999773,True
2024-07-26,5.3417,0.7350000000000634,5.342500000000001,5.079999999999998,-26.250000000000284,True
2024-07-29,5.34115,0.6450000000000067,5.342500000000001,5.079999999999998,-26.250000000000284,True
2024-07-30,5.3421,0.8799999999999919,5.342500000000001,5.075000000000003,-26.74999999999983,True
2024-07-31,5.3501,2.4070000000000036,5.340000000000003,4.950000000000003,-39.00000000000006,True
2024-08-01,5.34145,1.2749999999999595,5.329999999999998,4.849999999999994,-48.0000000000004,True
2024-08-02,5.3251,0.0300000000000189,5.314999999999998,4.564999999999998,-75.0,True
2024-08-05,5.3059,-1.980000000000004,5.310000000000002,4.555000000000007,-75.49999999999955,True
2024-08-06,5.3229,-0.5300000000000082,5.322500000000005,4.655000000000001,-66.7500000000004,True
2024-08-07,5.3266,-0.18000000000002458,5.322500000000005,4.650000000000006,-67.24999999999994,True
2024-08-08,5.3385,1.1969999999999814,5.329999999999998,4.704999999999998,-62.5,True
2024-08-09,5.3408,0.8899999999999686,5.332499999999996,4.724999999999994,-60.75000000000017,True
2024-08-12,5.3372,-0.295000000000023,5.329999999999998,4.724999999999994,-60.5000000000004,True
2024-08-13,5.3397,-0.19000000000000128,5.332499999999996,4.704999999999998,-62.74999999999977,True
2024-08-14,5.34325,-0.3750000000000142,5.334999999999994,4.7450000000000045,-58.99999999999892,True
2024-08-15,5.3435,-0.2000000000000668,5.337500000000006,4.814999999999998,-52.250000000000796,True
2024-08-16,5.3326,-1.3199999999999434,5.337500000000006,4.814999999999998,-52.250000000000796,True
2024-08-19,5.3098,-3.7700000000000067,5.334999999999994,4.819999999999993,-51.50000000000006,True
2024-08-20,5.30745,-3.944999999999954,5.332499999999996,4.795000000000002,-53.74999999999943,True
2024-08-21,5.3094,-3.5700000000000287,5.334999999999994,4.739999999999995,-59.499999999999886,True
2024-08-22,5.2843,-5.935000000000024,5.334999999999994,4.799999999999997,-53.49999999999966,True
2024-08-23,5.2697,-7.200000000000006,5.334999999999994,4.765000000000001,-56.99999999999932,True
2024-08-26,5.2534,-8.774999999999977,5.334999999999994,4.784999999999997,-54.999999999999716,True
2024-08-27,5.2474,-9.470000000000045,5.334999999999994,4.769999999999996,-56.49999999999977,True
2024-08-28,5.2386,-11.150000000000038,5.334999999999994,4.765000000000001,-56.99999999999932,True
2024-08-29,5.2073,-13.415,5.334999999999994,4.775000000000006,-55.999999999998806,True
2024-08-30,5.1912,-13.389999999999969,5.215000000000003,4.575000000000003,-64.00000000000006,True
2024-09-02,5.1912,-11.470000000000002,5.215000000000003,4.575000000000003,-64.00000000000006,True
2024-09-03,5.1667,-15.620000000000012,5.207499999999996,4.564999999999998,-64.24999999999983,True
2024-09-04,5.1484,-17.820000000000036,5.200000000000003,4.4950000000000045,-70.49999999999983,True
2024-09-05,5.1242,-21.42999999999997,5.202500000000001,4.5049999999999955,-69.75000000000051,True
2024-09-06,5.1335,-20.730000000000004,5.215000000000003,4.480000000000004,-73.49999999999994,True
2024-09-09,5.1245,-21.26999999999999,5.215000000000003,4.4950000000000045,-71.99999999999989,True
2024-09-10,5.1033,-23.639999999999972,5.212500000000006,4.474999999999994,-73.75000000000114,True
2024-09-11,5.1292,-21.40500000000003,5.230000000000004,4.560000000000002,-67.00000000000017,True
2024-09-12,5.0587,-28.479999999999972,5.217500000000001,4.515000000000001,-70.25000000000006,True
2024-09-13,5.0295,-30.31000000000006,5.197500000000005,4.454999999999998,-74.25000000000068,True
2024-09-16,4.9652,-34.45999999999998,5.185000000000002,4.435000000000002,-75.0,True
2024-09-17,4.96255,-34.489999999999995,5.185000000000002,4.439999999999998,-74.50000000000045,True
2024-09-18,4.8616,-44.78,5.142499999999998,4.385000000000005,-75.74999999999932,True
2024-09-19,4.8574,-42.68999999999998,5.142499999999998,4.3700000000000045,-77.24999999999937,True
2024-09-20,4.8556,-41.41000000000004,5.142499999999998,4.344999999999999,-79.74999999999994,True
2024-09-23,4.8576,-39.58000000000004,5.142499999999998,4.340000000000003,-80.24999999999949,True
2024-09-24,4.85705,-39.034999999999975,5.140000000000001,4.314999999999998,-82.50000000000028,True
2024-09-25,4.84905,-38.954999999999984,5.142499999999998,4.310000000000002,-83.2499999999996,True
2024-09-26,4.847,-36.02999999999996,5.142499999999998,4.340000000000003,-80.24999999999949,True
2024-09-27,4.84605,-34.51500000000003,5.140000000000001,4.325000000000003,-81.49999999999977,True
2024-09-30,4.8563,-33.49000000000002,4.844999999999999,4.159999999999997,-68.50000000000023,True
2024-10-01,4.8576,-30.909999999999993,4.849999999999994,4.144999999999996,-70.49999999999983,True
2024-10-02,4.853,-29.53999999999999,4.847499999999997,4.150000000000006,-69.74999999999909,True
2024-10-03,4.8443,-27.990000000000048,4.847499999999997,4.185000000000002,-66.24999999999943,True
2024-10-04,4.8463,-28.719999999999946,4.847499999999997,4.314999999999998,-53.249999999999886,True
2024-10-07,4.8263,-29.820000000000046,4.849999999999994,4.375,-47.49999999999943,True
2024-10-08,4.827,-27.63,4.849999999999994,4.364999999999995,-48.49999999999994,True
2024-10-09,4.82515,-30.405000000000015,4.847499999999997,4.405000000000001,-44.249999999999545,True
2024-10-10,4.8033,-25.539999999999985,4.847499999999997,4.415000000000006,-43.249999999999034,True
2024-10-11,4.7849,-24.459999999999926,4.844999999999999,4.400000000000006,-44.49999999999932,True
2024-10-14,4.7878,-17.740000000000045,4.847499999999997,4.420000000000002,-42.74999999999949,True
2024-10-15,4.7793,-18.325000000000014,4.847499999999997,4.394999999999996,-45.25000000000006,True
2024-10-16,4.7824,-7.920000000000016,4.847499999999997,4.400000000000006,-44.74999999999909,True
2024-10-17,4.7672,-9.020000000000028,4.847499999999997,4.444999999999993,-40.25000000000034,True
2024-10-18,4.75365,-10.194999999999954,4.847499999999997,4.430000000000007,-41.74999999999898,True
2024-10-21,4.7516,-10.599999999999987,4.847499999999997,4.465000000000003,-38.24999999999932,True
2024-10-22,4.74035,-11.66999999999998,4.847499999999997,4.454999999999998,-39.24999999999983,True
2024-10-23,4.7414,-10.765000000000047,4.847499999999997,4.459999999999994,-38.750000000000284,True
2024-10-24,4.7106,-13.640000000000008,4.847499999999997,4.444999999999993,-40.25000000000034,True
2024-10-25,4.6992,-14.68499999999997,4.849999999999994,4.435000000000002,-41.499999999999204,True
2024-10-28,4.6926,-16.37000000000004,4.847499999999997,4.444999999999993,-40.25000000000034,True
2024-10-29,4.683,-17.459999999999987,4.844999999999999,4.435000000000002,-40.99999999999966,True
2024-10-30,4.6711,-18.189999999999973,4.842500000000001,4.430000000000007,-41.24999999999943,True
2024-10-31,4.6517,-19.259999999999966,4.665000000000006,4.265000000000001,-40.00000000000057,True
2024-11-01,4.6374,-20.889999999999986,4.659999999999997,4.265000000000001,-39.4999999999996,True
2024-11-04,4.6285,-19.779999999999998,4.659999999999997,4.265000000000001,-39.4999999999996,True
2024-11-05,4.6173,-20.969999999999978,4.657499999999999,4.275000000000006,-38.24999999999932,True
2024-11-06,4.6044,-22.074999999999978,4.652500000000003,4.319999999999993,-33.25000000000102,True
2024-11-07,4.60268,-20.06199999999998,4.644999999999996,4.319999999999993,-32.500000000000284,True
2024-11-08,4.602,-18.290000000000006,4.647499999999994,4.340000000000003,-30.749999999999034,True
2024-11-11,4.602,-18.579999999999952,4.650000000000006,4.359999999999999,-29.000000000000625,True
2024-11-12,4.6072,-17.210000000000036,4.652500000000003,4.375,-27.75000000000034,True
2024-11-13,4.60745,-17.494999999999994,4.650000000000006,4.310000000000002,-34.00000000000034,True
2024-11-14,4.6028,-16.439999999999966,4.650000000000006,4.334999999999994,-31.500000000001194,True
2024-11-15,4.6008,-15.285000000000082,4.650000000000006,4.3700000000000045,-28.000000000000114,True
2024-11-18,4.602,-14.959999999999951,4.647499999999994,4.3799999999999955,-26.74999999999983,True
2024-11-19,4.58818,-15.216999999999992,4.647499999999994,4.385000000000005,-26.249999999998863,True
2024-11-20,4.58795,-15.344999999999942,4.647499999999994,4.400000000000006,-24.749999999998806,True
2024-11-21,4.57755,-13.305000000000078,4.647499999999994,4.409999999999997,-23.749999999999716,True
2024-11-22,4.58275,-11.645000000000039,4.647499999999994,4.409999999999997,-23.749999999999716,True
2024-11-25,4.57295,-11.965000000000003,4.644999999999996,4.409999999999997,-23.499999999999943,True
2024-11-26,4.5516,-13.140000000000018,4.642499999999998,4.385000000000005,-25.749999999999318,True
2024-11-27,4.5399,-13.119999999999976,4.640000000000001,4.364999999999995,-27.50000000000057,True
2024-11-28,4.5462,-10.550000000000015,4.640000000000001,4.364999999999995,-27.50000000000057,True
2024-11-29,4.53855,-9.885000000000055,4.534999999999997,4.310000000000002,-22.49999999999943,True
2024-12-02,4.51775,-11.074999999999946,4.540000000000006,4.334999999999994,-20.50000000000125,True
2024-12-03,4.51575,-10.155000000000047,4.527500000000003,4.290000000000006,-23.749999999999716,True
2024-12-04,4.5021,-10.229999999999961,4.522499999999994,4.275000000000006,-24.749999999998806,True
2024-12-05,4.4905,-11.218000000000039,4.522499999999994,4.280000000000001,-24.24999999999926,True
2024-12-06,4.4686,-13.339999999999996,4.512500000000003,4.230000000000004,-28.249999999999886,True
2024-12-09,4.4584,-14.360000000000017,4.517499999999998,4.2450000000000045,-27.249999999999375,True
2024-12-10,4.45655,-15.064999999999973,4.519999999999996,4.2549999999999955,-26.500000000000057,True
2024-12-11,4.421,-18.64499999999998,4.507499999999993,4.230000000000004,-27.74999999999892,True
2024-12-12,4.4011,-20.170000000000066,4.5049999999999955,4.230000000000004,-27.499999999999147,True
2024-12-13,4.39305,-20.774999999999988,4.5049999999999955,4.2450000000000045,-25.99999999999909,True
2024-12-16,4.3825,-21.950000000000003,4.5049999999999955,4.25,-25.499999999999545,True
2024-12-17,4.381,-20.718000000000014,4.510000000000005,4.25,-26.00000000000051,True
2024-12-18,4.3578,-23.015000000000008,4.5,4.269999999999996,-23.000000000000398,True
2024-12-19,4.3445,-23.304999999999954,4.497500000000002,4.260000000000005,-23.749999999999716,True
2024-12-20,4.3445,-23.824999999999985,4.497500000000002,4.2549999999999955,-24.250000000000682,True
2024-12-23,4.3425,-23.044999999999938,4.497500000000002,4.265000000000001,-23.25000000000017,True
2024-12-24,4.351,-20.059999999999967,4.510000000000005,4.265000000000001,-24.500000000000455,True
2024-12-25,4.351,-18.89000000000003,4.510000000000005,4.265000000000001,-24.500000000000455,True
2024-12-26,4.3573,-18.88999999999994,4.527500000000003,4.2549999999999955,-27.250000000000796,True
2024-12-27,4.3495,-18.904999999999994,4.522499999999994,4.25,-27.249999999999375,True
2024-12-30,4.33335,-18.440000000000012,4.519999999999996,4.2450000000000045,-27.499999999999147,True
2024-12-31,4.32315,-19.259999999999966,4.325000000000003,4.174999999999997,-15.000000000000568,True
2025-01-01,4.32315,-17.89500000000004,4.325000000000003,4.174999999999997,-15.000000000000568,True
2025-01-02,4.313,-17.75000000000002,4.319999999999993,4.174999999999997,-14.499999999999602,True
2025-01-03,4.3076,-16.100000000000048,4.314999999999998,4.185000000000002,-12.999999999999545,True
2025-01-06,4.3008,-15.76000000000004,4.305000000000007,4.189999999999998,-11.50000000000091,True
2025-01-07,4.30295,-15.359999999999996,4.305000000000007,4.204999999999998,-10.000000000000853,True
2025-01-08,4.303,-11.800000000000033,4.305000000000007,4.204999999999998,-10.000000000000853,True
2025-01-09,4.3045,-9.659999999999958,4.3075000000000045,4.200000000000003,-10.75000000000017,True
2025-01-10,4.30753,-8.551999999999982,4.3075000000000045,4.239999999999995,-6.750000000000966,True
2025-01-13,4.30705,-7.545000000000002,4.3075000000000045,4.260000000000005,-4.749999999999943,True
2025-01-14,4.3025,-7.850000000000001,4.305000000000007,4.25,-5.500000000000682,True
2025-01-15,4.3005,-5.7299999999999685,4.305000000000007,4.230000000000004,-7.500000000000284,True
2025-01-16,4.3025,-4.1999999999999815,4.305000000000007,4.219999999999999,-8.500000000000796,True
2025-01-17,4.30307,-4.143000000000008,4.305000000000007,4.230000000000004,-7.500000000000284,True
2025-01-20,4.302,-4.050000000000065,4.305000000000007,4.230000000000004,-7.500000000000284,True
2025-01-21,4.3064,-4.459999999999997,4.305000000000007,4.239999999999995,-6.500000000001194,True
2025-01-22,4.31184,-3.915999999999986,4.310000000000002,4.2450000000000045,-6.499999999999773,True
2025-01-23,4.3167,-4.060000000000041,4.3125,4.234999999999999,-7.750000000000057,True
2025-01-24,4.31534,-3.415999999999997,4.314999999999998,4.234999999999999,-7.9999999999998295,True
2025-01-27,4.3147,-1.8650000000000055,4.3174999999999955,4.224999999999994,-9.250000000000114,True
2025-01-28,4.3125,-1.0650000000000048,4.3174999999999955,4.224999999999994,-9.250000000000114,True
2025-01-29,4.313,-1.0150000000000325,4.3174999999999955,4.2450000000000045,-7.2499999999990905,True
2025-01-30,4.315,0.2000000000000668,4.319999999999993,4.2549999999999955,-6.499999999999773,True
2025-01-31,4.3135,0.590000000000046,4.3075000000000045,4.200000000000003,-10.75000000000017,True
2025-02-03,4.3087,0.790000000000024,4.3075000000000045,4.215000000000003,-9.250000000000114,True
2025-02-04,4.3135,1.0550000000000281,4.310000000000002,4.204999999999998,-10.500000000000398,True
2025-02-05,4.3145,1.1499999999999844,4.3125,4.204999999999998,-10.75000000000017,True
2025-02-06,4.317,1.2500000000000178,4.319999999999993,4.209999999999994,-10.999999999999943,True
2025-02-07,4.31982,1.2290000000000134,4.325000000000003,4.239999999999995,-8.500000000000796,True
2025-02-10,4.31769,1.0639999999999539,4.325000000000003,4.239999999999995,-8.500000000000796,True
2025-02-11,4.31784,1.5340000000000131,4.325000000000003,4.25,-7.500000000000284,True
2025-02-12,4.3142,1.3699999999999157,4.325000000000003,4.280000000000001,-4.5000000000001705,True
2025-02-13,4.3136,1.1099999999999888,4.327500000000001,4.275000000000006,-5.249999999999488,True
2025-02-14,4.315,1.193000000000044,4.327500000000001,4.269999999999996,-5.750000000000455,True
2025-02-17,4.31575,1.3750000000000817,4.327500000000001,4.269999999999996,-5.750000000000455,True
2025-02-18,4.32024,1.3840000000000074,4.332499999999996,4.284999999999997,-4.749999999999943,True
2025-02-19,4.32518,1.3339999999999463,4.334999999999994,4.280000000000001,-5.499999999999261,True
2025-02-20,4.3202,0.34999999999998366,4.334999999999994,4.265000000000001,-6.999999999999318,True
2025-02-21,4.3195,0.41599999999997195,4.340000000000003,4.2450000000000045,-9.499999999999886,True
2025-02-24,4.32397,0.9269999999999889,4.340000000000003,4.2549999999999955,-8.500000000000796,True
2025-02-25,4.3239,1.1400000000000077,4.340000000000003,4.2549999999999955,-8.500000000000796,True
2025-02-26,4.3238,1.0800000000000587,4.342500000000001,4.2549999999999955,-8.750000000000568,True
2025-02-27,4.3246,0.9599999999999831,4.342500000000001,4.2549999999999955,-8.750000000000568,True
2025-02-28,4.31976,0.6259999999999266,4.314999999999998,4.170000000000002,-14.499999999999602,True
2025-03-03,4.31331,0.4610000000000447,4.3125,4.155000000000001,-15.749999999999886,True
2025-03-04,4.322,0.849999999999973,4.319999999999993,4.140000000000001,-17.99999999999926,True
2025-03-05,4.32489,1.0390000000000121,4.327500000000001,4.159999999999997,-16.750000000000398,True
2025-03-06,4.32193,0.4929999999999879,4.322500000000005,4.1200000000000045,-20.250000000000057,True
2025-03-07,4.3281,0.8280000000000065,4.329999999999998,4.159999999999997,-17.00000000000017,True
2025-03-10,4.324,0.6310000000000038,4.327500000000001,4.1200000000000045,-20.749999999999602,True
2025-03-11,4.32303,0.5189999999999806,4.327500000000001,4.144999999999996,-18.250000000000455,True
2025-03-12,4.31889,0.4690000000000083,4.327500000000001,4.180000000000007,-14.749999999999375,True
2025-03-13,4.317,0.34000000000000696,4.327500000000001,4.155000000000001,-17.249999999999943,True
2025-03-14,4.32006,0.5059999999999398,4.325000000000003,4.174999999999997,-15.000000000000568,True
2025-03-17,4.3243,0.8549999999999613,4.325000000000003,4.200000000000003,-12.5,True
2025-03-18,4.325,0.47600000000000975,4.327500000000001,4.209999999999994,-11.750000000000682,True
2025-03-19,4.32175,-0.3429999999999822,4.325000000000003,4.204999999999998,-12.000000000000455,True
2025-03-20,4.32046,0.025999999999992696,4.322500000000005,4.200000000000003,-12.250000000000227,True
2025-03-21,4.32212,0.2620000000000289,4.322500000000005,4.194999999999993,-12.750000000001194,True
2025-03-24,4.32482,0.08499999999997954,4.322500000000005,4.219999999999999,-10.250000000000625,True
2025-03-25,4.3315,0.7600000000000051,4.327500000000001,4.224999999999994,-10.250000000000625,True
2025-03-26,4.331,0.7200000000000095,4.329999999999998,4.219999999999999,-10.999999999999943,True
2025-03-27,4.32475,0.014999999999965041,4.332499999999996,4.230000000000004,-10.249999999999204,True
2025-03-28,4.31911,-0.06499999999993733,4.329999999999998,4.200000000000003,-12.999999999999545,True
2025-03-31,4.31995,0.6639999999999979,4.314999999999998,4.1200000000000045,-19.499999999999318,True
2025-04-01,4.31823,-0.3770000000000273,4.3125,4.105000000000004,-20.749999999999602,True
2025-04-02,4.324,-0.08900000000000574,4.3174999999999955,4.140000000000001,-17.74999999999949,True
2025-04-03,4.313,-0.8930000000000327,4.3174999999999955,4.090000000000003,-22.749999999999204,True
2025-04-04,4.29797,-3.012999999999977,4.310000000000002,4.010000000000005,-29.999999999999716,True
2025-04-07,4.3147,-0.9299999999999642,4.3125,3.9849999999999994,-32.75000000000006,True
2025-04-08,4.31129,-1.1740000000000528,4.329999999999998,3.950000000000003,-37.999999999999545,True
2025-04-09,4.35,3.110999999999997,4.352500000000006,4.1299999999999955,-22.25000000000108,True
2025-04-10,4.319,0.19999999999997797,4.340000000000003,4.075000000000003,-26.500000000000057,True
2025-04-11,4.32845,0.8390000000000342,4.347499999999997,4.114999999999995,-23.25000000000017,True
2025-04-14,4.33202,0.7719999999999949,4.349999999999994,4.125,-22.49999999999943,True
2025-04-15,4.326,0.09999999999994458,4.347499999999997,4.135000000000005,-21.249999999999147,True
2025-04-16,4.3191,-0.2650000000000041,4.342500000000001,4.140000000000001,-20.250000000000057,True
2025-04-17,4.3256,0.5139999999999922,4.344999999999999,4.170000000000002,-17.499999999999716,True
2025-04-18,4.3256,0.34799999999997056,4.344999999999999,4.170000000000002,-17.499999999999716,True
2025-04-21,4.32789,0.3070000000000128,4.344999999999999,4.144999999999996,-20.000000000000284,True
2025-04-22,4.3272,-0.42999999999997485,4.344999999999999,4.165000000000006,-17.99999999999926,True
2025-04-23,4.32085,-1.0150000000000325,4.340000000000003,4.189999999999998,-15.000000000000568,True
2025-04-24,4.31985,-0.49000000000001265,4.337500000000006,4.180000000000007,-15.749999999999886,True
2025-04-25,4.32059,0.14799999999999258,4.340000000000003,4.174999999999997,-16.500000000000625,True
2025-04-28,4.32295,0.29999999999992255,4.342500000000001,4.174999999999997,-16.750000000000398,True
2025-04-29,4.31981,0.1580000000000581,4.342500000000001,4.170000000000002,-17.249999999999943,True
2025-04-30,4.32635,0.23499999999998522,4.3174999999999955,3.9549999999999983,-36.249999999999716,True
2025-05-01,4.32524,1.224000000000025,4.319999999999993,4.0,-31.999999999999318,True
2025-05-02,4.33475,3.677999999999937,4.329999999999998,4.094999999999999,-23.499999999999943,True
2025-05-05,4.3303,1.5600000000000058,4.327500000000001,4.1200000000000045,-20.749999999999602,True
2025-05-06,4.32965,1.8360000000000376,4.327500000000001,4.105000000000004,-22.24999999999966,True
2025-05-07,4.32615,-2.3849999999999483,4.327500000000001,4.140000000000001,-18.75,True
2025-05-08,4.32545,0.6450000000000067,4.322500000000005,4.174999999999997,-14.750000000000796,True
2025-05-09,4.32498,-0.3470000000000084,4.322500000000005,4.170000000000002,-15.250000000000341,True
2025-05-12,4.32725,-0.4769999999999719,4.319999999999993,4.230000000000004,-8.99999999999892,True
2025-05-13,4.32921,0.3210000000000157,4.3174999999999955,4.239999999999995,-7.750000000000057,True
2025-05-14,4.32446,0.5360000000000475,4.314999999999998,4.2450000000000045,-6.999999999999318,True
2025-05-15,4.32414,-0.14599999999997948,4.3125,4.2450000000000045,-6.749999999999545,True
2025-05-16,4.32112,-0.44800000000000395,4.3125,4.260000000000005,-5.249999999999488,True
2025-05-19,4.32212,-0.5770000000000053,4.3125,4.265000000000001,-4.749999999999943,True
2025-05-20,4.3192,-0.8000000000000007,4.310000000000002,4.269999999999996,-4.000000000000625,True
2025-05-21,4.321,0.014999999999965041,4.3075000000000045,4.275000000000006,-3.2499999999998863,True
2025-05-22,4.323,0.31500000000006523,4.3075000000000045,4.280000000000001,-2.750000000000341,True
2025-05-23,4.32359,0.30000000000001137,4.3075000000000045,4.280000000000001,-2.750000000000341,True
2025-05-26,4.32359,0.064000000000064,4.3075000000000045,4.280000000000001,-2.750000000000341,True
2025-05-27,4.32315,0.33399999999996766,4.305000000000007,4.280000000000001,-2.5000000000005684,True
2025-05-28,4.323,-0.3349999999999298,4.305000000000007,4.284999999999997,-2.000000000001023,True
2025-05-29,4.31787,-0.7369999999999877,4.305000000000007,4.275000000000006,-3.0000000000001137,True
2025-05-30,4.318,-1.6750000000000043,4.314999999999998,4.219999999999999,-9.499999999999886,True
2025-06-02,4.31615,-1.4149999999999885,4.310000000000002,4.224999999999994,-8.500000000000796,True
2025-06-03,4.313,-1.6650000000000276,4.3075000000000045,4.224999999999994,-8.250000000001023,True
2025-06-04,4.31058,-1.5570000000000306,4.3075000000000045,4.204999999999998,-10.250000000000625,True
2025-06-05,4.313,-1.2450000000000294,4.3075000000000045,4.209999999999994,-9.75000000000108,True
2025-06-06,4.31425,-1.0729999999999684,4.310000000000002,4.2549999999999955,-5.500000000000682,True
2025-06-09,4.314,-1.3250000000000206,4.3075000000000045,4.2549999999999955,-5.2500000000009095,True
2025-06-10,4.31289,-1.6319999999999446,4.305000000000007,4.2549999999999955,-5.000000000001137,True
2025-06-11,4.31104,-1.3419999999999987,4.305000000000007,4.234999999999999,-7.000000000000739,True
2025-06-12,4.314,-1.0139999999999816,4.305000000000007,4.219999999999999,-8.500000000000796,True
2025-06-13,4.31642,-0.46999999999997044,4.302499999999995,4.224999999999994,-7.750000000000057,True
2025-06-16,4.32,-0.21199999999996777,4.305000000000007,4.2549999999999955,-5.000000000001137,True
2025-06-17,4.32125,0.20499999999996632,4.305000000000007,4.260000000000005,-4.5000000000001705,True
2025-06-18,4.32175,0.07500000000000284,4.305000000000007,4.269999999999996,-3.50000000000108,True
2025-06-19,4.3209,-0.21000000000004349,4.305000000000007,4.269999999999996,-3.50000000000108,True
2025-06-20,4.322,-0.15900000000002024,4.305000000000007,4.25,-5.500000000000682,True
2025-06-23,4.32356,-0.0030000000000640625,4.305000000000007,4.215000000000003,-9.000000000000341,True
2025-06-24,4.32375,0.0600000000000378,4.305000000000007,4.219999999999999,-8.500000000000796,True
2025-06-25,4.32875,0.5749999999999922,4.310000000000002,4.204999999999998,-10.500000000000398,True
2025-06-26,4.32582,0.7950000000000124,4.314999999999998,4.204999999999998,-10.999999999999943,True
2025-06-27,4.32321,0.5210000000000825,4.314999999999998,4.209999999999994,-10.500000000000398,True
2025-06-30,4.33155,1.5399999999999636,4.327500000000001,4.084999999999994,-24.250000000000682,True
2025-07-01,4.33192,1.8920000000000492,4.327500000000001,4.090000000000003,-23.749999999999716,True
2025-07-02,4.32394,1.3360000000000483,4.329999999999998,4.075000000000003,-25.499999999999545,True
2025-07-03,4.33505,2.2050000000000125,4.332499999999996,4.185000000000002,-14.749999999999375,True
2025-07-04,4.3325,1.8249999999999211,4.332499999999996,4.185000000000002,-14.749999999999375,True
2025-07-07,4.33754,2.3539999999999672,4.334999999999994,4.189999999999998,-14.499999999999602,True
2025-07-08,4.344,3.110999999999997,4.342500000000001,4.194999999999993,-14.750000000000796,True
2025-07-09,4.34133,3.028999999999993,4.342500000000001,4.180000000000007,-16.24999999999943,True
2025-07-10,4.33815,2.414999999999967,4.337500000000006,4.170000000000002,-16.750000000000398,True
2025-07-11,4.3358,1.9379999999999953,4.334999999999994,4.200000000000003,-13.49999999999909,True
2025-07-14,4.34198,2.198000000000011,4.334999999999994,4.200000000000003,-13.49999999999909,True
2025-07-15,4.3485,2.7249999999999552,4.337500000000006,4.224999999999994,-11.250000000001137,True
2025-07-16,4.3451,2.335000000000065,4.337500000000006,4.219999999999999,-11.750000000000682,True
2025-07-17,4.35038,2.9480000000000395,4.340000000000003,4.230000000000004,-10.999999999999943,True
2025-07-18,4.3429,2.090000000000014,4.337500000000006,4.209999999999994,-12.750000000001194,True
2025-07-21,4.34625,2.2690000000000765,4.337500000000006,4.209999999999994,-12.750000000001194,True
2025-07-22,4.349,2.5249999999999773,4.337500000000006,4.209999999999994,-12.750000000001194,True
2025-07-23,4.3495,2.07499999999996,4.337500000000006,4.209999999999994,-12.750000000001194,True
2025-07-24,4.35529,2.9469999999999885,4.337500000000006,4.209999999999994,-12.750000000001194,True
2025-07-25,4.35935,3.6139999999999617,4.337500000000006,4.200000000000003,-13.750000000000284,True
2025-07-28,4.35179,2.024000000000026,4.337500000000006,4.200000000000003,-13.750000000000284,True
2025-07-29,4.34677,1.485000000000003,4.334999999999994,4.194999999999993,-14.000000000000057,True
2025-07-30,4.35218,2.8239999999999377,4.337500000000006,4.2450000000000045,-9.250000000000114,True
2025-07-31,4.34838,1.3329999999999842,4.340000000000003,4.174999999999997,-16.500000000000625,True
2025-08-01,4.34405,1.1550000000000615,4.337500000000006,3.9749999999999943,-36.25000000000114,True
2025-08-04,4.348,1.0460000000000136,4.337500000000006,3.9549999999999983,-38.25000000000074,True
2025-08-05,4.35312,0.9119999999999351,4.342500000000001,3.9749999999999943,-36.75000000000068,True
2025-08-06,4.35562,1.4289999999999914,4.344999999999999,3.9650000000000034,-37.999999999999545,True
2025-08-07,4.359,2.0850000000000257,4.344999999999999,3.980000000000004,-36.49999999999949,True
2025-08-08,4.35925,2.3450000000000415,4.347499999999997,3.989999999999995,-35.75000000000017,True
2025-08-11,4.36315,2.116999999999969,4.349999999999994,4.0,-34.99999999999943,True
2025-08-12,4.36324,1.4740000000000641,4.349999999999994,3.980000000000004,-36.999999999999034,True
2025-08-13,4.35924,1.4139999999999375,4.347499999999997,3.944999999999993,-40.25000000000034,True
2025-08-14,4.35934,0.8960000000000079,4.347499999999997,3.989999999999995,-35.75000000000017,True
2025-08-15,4.3555,1.2599999999999945,4.344999999999999,4.015000000000001,-32.99999999999983,True
2025-08-18,4.3408,-0.5450000000000621,4.347499999999997,4.034999999999997,-31.25,True
2025-08-19,4.33865,-1.034999999999986,4.347499999999997,4.025000000000006,-32.24999999999909,True
2025-08-20,4.3408,-0.8700000000000152,4.347499999999997,4.030000000000001,-31.749999999999545,True
2025-08-21,4.33623,-1.906000000000052,4.347499999999997,4.075000000000003,-27.249999999999375,True
2025-08-22,4.3285,-3.0850000000000044,4.349999999999994,4.034999999999997,-31.499999999999773,True
2025-08-25,4.32015,-3.1640000000000335,4.355000000000004,4.049999999999997,-30.500000000000682,True
2025-08-26,4.3115,-3.527000000000058,4.352500000000006,4.040000000000006,-31.25,True
2025-08-27,4.30059,-5.1590000000000025,4.352500000000006,4.030000000000001,-32.25000000000051,True
2025-08-28,4.28151,-6.686999999999976,4.352500000000006,4.034999999999997,-31.750000000000966,True
2025-08-29,4.26866,-7.539000000000051,4.277500000000003,3.9099999999999966,-36.75000000000068,True
2025-09-01,4.2728,-7.519999999999971,4.277500000000003,3.9099999999999966,-36.75000000000068,True
2025-09-02,4.2533,-9.981999999999935,4.272499999999994,3.9099999999999966,-36.249999999999716,True
2025-09-03,4.2456,-11.002000000000045,4.269999999999996,3.885000000000005,-38.49999999999909,True
2025-09-04,4.22745,-13.154999999999983,4.277500000000003,3.8799999999999955,-39.750000000000796,True
2025-09-05,4.20435,-15.490000000000048,4.267499999999998,3.7849999999999966,-48.25000000000017,True
2025-09-08,4.1946,-16.854999999999976,4.275000000000006,3.769999999999996,-50.500000000000966,True
2025-09-09,4.18895,-17.429000000000006,4.277500000000003,3.799999999999997,-47.750000000000625,True
2025-09-10,4.18593,-17.330999999999985,4.284999999999997,3.7950000000000017,-48.99999999999949,True
2025-09-11,4.162,-19.73400000000005,4.287499999999994,3.7650000000000006,-52.249999999999375,True
2025-09-12,4.1704,-18.510000000000026,4.295000000000002,3.7849999999999966,-51.00000000000051,True
2025-09-15,4.15198,-18.881999999999977,4.295000000000002,3.805000000000007,-48.99999999999949,True
2025-09-16,4.1377,-20.095000000000063,4.292500000000004,3.799999999999997,-49.25000000000068,True
2025-09-17,4.1509,-18.989999999999974,4.295000000000002,3.7849999999999966,-51.00000000000051,True
2025-09-18,4.1608,-17.542999999999953,4.305000000000007,3.7900000000000063,-51.50000000000006,True
2025-09-19,4.1609,-16.76000000000002,4.302499999999995,3.7950000000000017,-50.74999999999932,True
2025-09-22,4.16395,-15.620000000000012,4.302499999999995,3.8100000000000023,-49.24999999999926,True
2025-09-23,4.161,-15.050000000000008,4.305000000000007,3.805000000000007,-50.0,True
2025-09-24,4.171,-12.958999999999943,4.305000000000007,3.8149999999999977,-49.00000000000091,True
2025-09-25,4.1675,-11.40099999999995,4.305000000000007,3.844999999999999,-46.000000000000796,True
2025-09-26,4.1604,-10.825999999999958,4.305000000000007,3.8349999999999937,-47.00000000000131,True
2025-09-29,4.13168,-14.111999999999991,4.299999999999997,3.825000000000003,-47.49999999999943,True
2025-09-30,4.13303,-12.027000000000054,4.137500000000003,3.7099999999999937,-42.75000000000091,True
2025-10-01,4.129,-11.660000000000004,4.135000000000005,3.674999999999997,-46.000000000000796,True
2025-10-02,4.1124,-11.50500000000001,4.142499999999998,3.680000000000007,-46.24999999999915,True
2025-10-03,4.10702,-9.732999999999947,4.144999999999996,3.694999999999993,-45.000000000000284,True
2025-10-06,4.08723,-10.737000000000041,4.144999999999996,3.700000000000003,-44.49999999999932,True
2025-10-07,4.08144,-10.751000000000044,4.142499999999998,3.700000000000003,-44.249999999999545,True
2025-10-08,4.07758,-10.834999999999972,4.140000000000001,3.7049999999999983,-43.50000000000023,True
2025-10-09,4.0448,-11.719999999999953,4.140000000000001,3.7099999999999937,-43.00000000000068,True
2025-10-10,4.0328,-13.759999999999994,4.142499999999998,3.674999999999997,-46.750000000000114,True
2025-10-13,4.0353,-11.667999999999967,4.144999999999996,3.6700000000000017,-47.49999999999943,True
2025-10-14,4.0429,-9.479999999999933,4.147499999999994,3.6650000000000063,-48.24999999999875,True
2025-10-15,4.0557,-9.520000000000017,4.167500000000004,3.680000000000007,-48.749999999999716,True
2025-10-16,4.02375,-13.705000000000034,4.167500000000004,3.6400000000000006,-52.75000000000034,True
2025-10-17,4.01,-15.090000000000003,4.167500000000004,3.6500000000000057,-51.74999999999983,True
2025-10-20,4.00464,-15.930999999999962,4.167500000000004,3.6599999999999966,-50.75000000000074,True
2025-10-21,4.0207,-14.029999999999987,4.185000000000002,3.674999999999997,-51.00000000000051,True
2025-10-22,4.016,-15.500000000000025,4.1825000000000045,3.680000000000007,-50.24999999999977,True
2025-10-23,3.98913,-17.83700000000006,4.189999999999998,3.6850000000000023,-50.499999999999545,True
2025-10-24,3.98445,-17.595000000000027,4.189999999999998,3.6650000000000063,-52.49999999999915,True
2025-10-27,3.97575,-15.593000000000012,4.189999999999998,3.674999999999997,-51.50000000000006,True
2025-10-28,3.95507,-17.795999999999967,4.189999999999998,3.674999999999997,-51.50000000000006,True
2025-10-29,3.99714,-13.185999999999964,4.194999999999993,3.760000000000005,-43.499999999998806,True
2025-10-30,3.99355,-11.885000000000012,4.1924999999999955,3.7750000000000057,-41.74999999999898,True
2025-10-31,3.9925,-11.452000000000018,3.9950000000000045,3.700000000000003,-29.50000000000017,True
2025-11-03,4.00025,-8.697999999999961,4.010000000000005,3.6899999999999977,-32.00000000000074,True
2025-11-04,3.98776,-9.367999999999954,4.0,3.674999999999997,-32.500000000000284,True
2025-11-05,3.969,-10.858000000000034,3.9825000000000017,3.7049999999999983,-27.75000000000034,True
2025-11-06,3.96435,-8.045000000000035,3.9749999999999943,3.6700000000000017,-30.49999999999926,True
2025-11-07,3.965,-6.780000000000008,3.9749999999999943,3.6599999999999966,-31.499999999999773,True
2025-11-10,3.959,-7.630000000000026,3.9825000000000017,3.6899999999999977,-29.250000000000398,True
2025-11-11,3.9575,-8.540000000000036,3.9849999999999994,3.674999999999997,-31.000000000000227,True
2025-11-12,3.966,-8.969999999999967,3.989999999999995,3.6899999999999977,-29.999999999999716,True
2025-11-13,3.9644,-5.934999999999979,3.989999999999995,3.719999999999999,-26.999999999999602,True
2025-11-14,3.9593,-5.069999999999997,3.989999999999995,3.7349999999999994,-25.499999999999545,True
2025-11-17,3.9597,-4.493999999999998,3.989999999999995,3.7450000000000045,-24.499999999999034,True
2025-11-18,3.9477,-7.299999999999951,3.987499999999997,3.7249999999999943,-26.250000000000284,True
2025-11-19,3.95781,-5.819000000000019,3.9825000000000017,3.7450000000000045,-23.749999999999716,True
2025-11-20,3.957,-3.212999999999999,3.9849999999999994,3.730000000000004,-25.499999999999545,True
2025-11-21,3.9358,-4.864999999999986,3.989999999999995,3.7049999999999983,-28.49999999999966,True
2025-11-24,3.9165,-5.9250000000000025,3.989999999999995,3.680000000000007,-30.999999999998806,True
2025-11-25,3.89738,-5.769000000000002,3.989999999999995,3.6650000000000063,-32.49999999999886,True
2025-11-26,3.87639,-12.075000000000014,3.9950000000000045,3.674999999999997,-32.00000000000074,True
2025-11-27,3.8738,-11.97499999999998,3.9950000000000045,3.674999999999997,-32.00000000000074,True
2025-11-28,3.872,-12.050000000000027,3.864999999999995,3.644999999999996,-21.999999999999886,True
2025-12-01,3.85498,-14.527000000000045,3.8599999999999994,3.6500000000000057,-20.999999999999375,True
2025-12-02,3.8401,-14.766000000000012,3.8499999999999943,3.6400000000000006,-20.999999999999375,True
2025-12-03,3.82715,-14.184999999999981,3.842500000000001,3.625,-21.750000000000114,True
2025-12-04,3.80938,-15.497000000000005,3.842500000000001,3.635000000000005,-20.749999999999602,True
2025-12-05,3.806,-15.89999999999998,3.8474999999999966,3.6400000000000006,-20.749999999999602,True
2025-12-08,3.7957,-16.33,3.842500000000001,3.6400000000000006,-20.250000000000057,True
2025-12-09,3.7845,-17.300000000000004,3.8375000000000057,3.6500000000000057,-18.75,True
2025-12-10,3.7559,-21.01000000000002,3.8149999999999977,3.625,-18.999999999999773,True
2025-12-11,3.7512,-21.320000000000007,3.8149999999999977,3.6200000000000045,-19.499999999999318,True
2025-12-12,3.75667,-20.262999999999963,3.8149999999999977,3.614999999999995,-20.000000000000284,True
2025-12-15,3.7435,-21.62000000000002,3.8100000000000023,3.6099999999999994,-20.000000000000284,True
2025-12-16,3.7465,-20.120000000000005,3.8100000000000023,3.6099999999999994,-20.000000000000284,True
2025-12-17,3.7481,-20.970999999999982,3.8100000000000023,3.6099999999999994,-20.000000000000284,True
2025-12-18,3.74616,-21.083999999999968,3.805000000000007,3.594999999999999,-21.000000000000796,True
2025-12-19,3.74674,-18.906,3.8075000000000045,3.5999999999999943,-20.750000000001023,True
2025-12-22,3.749,-16.75,3.8075000000000045,3.6099999999999994,-19.75000000000051,True
2025-12-23,3.739,-15.838000000000019,3.799999999999997,3.625,-17.499999999999716,True
2025-12-24,3.7283,-14.808999999999983,3.7950000000000017,3.6200000000000045,-17.499999999999716,True
2025-12-25,3.7283,-14.550000000000018,3.7950000000000017,3.6200000000000045,-17.499999999999716,True
2025-12-26,3.72145,-15.054999999999996,3.7950000000000017,3.5999999999999943,-19.50000000000074,True
2025-12-29,3.708,-14.697999999999967,3.792500000000004,3.605000000000004,-18.75,True
2025-12-30,3.683,-15.710000000000024,3.7874999999999943,3.605000000000004,-18.249999999999034,True
2025-12-31,3.67485,-15.229999999999988,3.6850000000000023,3.530000000000001,-15.500000000000114,True
2026-01-01,3.67485,-13.452999999999982,3.6850000000000023,3.530000000000001,-15.500000000000114,True
2026-01-02,3.6757,-13.030000000000008,3.6850000000000023,3.530000000000001,-15.500000000000114,True
2026-01-05,3.67425,-12.145000000000028,3.6875,3.530000000000001,-15.749999999999886,True
2026-01-06,3.6756,-10.889999999999977,3.6924999999999955,3.5450000000000017,-14.749999999999375,True
2026-01-07,3.678,-7.790000000000008,3.6899999999999977,3.555000000000007,-13.49999999999909,True
2026-01-08,3.67107,-8.013000000000003,3.6875,3.5649999999999977,-12.250000000000227,True
2026-01-09,3.67838,-7.828999999999997,3.6825000000000045,3.605000000000004,-7.750000000000057,True
2026-01-12,3.6794,-6.410000000000027,3.6825000000000045,3.6099999999999994,-7.250000000000512,True
2026-01-13,3.678,-6.850000000000023,3.680000000000007,3.614999999999995,-6.500000000001194,True
2026-01-14,3.6725,-7.560000000000011,3.677499999999995,3.614999999999995,-6.25,True
2026-01-15,3.671,-7.516000000000034,3.674999999999997,3.6299999999999955,-4.5000000000001705,True
2026-01-16,3.6692,-7.753999999999994,3.6724999999999994,3.625,-4.749999999999943,True
2026-01-19,3.6692,-7.980000000000009,3.6724999999999994,3.625,-4.749999999999943,True
2026-01-20,3.6731,-6.590000000000007,3.6724999999999994,3.6200000000000045,-5.249999999999488,True
2026-01-21,3.67095,-5.735000000000001,3.674999999999997,3.635000000000005,-3.999999999999204,True
2026-01-22,3.6703,-5.799999999999983,3.6724999999999994,3.635000000000005,-3.7499999999994316,True
2026-01-23,3.67595,-4.55000000000001,3.6724999999999994,3.635000000000005,-3.7499999999994316,True
2026-01-26,3.675,-3.3000000000000362,3.6724999999999994,3.635000000000005,-3.7499999999994316,True
2026-01-27,3.67185,-1.1149999999999771,3.6724999999999994,3.625,-4.749999999999943,True
2026-01-28,3.67,-0.4850000000000243,3.6700000000000017,3.6299999999999955,-4.000000000000625,True
2026-01-29,3.66895,-0.5900000000000016,3.6700000000000017,3.625,-4.5000000000001705,True
2026-01-30,3.67075,-0.495000000000001,3.6650000000000063,3.5799999999999983,-8.500000000000796,True
2026-02-02,3.6697,-0.454999999999961,3.667500000000004,3.594999999999999,-7.250000000000512,True
2026-02-03,3.673,-0.2600000000000158,3.667500000000004,3.594999999999999,-7.250000000000512,True
2026-02-04,3.667,-1.100000000000012,3.6650000000000063,3.594999999999999,-7.000000000000739,True
2026-02-05,3.6645,-0.6569999999999965,3.6599999999999966,3.5450000000000017,-11.499999999999488,True
2026-02-06,3.66267,-1.5710000000000335,3.657499999999999,3.5649999999999977,-9.250000000000114,True
2026-02-09,3.6595,-1.9899999999999807,3.655000000000001,3.5600000000000023,-9.499999999999886,True
2026-02-10,3.6602,-1.7799999999999816,3.6525000000000034,3.5450000000000017,-10.75000000000017,True
2026-02-11,3.66,-1.2499999999999734,3.6525000000000034,3.5999999999999943,-5.2500000000009095,True
2026-02-12,3.6655,-0.5499999999999616,3.655000000000001,3.594999999999999,-6.000000000000227,True
2026-02-13,3.66412,-0.5079999999999973,3.657499999999999,3.5900000000000034,-6.749999999999545,True
2026-02-16,3.665,-0.41999999999999815,3.657499999999999,3.5900000000000034,-6.749999999999545,True
2026-02-17,3.6709,-0.21999999999997577,3.6624999999999943,3.605000000000004,-5.749999999999034,True
2026-02-18,3.6768,0.5850000000000133,3.667500000000004,3.6099999999999994,-5.750000000000455,True
2026-02-19,3.67217,0.18699999999998163,3.667500000000004,3.614999999999995,-5.2500000000009095,True
2026-02-20,3.67368,-0.22699999999997722,3.667500000000004,3.6299999999999955,-3.7500000000008527,True
2026-02-23,3.67616,0.11600000000000499,3.667500000000004,3.6299999999999955,-3.7500000000008527,True
2026-02-24,3.67108,-0.07700000000001594,3.6650000000000063,3.6299999999999955,-3.50000000000108,True
2026-02-25,3.66905,-0.09500000000000064,3.667500000000004,3.6299999999999955,-3.7500000000008527,True
2026-02-26,3.6672,-0.17500000000003624,3.6650000000000063,3.6200000000000045,-4.5000000000001705,True
2026-02-27,3.6651,-0.5650000000000155,3.6599999999999966,3.569999999999993,-9.000000000000341,True
