date,gc_fut_front,gc_fut_second,gc_fut_third,si_fut_front,si_fut_second,si_fut_third,xauusd_spot,xagusd_spot,lbma_gold_am,lbma_gold_pm,lbma_silver_fix,gold_efp,silver_efp,gold_vol_index,vix,us_10y_yield,tips_10y_real_yield,dxy_index,sofr_ois_1m,sofr_ois_3m,sofr_ois_6m,sofr_ois_1y,sofr_fut_front,sofr_fut_second,sofr_fut_third,sofr_fut_fourth,xau_swap_1m,xau_swap_3m,xau_swap_6m,xau_swap_1y
2018-01-02,1316.1,1320.9,1325.7,17.206,17.282,17.353,1317.56,17.19,1312.8,1312.05,17.06,,,11.96,9.77,2.463313341,0.452960879,91.872,1.4556,1.47735,1.5732,1.7221,,,,,1.78,1.84,1.86,2.02
2018-01-03,1318.5,1323.4,1328.2,17.267,17.344,17.417,1313.21,17.136,1314.6,1314.9,17.125,,,11.56,9.15,2.447058916,0.443727314,92.162,1.4571,1.4822,1.5832,1.736,,,,,1.76,1.84,1.87,2.0
2018-01-04,1321.6,1326.4,1331.1,17.269,17.346,17.422,1323.01,17.2285,1313.7,1314.5,17.13,,,11.8,9.22,2.452539921,0.438700378,91.853,1.4571,1.49445,1.5991,1.7511,,,,,1.67,1.8,1.86,2.0
2018-01-05,1322.3,1327.1,1331.9,17.285,17.365,17.445,1319.59,17.2222,1317.9,1317.15,17.155,,,11.26,9.22,2.476284504,0.440437526,91.94901,1.45815,1.4945,1.5981,1.7543,,,,,1.65,1.75,1.83,2.0
2018-01-08,1320.4,1325.2,1330.1,17.144,17.224,17.304,1320.4,17.134,1318.8,1319.95,17.17,,,11.19,9.52,2.479975462,0.455622017,92.358,1.4576,1.49575,1.5955,1.74875,,,,,1.65,1.75,1.83,2.0
2018-01-09,1313.7,1318.5,1323.4,17.01,17.09,17.171,1312.85,16.9725,1314.95,1311.0,17.055,,,10.79,10.08,2.553049088,0.509769499,92.52801,1.4576,1.4996,1.60215,1.7571,,,,,1.7,1.75,1.85,2.0
2018-01-10,1319.3,1324.1,1329.1,17.035,17.116,17.199,1316.89,16.9765,1321.65,1319.75,17.135,,,10.79,9.82,2.556788921,0.514898002,92.332,1.4594,1.5026,1.60275,1.7581,,,,,1.72,1.77,1.86,2.05
2018-01-11,1322.5,1327.3,1332.3,16.966,17.047,17.13,1322.44,16.9875,1319.85,1323.05,17.01,,,10.96,9.88,2.536714554,0.522580266,91.85201,1.4596,1.5112,1.61215,1.76455,,,,,1.73,1.82,1.86,2.06
2018-01-12,1334.9,1339.8,1345.0,17.141,17.224,17.311,1337.64,17.2075,1332.9,1326.8,17.12,,,11.62,10.16,2.546159506,0.52019608,90.97401,1.4596,1.51935,1.62635,1.78545,,,,,1.73,1.82,1.88,2.06
2018-01-15,1334.9,1339.8,1345.0,17.141,17.224,17.311,1339.99,17.355,1343.0,1339.25,17.325,,,11.62,10.16,2.546159506,0.52019608,90.97401,1.4596,1.5202,1.6282,1.7881,,,,,1.75,1.83,1.88,2.06
2018-01-16,1337.1,1342.0,1347.2,17.189,17.274,17.362,1338.41,17.193,1334.95,1333.85,17.095,,,12.09,11.66,2.537067175,0.494754255,90.39301,1.4596,1.52385,1.6316,1.7931,,,,,1.73,1.81,1.9,2.06
2018-01-17,1339.2,1344.0,1349.1,17.166,17.251,17.34,1326.84,17.001,1337.35,1335.65,17.21,,,11.77,11.91,2.590425968,0.52283144,90.54101,1.4597,1.5252,1.63685,1.8101,,,,,1.7,1.82,1.91,2.12
2018-01-18,1327.2,1332.0,1337.0,16.954,17.039,17.128,1327.03,16.957,1329.75,1332.2,17.09,,,12.26,12.22,2.625583887,0.536502242,90.498,1.4596,1.5307,1.6352,1.7986,,,,,1.74,1.84,1.92,2.12
2018-01-19,1333.1,1338.0,1343.2,17.036,17.12,17.208,1331.84,17.0215,1335.8,1334.95,17.04,,,11.43,11.27,2.659228086,0.583310366,90.57201,1.45895,1.5352,1.6437,1.8127,,,,,1.72,1.83,1.92,2.13
2018-01-22,1331.9,1336.9,1342.1,16.989,17.075,17.164,1333.92,17.018,1334.15,1332.6,17.035,,,11.66,11.03,2.650048733,0.583310366,90.401,1.4596,1.5372,1.6462,1.8151,,,,,1.72,1.81,1.93,2.13
2018-01-23,1336.7,1341.7,1346.9,16.913,16.999,17.088,1341.21,17.0515,1337.1,1333.4,16.98,,,11.72,11.1,2.613098383,0.559780598,90.124,1.4596,1.5392,1.64505,1.8064,,,,,1.72,1.81,1.9,2.13
2018-01-24,1356.3,1361.4,1366.6,17.489,17.577,17.668,1358.46,17.5539,1350.5,1353.7,17.19,,,13.38,11.47,2.646536112,0.573566973,89.206,1.46235,1.5452,1.65085,1.8161,,,,,1.7,1.79,1.89,2.13
2018-01-25,1362.9,1368.0,1373.4,17.615,17.703,17.795,1348.26,17.2985,1360.25,1354.95,17.52,,,13.04,11.58,2.616980076,0.556539595,89.39101,1.4676,1.5582,1.6622,1.82385,,,,,1.7,1.83,1.91,2.13
2018-01-26,1352.1,1357.2,1362.5,17.441,17.527,17.617,1349.12,17.4068,1354.35,1353.15,17.4,,,12.98,11.08,2.659943104,0.567887843,89.067,1.4666,1.56065,1.6682,1.8381,,,,,1.7,1.83,1.92,2.1
2018-01-29,1340.3,1345.1,1350.4,17.127,17.213,17.303,1340.33,17.1665,1348.4,1343.85,17.335,,,13.25,13.84,2.693587303,0.597130299,89.30801,1.4666,1.5602,1.66745,1.8371,,,,,1.7,1.84,1.94,2.12
2018-01-30,1335.4,1340.0,1345.2,17.058,17.144,17.235,1338.59,17.1415,1345.7,1344.9,17.295,,,13.86,14.79,2.719869614,0.618305027,89.16,1.4676,1.56425,1.6732,1.8451,,,,,1.7,1.83,1.94,2.12
2018-01-31,1339.0,1343.1,1348.4,17.241,17.33,17.422,1345.14,17.3455,1343.35,1345.05,17.23,,,12.97,13.54,2.705020666,0.591461957,89.133,1.46085,1.5657,1.67825,1.85595,,,,,1.68,1.83,1.93,2.12
2018-02-01,1347.9,1353.1,1358.6,17.155,17.244,17.336,1348.79,17.238,1341.1,1341.35,17.19,,,12.32,13.47,2.78963089,0.665798008,88.67101,1.4626,1.5756,1.6862,1.8621,,,,,1.65,1.83,1.93,2.12
2018-02-02,1337.3,1342.5,1347.9,16.709,16.795,16.887,1333.39,16.591,1345.0,1331.15,17.135,,,13.11,17.31,2.84111166,0.701274693,89.19501,1.4611,1.5732,1.6842,1.8581,,,,,1.67,1.83,1.93,2.12
2018-02-05,1336.5,1341.7,1347.2,16.671,16.757,16.849,1339.67,16.736,1337.1,1333.6,16.875,,,14.35,37.32,2.705592871,0.610333562,89.554,1.4606,1.55925,1.6532,1.7995,,,,,1.67,1.83,1.95,2.15
2018-02-06,1329.5,1334.7,1340.1,16.58,16.666,16.757,1324.16,16.6443,1344.65,1331.4,16.805,,,13.8,29.98,2.801643848,0.691502213,89.58501,1.461,1.5682,1.67745,1.8451,,,,,1.67,1.85,1.98,2.12
2018-02-07,1314.6,1319.8,1325.1,16.238,16.322,16.41,1318.39,16.3717,1328.5,1324.65,16.69,,,13.62,27.73,2.835867167,0.712982178,90.255,1.4606,1.5762,1.68465,1.8451,,,,,1.67,1.85,1.98,2.11
2018-02-08,1319.0,1324.2,1329.5,16.341,16.425,16.512,1318.76,16.4212,1311.05,1315.45,16.345,,,14.85,33.46,2.823981524,0.735348403,90.229,1.4609,1.5822,1.68745,1.8381,,,,,1.65,1.85,2.01,2.17
2018-02-09,1315.7,1320.9,1326.1,16.139,16.221,16.308,1316.65,16.365,1316.05,1314.1,16.355,,,14.93,29.06,2.851183891,0.782843173,90.442,1.4621,1.5872,1.6879,1.83225,,,,,1.67,1.85,2.01,2.17
2018-02-12,1326.4,1331.5,1336.6,16.57,16.651,16.737,1322.7,16.5465,1321.7,1322.3,16.425,,,14.37,25.61,2.858450413,0.785416603,90.20801,1.4646,1.5903,1.69265,1.84265,,,,,1.66,1.85,2.04,2.19
2018-02-13,1330.4,1335.4,1340.4,16.528,16.609,16.694,1329.55,16.5818,1329.4,1325.35,16.605,,,14.07,24.97,2.829416037,0.772181869,89.703,1.4646,1.5942,1.6994,1.8514,,,,,1.66,1.87,2.03,2.19
2018-02-14,1358.0,1363.1,1368.2,16.878,16.959,17.044,1350.73,16.8595,1330.75,1336.25,16.58,,,14.97,19.26,2.902158737,0.790569544,89.121,1.4641,1.6072,1.7194,1.8921,,,,,1.72,1.92,2.07,2.22
2018-02-15,1355.3,1360.7,1366.1,16.796,16.879,16.966,1353.67,16.8685,1353.7,1352.45,16.825,,,15.03,19.13,2.909493685,0.793982804,88.593,1.4656,1.622,1.73565,1.90305,,,,,1.83,1.95,2.15,2.32
2018-02-16,1356.2,1361.6,1367.2,16.712,16.796,16.884,1346.96,16.6448,1358.6,1352.1,16.835,,,13.96,19.46,2.87493825,0.773458242,89.10001,1.46375,1.62465,1.73635,1.8964,,,,,1.84,2.02,2.18,2.32
2018-02-19,1356.2,1361.6,1367.2,16.712,16.796,16.884,1346.46,16.6745,1347.4,1346.6,16.72,,,13.96,19.46,2.87493825,0.773458242,89.10001,1.4626,1.6232,1.7392,1.9051,,,,,1.88,2.06,2.18,2.35
2018-02-20,1331.2,1336.6,1342.1,16.438,16.513,16.599,1329.19,16.4509,1337.4,1339.85,16.57,,,14.08,20.6,2.889555216,0.778532445,89.716,1.4619,1.62905,1.743,1.9046,,,,,1.9,2.08,2.2,2.34
2018-02-21,1332.1,1337.5,1343.2,16.617,16.678,16.768,1324.63,16.51,1328.6,1330.5,16.435,,,13.83,20.02,2.950016499,0.821222484,90.00001,1.4696,1.6293,1.7469,1.9221,,,,,1.9,2.1,2.23,2.4
2018-02-22,1332.7,1338.1,1343.8,16.587,16.638,16.728,1332.05,16.6095,1323.5,1328.35,16.465,,,13.47,18.72,2.920705318,0.798719943,89.73601,1.4956,1.6432,1.7582,1.9261,,,,,1.88,2.08,2.23,2.4
2018-02-23,1330.3,1335.8,1341.5,16.484,16.549,16.64,1328.71,16.5327,1328.9,1327.95,16.61,,,11.97,16.49,2.865963697,0.7380988,89.883,1.50565,1.6462,1.76065,1.9281,,,,,1.8,2.04,2.22,2.4
2018-02-26,1332.8,1338.4,1344.3,16.55,16.622,16.713,1333.68,16.66,1339.05,1333.5,16.67,,,11.89,15.8,2.862339258,0.723209977,89.853,1.5256,1.6482,1.7618,1.92525,,,,,1.78,2.06,2.22,2.4
2018-02-27,1318.6,1324.2,1330.1,16.346,16.434,16.527,1318.36,16.4281,1332.75,1325.75,16.61,,,11.76,18.59,2.893408537,0.75904125,90.355,1.53865,1.65095,1.7672,1.9391,,,,,1.78,2.07,2.23,2.42
2018-02-28,1317.9,1323.7,1329.5,16.324,16.407,16.499,1318.31,16.415,1320.3,1317.85,16.44,,,11.74,19.85,2.860558748,0.739957213,90.61301,1.5406,1.6532,1.7767,1.95605,,,,,1.79,2.08,2.26,2.46
2018-03-01,1305.2,1311.0,1316.8,16.276,16.367,16.464,1317.03,16.466,1311.25,1307.75,16.315,,,12.07,22.47,2.807819605,0.698500097,90.32401,1.5613,1.6532,1.76735,1.9356,,,,,1.95,2.17,2.31,2.45
2018-03-02,1323.4,1329.2,1335.2,16.466,16.559,16.657,1322.75,16.523,1316.75,1322.3,16.445,,,11.97,19.59,2.864296198,0.72690171,89.93501,1.5686,1.6572,1.7772,1.94985,,,,,1.95,2.18,2.27,2.43
2018-03-05,1319.9,1325.7,1331.6,16.412,16.503,16.601,1320.11,16.4275,1326.3,1320.4,16.51,,,11.89,18.73,2.880770683,0.739451468,90.08,1.5896,1.66735,1.782,1.95305,,,,,1.98,2.17,2.27,2.43
2018-03-06,1335.2,1341.0,1346.9,16.784,16.872,16.97,1334.56,16.7615,1324.95,1331.4,16.62,,,12.33,18.36,2.886288404,0.755362093,89.618,1.5926,1.66985,1.78895,1.9598,,,,,1.97,2.14,2.27,2.43
2018-03-07,1327.6,1333.4,1339.2,16.494,16.582,16.679,1325.57,16.501,1332.5,1329.4,16.645,,,12.37,17.76,2.882654428,0.748755157,89.637,1.5981,1.6753,1.7882,1.9631,,,,,2.03,2.15,2.27,2.44
2018-03-08,1321.7,1327.6,1333.5,16.5,16.588,16.688,1321.99,16.496,1325.4,1321.0,16.48,,,11.57,16.54,2.857078791,0.736313283,90.179,1.6216,1.6825,1.79265,1.96075,,,,,2.04,2.17,2.27,2.45
2018-03-09,1324.0,1329.9,1335.8,16.608,16.699,16.8,1323.93,16.5886,1319.35,1320.6,16.485,,,10.94,14.64,2.893764257,0.765745699,90.093,1.6307,1.6877,1.7986,1.9671,,,,,2.04,2.17,2.28,2.45
2018-03-12,1320.8,1326.7,1332.5,16.536,16.626,16.726,1323.1,16.5344,1317.25,1319.15,16.455,,,11.01,15.78,2.868139267,0.759962082,89.895,1.6436,1.69205,1.80285,1.97395,,,,,2.04,2.17,2.3,2.52
2018-03-13,1327.1,1333.0,1338.9,16.627,16.717,16.817,1326.51,16.59,1318.7,1322.75,16.51,,,10.7,16.35,2.84256649,0.746656775,89.664,1.6506,1.6981,1.8082,1.9725,,,,,2.01,2.17,2.3,2.52
2018-03-14,1325.6,1331.4,1337.3,16.537,16.626,16.725,1324.85,16.546,1324.95,1323.55,16.605,,,10.41,17.23,2.817045927,0.73085922,89.704,1.6566,1.7072,1.80715,1.9731,,,,,2.05,2.27,2.31,2.52
2018-03-15,1317.8,1323.5,1329.4,16.422,16.507,16.605,1316.1,16.4065,1323.35,1318.75,16.52,,,10.4,16.59,2.827997684,0.735096097,90.13901,1.6836,1.72155,1.81705,1.98065,,,,,2.13,2.27,2.37,2.53
2018-03-16,1312.3,1318.0,1323.9,16.272,16.357,16.454,1314.24,16.3383,1320.05,1310.1,16.475,,,9.88,15.8,2.844485998,0.757876575,90.233,1.6974,1.7292,1.82475,1.9889,,,,,2.1,2.3,2.38,2.53
2018-03-19,1317.8,1323.4,1329.3,16.325,16.41,16.507,1316.85,16.3265,1311.7,1312.4,16.285,,,10.99,19.02,2.855484962,0.774716794,89.76501,1.7053,1.7352,1.8297,1.99605,,,,,2.1,2.29,2.4,2.55
2018-03-20,1311.9,1317.6,1323.5,16.185,16.27,16.368,1311.31,16.204,1312.75,1311.0,16.25,,,11.01,18.2,2.895877838,0.803374231,90.371,1.7166,1.74215,1.8412,2.0126,,,,,2.04,2.26,2.41,2.55
2018-03-21,1321.5,1327.3,1333.4,16.419,16.506,16.605,1332.24,16.57,1316.35,1321.35,16.245,,,10.91,17.86,2.883043289,0.773188412,89.783,1.72395,1.7537,1.8402,2.00405,,,,,2.1,2.28,2.41,2.55
2018-03-22,1327.4,1333.2,1339.3,16.387,16.474,16.573,1329.03,16.391,1328.85,1329.15,16.52,,,11.24,23.34,2.824448347,0.739731073,89.857,1.7226,1.7533,1.8362,1.9951,,,,,2.1,2.28,2.41,2.55
2018-03-23,1349.9,1355.7,1361.8,16.582,16.671,16.771,1347.33,16.567,1342.35,1346.6,16.53,,,13.46,24.87,2.813529253,0.736578941,89.436,1.717,1.7502,1.8302,1.9841,,,,,2.1,2.28,2.42,2.55
2018-03-26,1355.0,1360.9,1367.1,16.684,16.774,16.875,1353.5,16.7028,1348.4,1352.4,16.61,,,12.95,21.03,2.851970673,0.766840696,89.027,1.7196,1.7561,1.84515,2.00525,,,,,2.2,2.3,2.43,2.55
2018-03-27,1342.0,1347.9,1354.1,16.541,16.631,16.732,1345.05,16.5275,1350.65,1341.45,16.64,,,12.22,22.5,2.775259018,0.707431614,89.372,1.7186,1.7527,1.83385,1.9851,,,,,2.32,2.33,2.44,2.55
2018-03-28,1324.2,1330.0,1336.1,16.253,16.341,16.44,1325.01,16.298,1341.05,1332.45,16.455,,,11.74,22.87,2.780725002,0.720865488,90.05801,1.7171,1.7542,1.8382,1.9931,,,,,2.2,2.32,2.44,2.55
2018-03-29,1322.8,1327.3,1333.3,16.268,16.354,16.452,1325.5,16.3785,1323.9,1323.85,16.28,,,11.06,19.97,2.738892317,0.680988789,90.151,1.7217,1.7612,1.8462,2.0011,,,,,2.07,2.22,2.35,2.47
2018-03-30,1322.8,1327.3,1333.3,16.268,16.354,16.452,1325.48,16.3678,1323.9,1323.85,16.28,,,11.06,19.97,2.738892317,0.680988789,89.974,1.7217,1.7632,1.8472,2.0001,,,,,2.07,2.22,2.35,2.47
2018-04-02,1346.9,1352.9,1359.0,16.672,16.759,16.857,1341.29,16.5935,1323.9,1323.85,16.28,,,12.86,23.62,2.729809284,0.671864986,90.052,1.7206,1.7662,1.8476,1.9981,,,,,2.07,2.22,2.35,2.47
2018-04-03,1337.3,1343.4,1349.5,16.392,16.474,16.57,1332.74,16.4175,1336.6,1333.45,16.52,,,11.8,21.1,2.775280237,0.686932325,90.2,1.7241,1.7687,1.8522,2.00615,,,,,2.06,2.21,2.35,2.5
2018-04-04,1340.2,1346.3,1352.4,16.254,16.333,16.428,1333.19,16.3175,1343.15,1337.3,16.46,,,12.0,20.06,2.802675009,0.710400403,90.14201,1.72845,1.77495,1.8612,2.01585,,,,,2.0,2.2,2.4,2.5
2018-04-05,1328.5,1334.7,1340.8,16.355,16.434,16.526,1326.57,16.4404,1327.05,1327.7,16.305,,,11.55,18.94,2.831990957,0.742336392,90.46001,1.7296,1.78395,1.8712,2.0291,,,,,2.05,2.21,2.42,2.53
2018-04-06,1336.1,1342.3,1348.5,16.362,16.442,16.534,1333.03,16.383,1325.6,1331.2,16.275,,,11.95,21.49,2.773472309,0.693045557,90.108,1.7289,1.7808,1.8611,2.00265,,,,,2.05,2.2,2.4,2.51
2018-04-09,1340.1,1346.2,1352.3,16.529,16.605,16.693,1336.35,16.495,1328.5,1331.95,16.34,,,12.39,21.77,2.778953791,0.695610046,89.83801,1.729,1.7861,1.8712,2.0158,,,,,2.02,2.2,2.39,2.51
2018-04-10,1345.9,1352.0,1358.2,16.596,16.664,16.748,1339.64,16.5785,1335.95,1338.95,16.49,,,12.78,20.47,2.800905466,0.708233237,89.58701,1.7306,1.7932,1.8832,2.0321,,,,,2.0,2.21,2.39,2.51
2018-04-11,1360.0,1366.2,1372.4,16.768,16.834,16.919,1353.38,16.6773,1345.2,1350.75,16.565,,,14.36,20.24,2.780790806,0.660599887,89.568,1.7306,1.79555,1.88605,2.0336,,,,,2.05,2.21,2.38,2.5
2018-04-12,1341.9,1348.0,1354.1,16.473,16.539,16.625,1334.94,16.468,1345.9,1341.35,16.655,,,12.88,18.49,2.835788727,0.694096625,89.75101,1.7306,1.8052,1.89765,2.0581,,,,,2.08,2.25,2.4,2.5
2018-04-13,1347.9,1354.1,1360.3,16.658,16.723,16.811,1346.2,16.6554,1340.75,1343.7,16.505,,,13.36,17.41,2.826652288,0.681689322,89.8,1.7307,1.8082,1.9002,2.06215,,,,,2.08,2.25,2.4,2.53
2018-04-16,1350.7,1356.9,1363.1,16.677,16.738,16.824,1345.93,16.673,1344.4,1349.35,16.6,,,13.43,16.56,2.826668978,0.691795766,89.425,1.7316,1.81095,1.9062,2.0731,,,,,2.08,2.27,2.42,2.56
2018-04-17,1349.5,1355.7,1361.9,16.787,16.845,16.93,1347.52,16.7825,1342.95,1342.1,16.625,,,13.07,15.25,2.82852459,0.686818123,89.51601,1.7336,1.8182,1.9132,2.0841,,,,,2.07,2.29,2.42,2.55
2018-04-18,1353.5,1359.7,1365.9,17.248,17.315,17.401,1349.41,17.1942,1346.55,1351.45,16.945,,,13.46,15.6,2.872782469,0.707013845,89.623,1.7362,1.8255,1.9262,2.10305,,,,,2.07,2.26,2.42,2.56
2018-04-19,1348.8,1355.0,1361.2,17.239,17.305,17.391,1345.53,17.2496,1347.9,1348.6,17.195,,,12.88,15.96,2.909833193,0.72557795,89.94,1.7376,1.8312,1.9243,2.0991,,,,,2.07,2.26,2.42,2.56
2018-04-20,1338.3,1344.5,1350.7,17.163,17.221,17.307,1336.36,17.1187,1340.15,1336.75,17.11,,,12.14,16.88,2.960175276,0.775610387,90.316,1.73745,1.835,1.9318,2.1126,,,,,2.07,2.26,2.41,2.56
2018-04-23,1324.0,1330.2,1336.3,16.587,16.658,16.745,1324.83,16.6225,1328.0,1324.3,16.935,,,12.13,16.34,2.97515893,0.784162402,90.94601,1.7418,1.84395,1.9422,2.1281,,,,,2.04,2.27,2.41,2.56
2018-04-24,1333.0,1339.2,1345.5,16.703,16.787,16.874,1330.35,16.728,1327.35,1328.85,16.595,,,12.24,18.02,2.999532461,0.83100009,90.76601,1.7436,1.8472,1.9454,2.12595,,,,,2.04,2.27,2.4,2.56
2018-04-25,1322.8,1329.0,1335.3,16.502,16.577,16.666,1323.13,16.5588,1325.7,1321.65,16.565,,,11.97,17.84,3.025853634,0.845593572,91.172,1.7476,1.855,1.9552,2.13515,,,,,2.0,2.25,2.38,2.56
2018-04-26,1317.9,1324.2,1330.4,16.491,16.567,16.657,1316.8,16.518,1321.9,1320.7,16.575,,,11.49,16.24,2.98093009,0.803086519,91.561,1.7487,1.8641,1.9602,2.1391,,,,,2.0,2.25,2.38,2.56
2018-04-27,1323.4,1329.7,1336.0,16.406,16.497,16.584,1324.0,16.51,1317.7,1321.5,16.53,,,10.99,15.41,2.956790924,0.782937706,91.54201,1.74775,1.8672,1.9627,2.1375,,,,,1.99,2.25,2.38,2.56
2018-04-30,1319.2,1325.3,1331.6,16.312,16.401,16.486,1315.39,16.3318,1316.25,1313.2,16.38,,,11.15,15.93,2.95310545,0.776223302,91.841,1.7506,1.8732,1.96715,2.1412,,,,,1.97,2.23,2.35,2.56
2018-05-01,1306.8,1313.0,1319.1,16.127,16.211,16.342,1303.85,16.1665,1309.2,1307.1,16.25,,,11.88,15.49,2.964366436,0.802656591,92.44901,1.7476,1.8757,1.9742,2.1508,,,,,1.97,2.23,2.35,2.56
2018-05-02,1305.6,1311.8,1318.0,16.375,16.459,16.593,1304.96,16.3752,1310.75,1304.2,16.35,,,11.64,15.97,2.966288567,0.792527139,92.512,1.7457,1.8792,1.9732,2.1492,,,,,1.97,2.24,2.35,2.56
2018-05-03,1312.7,1319.0,1325.1,16.447,16.532,16.666,1312.06,16.4313,1313.3,1315.05,16.465,,,11.46,15.9,2.945780516,0.779002905,92.414,1.7441,1.8812,1.9743,2.1441,,,,,1.97,2.24,2.445,2.58
2018-05-04,1314.7,1321.0,1327.3,16.519,16.605,16.74,1314.5,16.5304,1309.35,1309.4,16.415,,,10.99,14.77,2.949660778,0.785191238,92.566,1.74715,1.88925,1.9852,2.1581,98.2375,98.105,98.0,97.985,1.97,2.24,2.445,2.58
2018-05-07,1314.1,1320.4,1326.7,16.495,16.582,16.717,1314.21,16.4742,1309.35,1309.4,16.415,,,11.32,14.75,2.949709415,0.777612627,92.74901,1.7496,1.8957,1.9912,2.16425,98.2675,98.125,98.025,98.015,1.98,2.24,2.445,2.58
2018-05-08,1313.7,1320.0,1326.3,16.472,16.56,16.698,1314.63,16.4844,1310.05,1306.6,16.445,,,11.5,14.71,2.975974321,0.807512999,93.12,1.7508,1.8972,1.9962,2.1701,98.275,98.13,98.03,98.015,1.98,2.24,2.41,2.59
2018-05-09,1313.0,1319.3,1325.6,16.539,16.628,16.767,1312.72,16.4933,1306.85,1313.85,16.44,,,11.39,13.42,3.004199505,0.815284193,93.04,1.7486,1.9052,2.0012,2.1811,98.27,98.125,98.025,98.01,1.99,2.29,2.41,2.6
2018-05-10,1322.3,1328.6,1334.8,16.759,16.849,16.988,1321.6,16.7203,1314.8,1318.8,16.6,,,11.42,13.23,2.962205887,0.79317987,92.65,1.7476,1.9102,2.00665,2.1881,98.2675,98.12,98.02,98.005,1.99,2.29,2.41,2.6
2018-05-11,1320.7,1327.0,1333.2,16.752,16.842,16.983,1319.3,16.6685,1324.8,1324.35,16.76,,,11.04,12.65,2.969507217,0.811361134,92.537,1.7566,1.91175,2.0102,2.1911,98.265,98.12,98.025,98.01,1.99,2.29,2.43,2.6
2018-05-14,1318.2,1324.3,1330.6,16.645,16.733,16.871,1313.5,16.5245,1320.7,1319.85,16.645,,,11.15,12.93,3.002427816,0.847426891,92.58701,1.7778,1.9169,2.0172,2.2001,98.265,98.12,98.02,98.005,2.0,2.29,2.43,2.6
2018-05-15,1290.3,1296.2,1302.5,16.269,16.355,16.491,1290.53,16.2675,1310.05,1295.0,16.41,,,11.91,14.63,3.072319746,0.893124819,93.219,1.7787,1.9212,2.0242,2.2111,98.2625,98.115,98.015,98.0,2.05,2.29,2.43,2.62
2018-05-16,1291.5,1297.4,1303.7,16.371,16.458,16.597,1290.73,16.3785,1291.75,1291.25,16.255,,,11.77,13.42,3.096378326,0.910501838,93.39201,1.7773,1.9252,2.02365,2.21525,98.2625,98.11,98.01,97.995,1.99,2.25,2.43,2.62
2018-05-17,1289.4,1295.2,1301.5,16.481,16.568,16.705,1290.79,16.4333,1288.85,1289.5,16.385,,,11.64,13.43,3.111236095,0.933981359,93.469,1.8035,1.9314,2.0302,2.2181,98.2625,98.11,98.01,97.995,1.98,2.25,2.43,2.62
2018-05-18,1291.3,1296.9,1303.1,16.455,16.541,16.677,1293.04,16.4436,1287.2,1288.3,16.39,,,11.11,13.42,3.055907249,0.897129834,93.637,1.8116,1.93185,2.0282,2.209,98.265,98.11,98.01,97.995,1.99,2.19,2.39,2.62
2018-05-21,1290.9,1296.4,1302.7,16.52,16.603,16.736,1292.6,16.5103,1285.85,1288.35,16.34,,,11.62,13.08,3.059633017,0.894648969,93.677,1.8302,1.9372,2.0322,2.2161,98.265,98.11,98.01,97.995,1.97,2.18,2.37,2.62
2018-05-22,1292.0,1297.4,1303.6,16.575,16.658,16.791,1291.14,16.545,1293.9,1293.05,16.58,,,10.9,13.22,3.059669971,0.899945676,93.609,1.8307,1.93725,2.0362,2.21565,98.2675,98.11,98.01,97.995,2.01,2.23,2.41,2.62
2018-05-23,1289.6,1294.8,1301.1,16.405,16.49,16.622,1293.41,16.453,1294.0,1289.0,16.53,,,11.18,12.58,2.993464708,0.852605402,94.00301,1.8226,1.9152,2.0002,2.1671,98.2675,98.125,98.035,98.025,2.01,2.24,2.5,2.64
2018-05-24,1304.4,1309.8,1316.1,16.687,16.772,16.903,1304.63,16.6665,1296.35,1304.85,16.51,,,10.99,12.53,2.976989508,0.852704167,93.775,1.8537,1.9312,2.0102,2.1711,98.2675,98.125,98.045,98.03,2.15,2.3,2.47,2.63
2018-05-25,1303.7,1309.0,1315.2,16.546,16.631,16.763,1302.25,16.511,1303.95,1303.5,16.67,,,10.31,13.22,2.931334257,0.833295345,94.253,1.854,1.9252,1.9952,2.1441,98.2675,98.125,98.045,98.035,2.12,2.3,2.47,2.63
2018-05-28,1303.7,1309.0,1315.2,16.546,16.631,16.763,1299.04,16.4741,1303.95,1303.5,16.67,,,10.31,13.22,2.931334257,0.833295345,94.418,1.8526,1.9172,1.9932,2.1471,98.2675,98.125,98.045,98.035,2.12,2.3,2.47,2.63
2018-05-29,1299.0,1304.1,1310.2,16.373,16.459,16.591,1298.77,16.365,1302.05,1295.5,16.475,,,12.33,17.02,2.780950785,0.737478852,94.82,1.8421,1.8992,1.9502,2.05275,98.2675,98.15,98.09,98.08,2.2,2.34,2.47,2.63
2018-05-30,1301.5,1306.5,1312.7,16.544,16.63,16.764,1301.38,16.5065,1298.6,1300.7,16.37,,,10.87,14.94,2.854952097,0.787112176,94.069,1.8634,1.9242,1.99285,2.1231,98.27,98.1375,98.065,98.05,2.25,2.36,2.5,2.63
2018-05-31,1300.1,1304.7,1310.8,16.458,16.543,16.676,1298.51,16.4275,1303.5,1305.35,16.55,,,10.92,15.43,2.858567953,0.776058555,93.979,1.87855,1.9262,2.0005,2.1362,98.135,98.055,98.04,98.02,2.25,2.36,2.46,2.63
2018-06-01,1299.3,1305.4,1311.7,16.441,16.527,16.659,1293.4,16.4117,1299.15,1294.6,16.42,,,10.58,13.46,2.902182817,0.796874106,94.156,1.8909,1.93735,2.02105,2.17365,98.1275,98.03,98.025,98.005,2.25,2.36,2.46,2.63
2018-06-04,1297.3,1303.4,1309.6,16.431,16.516,16.649,1292.02,16.415,1294.65,1295.45,16.44,,,10.54,12.74,2.942363739,0.814147055,94.038,1.9016,1.9442,2.0302,2.1941,98.1225,98.025,98.02,97.995,2.29,2.38,2.46,2.65
2018-06-05,1302.2,1308.3,1314.5,16.543,16.627,16.758,1296.4,16.484,1292.25,1292.05,16.385,,,10.46,12.4,2.927742004,0.796182215,93.876,1.9111,1.9462,2.02745,2.18545,98.1225,98.02,98.015,97.995,2.29,2.38,2.46,2.65
2018-06-06,1301.4,1307.4,1313.6,16.694,16.774,16.9,1296.4,16.679,1295.25,1300.1,16.545,,,10.31,11.64,2.971720695,0.817767262,93.614,1.9171,1.9512,2.03755,2.2051,98.12,98.02,98.015,97.995,2.32,2.38,2.49,2.65
2018-06-07,1303.0,1308.9,1315.1,16.815,16.893,17.019,1297.18,16.7095,1298.3,1297.25,16.745,,,10.55,12.13,2.920445204,0.785183251,93.435,1.9347,1.95145,2.0332,2.1941,98.1225,98.02,98.015,97.99,2.31,2.45,2.49,2.65
2018-06-08,1302.7,1308.8,1315.1,16.741,16.819,16.946,1298.17,16.7892,1299.2,1298.25,16.72,,,10.69,12.18,2.946095467,0.821573913,93.535,1.93995,1.95415,2.0342,2.1961,98.13,98.04,98.035,98.01,2.37,2.45,2.49,2.65
2018-06-11,1303.2,1309.3,1315.7,16.952,17.031,17.159,1300.49,16.9258,1296.05,1299.6,16.76,,,10.54,12.35,2.95160985,0.814766943,93.608,1.9506,1.95975,2.0462,2.2181,98.1275,98.035,98.035,98.005,2.35,2.4,2.49,2.65
2018-06-12,1299.4,1305.5,1311.9,16.891,16.97,17.098,1295.97,16.8625,1298.3,1298.65,16.855,,,10.52,12.34,2.960802794,0.826069951,93.818,1.9576,1.96595,2.0532,2.22965,98.13,98.04,98.04,98.01,2.41,2.4,2.49,2.65
2018-06-13,1301.3,1307.4,1313.8,16.991,17.071,17.199,1299.31,17.035,1294.4,1296.15,16.905,,,10.6,12.94,2.966331482,0.832207263,93.544,1.9536,1.9592,2.0512,2.2381,98.1375,98.055,98.055,98.025,2.38,2.4,2.49,2.69
2018-06-14,1308.3,1314.4,1320.8,17.262,17.342,17.47,1302.25,17.1745,1305.3,1302.75,17.125,,,9.83,12.12,2.935140848,0.807272732,94.879,1.9516,1.9584,2.0552,2.24485,98.14,98.055,98.055,98.025,2.32,2.36,2.48,2.69
2018-06-15,1278.5,1284.3,1290.7,16.48,16.557,16.68,1278.94,16.5672,1300.1,1285.25,17.225,,,10.65,11.98,2.920507431,0.793739438,94.788,1.9506,1.95735,2.0562,2.24335,98.145,98.06,98.06,98.03,2.32,2.34,2.47,2.66
2018-06-18,1280.1,1286.0,1292.3,16.44,16.516,16.637,1278.32,16.471,1281.25,1281.55,16.605,,,9.82,12.31,2.916850805,0.782625854,94.756,1.9501,1.9562,2.05665,2.2448,98.155,98.065,98.065,98.03,2.26,2.27,2.45,2.63
2018-06-19,1278.6,1284.4,1290.7,16.323,16.396,16.518,1274.66,16.3048,1279.0,1276.15,16.355,,,10.99,13.35,2.896726608,0.773238719,95.013,1.9528,1.9582,2.0562,2.23465,98.1525,98.065,98.065,98.03,2.24,2.25,2.42,2.63
2018-06-20,1274.5,1280.3,1286.5,16.309,16.382,16.503,1267.86,16.2843,1273.25,1274.2,16.285,,,11.08,12.79,2.938873053,0.811248362,95.124,1.9659,1.9762,2.07845,2.26465,98.1525,98.065,98.065,98.035,2.23,2.25,2.37,2.63
2018-06-21,1270.5,1276.3,1282.4,16.326,16.404,16.524,1267.19,16.3175,1263.7,1266.15,16.245,,,11.22,14.64,2.896728992,0.780281425,94.862,1.9736,1.9791,2.0812,2.2591,98.15,98.06,98.06,98.03,2.22,2.24,2.37,2.63
2018-06-22,1270.7,1276.4,1282.6,16.459,16.539,16.661,1270.56,16.4587,1269.7,1269.15,16.425,,,10.67,13.77,2.894903183,0.761572599,94.52,1.9748,1.9785,2.0772,2.25545,98.155,98.065,98.065,98.035,2.18,2.22,2.38,2.63
2018-06-25,1268.9,1274.7,1280.9,16.328,16.407,16.528,1265.64,16.3307,1269.8,1268.7,16.375,,,10.83,17.33,2.880270958,0.760786116,94.289,1.9706,1.9732,2.07505,2.2501,98.1625,98.065,98.065,98.035,2.23,2.25,2.4,2.63
2018-06-26,1259.9,1265.6,1271.8,16.25,16.331,16.449,1259.04,16.2975,1257.15,1260.3,16.225,,,10.97,15.92,2.876612902,0.747955859,94.676,1.96875,1.97475,2.0752,2.2491,98.1625,98.075,98.075,98.045,2.25,2.3,2.4,2.62
2018-06-27,1256.1,1261.9,1268.0,16.151,16.237,16.355,1252.35,16.0583,1256.8,1254.6,16.21,,,11.01,17.91,2.825551987,0.705975533,95.29,1.9661,1.9726,2.0741,2.23435,98.1625,98.075,98.075,98.045,2.3,2.3,2.4,2.62
2018-06-28,1251.0,1256.7,1262.8,15.951,16.041,16.159,1248.25,16.0033,1250.5,1251.55,16.11,,,11.03,16.85,2.83645916,0.727472425,95.312,1.9626,1.97855,2.0756,2.2385,98.1625,98.075,98.075,98.045,2.26,2.26,2.4,2.62
2018-06-29,1254.5,1260.2,1266.3,16.104,16.198,16.316,1252.6,16.1185,1250.55,1250.45,16.03,,,10.75,16.09,2.860143423,0.732822657,94.47,1.9636,1.9812,2.0822,2.2502,98.075,98.075,98.045,97.895,2.26,2.26,2.4,2.62
2018-07-02,1241.7,1247.1,1253.0,15.835,15.95,16.067,1242.04,15.851,1249.0,1247.8,15.98,,,11.75,15.6,2.871106386,0.730309486,94.871,1.96315,1.9838,2.0886,2.2571,98.075,98.075,98.045,97.9,2.2,2.25,2.41,2.62
2018-07-03,1253.5,1259.0,1264.8,16.043,16.158,16.274,1252.73,16.0205,1245.85,1251.75,15.93,,,11.41,16.14,2.830915213,0.697808266,94.591,1.9616,1.9902,2.0862,2.2531,98.07,98.075,98.045,97.9,2.17,2.23,2.43,2.62
2018-07-04,1253.5,1259.0,1264.8,16.043,16.158,16.274,1254.99,16.0839,1256.9,1255.65,16.045,,,11.41,16.14,2.830915213,0.697808266,94.531,1.964,1.9892,2.0912,2.2611,98.07,98.075,98.045,97.9,2.2,2.23,2.43,2.62
2018-07-05,1258.8,1264.2,1270.0,16.097,16.212,16.329,1257.91,16.0505,1252.5,1255.5,15.95,,,11.32,14.97,2.829078674,0.691006064,94.395,1.9601,1.991,2.09805,2.2721,98.07,98.075,98.045,97.885,2.19,2.25,2.45,2.62
2018-07-06,1255.8,1261.4,1267.2,16.069,16.184,16.306,1255.48,16.0472,1254.2,1255.35,15.995,,,10.65,13.37,2.821743011,0.68602407,93.963,1.9606,1.9912,2.0972,2.26775,98.07,98.075,98.045,97.885,2.19,2.26,2.45,2.63
2018-07-09,1259.6,1265.3,1271.1,16.139,16.256,16.377,1257.68,16.1158,1262.6,1262.05,16.205,,,10.55,12.69,2.856432438,0.720437527,94.077,1.9586,1.9932,2.1052,2.28385,98.07,98.075,98.045,97.885,2.19,2.26,2.46,2.63
2018-07-10,1255.4,1261.1,1266.9,16.087,16.204,16.326,1255.54,16.058,1253.7,1254.0,15.93,,,10.69,12.64,2.849107742,0.721361101,94.158,1.95775,1.9944,2.1102,2.287,98.0675,98.075,98.045,97.87,2.18,2.26,2.46,2.63
2018-07-11,1244.4,1250.0,1255.6,15.817,15.933,16.052,1241.96,15.803,1250.0,1251.4,15.915,,,11.25,13.63,2.849099159,0.730900049,94.719,1.9566,2.0002,2.1102,2.2901,98.0675,98.075,98.045,97.87,2.21,2.26,2.46,2.63
2018-07-12,1246.6,1252.0,1257.5,15.977,16.094,16.215,1247.39,15.9485,1244.85,1245.9,15.84,,,10.82,12.58,2.845431805,0.732690156,94.827,1.9566,2.0032,2.11675,2.2961,98.0675,98.075,98.045,97.87,2.21,2.3,2.46,2.63
2018-07-13,1241.2,1246.4,1251.9,15.815,15.931,16.052,1244.32,15.815,1240.5,1241.7,15.81,,,10.99,12.18,2.827117205,0.709614336,94.677,1.9566,2.0059,2.11835,2.2941,98.0675,98.075,98.035,97.865,2.2,2.26,2.46,2.63
2018-07-16,1239.7,1244.8,1250.3,15.812,15.927,16.048,1240.93,15.7885,1244.9,1241.1,15.81,,,11.46,12.83,2.858218193,0.747637868,94.511,1.9611,2.0142,2.1297,2.3141,98.0675,98.075,98.035,97.86,2.2,2.27,2.46,2.63
2018-07-17,1227.3,1232.3,1237.8,15.617,15.729,15.847,1227.54,15.5745,1243.65,1232.8,15.77,,,11.79,12.06,2.860045671,0.759819984,94.985,1.9638,2.02195,2.14265,2.3251,98.065,98.07,98.03,97.855,2.16,2.27,2.46,2.63
2018-07-18,1227.9,1232.9,1238.4,15.574,15.684,15.8,1227.51,15.5575,1223.45,1224.5,15.44,,,12.15,12.1,2.869215488,0.779829621,95.085,1.9646,2.0272,2.1442,2.328,98.065,98.07,98.03,97.85,2.15,2.27,2.46,2.63
2018-07-19,1224.0,1228.7,1234.0,15.402,15.508,15.621,1222.97,15.316,1217.4,1217.55,15.26,,,12.66,12.87,2.838042021,0.759098649,95.164,1.9651,2.0297,2.1442,2.32185,98.065,98.065,98.025,97.85,2.1,2.23,2.46,2.65
2018-07-20,1231.1,1235.5,1240.4,15.549,15.652,15.764,1229.53,15.5141,1224.85,1228.75,15.37,,,12.1,12.86,2.893119812,0.776134491,94.476,1.9626,2.0302,2.1448,2.32615,98.0675,98.065,98.025,97.85,2.07,2.2,2.44,2.63
2018-07-23,1225.6,1229.7,1234.4,15.425,15.525,15.636,1224.5,15.3792,1229.45,1224.95,15.485,,,12.22,12.62,2.954100609,0.831094503,94.632,1.9621,2.0342,2.1522,2.3436,98.0675,98.065,98.025,97.85,2.07,2.19,2.43,2.63
2018-07-24,1225.5,1230.0,1234.6,15.52,15.618,15.727,1224.52,15.465,1224.3,1228.35,15.51,,,11.74,12.41,2.948558331,0.826160014,94.613,1.9641,2.0357,2.1532,2.3426,98.07,98.055,98.015,97.84,2.06,2.2,2.4,2.63
2018-07-25,1231.8,1236.4,1241.0,15.589,15.688,15.795,1231.63,15.61,1230.55,1231.5,15.565,,,11.65,12.29,2.974551678,0.843441725,94.233,1.9641,2.0427,2.1587,2.3561,98.0725,98.055,98.015,97.83,2.06,2.2,2.4,2.63
2018-07-26,1225.7,1230.5,1235.3,15.495,15.594,15.7,1222.69,15.3813,1228.35,1228.25,15.535,,,11.43,12.14,2.976432562,0.850857556,94.785,1.9651,2.0472,2.1662,2.3676,98.075,98.06,98.02,97.835,2.1,2.25,2.41,2.63
2018-07-27,1223.0,1227.8,1232.7,15.493,15.591,15.696,1224.22,15.507,1219.15,1223.95,15.355,,,11.05,13.03,2.954206228,0.825337827,94.669,1.9646,2.0482,2.1672,2.3671,98.0775,98.06,98.02,97.835,2.13,2.27,2.42,2.63
2018-07-30,1221.3,1226.4,1231.5,15.537,15.635,15.74,1221.45,15.4867,1222.05,1223.8,15.49,,,11.18,14.26,2.972804785,0.839324236,94.348,1.9621,2.0532,2.1732,2.3681,98.0775,98.065,98.025,97.84,2.14,2.27,2.42,2.63
2018-07-31,1223.7,1228.5,1233.6,15.559,15.659,15.767,1224.15,15.523,1219.2,1220.95,15.43,,,11.21,12.83,2.95981431,0.830292642,94.554,1.9691,2.0542,2.1752,2.3661,98.0675,98.025,97.84,97.835,2.14,2.27,2.42,2.63
2018-08-01,1222.4,1227.6,1233.4,15.452,15.555,15.664,1215.96,15.3832,1222.75,1219.0,15.475,,,10.91,13.15,3.006396055,0.867418468,94.661,1.9596,2.0572,2.1752,2.3721,98.07,98.025,97.84,97.835,2.14,2.27,2.42,2.63
2018-08-02,1214.9,1220.1,1225.8,15.385,15.484,15.589,1207.83,15.3147,1217.6,1215.45,15.45,,,11.08,12.19,2.985908508,0.853411198,95.17,1.9541,2.0602,2.1777,2.3711,98.075,98.035,97.85,97.845,2.16,2.28,2.42,2.63
2018-08-03,1218.1,1223.2,1229.0,15.462,15.562,15.668,1214.9,15.418,1207.7,1216.3,15.36,,,10.77,11.64,2.94875741,0.826278269,95.161,1.9597,2.0622,2.1772,2.3631,98.08,98.04,97.855,97.85,2.15,2.26,2.42,2.63
2018-08-06,1212.6,1217.7,1223.5,15.348,15.446,15.551,1207.64,15.292,1212.0,1209.65,15.345,,,11.02,11.27,2.939486265,0.822180271,95.358,1.9567,2.0632,2.1802,2.3671,98.0875,98.045,97.855,97.85,2.15,2.24,2.45,2.63
2018-08-07,1213.3,1218.3,1223.9,15.373,15.472,15.58,1210.97,15.3853,1215.4,1212.35,15.465,,,11.11,10.93,2.972986937,0.838684678,95.186,1.9566,2.0672,2.1912,2.3811,98.09,98.045,97.855,97.85,2.15,2.26,2.45,2.63
2018-08-08,1216.2,1221.0,1226.6,15.432,15.53,15.639,1213.88,15.4272,1212.35,1209.55,15.345,,,11.43,10.85,2.959971666,0.830459237,95.092,1.9556,2.0732,2.1882,2.3781,98.0875,98.045,97.855,97.85,2.1,2.23,2.4,2.63
2018-08-09,1215.1,1219.9,1225.5,15.462,15.561,15.673,1212.47,15.4435,1215.5,1214.35,15.48,,,10.99,11.27,2.925778866,0.813176394,95.50401,1.9541,2.0757,2.1892,2.3706,98.0875,98.045,97.855,97.85,2.06,2.21,2.42,2.63
2018-08-10,1214.2,1219.0,1224.6,15.295,15.393,15.505,1210.57,15.313,1211.65,1214.4,15.375,,,11.78,13.16,2.873191118,0.771296561,96.357,1.9566,2.0742,2.1812,2.3501,98.0925,98.05,97.87,97.865,2.09,2.22,2.43,2.63
2018-08-13,1194.2,1198.9,1204.4,14.982,15.079,15.189,1193.5,14.998,1204.4,1200.35,15.185,,,11.73,14.78,2.878618717,0.778689981,96.39101,1.9546,2.0772,2.1862,2.3566,98.0925,98.05,97.865,97.86,2.11,2.22,2.43,2.61
2018-08-14,1196.1,1200.7,1206.3,15.053,15.15,15.26,1194.09,15.057,1195.3,1197.0,15.035,,,11.88,13.31,2.898544312,0.798431396,96.731,1.9536,2.0832,2.2002,2.3751,98.0925,98.05,97.86,97.855,2.14,2.25,2.43,2.61
2018-08-15,1180.5,1185.0,1190.5,14.454,14.549,14.656,1174.85,14.4425,1186.7,1182.0,14.825,,,13.16,14.64,2.862335682,0.772954762,96.69601,1.9556,2.0862,2.1992,2.3681,98.0925,98.045,97.85,97.85,2.16,2.25,2.42,2.61
2018-08-16,1179.6,1184.0,1189.5,14.713,14.808,14.913,1174.16,14.654,1179.65,1180.4,14.605,,,13.39,13.45,2.86594224,0.775425017,96.645,1.9576,2.0972,2.2072,2.3751,98.0925,98.045,97.85,97.85,2.15,2.26,2.43,2.61
2018-08-17,1179.8,1184.2,1189.7,14.631,14.725,14.83,1184.25,14.8038,1176.7,1178.4,14.66,,,12.89,12.64,2.860490322,0.771334112,96.10101,1.9626,2.0992,2.2052,2.3721,98.0925,98.045,97.85,97.85,2.15,2.26,2.43,2.61
2018-08-20,1190.2,1194.6,1200.1,14.67,14.762,14.863,1190.48,14.759,1188.75,1184.35,14.755,,,12.4,12.49,2.818960905,0.740968943,95.9,1.9576,2.0992,2.2022,2.3611,98.095,98.05,97.855,97.855,2.16,2.26,2.43,2.59
2018-08-21,1195.5,1200.0,1205.5,14.766,14.86,14.963,1195.99,14.785,1194.1,1190.95,14.785,,,11.86,12.86,2.829759359,0.745065987,95.256,1.9606,2.1042,2.2092,2.3661,98.095,98.05,97.855,97.855,2.16,2.27,2.44,2.59
2018-08-22,1198.7,1203.3,1208.8,14.75,14.85,14.953,1195.8,14.7605,1196.85,1196.65,14.81,,,11.81,12.25,2.818922997,0.731948018,95.146,1.9626,2.1102,2.2132,2.3701,98.095,98.045,97.85,97.845,2.17,2.27,2.44,2.59
2018-08-23,1189.3,1194.0,1199.5,14.542,14.642,14.744,1185.56,14.5028,1187.3,1192.35,14.625,,,11.6,12.41,2.826117754,0.732762516,95.66601,1.9632,2.1222,2.2302,2.3921,98.0925,98.04,97.84,97.835,2.2,2.25,2.45,2.61
2018-08-24,1208.6,1213.3,1218.8,14.794,14.901,15.006,1205.35,14.8204,1189.95,1197.7,14.62,,,11.71,11.99,2.809831381,0.705720186,95.146,1.9686,2.1242,2.2302,2.3901,98.09,98.035,97.835,97.83,2.16,2.26,2.45,2.62
2018-08-27,1211.2,1216.0,1221.6,14.859,14.972,15.078,1211.38,14.8975,1189.95,1197.7,14.62,,,11.77,12.16,2.845932007,0.731923044,94.77901,1.9691,2.1292,2.2382,2.4041,98.0875,98.035,97.83,97.825,2.16,2.26,2.45,2.62
2018-08-28,1209.5,1214.4,1220.0,14.774,14.899,15.009,1201.0,14.708,1212.75,1212.25,14.9,,,11.46,12.5,2.880362511,0.76232481,94.72,1.9708,2.1322,2.2442,2.4201,98.085,98.03,97.825,97.82,2.17,2.26,2.45,2.62
2018-08-29,1206.5,1211.5,1217.1,14.697,14.81,14.92,1206.6,14.757,1204.3,1204.2,14.69,,,11.25,12.25,2.88399148,0.765621662,94.60001,1.9716,2.1342,2.2472,2.4291,98.085,98.03,97.825,97.82,2.17,2.26,2.46,2.64
2018-08-30,1200.0,1205.0,1210.5,14.477,14.594,14.705,1199.98,14.5492,1202.35,1197.3,14.665,,,11.41,13.53,2.854952097,0.747518837,94.72301,2.0176,2.1452,2.2522,2.4211,98.0875,98.03,97.825,97.82,2.17,2.26,2.46,2.64
2018-08-31,1201.6,1206.7,1212.3,14.438,14.557,14.667,1201.15,14.5405,1206.85,1202.45,14.655,,,10.96,12.86,2.860355616,0.768115699,95.14001,2.0251,2.1452,2.2492,2.4151,98.04,97.835,97.83,97.755,2.15,2.26,2.46,2.64
2018-09-03,1201.6,1206.7,1212.3,14.438,14.557,14.667,1201.27,14.5173,1201.7,1200.05,14.525,,,10.96,12.86,2.860355616,0.768115699,95.14001,2.0241,2.1472,2.2512,2.4151,98.04,97.835,97.83,97.755,2.15,2.25,2.46,2.64
2018-09-04,1194.0,1199.1,1204.7,14.18,14.284,14.357,1191.52,14.156,1195.75,1190.85,14.25,,,11.42,13.16,2.898539305,0.793731749,95.439,2.0486,2.1492,2.2542,2.4271,98.0375,97.83,97.825,97.75,2.2,2.25,2.46,2.64
2018-09-05,1196.1,1201.3,1206.9,14.22,14.322,14.394,1196.73,14.188,1194.7,1196.7,14.17,,,11.24,13.91,2.90218544,0.80036521,95.18401,2.0516,2.1522,2.2582,2.4331,98.035,97.825,97.82,97.745,2.2,2.25,2.46,2.64
2018-09-06,1199.0,1204.3,1210.0,14.181,14.282,14.351,1199.98,14.1538,1204.3,1205.15,14.265,,,11.54,14.65,2.873051167,0.785481215,95.021,2.0656,2.1602,2.2642,2.4301,98.035,97.825,97.82,97.75,2.22,2.33,2.48,2.64
2018-09-07,1195.1,1200.4,1206.1,14.17,14.271,14.345,1196.93,14.1728,1200.75,1198.9,14.185,,,11.3,14.88,2.938755035,0.831967413,95.36501,2.0736,2.1637,2.2742,2.4591,98.035,97.825,97.82,97.745,2.2,2.28,2.45,2.64
2018-09-10,1194.5,1199.8,1205.5,14.181,14.286,14.36,1195.88,14.1765,1195.8,1196.6,14.215,,,11.33,14.16,2.931440353,0.82949394,95.15,2.0806,2.1657,2.2782,2.4621,98.035,97.825,97.82,97.74,2.2,2.27,2.45,2.64
2018-09-11,1196.8,1202.2,1207.9,14.153,14.26,14.335,1198.59,14.1413,1194.0,1189.85,14.125,,,11.26,13.22,2.975487709,0.852833271,95.24901,2.0972,2.1702,2.2882,2.4861,98.0325,97.82,97.815,97.735,2.22,2.27,2.45,2.64
2018-09-12,1205.5,1210.9,1216.7,14.293,14.402,14.478,1206.24,14.254,1197.8,1195.6,14.155,,,11.18,13.14,2.962639809,0.840358317,94.799,2.1046,2.1782,2.2922,2.4881,98.03,97.82,97.815,97.735,2.22,2.27,2.45,2.66
2018-09-13,1202.8,1208.2,1214.0,14.244,14.355,14.431,1201.47,14.168,1206.65,1209.8,14.225,,,11.15,12.37,2.970008373,0.866244495,94.51801,2.1246,2.1842,2.3022,2.4986,98.03,97.82,97.81,97.73,2.22,2.27,2.45,2.66
2018-09-14,1196.2,1201.1,1206.8,14.142,14.251,14.327,1194.85,14.0617,1206.2,1201.95,14.215,,,10.84,12.07,2.995856285,0.884746909,94.927,2.1336,2.1862,2.3052,2.5071,98.0275,97.82,97.81,97.73,2.21,2.27,2.45,2.66
2018-09-17,1201.2,1205.8,1211.5,14.223,14.334,14.411,1201.46,14.1833,1196.8,1201.9,14.17,,,10.85,13.68,2.986658812,0.878919661,94.496,2.1416,2.1897,2.3062,2.5031,98.0225,97.815,97.805,97.725,2.22,2.27,2.45,2.66
2018-09-18,1198.5,1202.9,1208.6,14.185,14.295,14.371,1198.36,14.1525,1199.4,1200.2,14.21,,,10.78,12.79,3.055135727,0.917556643,94.64001,2.1586,2.1972,2.3162,2.5201,98.015,97.81,97.8,97.72,2.22,2.27,2.5,2.66
2018-09-19,1203.9,1208.3,1214.0,14.28,14.385,14.459,1204.04,14.244,1203.0,1203.3,14.185,,,10.81,11.75,3.062603951,0.914237559,94.537,2.1656,2.2052,2.3212,2.5231,98.015,97.8,97.785,97.705,2.22,2.27,2.51,2.66
2018-09-20,1206.6,1211.3,1217.0,14.305,14.41,14.484,1207.18,14.3225,1203.0,1208.35,14.23,,,10.72,11.8,3.062644,0.9109178,93.912,2.1886,2.2202,2.3332,2.5271,98.015,97.795,97.78,97.7,2.26,2.34,2.53,2.7
2018-09-21,1196.6,1201.3,1206.9,14.359,14.464,14.538,1200.04,14.303,1207.6,1198.7,14.33,,,10.76,11.68,3.062766,0.9059994,94.22,2.1966,2.2267,2.3302,2.5211,98.01,97.79,97.775,97.695,2.3,2.34,2.55,2.7
2018-09-24,1199.6,1204.4,1210.1,14.341,14.445,14.519,1199.03,14.2555,1198.75,1202.75,14.315,,,10.97,12.2,3.088883877,0.927935839,94.18501,2.2056,2.2282,2.3312,2.5221,98.01,97.795,97.78,97.7,2.3,2.34,2.55,2.72
2018-09-25,1199.7,1205.1,1210.8,14.493,14.6,14.677,1201.22,14.4635,1199.45,1201.9,14.29,,,10.83,12.42,3.096395493,0.930513382,94.133,2.2166,2.2337,2.3362,2.5291,98.0075,97.79,97.775,97.695,2.35,2.42,2.59,2.72
2018-09-26,1194.4,1199.1,1204.7,14.401,14.508,14.585,1194.44,14.3265,1198.8,1194.25,14.475,,,10.76,12.89,3.048009157,0.897711396,94.193,2.2216,2.2472,2.3412,2.5281,98.0075,97.79,97.775,97.695,2.34,2.35,2.67,2.74
2018-09-27,1182.3,1187.4,1192.9,14.29,14.395,14.472,1182.83,14.2515,1196.0,1185.4,14.42,,,10.86,12.41,3.051765203,0.900274634,94.894,2.2201,2.2522,2.3492,2.5361,98.01,97.79,97.775,97.695,2.32,2.5,2.64,2.77
2018-09-28,1191.5,1196.2,1201.9,14.712,14.82,14.898,1190.88,14.6554,1183.5,1187.25,14.305,,,10.74,12.12,3.061189651,0.913876593,95.132,2.2236,2.2532,2.3492,2.5321,97.795,97.78,97.695,97.585,2.31,2.5,2.64,2.75
2018-10-01,1191.7,1197.4,1203.0,14.507,14.614,14.694,1188.99,14.489,1185.3,1189.35,14.55,,,11.03,12.0,3.083611727,0.93925482,95.298,2.2271,2.2592,2.3572,2.5441,97.7975,97.775,97.69,97.585,2.33,2.53,2.67,2.77
2018-10-02,1207.0,1212.7,1218.4,14.693,14.801,14.881,1203.32,14.691,1192.65,1204.7,14.505,,,11.24,12.05,3.063135386,0.925782025,95.507,2.2296,2.2642,2.3622,2.5456,97.8025,97.775,97.695,97.595,2.37,2.59,2.67,2.77
2018-10-03,1202.9,1208.6,1214.3,14.67,14.779,14.86,1197.35,14.635,1203.5,1201.2,14.735,,,11.21,11.61,3.18130374,1.012382507,95.762,2.2296,2.2717,2.3712,2.5741,97.8075,97.775,97.695,97.595,2.37,2.6,2.68,2.77
2018-10-04,1201.6,1207.4,1213.1,14.59,14.701,14.784,1199.92,14.595,1199.45,1203.45,14.63,,,11.59,14.22,3.187033892,1.023541689,95.75101,2.2326,2.2787,2.3827,2.5831,97.8075,97.775,97.69,97.59,2.43,2.72,2.74,2.81
2018-10-05,1205.6,1211.5,1217.4,14.649,14.767,14.852,1203.63,14.6339,1201.1,1203.8,14.635,,,11.64,14.82,3.23275876,1.058069587,95.62401,2.2316,2.2802,2.3842,2.5881,97.81,97.775,97.69,97.59,2.45,2.76,2.78,2.81
2018-10-08,1188.6,1194.5,1200.4,14.329,14.446,14.529,1188.08,14.3705,1194.8,1186.95,14.465,,,12.48,15.69,3.23275876,1.058069587,95.761,2.2316,2.2822,2.3872,2.5851,97.8125,97.78,97.695,97.59,2.44,2.75,2.78,2.8
2018-10-09,1191.5,1197.4,1203.3,14.4,14.517,14.601,1189.77,14.385,1187.4,1185.55,14.325,,,12.03,15.95,3.206304073,1.034169197,95.66801,2.2311,2.2827,2.3862,2.5881,97.8125,97.78,97.695,97.59,2.39,2.7,2.72,2.78
2018-10-10,1193.4,1199.3,1205.2,14.326,14.444,14.528,1194.79,14.3,1186.4,1188.6,14.375,,,12.51,22.96,3.16292119,1.007753134,95.508,2.2296,2.2817,2.3742,2.5641,97.815,97.78,97.69,97.585,2.36,2.67,2.72,2.8
2018-10-11,1227.6,1233.6,1239.7,14.606,14.726,14.81,1224.09,14.584,1201.1,1205.55,14.4,,,13.57,24.98,3.149793863,1.024055481,95.01701,2.2296,2.2842,2.3842,2.5701,97.8175,97.78,97.69,97.595,2.38,2.69,2.72,2.8
2018-10-12,1222.0,1227.9,1233.8,14.635,14.754,14.835,1217.05,14.5794,1218.75,1219.75,14.6,,,12.76,21.31,3.16129899,1.034550905,95.22101,2.2296,2.2912,2.3912,2.5771,97.8175,97.78,97.69,97.59,2.38,2.69,2.75,2.79
2018-10-15,1230.3,1236.3,1242.2,14.727,14.847,14.928,1227.06,14.6943,1233.0,1229.95,14.74,,,13.13,21.3,3.15570426,1.024350166,95.05901,2.2296,2.2922,2.3932,2.5781,97.8175,97.775,97.685,97.585,2.38,2.69,2.71,2.78
2018-10-16,1231.0,1236.9,1242.8,14.701,14.819,14.899,1224.95,14.6635,1228.85,1230.7,14.755,,,12.2,17.62,3.163319111,1.031276107,95.048,2.2296,2.2922,2.3942,2.5811,97.8175,97.77,97.685,97.59,2.39,2.68,2.69,2.78
2018-10-17,1227.4,1233.3,1239.2,14.663,14.782,14.862,1222.29,14.61,1226.75,1229.05,14.65,,,12.14,17.4,3.205020905,1.067413211,95.575,2.2316,2.3042,2.4032,2.5951,97.8175,97.765,97.68,97.585,2.41,2.67,2.68,2.78
2018-10-18,1230.1,1236.1,1242.0,14.604,14.722,14.8,1225.81,14.5755,1224.6,1223.0,14.515,,,12.23,20.06,3.178576708,1.064917684,95.9,2.2386,2.3137,2.4162,2.5991,97.8175,97.76,97.67,97.575,2.42,2.7,2.71,2.8
2018-10-19,1228.7,1234.6,1240.7,14.65,14.765,14.845,1226.49,14.6189,1228.25,1227.85,14.61,,,11.76,19.89,3.192050219,1.075507998,95.71301,2.2416,2.3212,2.4262,2.6111,97.8175,97.76,97.67,97.57,2.42,2.71,2.72,2.8
2018-10-22,1224.6,1230.6,1236.6,14.587,14.702,14.783,1222.1,14.5632,1222.9,1222.3,14.63,,,11.68,19.64,3.197814226,1.085082293,96.01301,2.2416,2.3232,2.4282,2.61505,97.8175,97.755,97.665,97.565,2.42,2.7,2.7,2.82
2018-10-23,1236.8,1242.9,1249.0,14.793,14.914,14.996,1230.3,14.7347,1235.6,1235.95,14.715,,,12.31,20.71,3.167572021,1.074821353,95.96101,2.2426,2.3192,2.4182,2.5966,97.82,97.755,97.665,97.565,2.42,2.71,2.71,2.8
2018-10-24,1231.1,1237.2,1243.2,14.676,14.795,14.876,1233.79,14.6855,1231.65,1230.55,14.745,,,13.11,25.23,3.103494406,1.029307246,96.43401,2.2436,2.3182,2.4042,2.5681,97.8175,97.76,97.67,97.58,2.44,2.71,2.71,2.8
2018-10-25,1232.4,1238.6,1244.6,14.63,14.75,14.831,1232.17,14.6438,1232.15,1230.8,14.74,,,12.3,24.22,3.11672473,1.065512419,96.679,2.2436,2.3242,2.4182,2.5891,97.8175,97.765,97.68,97.585,2.38,2.69,2.7,2.77
2018-10-26,1235.8,1241.9,1248.0,14.7,14.82,14.901,1233.53,14.6964,1236.05,1233.85,14.69,,,12.92,24.16,3.075507641,1.004718423,96.359,2.2396,2.3197,2.4112,2.5741,97.8175,97.77,97.685,97.595,2.38,2.69,2.7,2.76
2018-10-29,1227.6,1233.7,1239.7,14.442,14.562,14.644,1229.42,14.458,1230.75,1230.8,14.65,,,12.98,24.7,3.084948301,1.020233393,96.579,2.2414,2.3247,2.4157,2.5811,97.8175,97.775,97.69,97.6,2.38,2.71,2.71,2.76
2018-10-30,1225.3,1231.3,1237.4,14.462,14.581,14.663,1222.93,14.4725,1220.0,1225.4,14.425,,,12.3,23.35,3.122667789,1.063350201,97.011,2.2426,2.3302,2.4242,2.5971,97.8175,97.775,97.69,97.6,2.37,2.69,2.7,2.75
2018-10-31,1215.0,1220.8,1226.8,14.282,14.399,14.484,1214.76,14.2485,1217.7,1214.95,14.34,,,12.08,21.23,3.143508196,1.079844952,97.12701,2.2446,2.3402,2.4322,2.6101,97.7775,97.685,97.595,97.59,2.38,2.7,2.7,2.75
2018-11-01,1238.6,1244.5,1250.7,14.777,14.898,14.981,1233.43,14.7455,1223.25,1231.15,14.45,,,12.6,19.34,3.130338669,1.098974109,96.27701,2.2446,2.3402,2.4332,2.5981,97.775,97.69,97.605,97.6,2.38,2.7,2.7,2.75
2018-11-02,1233.3,1239.3,1245.4,14.756,14.878,14.964,1232.89,14.7146,1235.5,1232.1,14.82,,,12.5,19.51,3.212136745,1.149669528,96.54201,2.2446,2.3482,2.4442,2.6241,97.775,97.69,97.605,97.6,2.37,2.72,2.7,2.75
2018-11-05,1232.3,1238.4,1244.6,14.647,14.771,14.858,1231.49,14.6412,1231.6,1232.25,14.735,,,12.39,19.96,3.200787306,1.131490827,96.27901,2.2419,2.3487,2.4442,2.6271,97.7725,97.685,97.605,97.6,2.37,2.72,2.72,2.78
2018-11-06,1226.3,1232.4,1238.5,14.5,14.624,14.71,1227.19,14.537,1234.85,1231.6,14.7,,,12.47,19.91,3.227560759,1.150758028,96.317,2.2446,2.3522,2.4542,2.6441,97.77,97.685,97.6,97.595,2.38,2.73,2.74,2.78
2018-11-07,1228.7,1234.8,1240.9,14.569,14.694,14.782,1226.49,14.5782,1235.05,1229.95,14.67,,,11.23,16.36,3.235482454,1.151738882,95.997,2.2466,2.3612,2.4642,2.6611,97.7725,97.68,97.59,97.585,2.36,2.75,2.75,2.78
2018-11-08,1225.1,1231.2,1237.4,14.423,14.547,14.638,1224.0,14.4427,1223.45,1224.15,14.49,,,11.41,16.72,3.237334013,1.160576344,96.72401,2.2526,2.3722,2.4752,2.6701,97.7725,97.675,97.585,97.58,2.38,2.75,2.75,2.82
2018-11-09,1208.6,1214.6,1220.8,14.14,14.261,14.354,1209.65,14.1558,1219.05,1211.4,14.34,,,11.44,17.36,3.181932688,1.13047266,96.90501,2.2551,2.3762,2.4772,2.65905,97.775,97.685,97.595,97.59,2.38,2.8,2.8,2.82
2018-11-12,1203.5,1209.4,1215.4,14.011,14.134,14.229,1200.37,13.9986,1207.05,1205.55,14.16,,,12.13,20.45,3.181932688,1.13047266,97.54201,2.2556,2.3802,2.4732,2.6581,97.775,97.685,97.6,97.595,2.36,2.8,2.8,2.82
2018-11-13,1201.4,1207.3,1213.4,13.977,14.098,14.193,1202.23,14.0007,1197.55,1202.1,14.02,,,12.19,20.02,3.139661789,1.107066512,97.303,2.2516,2.3722,2.4664,2.63685,97.7775,97.685,97.595,97.59,2.3,2.8,2.8,2.82
2018-11-14,1210.1,1216.0,1222.0,14.08,14.203,14.298,1210.88,14.1367,1201.45,1203.25,13.97,,,12.88,21.25,3.125,1.11412549,96.803,2.2506,2.3717,2.4622,2.62525,97.775,97.685,97.595,97.59,2.27,2.82,2.83,2.85
2018-11-15,1215.0,1221.1,1227.2,14.263,14.386,14.479,1213.36,14.2978,1210.6,1211.85,14.13,,,12.12,19.98,3.110347986,1.097693205,96.927,2.2516,2.3742,2.4652,2.6201,97.7725,97.685,97.605,97.6,2.29,2.86,2.86,2.87
2018-11-16,1223.0,1229.0,1234.9,14.382,14.509,14.602,1223.36,14.4245,1215.8,1222.4,14.285,,,12.05,18.14,3.062833309,1.037257791,96.465,2.2506,2.3692,2.4502,2.5881,97.7675,97.685,97.605,97.6,2.3,2.88,2.88,2.89
2018-11-19,1225.3,1231.1,1237.1,14.403,14.527,14.619,1224.17,14.4265,1223.55,1221.6,14.36,,,12.57,20.1,3.062811375,1.064187884,96.193,2.2546,2.373,2.4537,2.5843,97.77,97.69,97.61,97.61,2.35,2.87,2.86,2.88
2018-11-20,1221.2,1227.0,1232.9,14.269,14.389,14.48,1221.66,14.3215,1223.1,1223.0,14.44,,,12.63,22.48,3.062789679,1.08511734,96.83601,2.2706,2.3822,2.4632,2.5989,97.7675,97.69,97.61,97.605,2.4,2.87,2.87,2.88
2018-11-21,1228.0,1233.8,1239.7,14.502,14.625,14.719,1226.04,14.5028,1224.0,1226.1,14.42,,,12.12,20.8,3.062746048,1.077474236,96.71201,2.2856,2.3892,2.4722,2.6001,97.7675,97.685,97.6,97.595,2.4,2.9,2.9,2.93
2018-11-22,1228.0,1233.8,1239.7,14.502,14.625,14.719,1228.64,14.51,1228.25,1227.05,14.52,,,12.12,20.8,3.062746048,1.077474236,96.71201,2.2926,2.3972,2.4772,2.6031,97.7675,97.685,97.6,97.595,2.41,2.91,2.92,2.93
2018-11-23,1223.2,1229.1,1235.0,14.243,14.367,14.462,1223.05,14.29,1222.15,1223.65,14.255,,,12.1,21.52,3.038984776,1.075132966,96.91601,2.2921,2.3952,2.4742,2.5951,97.7725,97.685,97.6,97.595,2.38,2.93,2.92,2.93
2018-11-26,1222.4,1228.7,1234.6,14.205,14.343,14.438,1222.4,14.227,1226.65,1223.4,14.38,,,11.83,18.9,3.05353713,1.096993089,97.07401,2.3016,2.4028,2.4832,2.6081,97.775,97.685,97.595,97.59,2.4,2.92,2.91,2.93
2018-11-27,1213.4,1219.9,1225.7,14.084,14.221,14.313,1215.05,14.1497,1225.05,1221.2,14.275,,,12.01,19.02,3.057162762,1.143412471,97.369,2.3156,2.4072,2.4892,2.6141,97.775,97.685,97.595,97.585,2.4,2.9,2.91,2.93
2018-11-28,1223.6,1229.8,1235.7,14.325,14.455,14.546,1221.23,14.3265,1213.2,1213.25,14.15,,,11.43,18.49,3.058965683,1.112022281,96.786,2.3196,2.41045,2.49175,2.6031,97.7775,97.685,97.59,97.58,2.4,2.85,2.88,2.92
2018-11-29,1224.1,1230.4,1236.3,14.273,14.402,14.492,1224.21,14.3118,1226.45,1226.25,14.265,,,11.39,18.79,3.029769421,1.044194698,96.77801,2.3366,2.4132,2.49145,2.6011,97.7775,97.69,97.595,97.59,2.95,2.85,2.87,2.88
2018-11-30,1220.2,1226.0,1231.8,14.094,14.217,14.307,1220.52,14.2048,1220.45,1217.55,14.235,,,11.26,18.07,2.987861395,1.019277692,97.272,2.3366,2.4102,2.4882,2.59225,97.69,97.595,97.59,97.535,2.95,2.85,2.88,2.92
2018-12-03,1239.6,1245.5,1251.6,14.499,14.591,14.682,1230.67,14.3877,1231.05,1230.3,14.385,,,10.93,16.44,2.969688892,1.007225037,97.04,2.3556,2.419,2.4991,2.6111,97.695,97.59,97.575,97.525,2.97,2.86,2.87,2.91
2018-12-04,1246.6,1252.5,1258.8,14.64,14.732,14.821,1238.54,14.5285,1239.25,1240.3,14.545,,,11.63,20.74,2.91356492,0.970191658,96.965,2.3524,2.4137,2.4879,2.59385,97.6875,97.595,97.585,97.535,2.99,2.84,2.86,2.91
2018-12-05,1242.6,1248.6,1254.8,14.582,14.673,14.763,1237.29,14.5025,1236.15,1235.9,14.48,,,11.63,20.74,2.91356492,0.970191658,97.07001,2.3531,2.4132,2.4982,2.5991,97.6875,97.595,97.585,97.535,3.0,2.83,2.86,2.88
2018-12-06,1243.6,1249.6,1255.9,14.509,14.597,14.686,1237.78,14.4713,1236.45,1242.55,14.38,,,11.61,21.19,2.895493507,0.985800982,96.81001,2.3671,2.41145,2.4732,2.5641,97.6825,97.61,97.6,97.56,3.1,2.93,2.88,2.87
2018-12-07,1252.6,1258.7,1265.1,14.696,14.782,14.868,1249.31,14.625,1241.2,1243.3,14.485,,,12.22,23.23,2.845002651,0.94110477,96.51401,2.3706,2.4102,2.4602,2.5371,97.685,97.615,97.605,97.565,3.25,3.01,2.9,2.88
2018-12-10,1249.4,1255.6,1261.9,14.605,14.691,14.776,1244.46,14.53,1246.8,1245.35,14.53,,,12.04,22.64,2.857488632,0.996450663,97.219,2.3761,2.4122,2.4552,2.5331,97.6875,97.615,97.605,97.57,3.4,3.03,2.9,2.88
2018-12-11,1247.2,1253.4,1259.7,14.628,14.713,14.797,1243.25,14.566,1248.25,1245.3,14.64,,,11.46,21.76,2.878988266,1.049518347,97.38801,2.3846,2.4202,2.4732,2.55755,97.685,97.605,97.595,97.56,3.35,2.99,2.9,2.88
2018-12-12,1250.0,1256.2,1262.6,14.851,14.935,15.021,1245.66,14.737,1244.75,1245.75,14.655,,,11.29,21.46,2.90956521,1.072282076,97.04401,2.3936,2.4267,2.4852,2.5801,97.68,97.595,97.585,97.545,3.2,2.95,2.88,2.88
2018-12-13,1247.4,1253.6,1260.0,14.855,14.938,15.022,1241.99,14.7505,1244.45,1242.75,14.68,,,10.69,20.65,2.913120747,1.06975019,97.064,2.4116,2.4342,2.4902,2.5781,97.6825,97.59,97.58,97.54,2.95,2.86,2.85,2.87
2018-12-14,1241.4,1247.5,1253.9,14.637,14.722,14.804,1239.02,14.5811,1239.15,1235.35,14.58,,,10.77,21.63,2.889485359,1.059530616,97.44301,2.4146,2.43085,2.4822,2.5661,97.6725,97.585,97.575,97.54,2.9,2.8,2.82,2.85
2018-12-17,1251.8,1258.0,1264.4,14.759,14.844,14.928,1245.85,14.6635,1239.1,1241.65,14.6,,,11.75,24.52,2.857009411,1.039547324,97.10001,2.4066,2.4187,2.4632,2.5342,97.67,97.59,97.585,97.555,2.8,2.78,2.8,2.8
2018-12-18,1253.6,1259.8,1266.1,14.701,14.787,14.872,1249.42,14.6395,1248.8,1246.3,14.655,,,12.18,25.58,2.817451715,0.998730183,97.104,2.4086,2.4187,2.4482,2.5061,97.6625,97.585,97.58,97.57,2.77,2.75,2.77,2.77
2018-12-19,1256.4,1262.6,1268.9,14.818,14.904,14.987,1243.08,14.598,1248.6,1255.0,14.645,,,11.4,25.58,2.754847527,0.971041024,97.035,2.4446,2.4517,2.4852,2.5371,97.65,97.56,97.56,97.54,2.85,2.79,2.78,2.78
2018-12-20,1267.9,1274.2,1280.5,14.869,14.956,15.039,1259.86,14.7668,1255.0,1259.75,14.77,,,12.45,28.38,2.80654788,1.025838017,96.276,2.4462,2.4542,2.4892,2.5491,97.65,97.55,97.555,97.54,2.9,2.84,2.82,2.84
2018-12-21,1258.1,1264.2,1270.5,14.702,14.788,14.873,1256.94,14.6529,1257.6,1258.15,14.69,,,11.97,30.11,2.790194511,1.024322629,96.956,2.4446,2.4472,2.4772,2.52825,97.66,97.56,97.575,97.56,2.88,2.84,2.83,2.84
2018-12-24,1271.8,1278.0,1284.3,14.82,14.905,14.99,1269.22,14.775,1261.25,1258.15,14.675,,,14.8,36.07,2.73825407,0.987906575,96.553,2.4456,2.4402,2.4612,2.4861,97.6625,97.56,97.575,97.56,2.78,2.78,2.78,2.81
2018-12-25,1271.8,1278.0,1284.3,14.82,14.905,14.99,1268.54,14.7734,1261.25,1258.15,14.675,,,14.8,36.07,2.73825407,0.987906575,96.581,2.4456,2.4402,2.4602,2.4861,97.6625,97.56,97.575,97.56,2.78,2.78,2.78,2.81
2018-12-26,1273.0,1279.2,1285.5,15.123,15.212,15.297,1267.14,15.0355,1261.25,1258.15,14.675,,,14.47,30.41,2.807860851,1.02978611,97.05,2.4451,2.4462,2.4692,2.50985,97.6625,97.56,97.575,97.565,2.78,2.78,2.78,2.81
2018-12-27,1281.1,1287.4,1293.8,15.31,15.398,15.483,1275.71,15.2275,1271.1,1268.0,15.055,,,15.18,29.96,2.766607285,1.008057833,96.481,2.4451,2.445,2.4552,2.48385,97.6625,97.57,97.585,97.58,2.55,2.65,2.72,2.75
2018-12-28,1283.0,1289.3,1295.7,15.436,15.521,15.606,1280.71,15.3839,1277.25,1279.0,15.295,,,14.56,28.34,2.718180656,0.984755218,96.40201,2.4416,2.4482,2.4602,2.4721,97.665,97.57,97.585,97.575,2.65,2.7,2.75,2.75
2018-12-31,1281.3,1287.7,1294.2,15.54,15.626,15.711,1282.49,15.495,1281.65,1279.0,15.465,,,13.48,25.42,2.684208632,0.969229102,96.173,2.4436,2.4472,2.4582,2.4741,97.55,97.58,97.575,97.57,2.65,2.75,2.77,2.8
2019-01-01,1281.3,1287.7,1294.2,15.54,15.626,15.711,1282.6,15.51,1281.65,1279.0,15.465,,,13.48,25.42,2.684208632,0.969229102,96.085,2.4441,2.4472,2.4572,2.4741,97.55,97.58,97.575,97.57,2.65,2.75,2.77,2.8
2019-01-02,1284.1,1290.5,1296.9,15.649,15.735,15.819,1284.59,15.5217,1287.2,1282.9,15.44,,,13.18,23.22,2.620401382,0.929378152,96.81901,2.4436,2.4452,2.4542,2.4621,97.525,97.585,97.575,97.57,2.59,2.68,2.71,2.76
2019-01-03,1294.8,1301.2,1307.7,15.797,15.885,15.974,1294.28,15.7415,1287.95,1290.45,15.535,,,13.77,25.45,2.553450346,0.87155962,96.30501,2.4406,2.4332,2.4192,2.3831,97.5225,97.595,97.59,97.6,2.7,2.75,2.76,2.77
2019-01-04,1285.8,1292.2,1298.7,15.786,15.876,15.966,1286.05,15.6988,1290.35,1279.9,15.705,,,12.04,21.38,2.667688608,0.904468715,96.179,2.4436,2.44405,2.4483,2.4481,97.5275,97.59,97.58,97.585,2.7,2.74,2.75,2.73
2019-01-07,1289.9,1296.4,1302.9,15.756,15.846,15.935,1289.21,15.6535,1291.5,1292.2,15.75,,,11.66,21.4,2.696003675,0.912299693,95.66601,2.4446,2.44765,2.4569,2.4711,97.5275,97.58,97.57,97.58,2.61,2.68,2.73,2.74
2019-01-08,1285.9,1292.4,1298.8,15.713,15.806,15.898,1285.39,15.6543,1283.9,1286.45,15.64,,,11.16,20.47,2.727981091,0.901959419,95.90301,2.4466,2.4532,2.4752,2.5051,97.5275,97.57,97.545,97.555,2.62,2.68,2.69,2.72
2019-01-09,1292.0,1298.5,1304.9,15.735,15.831,15.92,1293.56,15.7535,1281.3,1288.6,15.62,,,11.69,19.98,2.710042715,0.880393684,95.219,2.4446,2.4492,2.46495,2.48335,97.5225,97.565,97.54,97.55,2.63,2.67,2.67,2.72
2019-01-10,1287.4,1294.0,1300.5,15.643,15.739,15.829,1286.65,15.5685,1292.4,1291.9,15.705,,,10.95,19.5,2.742083311,0.92196995,95.539,2.4456,2.4532,2.4732,2.4981,97.52,97.565,97.54,97.55,2.65,2.69,2.71,2.72
2019-01-11,1289.5,1296.1,1302.7,15.656,15.751,15.841,1290.25,15.597,1292.8,1288.95,15.68,,,11.0,18.19,2.700716734,0.865856051,95.67001,2.4459,2.45015,2.4682,2.4881,97.5225,97.57,97.545,97.555,2.65,2.69,2.7,2.71
2019-01-14,1291.3,1298.0,1304.6,15.686,15.781,15.871,1291.72,15.6493,1293.7,1292.75,15.615,,,11.06,19.07,2.702395916,0.895284891,95.61001,2.4446,2.4482,2.4642,2.4821,97.525,97.57,97.545,97.555,2.6,2.7,2.7,2.71
2019-01-15,1288.4,1294.9,1301.3,15.62,15.711,15.801,1289.51,15.5802,1289.35,1294.4,15.6,,,11.06,18.6,2.711215019,0.896191299,96.039,2.4446,2.4472,2.4622,2.48105,97.5275,97.57,97.545,97.56,2.6,2.67,2.67,2.71
2019-01-16,1293.8,1300.3,1306.6,15.638,15.729,15.82,1293.67,15.5925,1290.5,1292.3,15.54,,,11.08,19.04,2.721833706,0.90229851,96.05901,2.4446,2.4452,2.4582,2.47545,97.525,97.565,97.54,97.56,2.58,2.62,2.64,2.68
2019-01-17,1292.3,1298.7,1305.0,15.536,15.628,15.718,1292.05,15.5278,1294.0,1290.7,15.575,,,10.9,18.06,2.750384092,0.925781488,96.065,2.4451,2.44875,2.46365,2.4883,97.525,97.565,97.54,97.55,2.58,2.63,2.64,2.68
2019-01-18,1282.6,1288.9,1295.2,15.399,15.489,15.579,1282.11,15.3387,1285.05,1284.2,15.47,,,11.12,17.8,2.784173012,0.956621885,96.33601,2.4456,2.4512,2.4752,2.5151,97.525,97.555,97.53,97.545,2.56,2.63,2.64,2.68
2019-01-21,1282.6,1288.9,1295.2,15.399,15.489,15.579,1280.47,15.27,1278.7,1279.55,15.26,,,11.12,17.8,2.784173012,0.956621885,96.33601,2.4456,2.4512,2.4712,2.5091,97.525,97.555,97.53,97.545,2.54,2.63,2.64,2.68
2019-01-22,1283.4,1289.5,1295.9,15.325,15.415,15.503,1285.22,15.3385,1284.75,1282.1,15.26,,,10.77,20.8,2.739157677,0.937596262,96.303,2.4456,2.4496,2.4662,2.4931,97.525,97.555,97.535,97.55,2.55,2.59,2.64,2.68
2019-01-23,1284.0,1290.2,1296.7,15.38,15.471,15.559,1282.72,15.371,1284.9,1279.8,15.385,,,10.61,19.52,2.740856886,0.944209635,96.123,2.4496,2.4542,2.4702,2.4961,97.525,97.56,97.53,97.55,2.55,2.61,2.64,2.68
2019-01-24,1279.8,1285.9,1292.3,15.3,15.392,15.479,1281.21,15.3195,1279.75,1283.7,15.3,,,10.37,18.89,2.71566987,0.93842268,96.60101,2.4506,2.4532,2.4672,2.4901,97.525,97.555,97.525,97.545,2.62,2.65,2.68,2.7
2019-01-25,1298.1,1304.2,1310.6,15.699,15.791,15.88,1305.25,15.7675,1282.95,1293.9,15.375,,,11.12,17.42,2.758454323,0.97236675,95.79401,2.4496,2.4552,2.4752,2.5101,97.525,97.56,97.53,97.55,2.6,2.65,2.68,2.7
2019-01-28,1303.1,1309.3,1315.9,15.765,15.858,15.948,1303.36,15.744,1301.0,1302.15,15.685,,,11.04,18.87,2.743979454,0.96822089,95.746,2.4471,2.4498,2.4662,2.49725,97.5275,97.56,97.535,97.555,2.6,2.64,2.65,2.7
2019-01-29,1308.9,1315.2,1321.7,15.839,15.933,16.025,1311.79,15.8385,1308.35,1307.55,15.855,,,11.25,19.13,2.709793329,0.932639182,95.82101,2.4471,2.4502,2.4682,2.4971,97.5275,97.5625,97.535,97.56,2.61,2.64,2.65,2.7
2019-01-30,1309.9,1315.5,1321.9,15.927,16.021,16.113,1319.91,16.066,1312.95,1310.7,15.915,,,11.14,17.66,2.677489042,0.846295714,95.34,2.4451,2.4482,2.4552,2.4691,97.5275,97.5625,97.54,97.565,2.6,2.64,2.65,2.68
2019-01-31,1319.7,1325.2,1331.6,16.072,16.166,16.257,1321.25,16.061,1322.5,1323.25,16.075,,,10.74,16.57,2.62925148,0.763927937,95.578,2.4436,2.4462,2.4442,2.43545,97.565,97.54,97.565,97.57,2.62,2.64,2.64,2.65
2019-02-01,1322.1,1328.6,1334.7,15.931,16.026,16.118,1317.98,15.9106,1320.75,1318.7,16.01,,,10.12,16.14,2.684206963,0.810269713,95.579,2.4441,2.4452,2.4492,2.4511,97.565,97.535,97.565,97.57,2.62,2.64,2.64,2.65
2019-02-04,1319.3,1325.8,1332.0,15.886,15.984,16.076,1312.25,15.8685,1311.0,1312.15,15.745,,,10.11,15.73,2.723546982,0.847895086,95.85201,2.4436,2.4467,2.4542,2.4661,97.565,97.535,97.565,97.565,2.63,2.64,2.64,2.69
2019-02-05,1319.2,1325.8,1332.1,15.836,15.935,16.027,1315.32,15.8505,1314.0,1314.2,15.865,,,10.14,15.57,2.698322773,0.820860803,96.067,2.4436,2.4452,2.4512,2.4611,97.5725,97.535,97.57,97.57,2.63,2.65,2.65,2.69
2019-02-06,1314.4,1320.9,1327.2,15.701,15.8,15.892,1306.6,15.6737,1313.35,1312.4,15.73,,,9.76,15.38,2.694633484,0.834763169,96.39001,2.4446,2.4491,2.4542,2.46425,97.57,97.53,97.555,97.565,2.65,2.65,2.65,2.69
2019-02-07,1314.2,1320.7,1326.9,15.713,15.811,15.906,1310.11,15.736,1306.6,1310.0,15.71,,,9.72,16.37,2.657212257,0.814287126,96.507,2.4426,2.4427,2.4442,2.4461,97.5725,97.535,97.565,97.575,2.65,2.68,2.68,2.69
2019-02-08,1318.5,1325.0,1331.1,15.809,15.907,16.004,1314.29,15.8242,1311.1,1314.85,15.78,,,9.89,15.72,2.633937597,0.804421663,96.637,2.4426,2.4422,2.4412,2.4391,97.575,97.535,97.57,97.58,2.63,2.64,2.64,2.65
2019-02-11,1311.9,1318.4,1324.5,15.69,15.788,15.886,1308.12,15.7075,1306.75,1306.4,15.705,,,10.18,15.97,2.653628111,0.82732749,97.05701,2.4426,2.4432,2.4432,2.4451,97.5775,97.53,97.565,97.575,2.62,2.64,2.64,2.67
2019-02-12,1314.0,1320.4,1326.5,15.69,15.788,15.884,1310.8,15.7065,1311.6,1310.0,15.81,,,10.03,15.43,2.687730074,0.844548166,96.70901,2.4426,2.44385,2.44795,2.45365,97.5825,97.53,97.56,97.57,2.61,2.65,2.65,2.67
2019-02-13,1315.1,1321.6,1327.6,15.652,15.748,15.844,1306.27,15.5715,1311.15,1312.8,15.695,,,9.55,15.65,2.702123404,0.833044112,97.12901,2.44255,2.4452,2.4512,2.4661,97.5825,97.53,97.56,97.57,2.6,2.64,2.64,2.67
2019-02-14,1313.9,1320.4,1326.4,15.528,15.622,15.717,1312.57,15.6215,1305.65,1311.45,15.58,,,9.92,16.22,2.653628111,0.793711007,96.978,2.4446,2.44385,2.4462,2.4481,97.5825,97.52,97.555,97.57,2.6,2.63,2.64,2.67
2019-02-15,1322.1,1328.5,1334.6,15.743,15.84,15.935,1322.49,15.7875,1318.0,1316.55,15.675,,,10.16,14.91,2.662606001,0.795259893,96.90401,2.4426,2.4442,2.44685,2.4551,97.585,97.525,97.56,97.57,2.6,2.63,2.64,2.67
2019-02-18,1322.1,1328.5,1334.6,15.743,15.84,15.935,1326.89,15.81,1323.95,1325.5,15.765,,,10.16,14.91,2.662606001,0.795259893,96.90401,2.4436,2.4442,2.4462,2.4541,97.585,97.525,97.56,97.57,2.6,2.63,2.64,2.67
2019-02-19,1344.8,1351.3,1357.4,15.967,16.067,16.162,1340.94,15.9915,1329.55,1334.15,15.78,,,11.39,14.88,2.6339221,0.755200028,96.52,2.4437,2.4437,2.4452,2.4461,97.585,97.53,97.565,97.575,2.58,2.62,2.62,2.64
2019-02-20,1347.9,1354.4,1360.5,16.177,16.281,16.375,1338.44,16.0491,1345.75,1343.75,16.035,,,10.92,14.02,2.64467001,0.74864471,96.454,2.4446,2.4439,2.44375,2.4431,97.585,97.53,97.565,97.575,2.61,2.62,2.62,2.63
2019-02-21,1327.8,1334.3,1340.3,15.801,15.906,16.0,1323.63,15.8142,1335.05,1331.25,15.91,,,10.29,14.46,2.691401482,0.777188897,96.605,2.4441,2.4477,2.4502,2.4551,97.59,97.53,97.56,97.57,2.59,2.62,2.62,2.63
2019-02-22,1332.8,1339.4,1345.5,15.914,16.012,16.106,1329.4,15.9237,1322.25,1329.05,15.87,,,10.02,13.51,2.651849747,0.728944421,96.507,2.4486,2.44675,2.4452,2.441,97.59,97.53,97.56,97.57,2.58,2.6,2.61,2.63
2019-02-25,1329.5,1336.1,1342.2,15.83,15.928,16.024,1327.58,15.8995,1329.15,1331.05,15.955,,,9.91,14.85,2.662634611,0.732163906,96.413,2.4466,2.44865,2.4462,2.4411,97.59,97.5275,97.555,97.565,2.57,2.59,2.61,2.63
2019-02-26,1328.5,1335.2,1341.3,15.832,15.926,16.021,1328.96,15.934,1327.55,1325.05,15.83,,,9.86,15.17,2.635696411,0.710956752,96.00301,2.4466,2.4492,2.4452,2.4351,97.59,97.5275,97.555,97.565,2.59,2.59,2.6,2.61
2019-02-27,1321.2,1327.9,1334.0,15.672,15.766,15.863,1319.86,15.7395,1326.45,1322.85,15.86,,,9.72,14.7,2.682451487,0.743507504,96.15401,2.4466,2.4482,2.4452,2.4391,97.59,97.525,97.555,97.565,2.61,2.61,2.6,2.6
2019-02-28,1316.1,1322.7,1328.9,15.538,15.634,15.73,1313.32,15.612,1325.45,1319.15,15.815,,,9.52,14.78,2.714966297,0.768814683,96.15701,2.4466,2.4492,2.4522,2.4531,97.5275,97.555,97.565,97.53,2.63,2.62,2.59,2.6
2019-03-01,1299.2,1305.8,1312.0,15.256,15.35,15.444,1293.44,15.2022,1309.95,1311.95,15.56,,,10.2,13.57,2.75310111,0.794157207,96.52701,2.4466,2.4517,2.4572,2.47035,97.53,97.56,97.57,97.525,2.63,2.62,2.59,2.6
2019-03-04,1287.5,1294.0,1300.2,15.105,15.199,15.293,1286.74,15.0905,1287.45,1285.4,15.16,,,10.26,14.63,2.722279787,0.781819582,96.68201,2.4466,2.4512,2.4552,2.4621,97.5325,97.56,97.57,97.53,2.61,2.61,2.57,2.6
2019-03-05,1284.7,1291.2,1297.4,15.105,15.2,15.292,1288.01,15.1375,1285.0,1283.8,15.11,,,10.19,14.74,2.716863632,0.791648328,96.866,2.4476,2.4512,2.4572,2.4681,97.5375,97.565,97.575,97.535,2.6,2.59,2.57,2.6
2019-03-06,1287.6,1294.2,1300.3,15.085,15.179,15.272,1286.36,15.0775,1285.55,1285.85,15.095,,,10.13,15.74,2.693356752,0.777665198,96.873,2.4461,2.4497,2.4542,2.4601,97.5525,97.575,97.58,97.545,2.6,2.59,2.57,2.6
2019-03-07,1286.1,1292.8,1299.0,15.04,15.133,15.226,1285.61,15.0233,1286.4,1285.3,15.075,,,10.36,16.59,2.639275551,0.73014456,97.66701,2.4436,2.4457,2.4472,2.4401,97.5525,97.58,97.585,97.555,2.6,2.59,2.57,2.6
2019-03-08,1299.3,1306.0,1312.3,15.349,15.442,15.536,1298.3,15.3355,1294.1,1296.75,15.115,,,10.51,16.05,2.628481627,0.724306107,97.30601,2.4446,2.4452,2.44525,2.4361,97.5525,97.58,97.585,97.555,2.6,2.59,2.57,2.6
2019-03-11,1291.1,1297.6,1303.9,15.274,15.367,15.462,1293.35,15.309,1296.35,1292.75,15.295,,,10.18,14.33,2.639273167,0.727535188,97.215,2.4446,2.4472,2.4462,2.4391,97.5525,97.58,97.585,97.56,2.48,2.52,2.53,2.58
2019-03-12,1298.1,1304.5,1310.7,15.413,15.506,15.601,1301.58,15.4405,1296.95,1297.05,15.445,,,10.08,13.77,2.601532936,0.70054549,96.93501,2.4436,2.4467,2.4402,2.4231,97.55,97.58,97.585,97.565,2.48,2.49,2.53,2.58
2019-03-13,1309.3,1315.8,1322.0,15.456,15.55,15.644,1309.12,15.4545,1308.4,1306.95,15.52,,,10.14,13.41,2.621279001,0.698051453,96.55,2.4446,2.4462,2.4402,2.42685,97.55,97.58,97.585,97.565,2.52,2.52,2.53,2.58
2019-03-14,1295.1,1301.4,1307.6,15.171,15.263,15.357,1296.17,15.1895,1299.2,1295.55,15.235,,,10.08,13.5,2.630269289,0.687404335,96.785,2.4436,2.4452,2.4372,2.4181,97.545,97.575,97.585,97.565,2.52,2.55,2.55,2.58
2019-03-15,1302.9,1308.9,1315.2,15.324,15.418,15.512,1302.4,15.2877,1302.65,1303.5,15.355,,,10.01,12.88,2.587128401,0.641686738,96.595,2.4426,2.4422,2.4322,2.40645,97.5425,97.58,97.59,97.57,2.53,2.55,2.55,2.58
2019-03-18,1301.5,1307.7,1313.9,15.322,15.416,15.51,1303.71,15.3498,1305.35,1305.6,15.38,,,9.79,13.1,2.603273153,0.640811861,96.524,2.4441,2.4442,2.4352,2.4121,97.5375,97.575,97.59,97.57,2.54,2.56,2.56,2.59
2019-03-19,1306.5,1312.7,1318.9,15.372,15.466,15.559,1306.56,15.373,1308.35,1307.7,15.41,,,9.82,13.56,2.612254143,0.656191885,96.383,2.4446,2.4452,2.4382,2.4191,97.5325,97.575,97.59,97.565,2.54,2.57,2.58,2.6
2019-03-20,1301.7,1307.8,1314.0,15.318,15.411,15.505,1312.53,15.475,1303.0,1303.7,15.32,,,10.15,13.91,2.526252508,0.567841113,95.761,2.4466,2.4452,2.4362,2.39905,97.525,97.57,97.585,97.56,2.57,2.57,2.58,2.6
2019-03-21,1307.3,1313.6,1319.7,15.437,15.53,15.624,1309.36,15.473,1317.3,1309.6,15.54,,,10.2,13.63,2.536937475,0.577442408,96.495,2.4546,2.4517,2.4398,2.40275,97.525,97.57,97.585,97.56,2.64,2.61,2.58,2.6
2019-03-22,1312.3,1318.7,1324.8,15.407,15.5,15.591,1313.68,15.424,1311.1,1311.3,15.46,,,10.31,16.48,2.439017534,0.532053709,96.651,2.4496,2.44635,2.4212,2.3481,97.5325,97.575,97.59,97.57,2.63,2.61,2.57,2.57
2019-03-25,1322.6,1329.0,1335.1,15.567,15.66,15.752,1321.9,15.5385,1319.35,1319.55,15.525,,,10.77,16.33,2.39831996,0.527134776,96.566,2.4496,2.43625,2.3972,2.2931,97.5375,97.585,97.595,97.59,2.63,2.61,2.57,2.54
2019-03-26,1315.0,1321.4,1327.4,15.429,15.522,15.614,1315.71,15.4305,1315.25,1316.3,15.44,,,10.18,14.68,2.422991276,0.556042135,96.73601,2.4486,2.4397,2.4062,2.3171,97.535,97.585,97.595,97.585,2.66,2.62,2.57,2.54
2019-03-27,1310.4,1316.9,1323.0,15.298,15.392,15.483,1309.55,15.2943,1318.25,1309.7,15.4,,,10.36,15.15,2.366488695,0.538218081,96.774,2.4467,2.4307,2.3882,2.2801,97.535,97.585,97.605,97.595,2.68,2.62,2.57,2.54
2019-03-28,1289.8,1295.3,1301.4,14.973,15.065,15.155,1290.42,15.0145,1306.9,1295.15,15.195,,,10.35,14.43,2.39461565,0.532488406,97.202,2.4486,2.4332,2.3962,2.3001,97.535,97.59,97.605,97.595,2.6,2.62,2.58,2.54
2019-03-29,1293.0,1298.5,1304.5,15.11,15.204,15.295,1292.38,15.1183,1291.15,1295.4,15.1,,,9.94,13.71,2.405038595,0.528181672,97.284,2.4491,2.4362,2.4062,2.3161,97.605,97.615,97.6,97.65,2.6,2.62,2.58,2.54
2019-04-01,1294.2,1300.3,1306.3,15.099,15.194,15.287,1287.72,15.106,1291.9,1293.5,15.07,,,10.13,13.4,2.500908852,0.589522481,97.232,2.4516,2.4422,2.4192,2.3491,97.6025,97.605,97.585,97.635,2.59,2.58,2.58,2.54
2019-04-02,1295.4,1301.4,1307.3,15.061,15.153,15.246,1292.46,15.1203,1287.2,1290.3,15.025,,,9.81,13.36,2.474132299,0.568379462,97.36101,2.4486,2.4402,2.4172,2.3381,97.595,97.6,97.58,97.63,2.57,2.54,2.57,2.54
2019-04-03,1295.3,1301.3,1307.3,15.102,15.194,15.287,1289.93,15.1353,1291.85,1290.45,15.165,,,9.69,13.74,2.524083376,0.612110674,97.091,2.4501,2.44335,2.4212,2.3541,97.5875,97.595,97.575,97.62,2.58,2.59,2.57,2.54
2019-04-04,1294.3,1300.3,1306.2,15.084,15.175,15.266,1292.21,15.151,1291.6,1283.15,15.085,,,9.92,13.58,2.515109062,0.606347382,97.30801,2.4496,2.4432,2.4232,2.3591,97.575,97.585,97.575,97.62,2.55,2.59,2.57,2.56
2019-04-05,1295.6,1301.7,1307.7,15.086,15.177,15.27,1291.76,15.1086,1288.9,1288.45,15.195,,,9.65,12.82,2.495350599,0.580128491,97.395,2.4501,2.4442,2.4252,2.3651,97.575,97.585,97.575,97.615,2.54,2.59,2.57,2.56
2019-04-08,1301.9,1307.9,1313.9,15.216,15.308,15.403,1297.48,15.2485,1297.1,1300.0,15.14,,,9.71,13.18,2.522156,0.593856633,97.05,2.4486,2.4452,2.4292,2.3751,97.5725,97.585,97.58,97.615,2.55,2.58,2.57,2.56
2019-04-09,1308.3,1314.3,1320.3,15.211,15.304,15.398,1304.1,15.2218,1301.85,1303.0,15.255,,,9.55,14.28,2.500646114,0.583216786,97.006,2.4496,2.4432,2.4252,2.3658,97.5625,97.585,97.575,97.61,2.57,2.58,2.59,2.56
2019-04-10,1313.9,1319.9,1325.9,15.244,15.336,15.43,1307.99,15.2395,1304.8,1305.45,15.245,,,9.45,13.3,2.464901209,0.52885741,96.94601,2.4501,2.4432,2.4222,2.3561,97.5625,97.585,97.57,97.61,2.57,2.57,2.59,2.56
2019-04-11,1293.3,1299.3,1305.2,14.867,14.957,15.05,1292.52,14.9713,1304.65,1298.8,15.16,,,9.59,13.02,2.497003317,0.559521198,97.177,2.4506,2.4472,2.43005,2.3736,97.5625,97.585,97.57,97.605,2.59,2.58,2.6,2.6
2019-04-12,1295.2,1301.2,1307.3,14.963,15.053,15.145,1290.43,14.9743,1296.15,1294.3,15.065,,,9.28,12.01,2.565145969,0.599099457,96.97201,2.4496,2.4477,2.4342,2.39065,97.5625,97.585,97.57,97.605,2.59,2.58,2.6,2.6
2019-04-15,1291.3,1297.4,1303.4,14.975,15.062,15.154,1287.95,15.0015,1286.75,1285.65,14.935,,,9.57,12.32,2.554321289,0.598209798,96.942,2.4501,2.4497,2.4392,2.3961,97.5575,97.58,97.57,97.605,2.59,2.58,2.6,2.6
2019-04-16,1277.2,1283.2,1289.2,14.915,14.998,15.089,1276.79,15.003,1283.75,1276.35,14.945,,,9.78,12.18,2.590383053,0.634058297,97.04301,2.4521,2.4497,2.4362,2.3941,97.5475,97.575,97.565,97.6,2.57,2.58,2.59,2.6
2019-04-17,1276.8,1282.8,1288.8,14.939,15.018,15.107,1273.98,14.9908,1276.1,1275.85,15.0,,,9.39,12.6,2.593988657,0.643815517,97.009,2.4586,2.4557,2.4422,2.3941,97.5425,97.57,97.555,97.59,2.55,2.57,2.58,2.6
2019-04-18,1276.0,1282.0,1288.0,14.955,15.038,15.127,1275.82,15.009,1276.5,1275.7,14.955,,,8.96,12.09,2.559617519,0.606739342,97.47401,2.4596,2.4572,2.4432,2.3901,97.54,97.565,97.55,97.585,2.53,2.57,2.58,2.6
2019-04-19,1276.0,1282.0,1288.0,14.955,15.038,15.127,1275.52,15.032,1276.5,1275.7,14.955,,,8.96,12.09,2.559617519,0.606739342,97.378,2.4586,2.4552,2.4432,2.3901,97.54,97.565,97.55,97.585,2.53,2.57,2.58,2.6
2019-04-22,1277.6,1283.7,1289.8,14.975,15.058,15.147,1274.99,15.012,1276.5,1275.7,14.955,,,9.56,12.42,2.588512421,0.629569829,97.287,2.4681,2.4556,2.4312,2.3761,97.5325,97.555,97.55,97.595,2.53,2.57,2.58,2.6
2019-04-23,1273.2,1279.2,1285.2,14.791,14.865,14.955,1272.42,14.8435,1273.45,1269.5,14.975,,,9.54,12.28,2.564998627,0.600874305,97.636,2.4666,2.45105,2.4242,2.3607,97.5375,97.56,97.555,97.6,2.53,2.57,2.58,2.6
2019-04-24,1279.4,1285.4,1291.4,14.916,14.996,15.084,1275.76,14.9463,1273.8,1271.65,14.805,,,9.48,13.14,2.518125534,0.5527125,98.173,2.4626,2.4422,2.4062,2.3321,97.5375,97.56,97.555,97.61,2.53,2.57,2.58,2.6
2019-04-25,1279.7,1285.7,1291.7,14.879,14.96,15.047,1277.17,14.946,1277.85,1280.8,14.865,,,9.35,13.25,2.532496214,0.55587852,98.203,2.4646,2.4482,2.41685,2.3471,97.535,97.555,97.55,97.595,2.53,2.57,2.58,2.6
2019-04-26,1288.8,1294.8,1300.9,15.005,15.088,15.174,1286.16,15.085,1281.5,1284.2,15.0,,,9.28,12.73,2.498235941,0.525537193,98.006,2.4616,2.4437,2.4012,2.3163,97.5325,97.555,97.555,97.6,2.6,2.59,2.59,2.6
2019-04-29,1281.5,1287.5,1293.4,14.844,14.933,15.019,1279.9,14.9175,1282.15,1279.5,14.97,,,9.46,13.11,2.525191307,0.562863588,97.857,2.4616,2.4442,2.4062,2.3251,97.525,97.5525,97.55,97.6,2.59,2.59,2.59,2.6
2019-04-30,1285.7,1291.7,1297.7,14.9,14.984,15.069,1283.53,14.9525,1285.15,1282.3,14.985,,,9.32,13.12,2.501766443,0.550557077,97.479,2.4616,2.4422,2.4002,2.3137,97.56,97.555,97.605,97.64,2.59,2.59,2.59,2.6
2019-05-01,1284.2,1290.2,1296.2,14.729,14.815,14.945,1276.76,14.676,1281.8,1283.8,14.88,,,9.19,14.8,2.499936819,0.584736049,97.686,2.4386,2.4318,2.4062,2.3381,97.575,97.565,97.605,97.64,2.59,2.59,2.59,2.6
2019-05-02,1272.0,1277.8,1283.9,14.617,14.699,14.826,1270.69,14.6285,1271.45,1270.95,14.675,,,9.08,14.42,2.541353464,0.643692791,97.83201,2.4446,2.4392,2.41725,2.35865,97.56,97.545,97.585,97.615,2.6,2.62,2.62,2.6
2019-05-03,1281.3,1287.2,1293.3,14.978,15.062,15.188,1279.11,14.9405,1270.05,1278.55,14.655,,,8.89,12.87,2.525038242,0.611456215,97.52,2.4396,2.4362,2.4182,2.3571,97.57,97.56,97.595,97.615,2.6,2.62,2.62,2.6
2019-05-06,1283.8,1289.8,1295.8,14.927,15.01,15.134,1281.1,14.9015,1270.05,1278.55,14.655,,,9.26,15.44,2.469219446,0.560634434,97.51501,2.43345,2.4272,2.4036,2.3293,97.575,97.565,97.6,97.625,2.6,2.59,2.58,2.58
2019-05-07,1285.6,1291.6,1297.6,14.926,15.009,15.129,1284.43,14.9113,1281.3,1281.2,14.83,,,9.74,19.32,2.456620455,0.580986857,97.62801,2.4336,2.424,2.3968,2.3202,97.5725,97.565,97.6,97.63,2.59,2.605,2.585,2.555
2019-05-08,1281.4,1287.4,1293.4,14.862,14.944,15.059,1280.88,14.839,1287.75,1285.2,14.93,,,9.78,19.4,2.483517647,0.616168201,97.623,2.4298,2.4225,2.3983,2.3236,97.5725,97.565,97.6,97.625,2.59,2.62,2.585,2.56
2019-05-09,1285.2,1291.2,1297.2,14.773,14.853,14.967,1284.08,14.762,1284.1,1286.1,14.82,,,9.96,19.1,2.442280293,0.584921241,97.373,2.4244,2.4158,2.3869,2.3016,97.58,97.57,97.61,97.635,2.6,2.62,2.585,2.57
2019-05-10,1287.4,1293.3,1299.3,14.79,14.87,14.984,1286.05,14.787,1285.4,1287.1,14.795,,,9.33,16.04,2.467182398,0.578127027,97.33,2.42005,2.4117,2.3841,2.3014,97.585,97.575,97.62,97.645,2.6,2.62,2.59,2.57
2019-05-13,1301.8,1307.7,1313.6,14.777,14.857,14.969,1299.91,14.7642,1282.95,1295.6,14.66,,,10.51,20.55,2.40150404,0.546136081,97.31901,2.419,2.3972,2.34735,2.2315,97.585,97.58,97.63,97.665,2.57,2.57,2.56,2.5
2019-05-14,1296.3,1302.1,1307.9,14.812,14.892,15.003,1296.92,14.7875,1297.6,1298.4,14.755,,,9.76,18.06,2.410354376,0.542778254,97.526,2.411,2.3975,2.353,2.2445,97.58,97.575,97.63,97.67,2.57,2.56,2.52,2.46
2019-05-15,1297.8,1303.7,1309.4,14.812,14.889,14.997,1296.49,14.7965,1298.9,1299.1,14.815,,,9.45,16.44,2.373230934,0.527175009,97.56901,2.4341,2.4063,2.349,2.2228,97.5725,97.565,97.625,97.67,2.54,2.55,2.52,2.46
2019-05-16,1286.2,1292.0,1297.7,14.539,14.615,14.724,1286.72,14.5595,1295.55,1291.7,14.795,,,9.16,15.29,2.394430161,0.542596519,97.855,2.427,2.4055,2.36,2.244,97.5725,97.56,97.62,97.66,2.54,2.55,2.52,2.46
2019-05-17,1275.7,1281.4,1287.2,14.388,14.466,14.574,1277.53,14.3999,1285.8,1280.8,14.48,,,9.16,15.96,2.390892029,0.565253019,97.995,2.43195,2.411,2.361,2.2393,97.575,97.56,97.615,97.66,2.54,2.54,2.52,2.45
2019-05-20,1277.3,1282.9,1288.7,14.445,14.523,14.633,1277.82,14.4688,1275.25,1276.85,14.415,,,9.16,16.31,2.415701628,0.590622842,97.93301,2.417,2.408,2.3685,2.257,97.5725,97.56,97.605,97.645,2.54,2.54,2.52,2.45
2019-05-21,1273.2,1278.8,1284.6,14.41,14.487,14.597,1274.68,14.4535,1276.0,1271.15,14.43,,,8.99,14.95,2.426361561,0.583968043,98.062,2.43105,2.4237,2.3856,2.2766,97.575,97.56,97.6,97.635,2.5,2.52,2.52,2.45
2019-05-22,1274.2,1279.5,1285.4,14.449,14.527,14.637,1273.34,14.4435,1274.0,1273.8,14.435,,,9.04,14.75,2.382041454,0.57977879,98.04101,2.424,2.42,2.3855,2.269,97.575,97.555,97.595,97.63,2.5,2.52,2.52,2.45
2019-05-23,1285.4,1291.0,1296.9,14.613,14.692,14.801,1283.45,14.591,1275.95,1283.65,14.48,,,9.47,16.92,2.318533182,0.554249525,97.856,2.4322,2.4183,2.3589,2.2106,97.5775,97.55,97.595,97.64,2.51,2.52,2.52,2.45
2019-05-24,1283.6,1289.2,1295.1,14.555,14.636,14.747,1284.93,14.565,1281.5,1282.5,14.55,,,9.0,15.85,2.320224285,0.548153818,97.61301,2.4356,2.4243,2.3673,2.2177,97.5775,97.55,97.59,97.62,2.51,2.52,2.56,2.44
2019-05-27,1283.6,1289.2,1295.1,14.555,14.636,14.747,1285.36,14.5951,1281.5,1282.5,14.55,,,9.0,15.85,2.320224285,0.548153818,97.61301,2.4339,2.4226,2.3653,2.2181,97.5775,97.55,97.59,97.62,2.51,2.52,2.56,2.44
2019-05-28,1277.1,1282.5,1288.4,14.32,14.401,14.513,1279.33,14.3525,1283.9,1278.3,14.48,,,9.2,17.5,2.265767336,0.528390646,97.952,2.4339,2.4204,2.3584,2.1969,97.58,97.55,97.585,97.62,2.53,2.57,2.57,2.45
2019-05-29,1281.0,1286.3,1292.2,14.411,14.488,14.597,1279.78,14.4255,1283.5,1281.65,14.375,,,8.88,17.9,2.260483503,0.505385458,98.144,2.4395,2.4186,2.3553,2.1928,97.58,97.535,97.58,97.625,2.52,2.56,2.54,2.39
2019-05-30,1287.1,1292.4,1298.3,14.491,14.569,14.679,1288.65,14.5255,1276.45,1280.95,14.4,,,9.3,17.3,2.213278055,0.462863445,98.14201,2.462,2.4349,2.3569,2.1691,97.5825,97.535,97.58,97.625,2.58,2.56,2.54,2.4
2019-05-31,1305.8,1311.1,1316.9,14.567,14.646,14.756,1305.58,14.5942,1296.0,1295.55,14.48,,,10.33,18.71,2.124580383,0.381379485,97.75001,2.46695,2.4164,2.3073,2.0702,97.545,97.595,97.695,97.71,2.58,2.55,2.53,2.33
2019-06-03,1327.9,1333.7,1339.3,14.74,14.819,14.926,1325.31,14.7875,1313.95,1317.1,14.705,,,11.79,18.86,2.071046114,0.338490129,97.14201,2.4142,2.3361,2.2031,1.9589,97.56,97.615,97.735,97.79,2.6,2.58,2.48,2.22
2019-06-04,1328.7,1334.5,1340.1,14.769,14.845,14.953,1325.52,14.819,1323.6,1324.25,14.72,,,10.66,16.97,2.129643917,0.371409208,97.07201,2.42875,2.3513,2.2121,1.983,97.565,97.625,97.755,97.815,2.58,2.55,2.47,2.22
2019-06-05,1333.6,1339.3,1344.9,14.791,14.862,14.969,1330.32,14.8075,1337.75,1335.05,14.84,,,11.26,16.09,2.134776592,0.370462567,97.32001,2.4241,2.3358,2.1873,1.9551,97.565,97.625,97.775,97.835,2.46,2.45,2.37,2.07
2019-06-06,1342.7,1348.4,1354.0,14.905,14.978,15.084,1335.33,14.8935,1336.65,1335.5,14.955,,,11.62,15.93,2.117405176,0.363860041,97.04401,2.4194,2.3323,2.1855,1.9625,97.57,97.62,97.77,97.825,2.49,2.43,2.37,2.14
2019-06-07,1346.1,1351.8,1357.4,15.031,15.107,15.218,1340.86,15.02,1334.3,1340.65,14.91,,,11.41,16.3,2.080928564,0.331154943,96.54401,2.40535,2.2961,2.1417,1.9176,97.575,97.635,97.84,97.89,2.45,2.43,2.38,2.14
2019-06-10,1329.3,1335.0,1340.7,14.639,14.713,14.824,1327.98,14.703,1328.6,1328.6,14.745,,,10.87,15.94,2.148353815,0.407867491,96.761,2.4265,2.317,2.1775,1.9705,97.57,97.62,97.805,97.855,2.46,2.46,2.39,2.14
2019-06-11,1331.2,1337.0,1342.7,14.74,14.815,14.925,1326.84,14.745,1322.65,1324.3,14.695,,,10.52,15.99,2.143086195,0.418305516,96.686,2.4315,2.3285,2.196,1.991,97.5675,97.615,97.795,97.84,2.48,2.47,2.4,2.19
2019-06-12,1336.8,1342.5,1348.2,14.753,14.827,14.934,1333.58,14.7792,1336.65,1332.35,14.79,,,11.06,15.91,2.120477915,0.412486851,97.00001,2.4054,2.2914,2.153,1.9461,97.5675,97.625,97.825,97.865,2.5,2.48,2.42,2.17
2019-06-13,1343.7,1349.5,1355.1,14.892,14.964,15.069,1342.31,14.9075,1335.8,1335.9,14.795,,,11.68,15.82,2.094451427,0.408293903,97.01301,2.4102,2.2743,2.1058,1.8855,97.575,97.64,97.845,97.9,2.5,2.48,2.39,2.13
2019-06-14,1344.5,1350.4,1355.9,14.803,14.878,14.984,1341.7,14.8785,1352.45,1351.25,15.025,,,11.9,15.28,2.080410004,0.434791833,97.57201,2.40215,2.2742,2.125,1.8919,97.5825,97.64,97.84,97.895,2.5,2.48,2.36,2.11
2019-06-17,1342.9,1348.8,1354.2,14.829,14.902,15.008,1339.66,14.8405,1333.2,1341.3,14.78,,,11.99,15.35,2.094168425,0.465725809,97.55801,2.4031,2.2801,2.141,1.9246,97.5925,97.635,97.835,97.885,2.5,2.48,2.36,2.11
2019-06-18,1350.7,1356.6,1362.1,14.993,15.067,15.17,1346.61,15.0105,1344.55,1341.35,14.895,,,12.4,15.15,2.05954361,0.407649487,97.644,2.38235,2.256,2.123,1.934,97.595,97.635,97.84,97.885,2.51,2.46,2.35,2.1
2019-06-19,1348.8,1354.7,1360.1,14.958,15.032,15.135,1360.38,15.157,1342.4,1344.05,14.945,,,12.41,14.33,2.023300886,0.330460191,97.117,2.4327,2.2312,2.0446,1.8096,97.58,97.605,97.9,97.96,2.57,2.46,2.36,2.1
2019-06-20,1396.9,1402.9,1408.3,15.492,15.568,15.669,1388.44,15.424,1381.65,1379.5,15.33,,,15.69,14.75,2.028372526,0.279515564,96.62901,2.4306,2.2237,2.0397,1.824,97.5775,97.61,97.94,98.0,2.59,2.42,2.22,1.92
2019-06-21,1400.1,1405.9,1411.2,15.29,15.37,15.473,1399.63,15.3473,1388.35,1397.15,15.29,,,15.54,15.4,2.053968906,0.317730457,96.22,2.42425,2.21,2.0262,1.8141,97.5725,97.6,97.91,97.97,2.59,2.45,2.21,1.9
2019-06-24,1418.2,1424.1,1429.5,15.377,15.461,15.56,1419.72,15.4435,1405.45,1405.7,15.37,,,16.8,15.26,2.014259815,0.294971555,95.98,2.43645,2.1933,2.0079,1.78,97.57,97.595,97.94,98.0,2.56,2.43,2.2,1.88
2019-06-25,1418.7,1424.6,1430.1,15.3,15.383,15.49,1423.44,15.3715,1429.55,1431.4,15.4,,,17.08,16.28,1.984971523,0.29319784,96.14001,2.4415,2.214,2.035,1.7885,97.5675,97.595,97.915,97.975,2.56,2.42,2.18,1.85
2019-06-26,1415.4,1421.2,1426.8,15.294,15.375,15.481,1409.0,15.2692,1406.75,1403.95,15.255,,,15.88,16.21,2.046821117,0.329404771,96.214,2.4425,2.214,2.0555,1.8365,97.5675,97.595,97.895,97.95,2.58,2.4,2.18,1.88
2019-06-27,1412.0,1417.9,1423.4,15.205,15.294,15.4,1409.78,15.2585,1402.25,1402.5,15.25,,,15.57,15.82,2.013989687,0.317921966,96.19401,2.4065,2.184,2.024,1.818,97.58,97.6,97.91,97.965,2.51,2.39,2.23,1.9
2019-06-28,1413.7,1419.6,1425.1,15.253,15.341,15.447,1409.55,15.315,1413.2,1409.0,15.22,,,15.99,15.08,2.00511241,0.300470799,96.13,2.3818,2.1662,2.0117,1.816,97.61,97.925,97.98,98.09,2.51,2.39,2.23,1.92
2019-07-01,1389.3,1395.3,1400.8,15.193,15.301,15.41,1384.19,15.145,1390.05,1390.1,15.26,,,14.08,14.06,2.023969889,0.328648359,96.844,2.36895,2.1928,2.0565,1.8596,97.5975,97.89,97.945,98.04,2.53,2.42,2.31,1.97
2019-07-02,1408.0,1414.2,1419.8,15.238,15.351,15.459,1418.65,15.3165,1393.1,1391.05,15.17,,,15.8,12.93,1.973988652,0.315529346,96.72601,2.37715,2.1656,2.0301,1.8355,97.5825,97.89,97.955,98.05,2.57,2.45,2.32,2.0
2019-07-03,1420.9,1427.1,1432.9,15.336,15.45,15.558,1418.78,15.305,1425.1,1413.5,15.31,,,15.89,12.57,1.949778676,0.289319217,96.76801,2.34485,2.1601,2.0147,1.8245,97.5775,97.89,97.955,98.06,2.58,2.45,2.36,1.99
2019-07-04,1420.9,1427.1,1432.9,15.336,15.45,15.558,1416.08,15.2871,1415.25,1414.9,15.28,,,15.89,12.57,1.949778676,0.289319217,96.76801,2.3398,2.148,2.003,1.829,97.5775,97.89,97.955,98.06,2.59,2.45,2.36,1.99
2019-07-05,1400.1,1406.3,1412.1,15.001,15.118,15.231,1399.45,14.9988,1414.4,1388.65,15.21,,,15.07,13.28,2.033810616,0.326113731,97.286,2.3432,2.1937,2.0647,1.8996,97.57,97.835,97.89,97.995,2.6,2.52,2.4,2.12
2019-07-08,1400.0,1406.2,1412.2,15.05,15.167,15.282,1395.53,15.032,1404.9,1400.1,15.07,,,12.99,13.96,2.047566891,0.3365255,97.384,2.3305,2.199,2.0845,1.916,97.5625,97.835,97.89,97.995,2.6,2.52,2.44,2.15
2019-07-09,1400.5,1406.8,1412.8,15.147,15.264,15.382,1397.61,15.107,1387.9,1391.55,15.025,,,13.45,14.09,2.064818144,0.333936274,97.48901,2.345,2.2209,2.1046,1.9427,97.54,97.81,97.86,97.95,2.58,2.55,2.45,2.17
2019-07-10,1412.5,1418.8,1424.9,15.226,15.344,15.462,1419.02,15.2412,1395.45,1408.3,15.095,,,15.01,13.03,2.061270952,0.312661648,97.104,2.3175,2.15,2.029,1.855,97.5525,97.885,97.94,98.04,2.57,2.52,2.45,2.15
2019-07-11,1406.7,1413.0,1419.3,15.146,15.264,15.382,1403.81,15.122,1423.1,1413.75,15.265,,,13.64,12.93,2.137822628,0.361333668,97.05,2.2925,2.1575,2.036,1.872,97.5575,97.865,97.915,98.015,2.6,2.52,2.46,2.15
2019-07-12,1412.2,1418.5,1424.8,15.236,15.354,15.473,1415.75,15.2192,1405.6,1407.6,15.14,,,14.65,12.39,2.12191081,0.338069886,96.81001,2.2707,2.1437,2.02,1.85,97.56,97.865,97.92,98.03,2.6,2.53,2.48,2.16
2019-07-15,1413.5,1419.9,1426.1,15.365,15.482,15.596,1414.13,15.3837,1416.25,1412.4,15.32,,,14.9,12.68,2.088704824,0.294827521,96.93301,2.248,2.128,2.003,1.829,97.5575,97.875,97.93,98.035,2.6,2.53,2.48,2.16
2019-07-16,1411.2,1417.6,1423.6,15.678,15.795,15.91,1406.23,15.559,1416.1,1409.85,15.395,,,14.32,12.86,2.102578402,0.300351053,97.395,2.2549,2.134,2.008,1.8405,97.55,97.865,97.92,98.02,2.6,2.53,2.48,2.17
2019-07-17,1423.3,1429.7,1435.9,15.971,16.086,16.201,1426.57,15.968,1400.8,1410.35,15.61,,,16.02,13.97,2.045096159,0.283960432,97.22301,2.2542,2.1258,1.996,1.8035,97.535,97.865,97.925,98.03,2.58,2.53,2.47,2.17
2019-07-18,1428.1,1434.5,1440.8,16.198,16.315,16.43,1446.1,16.35,1420.9,1417.45,16.03,,,17.45,13.53,2.024211407,0.251401395,96.79401,2.18245,2.0545,1.9245,1.7339,97.535,97.91,97.97,98.08,2.59,2.52,2.46,2.17
2019-07-19,1426.7,1433.2,1439.4,16.195,16.315,16.43,1425.37,16.1988,1437.05,1439.7,16.315,,,15.83,14.45,2.055192471,0.26033935,97.151,2.2265,2.142,2.011,1.823,97.5375,97.835,97.9,98.015,2.59,2.52,2.44,2.15
2019-07-22,1426.9,1433.4,1439.7,16.411,16.531,16.647,1424.88,16.3632,1424.45,1427.75,16.385,,,14.89,13.53,2.046422482,0.246820077,97.257,2.234,2.1375,2.006,1.815,97.545,97.825,97.89,98.0,2.57,2.52,2.44,2.17
2019-07-23,1421.7,1428.2,1434.5,16.476,16.597,16.714,1417.83,16.405,1417.55,1425.55,16.43,,,14.28,12.61,2.0811553,0.270690471,97.705,2.238,2.139,2.019,1.836,97.5425,97.82,97.88,97.99,2.57,2.5,2.45,2.17
2019-07-24,1423.6,1430.2,1436.5,16.626,16.75,16.867,1425.86,16.602,1425.55,1426.95,16.535,,,14.55,12.07,2.042783022,0.250794351,97.729,2.2285,2.1304,2.01,1.828,97.5425,97.82,97.88,97.995,2.56,2.49,2.45,2.17
2019-07-25,1414.7,1421.2,1427.5,16.411,16.536,16.655,1414.58,16.412,1426.35,1416.1,16.535,,,13.54,12.74,2.081008911,0.281052738,97.81801,2.211,2.138,2.03,1.852,97.5425,97.81,97.865,97.98,2.54,2.49,2.45,2.17
2019-07-26,1419.3,1425.9,1432.2,16.397,16.525,16.646,1418.9,16.3989,1418.25,1420.4,16.44,,,12.31,12.16,2.070319414,0.288233191,98.01,2.205,2.135,2.034,1.859,97.54,97.81,97.855,97.96,2.54,2.49,2.45,2.2
2019-07-29,1420.4,1427.2,1433.3,16.44,16.569,16.692,1426.8,16.4585,1418.95,1419.05,16.39,,,13.59,12.83,2.065011263,0.293821663,98.04401,2.187,2.122,2.017,1.852,97.5425,97.825,97.87,97.985,2.55,2.49,2.45,2.2
2019-07-30,1429.7,1435.8,1441.8,16.558,16.688,16.81,1430.88,16.5695,1428.45,1425.9,16.455,,,14.51,13.94,2.05796051,0.277863175,98.05,2.16675,2.119,2.021,1.855,97.545,97.825,97.865,97.98,2.55,2.49,2.45,2.21
2019-07-31,1426.1,1431.8,1437.8,16.405,16.533,16.655,1413.78,16.2645,1430.55,1427.55,16.475,,,13.21,16.12,2.014392614,0.26193428,98.51601,2.22285,2.1475,2.0529,1.8883,97.7925,97.83,97.93,98.02,2.55,2.51,2.45,2.21
2019-08-01,1426.5,1432.4,1438.5,16.18,16.309,16.432,1445.18,16.3355,1406.4,1406.8,16.005,,,16.01,17.87,1.893483281,0.200811461,98.369,2.2188,2.102,1.952,1.7592,97.7925,97.86,98.015,98.135,2.55,2.51,2.46,2.25
2019-08-02,1451.6,1457.5,1463.5,16.27,16.4,16.52,1440.83,16.2043,1436.05,1441.75,16.195,,,15.0,17.61,1.845160246,0.1841546,98.07401,2.2,2.0707,1.9181,1.7309,97.8,97.88,98.06,98.18,2.53,2.49,2.47,2.25
2019-08-05,1470.6,1476.5,1482.2,16.393,16.523,16.64,1463.7,16.3962,1457.45,1465.25,16.485,,,16.91,24.59,1.707498431,0.105378576,97.522,2.1869,2.0059,1.8135,1.58,97.825,97.93,98.14,98.295,2.51,2.43,2.36,1.96
2019-08-06,1478.3,1484.2,1490.0,16.445,16.575,16.692,1474.42,16.4465,1461.85,1465.25,16.385,,,16.02,20.17,1.702273607,0.084179156,97.63,2.1874,2.0169,1.8345,1.599,97.82,97.915,98.105,98.265,2.51,2.43,2.34,1.95
2019-08-07,1513.2,1519.6,1525.4,17.196,17.33,17.447,1501.16,17.1063,1487.65,1506.05,16.82,,,18.16,19.49,1.734200597,0.101377279,97.54401,2.1725,1.9716,1.7891,1.575,97.83,97.94,98.16,98.33,2.49,2.42,2.34,1.95
2019-08-08,1503.1,1509.5,1515.4,16.936,17.071,17.186,1500.95,16.933,1497.4,1495.75,17.02,,,17.53,16.91,1.717187405,0.061401226,97.618,2.1818,1.9965,1.8208,1.6014,97.8325,97.925,98.12,98.28,2.48,2.38,2.3,1.93
2019-08-09,1502.0,1508.5,1514.5,16.931,17.069,17.185,1496.95,16.979,1503.5,1497.7,17.0,,,16.64,17.97,1.744668603,0.086306989,97.491,2.18535,1.995,1.8255,1.615,97.8325,97.925,98.12,98.28,2.48,2.38,2.3,1.93
2019-08-12,1510.9,1517.2,1523.2,17.071,17.208,17.323,1511.16,17.0658,1501.95,1504.7,16.955,,,18.46,21.09,1.64541173,0.034636348,97.38,2.1935,1.971,1.784,1.561,97.8325,97.93,98.14,98.305,2.38,2.3,2.27,1.93
2019-08-13,1507.9,1514.1,1520.2,16.985,17.125,17.246,1501.51,16.9665,1527.2,1498.4,17.445,,,17.92,17.52,1.703475475,0.072890639,97.812,2.19,2.0055,1.8432,1.6413,97.8325,97.91,98.085,98.235,2.37,2.3,2.22,1.89
2019-08-14,1521.6,1527.8,1533.8,17.28,17.422,17.54,1516.36,17.217,1500.35,1513.25,17.115,,,18.19,22.1,1.579227686,0.000236712,97.98701,2.185,1.9611,1.784,1.5691,97.84,97.93,98.13,98.285,2.37,2.3,2.22,1.92
2019-08-15,1525.1,1531.2,1537.2,17.214,17.353,17.469,1523.29,17.266,1517.65,1515.65,17.29,,,18.72,21.18,1.526908875,-0.02702203,98.144,2.15,1.9166,1.728,1.499,97.85,97.955,98.165,98.33,2.37,2.3,2.19,1.84
2019-08-16,1517.5,1523.6,1529.4,17.122,17.263,17.378,1513.52,17.1133,1509.05,1515.25,17.16,,,16.86,18.47,1.553811669,-3.3853e-05,98.14201,2.1735,1.935,1.741,1.5085,97.84,97.93,98.14,98.315,2.37,2.27,2.18,1.85
2019-08-19,1505.5,1511.6,1517.4,16.94,17.076,17.191,1495.92,16.8765,1499.35,1496.6,16.925,,,14.94,16.88,1.606293559,0.039700687,98.34701,2.15035,1.9568,1.7758,1.553,97.8425,97.92,98.11,98.28,2.39,2.29,2.21,1.88
2019-08-20,1509.7,1515.7,1521.5,17.148,17.286,17.401,1507.2,17.1625,1502.65,1504.55,17.02,,,15.42,17.5,1.555462241,0.020887706,98.19,2.15,1.9568,1.8911,1.53,97.8475,97.915,98.1,98.285,2.39,2.29,2.23,1.88
2019-08-21,1509.6,1515.7,1521.5,17.151,17.29,17.405,1502.65,17.1215,1499.65,1503.25,17.11,,,15.13,15.8,1.589305639,0.042717058,98.29501,2.1381,1.9564,1.7871,1.568,97.855,97.92,98.09,98.245,2.39,2.27,2.22,1.87
2019-08-22,1502.3,1508.5,1514.3,17.04,17.178,17.291,1498.06,17.0415,1498.7,1502.05,16.96,,,15.35,16.68,1.613074064,0.051276993,98.17001,2.1056,1.959,1.804,1.598,97.86,97.92,98.075,98.215,2.43,2.29,2.21,1.88
2019-08-23,1531.4,1537.6,1543.5,17.413,17.554,17.668,1526.96,17.425,1495.5,1503.8,17.05,,,18.36,19.87,1.535084248,-0.010644703,97.64001,2.0855,1.92,1.7515,1.53,97.8625,97.94,98.12,98.265,2.42,2.27,2.21,1.94
2019-08-26,1530.9,1537.2,1543.2,17.641,17.785,17.902,1527.31,17.6665,1495.5,1503.8,17.05,,,17.54,19.32,1.535060048,-0.015391253,98.081,2.08,1.938,1.7715,1.5605,97.8625,97.93,98.095,98.225,2.45,2.3,2.19,1.85
2019-08-27,1545.6,1551.8,1558.0,18.153,18.298,18.416,1542.81,18.201,1531.85,1532.95,17.725,,,17.34,20.31,1.471050382,-0.074511267,97.99901,2.082,1.937,1.77,1.535,97.8625,97.93,98.095,98.225,2.45,2.3,2.19,1.85
2019-08-28,1542.8,1549.1,1555.3,18.318,18.456,18.577,1539.01,18.3565,1541.75,1537.15,18.365,,,16.83,19.35,1.479407907,-0.084666394,98.21001,2.082,1.94,1.766,1.54,97.8625,97.92,98.09,98.22,2.45,2.3,2.19,1.88
2019-08-29,1530.5,1536.9,1543.0,18.167,18.323,18.448,1527.63,18.267,1536.65,1540.2,18.48,,,16.31,17.88,1.494507194,-0.101001687,98.507,2.0625,1.921,1.767,1.542,97.865,97.92,98.085,98.215,2.51,2.35,2.3,1.87
2019-08-30,1523.0,1529.4,1535.7,18.185,18.342,18.467,1520.38,18.3759,1526.55,1528.4,18.385,,,15.45,18.98,1.496055126,-0.048626047,98.91601,2.0575,1.919,1.7607,1.536,97.925,98.09,98.215,98.29,2.51,2.32,2.29,1.93
2019-09-02,1523.0,1529.4,1535.7,18.185,18.342,18.467,1529.29,18.4694,1523.35,1525.95,18.35,,,15.45,18.98,1.496055126,-0.048626047,98.91601,2.0605,1.9069,1.759,1.5228,97.925,98.09,98.215,98.29,2.48,2.32,2.23,1.9
2019-09-03,1549.6,1555.9,1562.2,19.237,19.367,19.437,1547.1,19.264,1532.45,1537.85,18.475,,,16.86,19.66,1.457327604,-0.057263386,99.00001,2.025,1.877,1.7124,1.464,97.925,98.11,98.245,98.325,2.48,2.35,2.23,1.92
2019-09-04,1554.0,1560.4,1566.5,19.547,19.682,19.753,1552.55,19.5968,1538.8,1546.1,19.305,,,17.27,17.33,1.465684891,-0.051901575,98.451,2.0051,1.8676,1.695,1.4388,97.9325,98.125,98.27,98.36,2.49,2.34,2.2,1.91
2019-09-05,1519.0,1525.5,1531.5,18.807,18.942,19.014,1519.05,18.651,1542.6,1529.1,19.22,,,15.72,16.27,1.558550477,-0.004387986,98.414,2.029,1.902,1.737,1.504,97.9125,98.085,98.215,98.295,2.46,2.35,2.25,1.98
2019-09-06,1509.0,1515.5,1521.7,18.119,18.253,18.324,1506.82,18.178,1504.95,1523.7,18.145,,,14.75,15.0,1.560194731,0.005586111,98.394,2.01815,1.9023,1.7401,1.515,97.9075,98.07,98.215,98.295,2.47,2.31,2.23,1.97
2019-09-09,1504.5,1511.1,1517.4,18.167,18.299,18.373,1499.13,18.0085,1509.95,1509.2,18.17,,,14.76,15.27,1.643787622,0.058180135,98.28101,2.013,1.899,1.75,1.551,97.9175,98.075,98.215,98.285,2.47,2.31,2.26,1.96
2019-09-10,1492.7,1499.2,1505.6,18.186,18.318,18.395,1485.78,18.0035,1494.6,1498.25,17.99,,,14.62,15.2,1.731591225,0.121399961,98.326,2.0065,1.9093,1.774,1.6,97.915,98.065,98.195,98.26,2.46,2.31,2.28,2.0
2019-09-11,1496.6,1503.2,1509.5,18.17,18.303,18.381,1497.2,18.12,1493.65,1490.65,18.165,,,14.95,14.61,1.73853755,0.137251869,98.645,2.01,1.908,1.769,1.599,97.91,98.055,98.185,98.255,2.46,2.32,2.28,2.02
2019-09-12,1500.8,1507.4,1513.8,18.177,18.311,18.393,1499.26,18.1005,1502.95,1515.2,18.19,,,15.07,14.22,1.771513939,0.143584907,98.30901,1.9945,1.8957,1.781,1.624,97.91,98.055,98.165,98.23,2.48,2.35,2.32,2.04
2019-09-13,1492.9,1499.5,1505.9,17.569,17.703,17.792,1488.53,17.4445,1506.3,1503.1,18.145,,,14.94,13.74,1.89581573,0.216240346,98.257,1.9993,1.9249,1.8222,1.6858,97.895,98.04,98.13,98.18,2.49,2.32,2.35,2.08
2019-09-16,1504.8,1511.5,1517.8,18.026,18.16,18.242,1498.43,17.8517,1502.05,1497.2,17.835,,,16.07,14.67,1.846706629,0.167396188,98.61001,2.0535,1.935,1.809,1.656,97.86,98.005,98.125,98.195,2.49,2.35,2.34,2.1
2019-09-17,1506.9,1513.4,1519.7,18.14,18.274,18.353,1501.38,18.0165,1499.3,1502.1,17.84,,,15.91,14.44,1.801302791,0.136270747,98.261,2.1065,1.969,1.7991,1.648,97.7175,98.01,98.12,98.195,2.56,2.4,2.38,2.1
2019-09-18,1509.1,1515.8,1522.2,17.919,18.052,18.129,1494.0,17.7555,1502.2,1503.5,17.85,,,15.1,13.95,1.796112895,0.177743614,98.561,2.125,1.9505,1.8261,1.6702,97.7,97.99,98.11,98.155,2.62,2.42,2.39,2.13
2019-09-19,1499.5,1506.2,1512.5,17.884,18.017,18.096,1499.03,17.79,1498.4,1500.7,17.755,,,15.13,14.05,1.783951759,0.16173549,98.272,2.116,1.971,1.8246,1.661,97.71,97.965,98.105,98.15,2.59,2.4,2.38,2.12
2019-09-20,1508.0,1515.1,1521.5,17.849,17.981,18.061,1516.9,17.991,1504.1,1501.9,17.88,,,16.79,15.32,1.721497536,0.111429393,98.51301,1.9768,1.8662,1.7638,1.6249,97.785,98.065,98.175,98.21,2.58,2.39,2.35,2.08
2019-09-23,1524.0,1531.5,1538.0,18.711,18.846,18.926,1522.24,18.64,1519.5,1522.1,18.38,,,16.79,14.91,1.726721287,0.100260489,98.59901,1.97375,1.8583,1.7485,1.6095,97.77,98.05,98.185,98.225,2.57,2.35,2.32,2.06
2019-09-24,1532.6,1540.2,1546.7,18.628,18.764,18.843,1531.87,18.6084,1520.25,1520.65,18.56,,,17.22,17.05,1.645560145,0.061350252,98.33701,2.003,1.8597,1.7227,1.5493,97.765,98.035,98.18,98.23,2.57,2.36,2.31,2.02
2019-09-25,1505.1,1512.3,1518.7,18.073,18.208,18.287,1504.05,17.911,1530.85,1528.75,18.57,,,15.62,15.96,1.737185121,0.132830217,99.037,2.002,1.876,1.754,1.6,97.775,98.05,98.17,98.215,2.6,2.35,2.3,2.0
2019-09-26,1507.9,1515.2,1521.8,17.912,18.047,18.124,1504.78,17.8235,1507.05,1506.4,17.97,,,15.11,16.07,1.692149758,0.116055831,99.132,1.9531,1.8406,1.7289,1.591,97.7875,98.07,98.175,98.215,2.69,2.42,2.33,2.03
2019-09-27,1499.1,1506.4,1513.1,17.652,17.787,17.863,1497.01,17.5409,1496.15,1489.9,17.52,,,14.96,17.22,1.680090904,0.143888444,99.109,1.9137,1.8399,1.7158,1.5747,97.805,98.09,98.195,98.24,2.5,2.43,2.33,2.0
2019-09-30,1465.7,1472.9,1479.6,16.998,17.13,17.206,1472.49,16.9958,1487.6,1485.3,17.255,,,15.37,16.24,1.664555669,0.141460449,99.37701,1.87995,1.8301,1.7046,1.5629,98.1075,98.19,98.235,98.35,2.46,2.45,2.3,1.99
2019-10-01,1489.0,1495.7,1500.9,17.302,17.434,17.508,1479.14,17.2355,1466.1,1473.45,17.11,,,15.61,18.56,1.635254502,0.107101828,99.12801,2.0555,1.7964,1.6567,1.5014,98.105,98.235,98.28,98.395,2.45,2.51,2.27,1.98
2019-10-02,1507.9,1514.5,1519.9,17.683,17.816,17.89,1499.45,17.56,1484.05,1492.6,17.26,,,15.75,20.56,1.599158764,0.08954078,99.019,1.87955,1.7611,1.6142,1.4467,98.1075,98.27,98.32,98.44,2.42,2.48,2.23,1.95
2019-10-03,1513.8,1520.5,1525.8,17.676,17.808,17.881,1505.19,17.56,1504.0,1517.1,17.6,,,16.33,19.12,1.53414607,0.050572757,98.86401,1.85075,1.7227,1.5519,1.3609,98.115,98.31,98.37,98.5,2.43,2.47,2.22,1.92
2019-10-04,1512.9,1519.7,1525.0,17.625,17.757,17.831,1504.66,17.548,1509.5,1499.15,17.605,,,15.26,17.04,1.528956413,0.028217381,98.80801,1.82465,1.7173,1.5649,1.3809,98.1375,98.315,98.365,98.49,2.4,2.45,2.19,1.87
2019-10-07,1504.4,1511.2,1516.5,17.54,17.674,17.748,1493.5,17.4388,1502.15,1501.25,17.425,,,15.44,17.86,1.557974815,0.043213345,98.967,1.809,1.70243,1.5639,1.415,98.14,98.31,98.35,98.465,2.43,2.47,2.18,1.87
2019-10-08,1503.9,1510.7,1516.0,17.7,17.835,17.908,1505.51,17.733,1500.0,1505.85,17.555,,,16.21,20.28,1.528905988,0.052680716,99.133,1.8025,1.688,1.539,1.374,98.1425,98.32,98.37,98.485,2.4,2.46,2.18,1.87
2019-10-09,1512.8,1519.6,1524.9,17.81,17.947,18.019,1505.57,17.734,1503.4,1507.25,17.78,,,15.73,18.64,1.583649158,0.092421643,99.118,1.811,1.701,1.564,1.41,98.14,98.315,98.365,98.465,2.39,2.46,2.18,1.87
2019-10-10,1500.9,1507.7,1513.0,17.602,17.739,17.812,1493.99,17.5138,1508.2,1494.8,17.75,,,15.7,17.57,1.668109417,0.141963765,98.701,1.791,1.6995,1.587,1.46,98.1375,98.315,98.35,98.44,2.33,2.45,2.19,1.89
2019-10-11,1488.7,1495.5,1500.6,17.544,17.681,17.754,1489.01,17.5413,1498.35,1479.15,17.6,,,15.72,15.58,1.728988886,0.165150136,98.301,1.7785,1.719,1.604,1.50774,98.1475,98.31,98.33,98.405,2.3,2.45,2.14,1.94
2019-10-14,1497.6,1504.4,1509.6,17.71,17.847,17.919,1493.21,17.6558,1494.2,1490.6,17.605,,,15.65,14.57,1.728988886,0.165150136,98.454,1.792,1.699,1.5945,1.478,98.1475,98.315,98.335,98.42,2.2,2.37,2.13,1.94
2019-10-15,1483.5,1490.3,1495.4,17.384,17.52,17.592,1481.01,17.4137,1494.75,1487.8,17.67,,,15.08,13.54,1.770957947,0.201410234,98.288,1.777,1.714,1.622,1.529,98.135,98.31,98.32,98.4,2.1,2.25,2.08,1.92
2019-10-16,1494.0,1500.8,1505.9,17.427,17.564,17.637,1490.13,17.4005,1482.55,1485.1,17.255,,,14.94,13.68,1.739512563,0.169934765,98.00201,1.7664,1.6889,1.5951,1.4896,98.1275,98.33,98.34,98.425,2.14,2.25,2.09,1.92
2019-10-17,1498.3,1505.2,1510.4,17.612,17.752,17.825,1491.87,17.549,1484.45,1492.65,17.45,,,14.84,13.79,1.751775384,0.157835409,97.607,1.751,1.688,1.588,1.503,98.125,98.32,98.325,98.41,2.16,2.3,2.08,1.9
2019-10-18,1494.1,1501.0,1505.9,17.578,17.719,17.792,1490.05,17.5525,1487.5,1490.0,17.435,,,14.85,14.25,1.753620982,0.152123526,97.28201,1.729,1.66,1.573,1.479,98.1275,98.335,98.355,98.44,2.12,2.26,2.07,1.9
2019-10-21,1488.1,1495.0,1500.0,17.602,17.745,17.818,1484.5,17.561,1490.85,1491.65,17.725,,,14.05,14.0,1.799280643,0.187584251,97.328,1.722,1.681,1.585,1.497,98.125,98.335,98.345,98.43,2.08,2.22,2.04,1.89
2019-10-22,1487.5,1494.5,1499.5,17.5,17.644,17.718,1487.68,17.5225,1487.45,1485.35,17.625,,,13.67,14.46,1.76069355,0.152069524,97.526,1.7185,1.6705,1.55,1.459,98.12,98.33,98.34,98.44,2.0,2.21,2.05,1.89
2019-10-23,1495.7,1502.7,1507.7,17.58,17.726,17.804,1492.12,17.553,1494.25,1494.45,17.535,,,13.23,14.01,1.764234304,0.143990517,97.491,1.708,1.6536,1.56,1.4629,98.12,98.33,98.345,98.445,1.98,2.22,2.04,1.85
2019-10-24,1504.7,1511.7,1516.8,17.804,17.953,18.032,1503.98,17.8095,1488.85,1496.55,17.53,,,13.97,13.71,1.766023636,0.138327256,97.631,1.691,1.673,1.559,1.46,98.1225,98.33,98.345,98.435,2.0,2.22,2.04,1.86
2019-10-25,1505.3,1512.3,1517.5,17.926,18.077,18.157,1504.63,18.0395,1504.65,1513.45,18.125,,,13.48,12.65,1.794261694,0.133404121,97.831,1.676,1.648,1.5652,1.482,98.1275,98.335,98.34,98.425,1.99,2.23,2.05,1.86
2019-10-28,1495.8,1502.9,1508.0,17.876,18.029,18.109,1492.51,17.8495,1505.05,1492.4,18.055,,,13.78,13.11,1.841967463,0.189892501,97.76401,1.661,1.646,1.5703,1.4928,98.1325,98.35,98.34,98.41,2.02,2.24,2.05,1.86
2019-10-29,1490.7,1497.7,1502.7,17.831,17.984,18.062,1487.72,17.812,1492.75,1486.75,17.66,,,13.46,13.2,1.838483453,0.222328737,97.69,1.644,1.6206,1.557,1.495,98.135,98.3575,98.35,98.415,2.02,2.28,2.06,1.9
2019-10-30,1496.7,1503.8,1508.9,17.867,18.02,18.099,1495.66,17.86,1490.15,1492.1,17.955,,,13.17,12.33,1.771510363,0.180141568,97.646,1.6135,1.61,1.548,1.473,98.1375,98.375,98.365,98.425,2.01,2.28,2.13,1.91
2019-10-31,1514.8,1521.8,1526.9,18.067,18.22,18.303,1512.99,18.1065,1506.4,1510.95,18.055,,,13.39,13.22,1.690981746,0.137304917,97.35201,1.617,1.5894,1.5086,1.4165,98.3825,98.38,98.445,98.55,2.0,2.28,2.08,1.9
2019-11-01,1511.4,1518.5,1523.7,18.052,18.206,18.293,1514.34,18.13,1509.85,1508.8,18.12,,,12.86,12.3,1.710253596,0.113037348,97.23901,1.619,1.605,1.542,1.4578,98.385,98.365,98.42,98.505,2.0,2.28,2.08,1.84
2019-11-04,1511.1,1518.3,1523.6,18.066,18.22,18.308,1509.82,18.0572,1509.2,1509.45,18.185,,,12.45,12.83,1.77697885,0.130726129,97.505,1.613,1.608,1.553,1.482,98.3925,98.37,98.415,98.49,1.98,2.27,2.08,1.85
2019-11-05,1483.7,1490.8,1496.0,17.568,17.718,17.806,1483.61,17.5788,1504.6,1488.95,18.045,,,12.43,13.1,1.858380795,0.180025503,97.983,1.6072,1.6096,1.564,1.5,98.3975,98.37,98.41,98.47,1.93,2.28,2.09,1.86
2019-11-06,1493.1,1500.3,1505.6,17.598,17.749,17.837,1490.57,17.6367,1488.55,1486.05,17.54,,,12.04,12.62,1.828287244,0.138732672,97.952,1.618,1.606,1.559,1.491,98.3975,98.375,98.415,98.48,1.82,2.2,2.08,1.88
2019-11-07,1466.4,1473.3,1478.6,17.01,17.157,17.245,1468.48,17.108,1484.1,1484.25,17.53,,,12.35,12.73,1.917279005,0.212488368,98.14301,1.612,1.6037,1.567,1.515,98.4,98.375,98.41,98.46,1.78,2.16,2.06,1.88
2019-11-08,1462.9,1469.8,1475.1,16.823,16.969,17.053,1459.0,16.814,1466.85,1464.15,16.81,,,12.27,12.07,1.941657782,0.215706453,98.353,1.6009,1.605,1.573,1.525,98.4075,98.38,98.405,98.455,1.8,2.14,2.06,1.89
2019-11-11,1457.1,1464.1,1469.4,16.802,16.948,17.033,1455.86,16.8592,1465.5,1458.7,16.88,,,12.87,12.69,1.941657782,0.215706453,98.2,1.5956,1.604,1.5714,1.5241,98.4075,98.38,98.4,98.45,1.8,2.14,2.06,1.89
2019-11-12,1453.7,1460.6,1465.9,16.692,16.835,16.916,1456.32,16.7699,1455.0,1452.05,16.735,,,11.91,12.68,1.934686303,0.234466195,98.30901,1.6003,1.608,1.569,1.515,98.405,98.375,98.4,98.46,1.75,2.13,2.06,1.89
2019-11-13,1463.3,1470.2,1475.5,16.913,17.057,17.14,1463.58,16.9745,1463.45,1462.9,16.95,,,11.56,13.0,1.886022925,0.214056551,98.373,1.61,1.602,1.562,1.499,98.4075,98.37,98.405,98.465,1.74,2.15,2.06,1.9
2019-11-14,1473.4,1480.2,1485.6,17.028,17.172,17.254,1471.4,17.0295,1467.65,1466.65,17.035,,,11.83,13.05,1.818638444,0.182289332,98.163,1.604,1.59,1.5449,1.473,98.4125,98.375,98.41,98.47,1.8,2.15,2.06,1.89
2019-11-15,1468.5,1475.4,1480.8,16.948,17.092,17.171,1468.21,16.9629,1465.6,1466.9,16.87,,,11.23,12.05,1.830753088,0.197704539,97.99901,1.5945,1.594,1.5465,1.486,98.4175,98.38,98.41,98.465,1.8,2.19,2.05,1.89
2019-11-18,1471.9,1478.8,1484.3,17.0,17.143,17.22,1471.51,17.046,1458.4,1467.65,16.795,,,11.55,12.46,1.81525135,0.173265383,97.79401,1.597,1.5885,1.55,1.474,98.42,98.38,98.41,98.465,1.76,2.18,2.07,1.9
2019-11-19,1474.3,1481.2,1486.7,17.118,17.265,17.344,1472.46,17.151,1464.9,1468.45,17.125,,,11.5,12.86,1.782573342,0.148061469,97.856,1.6005,1.597,1.554,1.467,98.415,98.37,98.395,98.455,1.76,2.18,2.07,1.9
2019-11-20,1474.2,1481.0,1486.5,17.115,17.261,17.339,1471.61,17.151,1475.7,1471.7,17.115,,,11.55,12.78,1.744850278,0.129385412,97.93401,1.6018,1.6073,1.5576,1.4611,98.4175,98.365,98.39,98.46,1.74,2.18,2.06,1.86
2019-11-21,1463.6,1470.5,1476.1,17.065,17.211,17.289,1464.41,17.104,1468.9,1467.05,17.09,,,11.37,13.13,1.772278786,0.143135399,97.993,1.6395,1.6245,1.572,1.48,98.4175,98.35,98.375,98.44,1.8,2.21,2.1,1.86
2019-11-22,1463.6,1470.5,1476.2,17.0,17.147,17.224,1461.93,17.022,1471.3,1464.45,17.175,,,11.32,12.34,1.770571351,0.143046156,98.27,1.64,1.618,1.572,1.49,98.4175,98.35,98.375,98.435,1.82,2.25,2.15,1.86
2019-11-25,1456.9,1463.8,1469.5,16.886,17.03,17.111,1455.26,16.89,1459.45,1458.4,16.87,,,11.15,11.87,1.755121827,0.121109433,98.32301,1.64,1.62,1.5835,1.502,98.42,98.36,98.37,98.43,1.85,2.27,2.18,1.9
2019-11-26,1460.3,1467.4,1472.7,17.045,17.188,17.271,1461.39,17.0765,1457.65,1454.65,16.935,,,10.76,11.54,1.741402149,0.108920522,98.25201,1.60595,1.6195,1.5797,1.4954,98.4225,98.365,98.37,98.43,1.85,2.27,2.2,1.9
2019-11-27,1453.4,1460.8,1466.0,16.912,17.055,17.142,1454.44,16.9635,1459.8,1454.35,17.055,,,10.3,11.75,1.765426636,0.128304705,98.37,1.655,1.6209,1.5828,1.515,98.4275,98.365,98.365,98.425,1.85,2.28,2.2,1.92
2019-11-28,1453.4,1460.8,1466.0,16.912,17.055,17.142,1456.27,16.92,1457.55,1454.65,16.945,,,10.3,11.75,1.765426636,0.128304705,98.37,1.651,1.6209,1.5828,1.511,98.4275,98.365,98.365,98.425,2.7,2.28,2.18,1.92
2019-11-29,1465.6,1472.7,1478.1,16.969,17.106,17.193,1463.98,17.03,1456.35,1460.15,16.965,,,10.71,12.62,1.77575779,0.151791245,98.273,1.647,1.621,1.582,1.509,98.37,98.37,98.425,98.43,2.65,2.25,2.18,1.92
2019-12-02,1469.2,1474.6,1479.4,16.966,17.054,17.141,1462.44,16.912,1457.5,1461.15,16.875,,,10.77,14.91,1.818911552,0.159097835,97.856,1.638,1.6135,1.579,1.507,98.37,98.375,98.425,98.43,2.55,2.15,2.1,1.9
2019-12-03,1484.4,1489.9,1494.8,17.248,17.336,17.422,1477.61,17.1733,1470.4,1477.3,17.01,,,12.15,15.96,1.715656638,0.083526805,97.73701,1.6295,1.603,1.556,1.46,98.375,98.38,98.445,98.455,2.38,2.15,2.1,1.9
2019-12-04,1480.2,1485.6,1490.6,16.916,17.003,17.088,1474.59,16.8557,1475.85,1475.1,17.13,,,11.57,14.8,1.774048805,0.10049361,97.648,1.645,1.6,1.5535,1.472,98.3775,98.385,98.44,98.45,2.45,2.13,2.05,1.86
2019-12-05,1483.1,1488.6,1493.6,17.059,17.146,17.227,1476.0,16.9665,1474.6,1475.95,16.87,,,11.25,14.52,1.810306787,0.127253518,97.41,1.626,1.593,1.558,1.482,98.38,98.385,98.44,98.455,2.3,2.09,1.98,1.85
2019-12-06,1465.1,1470.7,1475.8,16.596,16.682,16.763,1460.17,16.5765,1474.85,1459.65,16.94,,,10.73,13.62,1.836343646,0.123895332,97.7,1.632,1.6005,1.57,1.5,98.3775,98.375,98.43,98.44,2.28,2.06,1.98,1.85
2019-12-09,1464.9,1470.5,1475.6,16.642,16.729,16.812,1461.68,16.6063,1463.6,1461.7,16.62,,,10.75,15.86,1.819020867,0.118164331,97.644,1.6475,1.6022,1.5656,1.4955,98.38,98.38,98.435,98.44,2.25,2.03,2.0,1.85
2019-12-10,1468.1,1473.7,1478.8,16.702,16.79,16.873,1464.39,16.665,1464.45,1464.95,16.675,,,10.33,15.68,1.841593862,0.129525408,97.413,1.6665,1.6025,1.57,1.508,98.3775,98.38,98.435,98.435,2.2,2.03,2.0,1.85
2019-12-11,1475.0,1480.6,1485.8,16.849,16.938,17.018,1474.88,16.8628,1468.05,1466.8,16.66,,,10.81,14.99,1.79135263,0.086398967,97.078,1.6655,1.606,1.57,1.498,98.3775,98.375,98.43,98.43,2.2,2.03,2.0,1.85
2019-12-12,1472.3,1477.9,1483.1,16.949,17.038,17.119,1469.8,16.9287,1474.7,1467.8,16.865,,,10.95,13.94,1.892167568,0.160478622,97.397,1.6155,1.598,1.578,1.526,98.3825,98.38,98.42,98.42,2.27,2.15,2.08,1.88
2019-12-13,1481.2,1486.9,1492.3,17.012,17.1,17.179,1476.33,16.9326,1470.6,1466.6,16.935,,,10.39,12.63,1.822587371,0.102473393,97.172,1.6334,1.5935,1.5714,1.5053,98.4025,98.4,98.425,98.42,2.35,2.14,2.09,1.94
2019-12-16,1480.5,1486.1,1491.6,17.113,17.201,17.28,1476.18,17.0395,1477.4,1477.9,17.02,,,10.39,12.14,1.871343732,0.134220004,97.019,1.629,1.593,1.576,1.523,98.4075,98.405,98.425,98.42,2.33,2.14,2.09,1.93
2019-12-17,1480.6,1486.4,1491.9,17.072,17.16,17.239,1476.22,17.0105,1478.4,1475.8,17.06,,,10.03,12.29,1.880103707,0.121130429,97.22201,1.6205,1.595,1.569,1.523,98.4075,98.405,98.425,98.42,2.35,2.15,2.1,1.92
2019-12-18,1478.7,1484.4,1489.9,17.049,17.136,17.215,1475.4,17.0165,1478.9,1474.05,16.995,,,10.04,12.58,1.916897655,0.142326802,97.4,1.6405,1.5925,1.562,1.52,98.4125,98.405,98.425,98.425,2.45,2.12,2.1,1.9
2019-12-19,1484.4,1490.0,1495.5,17.154,17.242,17.32,1478.8,17.0637,1474.4,1476.7,16.94,,,10.39,12.5,1.920447588,0.130038142,97.37901,1.62,1.58,1.566,1.5205,98.4175,98.41,98.43,98.43,2.34,2.08,2.09,1.9
2019-12-20,1480.9,1486.6,1492.0,17.224,17.312,17.39,1478.22,17.1984,1476.9,1479.0,17.035,,,9.69,12.51,1.91706109,0.137296632,97.69,1.58,1.587,1.568,1.523,98.4225,98.415,98.425,98.425,2.32,2.08,2.09,1.9
2019-12-23,1488.7,1494.4,1499.9,17.499,17.588,17.666,1485.79,17.4525,1483.95,1482.1,17.375,,,10.56,12.61,1.929401994,0.160202324,97.658,1.6124,1.589,1.579,1.535,98.42,98.41,98.42,98.42,2.4,2.09,2.08,1.9
2019-12-24,1504.8,1510.6,1516.0,17.853,17.942,18.02,1499.41,17.795,1490.85,1482.1,17.585,,,11.93,12.67,1.899630427,0.13392739,97.65401,1.613,1.586,1.569,1.529,98.4275,98.41,98.42,98.42,2.4,2.09,2.08,1.9
2019-12-25,1504.8,1510.6,1516.0,17.853,17.942,18.02,1499.84,17.779,1490.85,1482.1,17.585,,,11.93,12.67,1.899630427,0.13392739,97.632,1.604,1.586,1.569,1.529,98.4275,98.41,98.42,98.42,2.4,2.09,2.08,1.9
2019-12-26,1514.4,1520.3,1525.7,17.99,18.077,18.156,1511.53,17.8976,1490.85,1482.1,17.585,,,13.33,12.65,1.894405603,0.137170017,97.534,1.5975,1.584,1.574,1.525,98.425,98.405,98.42,98.425,2.4,2.09,2.08,1.9
2019-12-27,1518.1,1524.1,1529.7,17.943,18.031,18.11,1510.56,17.7675,1510.6,1511.5,17.825,,,12.32,13.43,1.875228882,0.134616271,96.91901,1.57915,1.5756,1.561,1.5139,98.4325,98.42,98.425,98.425,2.8,2.3,2.08,1.9
2019-12-30,1518.6,1524.6,1530.3,18.001,18.089,18.169,1515.16,17.9292,1511.5,1514.75,17.825,,,12.56,14.82,1.878763676,0.120659299,96.74001,1.5665,1.5685,1.57,1.525,98.445,98.435,98.43,98.43,2.25,2.26,2.28,1.96
2019-12-31,1523.1,1529.3,1535.1,17.921,18.009,18.089,1517.27,17.8523,1523.0,1514.75,18.045,,,12.63,13.78,1.917473555,0.129599363,96.38901,1.5615,1.566,1.565,1.53,98.445,98.44,98.44,98.45,2.26,2.26,2.29,1.96
2020-01-01,1523.1,1529.3,1535.1,17.921,18.009,18.089,1517.29,17.853,1523.0,1514.75,18.045,,,12.63,13.78,1.917473555,0.129599363,96.445,1.559,1.565,1.565,1.53,98.445,98.44,98.44,98.45,2.26,2.26,2.29,1.96
2020-01-02,1528.1,1534.3,1540.1,18.046,18.134,18.213,1529.13,18.0222,1520.55,1527.1,17.925,,,12.7,12.47,1.877105117,0.069887385,96.84601,1.551,1.564,1.5575,1.523,98.45,98.435,98.43,98.44,2.1,2.08,2.03,1.85
2020-01-03,1552.4,1558.7,1564.5,18.151,18.24,18.319,1552.2,18.06,1547.4,1548.75,18.21,,,13.46,14.02,1.7881037,0.007117396,96.83801,1.554,1.573,1.557,1.502,98.445,98.42,98.415,98.43,2.08,2.08,2.01,1.84
2020-01-06,1568.8,1575.1,1580.9,18.179,18.267,18.346,1565.74,18.1523,1576.85,1573.1,18.44,,,14.21,13.85,1.809010148,0.04686249,96.67101,1.551,1.582,1.581,1.508,98.4375,98.415,98.41,98.425,2.1,2.08,1.96,1.8
2020-01-07,1574.3,1580.5,1586.3,18.393,18.48,18.562,1574.37,18.406,1566.5,1567.85,18.145,,,14.01,13.79,1.817746758,0.06881731,97.005,1.5725,1.584,1.562,1.49698,98.4375,98.415,98.405,98.425,1.95,1.97,1.9,1.78
2020-01-08,1560.2,1566.5,1572.3,18.167,18.256,18.336,1556.42,18.103,1582.85,1571.95,18.42,,,13.67,13.45,1.873781919,0.10475184,97.299,1.572,1.585,1.5725,1.523,98.4375,98.415,98.405,98.42,1.9,1.94,1.9,1.74
2020-01-09,1554.3,1560.6,1566.4,17.936,18.025,18.105,1552.32,17.9015,1547.85,1550.75,17.91,,,12.54,12.54,1.85451591,0.08915139,97.45,1.5705,1.5837,1.5705,1.518,98.44,98.415,98.41,98.42,1.88,1.94,1.9,1.77
2020-01-10,1560.1,1566.4,1572.1,18.105,18.193,18.273,1562.34,18.115,1548.8,1553.6,17.915,,,12.27,12.56,1.819576502,0.056309368,97.356,1.569,1.585,1.572,1.515,98.4375,98.41,98.41,98.42,1.86,1.94,1.9,1.77
2020-01-13,1550.6,1557.0,1562.7,17.996,18.084,18.164,1547.88,17.9598,1550.35,1549.9,17.985,,,10.91,12.32,1.845851421,0.063606262,97.345,1.5822,1.5911,1.579,1.5218,98.44,98.405,98.405,98.41,1.88,1.92,1.91,1.81
2020-01-14,1544.6,1550.9,1556.5,17.742,17.827,17.906,1546.39,17.803,1544.95,1545.1,17.77,,,11.02,12.39,1.810870886,0.031726528,97.372,1.575,1.5858,1.57575,1.5175,98.44,98.405,98.405,98.405,1.8,1.9,1.88,1.8
2020-01-15,1554.0,1560.1,1565.6,17.988,18.072,18.15,1556.25,18.004,1551.9,1549.0,17.85,,,11.75,12.42,1.782962799,0.02840461,97.229,1.5745,1.5873,1.5772,1.5146,98.445,98.41,98.405,98.405,1.76,1.87,1.86,1.79
2020-01-16,1550.5,1556.5,1562.2,17.939,18.024,18.102,1552.51,17.943,1555.2,1554.55,18.01,,,11.38,12.32,1.807404995,0.051186882,97.32001,1.5741,1.5859,1.5745,1.5135,98.445,98.415,98.41,98.41,1.75,1.81,1.84,1.79
2020-01-17,1560.3,1566.5,1572.3,18.073,18.158,18.236,1557.24,18.0412,1556.5,1557.6,18.06,,,11.31,12.1,1.821464896,0.059140384,97.606,1.5773,1.5855,1.5743,1.5122,98.445,98.415,98.41,98.41,1.78,1.83,1.83,1.79
2020-01-20,1560.3,1566.5,1572.3,18.073,18.158,18.236,1560.77,18.0776,1559.25,1560.15,18.055,,,11.31,12.1,1.821464896,0.059140384,97.606,1.5768,1.5889,1.5427,1.5116,98.445,98.415,98.41,98.41,1.78,1.83,1.84,1.79
2020-01-21,1557.9,1564.1,1569.9,17.808,17.892,17.97,1558.17,17.7875,1556.25,1551.3,17.985,,,11.48,12.85,1.774286151,0.026391871,97.53101,1.5745,1.5798,1.5635,1.495,98.45,98.42,98.415,98.42,1.78,1.84,1.84,1.79
2020-01-22,1556.7,1562.9,1568.7,17.828,17.911,17.989,1558.78,17.8397,1558.1,1556.9,17.77,,,11.16,12.91,1.769059896,0.03612766,97.52701,1.5715,1.583,1.5675,1.495,98.4475,98.42,98.415,98.415,1.78,1.84,1.84,1.8
2020-01-23,1565.4,1571.6,1577.3,17.829,17.911,17.988,1562.94,17.7995,1554.05,1562.9,17.6,,,11.61,12.98,1.732508659,0.00505749,97.69301,1.578,1.585,1.5521,1.4798,98.4475,98.42,98.415,98.415,1.82,1.86,1.87,1.81
2020-01-24,1571.9,1578.2,1583.9,18.113,18.194,18.272,1571.53,18.1002,1561.85,1564.3,17.83,,,12.48,14.56,1.683921337,-0.002886663,97.853,1.5835,1.584,1.558,1.476,98.45,98.415,98.415,98.42,1.8,1.88,1.9,1.8
2020-01-27,1577.4,1583.7,1589.5,18.056,18.138,18.215,1582.06,18.0995,1583.45,1580.1,18.295,,,12.9,18.23,1.608026862,-0.022351097,97.956,1.5755,1.5729,1.538,1.4335,98.45,98.42,98.425,98.44,1.8,1.87,1.88,1.76
2020-01-28,1569.8,1575.8,1581.7,17.458,17.539,17.615,1567.17,17.472,1579.6,1574.0,17.975,,,11.89,16.28,1.656221509,-0.005224484,98.01801,1.58,1.5815,1.5525,1.459,98.4525,98.415,98.42,98.43,1.8,1.88,1.88,1.76
2020-01-29,1570.4,1576.0,1582.0,17.487,17.568,17.644,1576.83,17.5585,1571.2,1573.45,17.47,,,12.09,16.39,1.583917499,-0.05496259,97.991,1.5875,1.582,1.547,1.435,98.4525,98.41,98.415,98.425,1.81,1.88,1.88,1.8
2020-01-30,1583.5,1589.2,1595.1,17.992,18.072,18.147,1574.28,17.8398,1580.4,1578.25,17.725,,,12.23,15.49,1.585589767,-0.075868651,97.867,1.5865,1.5801,1.54,1.4275,98.455,98.41,98.43,98.44,1.82,1.88,1.88,1.79
2020-01-31,1582.9,1587.9,1593.8,18.012,18.091,18.165,1589.16,18.0425,1580.85,1584.2,17.885,,,13.5,18.84,1.506795645,-0.137761995,97.39001,1.5859,1.5526,1.4814,1.3435,98.41,98.44,98.465,98.52,1.8,1.91,1.9,1.8
2020-02-03,1582.4,1588.3,1593.8,17.67,17.75,17.826,1576.73,17.6822,1578.85,1574.75,17.77,,,12.48,17.97,1.527200341,-0.092335694,97.8,1.588,1.572,1.5135,1.3875,98.4125,98.435,98.455,98.51,1.81,1.87,1.87,1.78
2020-02-04,1555.5,1561.4,1567.0,17.561,17.641,17.716,1552.92,17.5945,1571.2,1558.35,17.73,,,12.01,16.05,1.59912765,-0.040450275,97.96101,1.5885,1.58,1.53336,1.432,98.41,98.42,98.435,98.47,1.81,1.87,1.87,1.78
2020-02-05,1562.8,1568.7,1574.3,17.602,17.683,17.758,1556.02,17.6112,1552.2,1553.3,17.62,,,11.32,15.15,1.650836349,-0.013240482,98.301,1.59,1.5791,1.5505,1.455,98.4075,98.415,98.43,98.465,1.78,1.84,1.84,1.78
2020-02-06,1570.0,1575.8,1581.4,17.818,17.899,17.974,1566.66,17.823,1564.75,1563.3,17.765,,,11.45,14.96,1.642165184,-0.026530007,98.496,1.591,1.609,1.544,1.453,98.41,98.415,98.43,98.465,1.79,1.82,1.8,1.79
2020-02-07,1573.4,1579.2,1584.7,17.692,17.773,17.848,1570.44,17.701,1568.3,1572.65,17.77,,,11.3,15.47,1.583443642,-0.077196255,98.68401,1.5865,1.5666,1.5265,1.422,98.4125,98.42,98.435,98.49,1.79,1.82,1.81,1.79
2020-02-10,1579.5,1585.4,1590.7,17.785,17.868,17.943,1572.15,17.767,1574.05,1573.2,17.785,,,11.91,15.04,1.56964922,-0.091979399,98.83201,1.579,1.5569,1.5115,1.4095,98.415,98.425,98.45,98.51,1.79,1.81,1.76,1.73
2020-02-11,1570.1,1575.9,1581.2,17.597,17.677,17.751,1567.89,17.6472,1567.7,1570.5,17.705,,,11.48,15.18,1.600577354,-0.055556472,98.72101,1.596,1.5649,1.521,1.421,98.415,98.425,98.44,98.495,1.78,1.8,1.76,1.73
2020-02-12,1571.6,1577.3,1582.5,17.497,17.578,17.652,1566.06,17.4865,1566.75,1563.7,17.56,,,11.07,13.74,1.6333462,-0.043930337,99.049,1.5786,1.5644,1.5259,1.4349,98.4175,98.425,98.44,98.485,1.78,1.79,1.75,1.73
2020-02-13,1578.8,1584.5,1589.6,17.619,17.701,17.775,1576.0,17.6485,1575.0,1575.05,17.64,,,11.59,14.15,1.617283702,-0.061101194,99.067,1.5821,1.5601,1.5145,1.4209,98.415,98.425,98.445,98.5,1.7,1.75,1.73,1.7
2020-02-14,1586.4,1591.9,1597.1,17.734,17.815,17.887,1584.06,17.7413,1576.35,1581.4,17.705,,,11.62,13.68,1.584847093,-0.086187474,99.12401,1.5826,1.553,1.5021,1.403,98.4175,98.43,98.45,98.505,1.7,1.74,1.72,1.7
2020-02-17,1586.4,1591.9,1597.1,17.734,17.815,17.887,1581.13,17.694,1580.3,1580.8,17.8,,,11.62,13.68,1.584847093,-0.086187474,99.00301,1.59,1.5955,1.4911,1.4029,98.4175,98.43,98.45,98.505,1.67,1.71,1.7,1.67
2020-02-18,1603.6,1609.3,1614.5,18.15,18.233,18.306,1601.61,18.173,1588.2,1589.85,17.885,,,13.02,14.83,1.5610286,-0.106419958,99.44,1.5793,1.5517,1.4952,1.3861,98.4175,98.43,98.45,98.51,1.71,1.73,1.7,1.67
2020-02-19,1611.8,1617.5,1622.7,18.311,18.395,18.468,1611.7,18.432,1609.5,1604.2,18.345,,,13.34,14.38,1.566147208,-0.094846673,99.705,1.582,1.5644,1.5121,1.4062,98.415,98.42,98.43,98.485,1.69,1.73,1.7,1.7
2020-02-20,1620.5,1626.2,1631.5,18.319,18.404,18.477,1619.56,18.3655,1610.35,1619.0,18.385,,,13.35,15.56,1.515221357,-0.123594522,99.86501,1.5807,1.5569,1.4975,1.379,98.4125,98.42,98.43,98.49,1.71,1.74,1.71,1.7
2020-02-21,1648.8,1654.6,1659.9,18.53,18.613,18.686,1643.41,18.489,1633.7,1643.3,18.56,,,15.79,17.08,1.471258283,-0.151653409,99.262,1.5829,1.5534,1.4748,1.343,98.415,98.425,98.435,98.515,1.73,1.73,1.71,1.68
2020-02-24,1676.6,1682.4,1687.7,18.876,18.96,19.033,1659.38,18.6345,1682.35,1671.65,18.775,,,17.58,25.03,1.370497346,-0.219496816,99.359,1.581,1.522,1.4145,1.26,98.415,98.435,98.455,98.56,1.71,1.72,1.65,1.55
2020-02-25,1650.0,1655.8,1661.0,18.191,18.268,18.345,1635.14,18.001,1655.9,1650.3,18.33,,,18.13,27.85,1.352098346,-0.191149116,98.968,1.5719,1.5109,1.398,1.2445,98.415,98.455,98.49,98.61,1.7,1.71,1.65,1.53
2020-02-26,1643.1,1648.9,1654.0,17.834,17.914,17.99,1640.96,17.9207,1647.95,1634.9,18.075,,,16.48,27.56,1.337055326,-0.21123749,98.996,1.55,1.4778,1.3457,1.1893,98.41,98.455,98.495,98.635,1.72,1.72,1.63,1.51
2020-02-27,1642.5,1648.2,1653.3,17.658,17.735,17.811,1645.01,17.775,1646.6,1652.0,18.05,,,18.05,39.16,1.260661125,-0.247391135,98.508,1.48,1.36,1.2095,1.044,98.4125,98.47,98.545,98.72,1.74,1.72,1.64,1.45
2020-02-28,1566.7,1571.8,1576.3,16.387,16.457,16.525,1585.69,16.665,1626.35,1609.85,17.185,,,21.27,40.11,1.148594975,-0.285946548,98.132,1.3855,1.236,1.0745,0.91,98.63,98.78,98.975,99.07,1.61,1.57,1.46,1.36
2020-03-02,1594.8,1599.5,1603.7,16.739,16.804,16.86,1589.44,16.7347,1609.7,1599.65,16.915,,,18.98,33.42,1.163242459,-0.292930365,97.36001,1.2601,1.1164,0.969,0.8482,98.6975,98.89,99.085,99.17,1.47,1.35,1.31,1.13
2020-03-03,1644.4,1648.9,1652.7,17.188,17.25,17.304,1640.9,17.2185,1599.05,1615.5,16.81,,,22.01,36.82,0.998966694,-0.452772468,97.15301,0.963,0.825,0.6695,0.5858,98.955,99.18,99.32,99.36,1.3,1.25,1.2,1.1
2020-03-04,1643.0,1647.2,1650.8,17.246,17.305,17.353,1636.93,17.216,1644.8,1641.85,17.25,,,18.55,31.99,1.052196383,-0.434891999,97.33601,0.9888,0.8197,0.6866,0.5841,98.9425,99.2,99.365,99.435,1.15,1.08,1.06,0.96
2020-03-05,1668.0,1672.0,1675.5,17.393,17.447,17.494,1672.23,17.435,1647.45,1659.6,17.2,,,22.43,39.62,0.911990702,-0.500300646,96.82001,0.78,0.6638,0.5391,0.4481,98.9875,99.295,99.48,99.545,1.1,1.02,1.02,0.94
2020-03-06,1672.4,1676.1,1679.3,17.263,17.315,17.364,1673.83,17.3484,1687.0,1683.65,17.48,,,25.12,41.94,0.762268007,-0.558998406,95.951,0.6845,0.546,0.4295,0.3615,99.0825,99.455,99.6,99.655,1.0,0.91,0.88,0.77
2020-03-09,1675.7,1678.6,1681.0,17.054,17.094,17.138,1680.47,17.0165,1676.6,1672.5,16.885,,,31.29,54.46,0.540740013,-0.48151651,94.895,0.509,0.33,0.234,0.1955,99.2025,99.655,99.78,99.825,0.75,0.7,0.65,0.58
2020-03-10,1660.3,1663.3,1665.8,16.955,16.998,17.044,1649.4,16.8937,1657.4,1655.7,17.07,,,23.99,47.3,0.80297029,-0.237866059,96.414,0.534,0.459,0.3345,0.316,99.1175,99.55,99.715,99.755,0.78,0.75,0.64,0.6
2020-03-11,1642.3,1645.4,1647.8,16.776,16.818,16.863,1635.04,16.7545,1662.5,1653.75,17.02,,,26.74,53.9,0.869535327,-0.129642367,96.507,0.4148,0.2829,0.2156,0.1985,99.21,99.665,99.775,99.81,0.92,0.82,0.7,0.6
2020-03-12,1590.3,1593.2,1595.5,16.005,16.041,16.086,1576.15,15.8217,1636.65,1570.7,16.525,,,30.18,75.47,0.804195523,-0.064113542,97.468,0.225,0.186,0.1347,0.131,99.26,99.82,99.86,99.875,0.96,0.83,0.74,0.64
2020-03-13,1516.7,1519.5,1521.8,14.5,14.534,14.564,1529.83,14.7206,1588.15,1562.8,15.77,,,37.43,57.83,0.960289121,0.039806403,98.74901,0.2375,0.176,0.1503,0.147,99.2475,99.805,99.85,99.865,0.95,0.9,0.8,0.7
2020-03-16,1486.5,1488.6,1490.8,12.816,12.845,12.871,1514.1,12.9108,1504.65,1487.7,12.965,,,41.43,82.69,0.718200028,-0.016352672,98.06901,0.1451,0.1321,0.1164,0.1206,99.2875,99.87,99.88,99.895,0.6,0.55,0.55,0.55
2020-03-17,1525.8,1528.1,1530.4,12.495,12.527,12.554,1528.3,12.6152,1472.35,1536.2,12.44,,,45.27,75.91,1.078382492,0.389414549,99.575,0.1527,0.1355,0.1294,0.1486,99.28,99.865,99.87,99.875,0.95,0.85,0.82,0.72
2020-03-18,1477.9,1480.6,1483.1,11.772,11.805,11.83,1486.05,11.981,1506.0,1498.2,12.42,,,48.98,76.45,1.191506982,0.574646413,101.16,0.1592,0.1338,0.1225,0.14,99.2725,99.875,99.88,99.89,1.4,1.15,0.95,0.83
2020-03-19,1479.3,1482.3,1485.1,12.134,12.174,12.203,1471.24,12.1182,1480.7,1474.25,12.005,,,39.48,72.0,1.140380144,0.587357044,102.755,0.1079,0.1118,0.1045,0.115,99.3175,99.9,99.89,99.905,1.95,1.55,1.3,1.0
2020-03-20,1484.6,1488.1,1491.2,12.385,12.425,12.455,1498.65,12.6173,1504.45,1494.4,12.63,,,36.81,66.04,0.845381916,0.080232158,102.817,0.1356,0.1006,0.0847,0.0894,99.3525,99.92,99.91,99.91,2.2,1.7,1.3,0.9
2020-03-23,1567.6,1572.7,1577.1,13.261,13.312,13.35,1553.23,13.265,1494.5,1525.4,12.51,,,41.16,61.59,0.786342204,-0.029258009,102.487,0.0616,0.0653,0.0638,0.0785,99.3575,99.93,99.92,99.93,3.1,2.7,1.9,1.3
2020-03-24,1660.8,1663.3,1663.1,14.257,14.263,14.29,1632.32,14.2808,1599.5,1605.75,13.625,,,40.41,61.67,0.846639872,-0.114932716,102.039,0.05518,0.0664,0.07,0.089,99.3625,99.94,99.92,99.93,2.1,1.95,1.5,1.1
2020-03-25,1633.4,1634.3,1632.7,14.873,14.855,14.873,1616.9,14.4763,1620.95,1605.45,13.965,,,40.56,63.95,0.867252886,-0.192924008,101.05,0.0436,0.0551,0.0578,0.07,99.365,99.945,99.925,99.935,1.3,1.3,1.1,0.75
2020-03-26,1651.2,1660.3,1660.5,14.676,14.685,14.706,1631.34,14.4055,1620.1,1634.8,14.415,,,37.48,61.0,0.844704926,-0.22865884,99.35201,0.038,0.0501,0.0484,0.0593,99.3675,99.945,99.94,99.95,1.3,1.35,1.15,0.7
2020-03-27,1625.0,1654.1,1654.6,14.534,14.583,14.618,1628.16,14.4683,1621.2,1617.3,14.315,,,34.89,65.54,0.674637914,-0.343623132,98.36501,0.0445,0.0536,0.0471,0.054,99.3675,99.95,99.94,99.95,1.75,1.65,1.25,0.7
2020-03-30,1622.0,1643.2,1643.5,14.132,14.179,14.221,1622.51,14.0487,1624.45,1618.3,14.055,,,30.42,57.08,0.726422429,-0.228278607,99.18101,0.0438,0.0576,0.0628,0.0674,99.3675,99.95,99.94,99.94,1.35,1.3,1.0,0.45
2020-03-31,1583.4,1596.6,1596.6,14.156,14.191,14.232,1577.18,13.974,1604.65,1608.95,13.93,,,29.19,53.54,0.669496298,-0.260085553,99.048,0.046,0.0583,0.0634,0.07,99.96,99.945,99.94,99.94,0.85,0.8,0.65,0.25
2020-04-01,1591.4,1591.7,1592.7,13.984,14.024,14.064,1591.51,13.9625,1594.25,1576.55,14.015,,,30.26,57.06,0.58321768,-0.327154845,99.673,0.0505,0.0606,0.0647,0.0633,99.9525,99.935,99.93,99.93,1.0,0.5,0.45,0.25
2020-04-02,1637.7,1637.7,1638.8,14.654,14.686,14.724,1613.99,14.4888,1588.05,1616.8,14.175,,,31.91,50.91,0.597016275,-0.439417362,100.18,0.053,0.0662,0.0705,0.0694,99.9525,99.935,99.925,99.925,0.9,0.8,0.7,0.55
2020-04-03,1645.7,1645.5,1646.6,14.494,14.523,14.555,1620.81,14.3881,1609.75,1613.1,14.39,,,31.85,46.8,0.594753325,-0.496655196,100.576,0.044,0.0598,0.063,0.068,99.965,99.945,99.935,99.93,0.9,0.8,0.7,0.55
2020-04-06,1693.9,1692.2,1693.1,15.169,15.208,15.232,1660.97,15.0037,1636.6,1648.3,14.555,,,35.76,45.24,0.66977948,-0.496828645,100.685,0.0487,0.0682,0.0711,0.0712,99.965,99.925,99.925,99.92,1.25,1.1,0.85,0.71
2020-04-07,1683.7,1682.8,1683.5,15.48,15.532,15.558,1647.72,15.0209,1652.2,1649.25,15.075,,,34.27,46.7,0.712162018,-0.473566234,99.9,0.0493,0.0656,0.0655,0.0733,99.97,99.925,99.925,99.93,1.0,0.95,0.8,0.63
2020-04-08,1684.3,1683.8,1684.1,15.205,15.268,15.301,1646.14,14.9601,1649.05,1647.8,15.065,,,29.98,43.35,0.772237182,-0.432002395,100.119,0.0514,0.0646,0.0644,0.0702,99.9675,99.92,99.925,99.93,0.75,0.85,0.75,0.6
2020-04-09,1752.8,1752.1,1752.9,16.053,16.242,16.272,1683.73,15.4325,1662.5,1680.65,15.175,,,27.59,41.67,0.719058692,-0.52052933,99.51701,0.0598,0.0701,0.0653,0.0667,99.9675,99.925,99.925,99.93,0.8,0.8,0.75,0.6
2020-04-10,1752.8,1752.1,1752.9,16.053,16.242,16.272,1696.65,15.5651,1662.5,1680.65,15.175,,,27.59,41.67,0.719058692,-0.52052933,99.482,0.025,0.05,0.0589,0.0582,99.9675,99.925,99.925,99.93,0.8,0.8,0.75,0.6
2020-04-13,1761.4,1760.9,1762.1,15.537,15.737,15.772,1715.34,15.4145,1662.5,1680.65,15.175,,,28.41,41.17,0.771292686,-0.499558151,99.34801,0.0659,0.0762,0.0707,0.0741,99.965,99.92,99.92,99.925,0.8,0.8,0.75,0.6
2020-04-14,1768.9,1769.4,1770.5,16.13,16.341,16.35,1726.97,15.7519,1715.85,1741.9,15.51,,,28.87,37.76,0.751998603,-0.548025668,98.887,0.0647,0.07825,0.0751,0.084,99.9675,99.915,99.915,99.92,0.73,0.75,0.7,0.48
2020-04-15,1740.2,1741.2,1743.3,15.505,15.654,15.663,1717.03,15.4635,1712.25,1718.65,15.57,,,27.39,40.84,0.631621778,-0.570024192,99.46101,0.058,0.0733,0.0721,0.0737,99.97,99.92,99.92,99.925,0.55,0.6,0.6,0.45
2020-04-16,1731.7,1733.2,1735.3,15.622,15.766,15.775,1717.7,15.4965,1717.85,1729.5,15.5,,,27.74,40.11,0.626680672,-0.443151325,100.025,0.0592,0.073,0.0715,0.0763,99.9725,99.925,99.92,99.925,0.4,0.4,0.4,0.35
2020-04-17,1698.8,1700.1,1702.0,15.295,15.445,15.463,1682.82,15.178,1693.15,1692.55,15.16,,,26.96,38.15,0.641739428,-0.381715864,99.78201,0.0505,0.063,0.0616,0.0661,99.975,99.935,99.93,99.93,0.35,0.38,0.4,0.35
2020-04-20,1711.2,1712.6,1714.6,15.614,15.75,15.76,1695.65,15.317,1684.95,1686.2,15.15,,,28.01,43.83,0.605343282,-0.352668345,99.955,0.0403,0.0562,0.0597,0.0646,99.98,99.945,99.935,99.935,0.5,0.5,0.5,0.55
2020-04-21,1687.8,1689.8,1691.5,14.876,14.991,15.017,1686.2,14.8865,1678.6,1682.05,14.97,,,30.62,45.41,0.569059372,-0.386602104,100.258,0.0392,0.0507,0.0527,0.06,99.9825,99.95,99.945,99.945,0.45,0.55,0.6,0.6
2020-04-22,1738.3,1741.4,1743.0,15.335,15.503,15.531,1714.08,15.097,1702.65,1710.55,14.91,,,30.44,41.98,0.619024277,-0.438004404,100.388,0.0415,0.0537,0.0566,0.064,99.9825,99.95,99.945,99.945,0.5,0.58,0.6,0.6
2020-04-23,1745.4,1748.8,1750.6,15.357,15.526,15.545,1730.51,15.2554,1727.55,1736.25,15.305,,,30.25,41.38,0.601503372,-0.443503678,100.433,0.0486,0.058,0.0562,0.0604,99.98,99.945,99.94,99.94,0.65,0.65,0.6,0.6
2020-04-24,1735.6,1739.7,1741.5,15.263,15.445,15.464,1729.6,15.2535,1727.25,1715.9,15.315,,,29.22,35.93,0.600801706,-0.518519998,100.38,0.0492,0.0523,0.0522,0.0584,99.9825,99.95,99.945,99.945,0.55,0.55,0.6,0.6
2020-04-27,1723.8,1728.7,1730.9,15.21,15.341,15.379,1713.99,15.2089,1717.25,1714.95,15.205,,,26.75,33.29,0.660492718,-0.507325351,100.041,0.0466,0.0534,0.051,0.0561,99.9775,99.955,99.95,99.95,0.35,0.4,0.43,0.43
2020-04-28,1722.2,1727.8,1730.2,15.171,15.328,15.38,1707.79,15.1654,1708.1,1691.55,15.145,,,24.43,33.57,0.61292237,-0.535545826,99.86501,0.0395,0.047,0.0477,0.0557,99.9775,99.955,99.95,99.95,0.22,0.4,0.4,0.4
2020-04-29,1713.4,1719.2,1721.4,15.16,15.315,15.385,1713.41,15.2964,1706.0,1703.35,15.165,,,24.16,31.23,0.626876771,-0.509198844,99.565,0.022,0.031,0.036,0.0434,99.9825,99.98,99.97,99.97,0.25,0.37,0.4,0.4
2020-04-30,1694.2,1701.0,1703.3,14.898,14.973,15.079,1686.5,14.9697,1716.75,1702.75,15.335,,,24.24,34.15,0.639278889,-0.435445309,99.01601,0.0252,0.0282,0.0309,0.0407,99.9775,99.97,99.97,99.97,0.35,0.4,0.43,0.4
2020-05-01,1700.9,1707.2,1710.1,14.938,15.035,15.159,1700.42,14.9765,1673.05,1686.25,14.845,,,24.25,37.19,0.611765504,-0.460390329,99.079,0.0305,0.0321,0.0318,0.036,99.97,99.965,99.97,99.97,0.3,0.37,0.45,0.45
2020-05-04,1713.3,1720.3,1723.5,14.796,14.884,14.989,1702.07,14.7781,1703.7,1709.1,14.93,,,23.68,35.97,0.633637726,-0.450617731,99.484,0.0319,0.0346,0.034,0.036,99.9675,99.965,99.97,99.97,0.22,0.35,0.35,0.4
2020-05-05,1710.6,1718.9,1723.8,15.11,15.201,15.291,1705.92,14.9637,1696.3,1699.55,14.75,,,24.97,33.61,0.661910415,-0.437765956,99.70901,0.052,0.0485,0.0443,0.0422,99.9525,99.95,99.955,99.96,0.22,0.35,0.4,0.45
2020-05-06,1688.5,1696.5,1700.4,15.015,15.103,15.206,1685.71,14.8528,1698.9,1691.5,15.075,,,24.47,34.12,0.703011572,-0.398768216,100.091,0.053,0.0492,0.0425,0.0349,99.9475,99.945,99.955,99.96,0.4,0.45,0.45,0.45
2020-05-07,1725.8,1735.7,1739.4,15.59,15.664,15.757,1716.06,15.3457,1688.65,1704.05,14.98,,,26.15,31.44,0.640871286,-0.457990408,99.88901,0.0713,0.0573,0.045,0.0162,99.9375,99.94,99.95,99.96,0.35,0.45,0.45,0.45
2020-05-08,1713.9,1726.6,1730.7,15.778,15.835,15.944,1702.7,15.4815,1688.65,1704.05,14.98,,,24.89,27.98,0.683066487,-0.438558847,99.734,0.066,0.0573,0.0512,0.0313,99.9375,99.945,99.95,99.955,0.35,0.45,0.45,0.45
2020-05-11,1698.0,1711.3,1715.2,15.68,15.754,15.866,1697.93,15.4901,1698.8,1702.75,15.445,,,23.55,27.57,0.709945977,-0.421053559,100.236,0.0675,0.0619,0.0561,0.0397,99.94,99.94,99.945,99.945,0.35,0.45,0.45,0.45
2020-05-12,1706.8,1717.3,1723.0,15.709,15.777,15.92,1702.7,15.449,1703.45,1702.4,15.485,,,22.45,33.04,0.665142894,-0.428893656,99.93301,0.0692,0.0685,0.0617,0.0425,99.9375,99.935,99.935,99.935,0.3,0.4,0.45,0.45
2020-05-13,1716.4,1726.9,1731.7,15.671,15.729,15.854,1716.28,15.5813,1699.85,1708.4,15.56,,,22.71,35.28,0.652481794,-0.436732143,100.242,0.0532,0.0607,0.0571,0.0403,99.9475,99.94,99.94,99.94,0.25,0.35,0.4,0.45
2020-05-14,1740.9,1752.1,1757.0,16.156,16.209,16.304,1730.3,15.8734,1716.4,1731.6,15.53,,,24.15,32.61,0.621771991,-0.45224151,100.466,0.0568,0.062,0.0575,0.0388,99.9475,99.94,99.94,99.94,0.3,0.35,0.4,0.45
2020-05-15,1756.3,1768.0,1773.2,17.07,17.121,17.202,1743.67,16.6109,1734.85,1735.35,16.25,,,23.63,31.89,0.642786622,-0.461937279,100.402,0.0526,0.0597,0.0576,0.0385,99.95,99.94,99.94,99.94,0.3,0.35,0.4,0.45
2020-05-18,1734.4,1746.7,1753.6,17.468,17.53,17.611,1732.55,16.966,1756.9,1734.7,17.35,,,22.81,29.3,0.725712597,-0.462103039,99.66501,0.0578,0.0677,0.0656,0.0504,99.95,99.935,99.93,99.935,0.28,0.35,0.4,0.43
2020-05-19,1745.6,1757.9,1765.4,17.901,17.956,18.026,1745.05,17.3495,1735.25,1737.95,17.12,,,21.33,30.53,0.68824482,-0.471472323,99.371,0.0535,0.0645,0.0634,0.0516,99.9525,99.935,99.93,99.935,0.27,0.33,0.37,0.43
2020-05-20,1752.1,1765.6,1774.0,18.031,18.082,18.154,1748.18,17.5567,1750.05,1748.3,17.47,,,20.12,27.99,0.680127382,-0.493853241,99.12401,0.0463,0.0548,0.0541,0.0478,99.9525,99.945,99.945,99.945,0.25,0.39,0.4,0.4
2020-05-21,1721.9,1736.9,1744.8,17.364,17.424,17.503,1727.0,17.108,1732.8,1724.9,17.205,,,19.74,29.53,0.672012627,-0.470275342,99.37,0.0304,0.0505,0.0511,0.0411,99.9575,99.95,99.945,99.94,0.15,0.27,0.3,0.35
2020-05-22,1735.5,1753.5,1760.5,17.693,17.763,17.857,1734.68,17.2133,1732.45,1733.55,17.0,,,18.95,28.16,0.659055173,-0.470181108,99.86301,0.0674,0.0633,0.0584,0.0454,99.9575,99.945,99.94,99.94,0.13,0.27,0.38,0.35
2020-05-25,1735.5,1753.5,1760.5,17.693,17.763,17.857,1731.95,17.2875,1732.45,1733.55,17.0,,,18.95,28.16,0.659055173,-0.470181108,99.86301,0.065,0.0628,0.0542,0.0425,99.9575,99.945,99.94,99.94,0.13,0.27,0.38,0.35
2020-05-26,1705.6,1728.2,1735.5,17.595,17.674,17.771,1710.58,17.1349,1722.75,1720.25,17.3,,,18.57,28.01,0.696513414,-0.439570069,98.908,0.0665,0.0738,0.0666,0.0552,99.955,99.935,99.93,99.93,0.25,0.3,0.38,0.35
2020-05-27,1710.7,1726.8,1734.7,17.757,17.838,17.931,1709.47,17.2601,1705.15,1694.6,17.19,,,18.51,27.62,0.681856811,-0.475128144,99.062,0.0578,0.0682,0.0646,0.0551,99.9525,99.93,99.925,99.925,0.3,0.35,0.38,0.35
2020-05-28,1713.3,1728.3,1737.3,17.967,18.05,18.147,1718.33,17.371,1723.3,1717.35,17.34,,,18.1,28.59,0.690023899,-0.505218923,98.383,0.07,0.0729,0.0678,0.0562,99.95,99.925,99.925,99.925,0.4,0.4,0.4,0.35
2020-05-29,1736.9,1751.7,1760.7,18.499,18.584,18.679,1730.27,17.8655,1725.65,1728.7,17.59,,,18.15,27.51,0.652601004,-0.5111202,98.344,0.0676,0.0691,0.063,0.0492,99.93,99.93,99.93,99.93,0.3,0.35,0.38,0.35
2020-06-01,1750.3,1759.1,1763.7,18.827,18.951,19.089,1739.55,18.3031,1734.8,1730.6,18.16,,,18.06,28.23,0.659116507,-0.541912556,97.83,0.0708,0.0708,0.0668,0.05025,99.9275,99.925,99.925,99.925,0.3,0.35,0.37,0.4
2020-06-02,1734.0,1743.3,1749.7,18.26,18.388,18.545,1727.7,18.068,1740.25,1742.15,18.27,,,18.1,26.84,0.68520999,-0.510714293,97.673,0.0745,0.0742,0.0688,0.05275,99.9275,99.925,99.925,99.925,0.32,0.35,0.37,0.4
2020-06-03,1704.8,1716.1,1723.5,17.958,18.09,18.249,1699.67,17.652,1717.6,1705.35,17.86,,,18.47,25.66,0.745832622,-0.470930845,97.276,0.0792,0.0777,0.0717,0.0619,99.925,99.925,99.925,99.925,0.4,0.4,0.4,0.4
2020-06-04,1727.4,1738.1,1746.4,18.061,18.206,18.36,1714.01,17.7109,1706.45,1700.05,17.75,,,18.05,25.81,0.823421776,-0.40773204,96.677,0.0817,0.0772,0.0737,0.066,99.925,99.92,99.92,99.92,0.36,0.4,0.4,0.4
2020-06-05,1683.0,1694.1,1701.9,17.479,17.668,17.885,1685.06,17.415,1709.55,1683.45,17.58,,,18.17,24.52,0.895139217,-0.384103268,96.937,0.0782,0.0748,0.0735,0.0687,99.93,99.925,99.925,99.925,0.37,0.4,0.4,0.4
2020-06-08,1705.1,1715.7,1723.8,17.893,18.098,18.317,1698.53,17.774,1692.0,1690.35,17.63,,,17.94,25.81,0.875181913,-0.426947504,96.618,0.0912,0.0842,0.08,0.0756,99.9225,99.915,99.92,99.92,0.33,0.38,0.39,0.4
2020-06-09,1721.9,1732.2,1740.3,17.794,17.986,18.193,1715.33,17.5337,1707.5,1713.5,17.63,,,19.0,27.57,0.825342774,-0.434076071,96.32401,0.0872,0.0826,0.0778,0.0683,99.9225,99.915,99.92,99.92,0.3,0.36,0.37,0.4
2020-06-10,1720.7,1730.4,1739.0,17.796,17.973,18.17,1738.7,18.114,1717.65,1722.05,17.715,,,20.75,27.57,0.726320982,-0.552041888,95.95901,0.0844,0.07325,0.0703,0.0565,99.925,99.92,99.925,99.925,0.3,0.33,0.35,0.4
2020-06-11,1739.8,1748.8,1757.6,17.889,18.061,18.263,1727.7,17.6515,1731.9,1738.25,17.875,,,23.04,40.79,0.669001818,-0.556061804,96.733,0.1115,0.1054,0.0966,0.0773,99.925,99.92,99.925,99.925,0.29,0.33,0.34,0.4
2020-06-12,1737.3,1746.2,1755.2,17.482,17.642,17.834,1730.75,17.4916,1735.85,1733.5,17.625,,,20.39,36.09,0.703430474,-0.520576179,97.31901,0.104,0.0969,0.0912,0.0749,99.9175,99.9,99.905,99.905,0.4,0.41,0.35,0.4
2020-06-15,1727.2,1735.7,1744.9,17.399,17.552,17.739,1725.16,17.3828,1710.4,1710.45,17.085,,,20.11,34.4,0.721520722,-0.531520128,96.706,0.1098,0.1023,0.0967,0.0782,99.915,99.895,99.9,99.9,0.4,0.39,0.35,0.4
2020-06-16,1736.5,1745.3,1754.4,17.652,17.798,17.988,1726.53,17.4569,1728.35,1719.85,17.41,,,19.29,33.67,0.752844572,-0.53401196,96.95801,0.1051,0.1004,0.0935,0.0799,99.915,99.895,99.9,99.9,0.4,0.4,0.4,0.43
2020-06-17,1735.6,1744.3,1753.4,17.775,17.934,18.122,1726.95,17.505,1717.3,1724.35,17.47,,,18.88,33.47,0.738036275,-0.535736442,97.158,0.0937,0.0874,0.0814,0.068,99.9175,99.905,99.91,99.91,0.4,0.4,0.4,0.43
2020-06-18,1731.1,1739.9,1747.9,17.508,17.67,17.855,1722.93,17.383,1732.65,1719.5,17.615,,,18.31,32.94,0.708441794,-0.58116436,97.42101,0.0901,0.0795,0.0776,0.064,99.92,99.91,99.92,99.915,0.42,0.4,0.4,0.4
2020-06-19,1753.0,1761.0,1768.6,17.847,18.022,18.207,1743.87,17.6245,1728.55,1734.75,17.525,,,18.27,35.12,0.693717599,-0.620741606,97.623,0.0894,0.0803,0.0747,0.0593,99.92,99.915,99.925,99.92,0.38,0.38,0.38,0.38
2020-06-22,1766.4,1774.2,1781.7,17.902,18.074,18.258,1754.43,17.712,1745.45,1761.85,17.86,,,19.55,31.77,0.70852989,-0.651423395,97.039,0.094,0.078,0.0723,0.053,99.9175,99.91,99.925,99.92,0.33,0.35,0.37,0.37
2020-06-23,1782.0,1789.8,1797.1,18.063,18.239,18.421,1768.41,17.9449,1756.6,1768.9,17.81,,,20.51,31.37,0.711843491,-0.676718831,96.646,0.0857,0.0759,0.07,0.0556,99.92,99.92,99.925,99.92,0.33,0.35,0.35,0.35
2020-06-24,1775.1,1784.0,1792.6,17.67,17.811,18.0,1761.17,17.5011,1775.7,1766.05,17.855,,,20.01,33.84,0.678992391,-0.66707468,97.148,0.0771,0.0711,0.0674,0.0511,99.92,99.925,99.93,99.925,0.33,0.35,0.35,0.39
2020-06-25,1770.6,1779.7,1788.4,17.895,18.051,18.232,1763.79,17.8025,1758.55,1756.55,17.53,,,19.73,32.22,0.685574293,-0.67185998,97.429,0.0767,0.0708,0.0662,0.0504,99.92,99.92,99.925,99.925,0.35,0.35,0.37,0.41
2020-06-26,1780.3,1789.8,1798.5,18.035,18.168,18.343,1771.29,17.805,1762.1,1747.6,17.83,,,20.52,34.73,0.641340375,-0.703668296,97.43301,0.074,0.0697,0.0628,0.0413,99.92,99.925,99.93,99.925,0.35,0.35,0.35,0.4
2020-06-29,1781.2,1790.6,1800.1,17.98,18.064,18.235,1772.82,17.8581,1768.8,1771.6,17.905,,,19.26,31.78,0.623356521,-0.732674479,97.536,0.0741,0.0664,0.0617,0.034,99.92,99.925,99.93,99.93,0.35,0.35,0.36,0.4
2020-06-30,1800.5,1810.0,1820.4,18.541,18.637,18.803,1780.96,18.207,1770.7,1768.1,17.845,,,19.65,30.43,0.656095088,-0.710207403,97.39101,0.0719,0.0647,0.0602,0.0317,99.9275,99.935,99.935,99.945,0.35,0.35,0.38,0.41
2020-07-01,1779.9,1790.8,1801.9,18.218,18.406,18.555,1770.09,18.0119,1787.4,1771.05,18.22,,,18.85,28.62,0.675804675,-0.712720335,97.19601,0.078,0.071,0.065,0.0393,99.9225,99.93,99.93,99.945,0.35,0.35,0.41,0.41
2020-07-02,1790.0,1801.0,1812.0,18.322,18.511,18.677,1775.38,17.9566,1771.85,1777.45,17.925,,,17.7,27.68,0.669279873,-0.753061593,97.317,0.0759,0.0769,0.0726,0.043,99.91,99.915,99.92,99.935,0.35,0.35,0.41,0.41
2020-07-03,1790.0,1801.0,1812.0,18.322,18.511,18.677,1775.95,18.0214,1774.65,1772.9,18.02,,,17.7,27.68,0.669279873,-0.753061593,97.172,0.086,0.082,0.069,0.042,99.91,99.915,99.92,99.935,0.35,0.35,0.44,0.41
2020-07-06,1793.5,1804.9,1816.1,18.582,18.774,18.952,1784.68,18.2727,1774.4,1787.9,18.255,,,17.42,27.94,0.675872028,-0.794810176,96.72501,0.094,0.0864,0.0798,0.0473,99.905,99.915,99.915,99.93,0.39,0.36,0.43,0.45
2020-07-07,1809.9,1821.7,1834.3,18.699,18.898,19.078,1794.86,18.2726,1775.5,1789.55,18.02,,,17.37,29.43,0.639738381,-0.803354621,96.881,0.0897,0.0848,0.076,0.0464,99.9025,99.91,99.915,99.93,0.35,0.35,0.42,0.44
2020-07-08,1820.6,1834.0,1850.6,19.161,19.347,19.523,1808.89,18.7204,1799.35,1811.1,18.485,,,17.74,28.08,0.664380014,-0.762134194,96.428,0.0882,0.0806,0.0737,0.0428,99.905,99.92,99.925,99.94,0.3,0.33,0.4,0.43
2020-07-09,1803.8,1817.6,1833.5,18.962,19.15,19.332,1803.55,18.6505,1812.45,1812.1,18.835,,,17.39,29.26,0.613526881,-0.791078329,96.7,0.0876,0.0815,0.0746,0.0434,99.905,99.92,99.925,99.94,0.3,0.33,0.4,0.43
2020-07-10,1801.9,1815.6,1831.3,19.053,19.231,19.411,1798.7,18.7202,1805.75,1803.1,18.77,,,16.64,27.29,0.644685507,-0.771472454,96.65201,0.0913,0.0838,0.0752,0.0443,99.9,99.91,99.915,99.93,0.3,0.33,0.4,0.43
2020-07-13,1814.1,1827.8,1843.7,19.788,19.963,20.117,1802.76,19.0751,1808.05,1807.5,19.095,,,16.53,32.19,0.618430316,-0.812487543,96.464,0.0878,0.0832,0.076,0.0453,99.9,99.91,99.915,99.93,0.27,0.32,0.4,0.43
2020-07-14,1813.4,1825.5,1841.5,19.53,19.701,19.833,1809.36,19.2164,1798.2,1801.9,18.895,,,16.0,29.52,0.623348176,-0.812003016,96.259,0.0884,0.0829,0.0753,0.0487,99.9,99.91,99.915,99.93,0.25,0.3,0.39,0.43
2020-07-15,1813.8,1826.1,1841.6,19.761,19.933,20.08,1810.29,19.4168,1809.3,1804.6,19.33,,,15.36,27.76,0.629912972,-0.793408036,96.081,0.0872,0.0815,0.074,0.0488,99.9,99.915,99.92,99.935,0.26,0.28,0.4,0.45
2020-07-16,1800.3,1811.7,1826.5,19.573,19.747,19.895,1797.16,19.156,1804.6,1807.7,19.245,,,15.37,28.0,0.616784394,-0.815550208,96.34601,0.0858,0.0803,0.0739,0.0477,99.9,99.92,99.92,99.935,0.26,0.3,0.45,0.45
2020-07-17,1810.0,1820.9,1833.7,19.764,19.961,20.133,1810.42,19.3274,1802.9,1807.35,19.16,,,15.09,25.68,0.6266312,-0.845728099,95.942,0.0859,0.0815,0.0744,0.049,99.8975,99.915,99.915,99.93,0.23,0.3,0.43,0.45
2020-07-20,1817.4,1827.4,1840.1,20.192,20.388,20.564,1817.77,19.9084,1810.3,1815.65,19.44,,,15.3,24.46,0.610210001,-0.861039579,95.83201,0.0899,0.0843,0.0758,0.0481,99.8925,99.91,99.915,99.93,0.23,0.29,0.44,0.425
2020-07-21,1843.9,1853.8,1869.6,21.557,21.756,21.938,1841.91,21.3037,1823.2,1842.55,20.555,,,16.67,24.84,0.600363493,-0.89732343,95.117,0.0975,0.086,0.0776,0.0484,99.8925,99.905,99.91,99.925,0.25,0.3,0.44,0.43
2020-07-22,1865.1,1876.7,1892.6,23.144,23.364,23.583,1871.41,22.996,1851.0,1852.4,22.245,,,22.45,24.32,0.597077429,-0.904352248,94.98801,0.0999,0.0863,0.078,0.0484,99.8925,99.905,99.91,99.925,0.26,0.32,0.44,0.39
2020-07-23,1890.0,1902.2,1917.4,22.988,23.208,23.432,1887.44,22.59,1882.35,1878.3,22.86,,,21.99,26.08,0.577410519,-0.893408895,94.692,0.089,0.0791,0.0733,0.0464,99.8925,99.91,99.915,99.935,0.28,0.33,0.44,0.38
2020-07-24,1897.5,1910.1,1925.2,22.85,23.08,23.304,1902.02,22.7664,1893.85,1902.1,22.475,,,21.61,25.84,0.588844299,-0.914294958,94.43501,0.0912,0.08,0.0733,0.0465,99.8925,99.91,99.92,99.94,0.3,0.41,0.45,0.43
2020-07-27,1931.0,1941.4,1955.4,24.501,24.747,24.99,1942.24,24.5882,1940.55,1936.65,24.375,,,25.52,24.74,0.61511451,-0.905080497,93.66801,0.0886,0.0769,0.072,0.0479,99.895,99.91,99.92,99.94,0.32,0.41,0.45,0.43
2020-07-28,1944.6,1952.8,1963.9,24.3,24.551,24.801,1958.43,24.402,1931.65,1940.9,23.545,,,28.96,25.44,0.578985214,-0.927746236,93.69601,0.0871,0.0753,0.0705,0.0455,99.8925,99.91,99.92,99.935,0.33,0.42,0.43,0.43
2020-07-29,1953.4,1965.3,1976.7,24.321,24.589,24.838,1970.79,24.309,1954.35,1950.9,24.335,,,26.79,24.1,0.574055374,-0.958823979,93.453,0.0853,0.0761,0.07,0.0469,99.8925,99.915,99.925,99.94,0.34,0.42,0.42,0.42
2020-07-30,1942.3,1955.2,1966.8,23.362,23.626,23.883,1956.64,23.4975,1952.2,1957.65,23.16,,,24.13,24.76,0.546215177,-0.978548169,93.021,0.083,0.0699,0.0636,0.0406,99.8925,99.92,99.925,99.94,0.34,0.4,0.4,0.42
2020-07-31,1962.8,1973.9,1985.9,24.216,24.469,24.712,1975.86,24.389,1974.7,1964.9,24.07,,,24.46,24.46,0.528173387,-1.029317379,93.34901,0.0779,0.0698,0.0628,0.0379,99.92,99.925,99.94,99.94,0.3,0.38,0.41,0.4
2020-08-03,1974.7,1986.3,1996.1,24.417,24.652,24.881,1976.98,24.2996,1972.95,1958.55,24.23,,,23.56,24.28,0.554314971,-1.032432675,93.54201,0.0858,0.0723,0.0666,0.0413,99.915,99.92,99.935,99.935,0.25,0.36,0.38,0.39
2020-08-04,2008.5,2021.0,2030.8,26.028,26.268,26.5,2019.21,26.006,1972.25,1977.9,24.33,,,26.3,23.76,0.506905198,-1.06772089,93.382,0.0826,0.074,0.065,0.04003,99.9125,99.92,99.935,99.935,0.22,0.32,0.35,0.37
2020-08-05,2037.1,2049.3,2059.4,26.89,27.141,27.401,2038.12,26.9588,2034.45,2048.15,26.945,,,25.69,22.99,0.547724903,-1.07083714,92.868,0.0804,0.0727,0.0668,0.0437,99.915,99.92,99.935,99.935,0.24,0.34,0.34,0.33
2020-08-06,2058.4,2069.4,2080.1,28.4,28.679,28.955,2063.54,28.9215,2049.15,2067.15,27.885,,,27.36,22.65,0.536245406,-1.086513281,92.788,0.078,0.0729,0.0676,0.045,99.915,99.92,99.935,99.935,0.25,0.35,0.36,0.33
2020-08-07,2018.0,2028.0,2038.5,27.54,27.797,28.042,2035.55,28.3009,2061.5,2031.15,28.33,,,26.22,22.21,0.564047217,-1.058844924,93.43501,0.0775,0.072,0.0673,0.0494,99.915,99.925,99.935,99.935,0.25,0.35,0.36,0.33
2020-08-10,2030.3,2039.7,2050.1,29.261,29.483,29.703,2027.34,29.1295,2030.3,2044.5,28.27,,,23.89,22.13,0.575534225,-1.036034226,93.582,0.0975,0.0803,0.0731,0.0519,99.91,99.92,99.93,99.93,0.25,0.35,0.36,0.33
2020-08-11,1938.9,1946.3,1955.4,26.049,26.25,26.452,1911.89,24.7931,1996.6,1939.65,28.28,,,27.48,24.03,0.64153111,-0.988493681,93.62801,0.1027,0.0826,0.0726,0.0562,99.91,99.925,99.93,99.93,0.27,0.33,0.33,0.33
2020-08-12,1940.5,1949.0,1957.5,25.979,26.179,26.378,1915.83,25.512,1931.7,1931.9,25.81,,,25.85,22.28,0.674715877,-0.993734658,93.443,0.0883,0.0816,0.0764,0.0591,99.91,99.92,99.925,99.925,0.27,0.35,0.36,0.33
2020-08-13,1961.9,1970.4,1979.3,27.718,27.929,28.09,1953.71,27.505,1931.0,1944.25,26.25,,,25.82,22.13,0.720765173,-0.958696246,93.33501,0.0925,0.085,0.0789,0.0616,99.91,99.92,99.925,99.925,0.32,0.39,0.4,0.34
2020-08-14,1942.3,1949.8,1958.7,26.089,26.258,26.423,1945.12,26.4463,1948.3,1944.75,26.705,,,23.53,22.05,0.709353387,-0.949652493,93.096,0.0885,0.0888,0.0828,0.0634,99.9075,99.915,99.92,99.92,0.32,0.37,0.4,0.34
2020-08-17,1989.9,1998.7,2006.8,27.667,27.834,27.997,1985.3,27.486,1949.85,1972.85,26.915,,,26.35,21.35,0.688212097,-0.9747504,92.85101,0.0907,0.0871,0.0825,0.0616,99.9075,99.915,99.915,99.915,0.37,0.37,0.4,0.34
2020-08-18,2004.8,2013.1,2021.6,28.075,28.243,28.424,2002.44,27.6715,2005.15,2008.75,28.325,,,26.46,21.51,0.668729126,-1.032931089,92.271,0.0977,0.0872,0.0818,0.0607,99.9075,99.915,99.915,99.915,0.37,0.4,0.4,0.35
2020-08-19,1963.5,1970.3,1978.5,27.34,27.486,27.657,1928.98,26.7005,1993.15,1981.0,27.44,,,28.15,22.54,0.680113196,-0.990209401,92.887,0.077,0.074,0.073,0.0543,99.91,99.925,99.925,99.925,0.4,0.4,0.4,0.35
2020-08-20,1938.3,1946.5,1955.0,27.147,27.301,27.461,1947.26,27.248,1928.05,1927.15,26.915,,,25.91,22.72,0.650902271,-0.980605483,92.79301,0.075,0.0727,0.0707,0.0516,99.9125,99.925,99.93,99.93,0.4,0.39,0.4,0.35
2020-08-21,1938.3,1947.0,1955.1,26.732,26.877,27.024,1940.48,26.7905,1932.85,1924.35,26.85,,,25.96,22.54,0.628234386,-1.016167641,93.247,0.0745,0.0716,0.0694,0.0516,99.915,99.93,99.935,99.935,0.4,0.4,0.4,0.35
2020-08-24,1931.5,1939.2,1947.5,26.607,26.768,26.931,1928.88,26.605,1947.55,1943.95,26.885,,,23.86,22.37,0.654174924,-1.028477073,93.298,0.0688,0.0722,0.0717,0.0533,99.915,99.93,99.935,99.93,0.4,0.4,0.4,0.35
2020-08-25,1915.6,1923.1,1931.1,26.273,26.426,26.577,1928.18,26.5342,1925.45,1911.15,26.495,,,22.76,22.03,0.6834559,-1.023851,93.019,0.0786,0.0782,0.0761,0.0568,99.9125,99.925,99.93,99.925,0.4,0.4,0.4,0.35
2020-08-26,1944.1,1952.5,1960.3,27.449,27.604,27.793,1954.46,27.4998,1918.5,1932.95,26.395,,,24.79,23.27,0.688359916,-1.045324087,93.006,0.0755,0.0767,0.0755,0.0584,99.9125,99.92,99.925,99.92,0.38,0.4,0.42,0.35
2020-08-27,1925.0,1932.6,1940.0,27.025,27.198,27.377,1929.54,27.0161,1938.8,1923.85,27.245,,,23.08,24.47,0.752173603,-0.999725103,93.00101,0.0695,0.0704,0.0715,0.0597,99.915,99.93,99.93,99.93,0.42,0.44,0.45,0.37
2020-08-28,1966.8,1974.9,1981.8,27.61,27.79,27.956,1964.83,27.503,1955.85,1957.35,27.35,,,23.19,22.96,0.721115828,-1.057879567,92.371,0.0741,0.0727,0.0704,0.0528,99.915,99.93,99.93,99.93,0.42,0.44,0.45,0.37
2020-08-31,1970.5,1978.6,1986.5,28.437,28.594,28.756,1967.8,28.1428,1955.85,1957.35,27.35,,,24.32,26.41,0.704777896,-1.103897929,92.144,0.074,0.0747,0.073,0.0549,99.925,99.925,99.925,99.92,0.42,0.44,0.45,0.37
2020-09-01,1970.8,1978.9,1986.8,28.645,28.805,28.905,1970.18,28.111,1987.95,1972.35,28.885,,,23.0,26.12,0.668887496,-1.106337667,92.33801,0.072,0.0739,0.0718,0.0556,99.9275,99.925,99.925,99.92,0.42,0.43,0.45,0.37
2020-09-02,1936.9,1944.7,1952.6,27.395,27.565,27.72,1942.92,27.4475,1969.0,1947.05,27.705,,,23.57,26.57,0.647735298,-1.085603595,92.84701,0.074,0.075,0.073,0.055,99.9225,99.92,99.925,99.92,0.42,0.46,0.46,0.39
2020-09-03,1930.2,1937.8,1945.2,26.875,27.038,27.161,1930.91,26.586,1934.1,1940.45,26.9,,,23.68,33.6,0.634736896,-1.050704718,92.73901,0.0736,0.0744,0.0707,0.0529,99.9225,99.92,99.925,99.925,0.42,0.46,0.46,0.39
2020-09-04,1926.2,1934.3,1941.7,26.712,26.873,26.994,1933.94,26.9105,1937.6,1926.3,26.815,,,21.98,30.75,0.718036771,-0.988892436,92.719,0.0823,0.0809,0.076,0.05875,99.915,99.92,99.92,99.915,0.42,0.46,0.46,0.39
2020-09-07,1926.2,1934.3,1941.7,26.712,26.873,26.994,1933.64,26.8322,1928.4,1928.45,26.83,,,21.98,30.75,0.718036771,-0.988892436,92.719,0.094,0.0851,0.0806,0.061,99.915,99.92,99.92,99.915,0.42,0.45,0.46,0.39
2020-09-08,1935.1,1943.2,1950.9,26.991,27.152,27.273,1932.03,26.6705,1920.6,1910.95,26.675,,,22.49,31.46,0.67876631,-1.016905308,93.44501,0.0842,0.0826,0.079,0.0615,99.9125,99.915,99.92,99.915,0.42,0.45,0.46,0.4
2020-09-09,1946.8,1954.9,1962.4,27.083,27.239,27.348,1946.84,26.9798,1928.4,1947.2,26.535,,,21.66,28.81,0.70005101,-1.007987976,93.255,0.0822,0.0819,0.0804,0.0641,99.915,99.915,99.92,99.915,0.42,0.45,0.46,0.4
2020-09-10,1956.0,1964.3,1971.9,27.291,27.445,27.549,1946.09,26.8771,1944.8,1966.25,27.105,,,21.26,29.71,0.677159727,-1.017530203,93.33601,0.0821,0.0816,0.079,0.06,99.9125,99.915,99.92,99.915,0.43,0.47,0.47,0.41
2020-09-11,1939.5,1947.9,1955.7,26.857,27.016,27.126,1940.55,26.73,1944.5,1947.4,26.875,,,20.2,26.87,0.665756285,-1.003538728,93.33301,0.0787,0.0773,0.074,0.055,99.9125,99.92,99.925,99.92,0.42,0.47,0.47,0.41
2020-09-14,1954.7,1963.7,1971.7,27.355,27.518,27.628,1956.86,27.1231,1942.3,1958.7,26.885,,,20.91,25.85,0.672306597,-0.989603221,93.052,0.078,0.0766,0.075,0.0564,99.9125,99.92,99.925,99.92,0.5,0.49,0.52,0.42
2020-09-15,1958.0,1966.2,1974.1,27.464,27.622,27.732,1954.15,27.138,1963.55,1949.35,27.545,,,20.32,25.59,0.678864896,-0.996323109,93.05,0.0798,0.077,0.0758,0.058,99.91,99.92,99.925,99.92,0.54,0.52,0.53,0.45
2020-09-16,1962.0,1970.5,1978.0,27.476,27.63,27.736,1959.26,27.1595,1964.8,1961.8,27.38,,,20.08,26.04,0.696907699,-0.986647844,93.214,0.0773,0.0739,0.0737,0.0596,99.9125,99.92,99.925,99.92,0.54,0.54,0.53,0.45
2020-09-17,1941.3,1949.9,1957.3,27.1,27.254,27.354,1944.44,27.0364,1936.1,1936.25,26.745,,,19.95,26.46,0.688725412,-0.991946638,92.97,0.0773,0.0744,0.0727,0.0567,99.91,99.92,99.925,99.92,0.54,0.53,0.52,0.45
2020-09-18,1953.2,1962.1,1969.7,27.129,27.283,27.382,1950.86,26.7845,1954.75,1950.85,27.06,,,20.22,25.83,0.693699479,-0.982867479,92.926,0.0804,0.0754,0.0747,0.0629,99.9075,99.92,99.925,99.92,0.54,0.54,0.54,0.45
2020-09-21,1902.1,1910.6,1918.0,24.387,24.533,24.63,1912.51,24.7156,1930.9,1909.35,26.36,,,21.6,27.78,0.665841579,-0.96815002,93.65601,0.076,0.073,0.0734,0.0601,99.91,99.92,99.925,99.92,0.55,0.55,0.55,0.45
2020-09-22,1899.3,1907.6,1915.0,24.523,24.663,24.76,1900.21,24.399,1903.1,1906.0,24.3,,,21.63,26.86,0.670767128,-0.954835296,93.98801,0.0742,0.074,0.0714,0.0585,99.91,99.92,99.925,99.92,0.52,0.5,0.55,0.45
2020-09-23,1860.5,1868.4,1875.7,23.105,23.237,23.327,1863.34,22.7784,1888.1,1873.4,23.595,,,23.43,28.58,0.672418416,-0.934308648,94.38901,0.0775,0.0734,0.0705,0.0577,99.9125,99.925,99.93,99.925,0.38,0.43,0.5,0.42
2020-09-24,1868.9,1876.9,1883.9,23.196,23.317,23.398,1868.07,23.1475,1850.75,1861.75,22.22,,,23.41,28.51,0.665873706,-0.919488609,94.354,0.0748,0.072,0.0696,0.0563,99.9125,99.925,99.93,99.925,0.38,0.43,0.5,0.45
2020-09-25,1857.8,1866.3,1873.5,23.093,23.216,23.301,1861.58,22.8885,1870.05,1859.7,22.63,,,22.09,26.38,0.654432416,-0.931875169,94.64201,0.0763,0.0734,0.0702,0.0571,99.9125,99.925,99.93,99.925,0.38,0.43,0.5,0.45
2020-09-28,1872.8,1882.3,1889.6,23.604,23.722,23.807,1881.48,23.6753,1850.95,1864.3,22.89,,,22.01,26.19,0.652801692,-0.967385352,94.27801,0.0655,0.0738,0.0697,0.0559,99.91,99.9225,99.93,99.925,0.38,0.43,0.5,0.45
2020-09-29,1894.3,1903.2,1910.4,24.445,24.56,24.654,1898.07,24.189,1882.4,1883.95,23.835,,,23.28,26.27,0.64953202,-0.992055535,93.89101,0.0752,0.075,0.068,0.0573,99.9125,99.925,99.93,99.925,0.38,0.43,0.5,0.45
2020-09-30,1887.5,1895.5,1902.6,23.494,23.627,23.724,1885.82,23.2352,1883.4,1886.9,23.725,,,22.07,26.37,0.68400979,-0.951461971,93.886,0.0734,0.0769,0.0694,0.0582,99.925,99.93,99.925,99.92,0.38,0.43,0.5,0.45
2020-10-01,1916.3,1923.4,1928.6,24.254,24.382,24.477,1906.01,23.7929,1895.55,1902.0,23.62,,,22.39,26.7,0.677448273,-0.964696646,93.71101,0.0719,0.076,0.069,0.0599,99.925,99.93,99.925,99.92,0.38,0.43,0.5,0.45
2020-10-02,1907.6,1914.7,1919.7,24.029,24.162,24.251,1899.84,23.7361,1906.4,1903.05,23.865,,,22.59,27.63,0.700547695,-0.951928496,93.844,0.0745,0.0775,0.0703,0.0602,99.925,99.93,99.925,99.92,0.38,0.43,0.5,0.45
2020-10-05,1920.1,1927.0,1932.0,24.56,24.696,24.786,1913.53,24.38,1899.65,1909.6,23.915,,,22.13,27.96,0.781722307,-0.919043124,93.51301,0.0791,0.079,0.0719,0.063,99.92,99.93,99.925,99.92,0.38,0.43,0.5,0.45
2020-10-06,1908.8,1915.8,1921.0,23.921,24.057,24.142,1878.18,23.0675,1912.5,1913.4,24.3,,,22.79,29.48,0.735295177,-0.939547896,93.686,0.0763,0.0785,0.073,0.0663,99.9175,99.925,99.925,99.92,0.38,0.43,0.5,0.45
2020-10-07,1890.8,1897.7,1903.2,23.896,24.037,24.179,1887.42,23.8029,1888.0,1884.5,23.53,,,23.28,28.06,0.786799073,-0.924678624,93.63,0.0752,0.0799,0.0745,0.0675,99.92,99.925,99.925,99.92,0.38,0.43,0.5,0.45
2020-10-08,1895.1,1902.7,1908.4,23.876,24.02,24.131,1893.82,23.8382,1891.35,1887.45,23.96,,,21.96,26.36,0.785177112,-0.948791504,93.605,0.075,0.0793,0.07375,0.069,99.92,99.925,99.925,99.915,0.38,0.43,0.5,0.45
2020-10-09,1926.2,1933.6,1939.5,25.108,25.261,25.398,1930.4,25.1539,1912.4,1923.25,24.315,,,22.44,25.0,0.773687601,-0.965844989,93.05701,0.077,0.0797,0.0737,0.069,99.92,99.925,99.925,99.915,0.38,0.43,0.5,0.45
2020-10-12,1928.9,1936.3,1942.4,25.271,25.433,25.574,1922.77,25.103,1919.8,1925.5,25.06,,,22.66,25.07,0.773687601,-0.965844989,93.065,0.077,0.08,0.074,0.069,99.9175,99.925,99.925,99.915,0.38,0.43,0.5,0.45
2020-10-13,1894.6,1902.2,1908.2,24.129,24.295,24.434,1891.36,24.1385,1920.8,1891.3,24.935,,,23.17,26.07,0.72721082,-0.981992126,93.53101,0.078,0.0801,0.0741,0.0662,99.9175,99.925,99.925,99.915,0.38,0.43,0.5,0.45
2020-10-14,1907.3,1915.1,1921.2,24.395,24.567,24.699,1901.52,24.2653,1896.45,1910.05,24.175,,,21.88,26.4,0.7255804,-0.9750966,93.382,0.0798,0.0815,0.0755,0.067,99.915,99.925,99.92,99.915,0.38,0.43,0.5,0.45
2020-10-15,1908.9,1916.6,1922.6,24.224,24.388,24.5,1908.71,24.3018,1891.7,1891.9,23.935,,,21.73,26.97,0.732241392,-0.970355034,93.856,0.084,0.08475,0.0785,0.06875,99.9125,99.92,99.915,99.91,0.38,0.43,0.5,0.45
2020-10-16,1906.4,1914.0,1920.1,24.405,24.569,24.683,1899.29,24.1577,1908.2,1905.05,24.36,,,20.29,27.41,0.745619774,-0.966211677,93.68201,0.0825,0.0836,0.079,0.07,99.9125,99.92,99.915,99.91,0.38,0.43,0.5,0.45
2020-10-19,1911.7,1919.3,1925.0,24.698,24.861,24.978,1904.08,24.3889,1910.0,1905.6,24.84,,,21.33,29.18,0.768963575,-0.954952359,93.427,0.0814,0.0838,0.07885,0.0714,99.9125,99.92,99.915,99.91,0.38,0.43,0.5,0.45
2020-10-20,1915.4,1922.9,1928.5,24.98,25.137,25.256,1906.95,24.6418,1906.35,1898.4,24.63,,,21.54,29.35,0.7856915,-0.940776348,93.067,0.083,0.0847,0.0795,0.07,99.9125,99.92,99.915,99.915,0.38,0.43,0.5,0.45
2020-10-21,1929.5,1936.9,1942.5,25.241,25.397,25.512,1924.33,25.0472,1918.95,1924.15,25.02,,,22.66,28.65,0.822561324,-0.9200387,92.61101,0.081,0.0855,0.08,0.0722,99.9125,99.92,99.915,99.91,0.38,0.43,0.5,0.45
2020-10-22,1904.6,1912.0,1917.8,24.709,24.863,24.984,1904.11,24.7088,1916.85,1900.95,24.915,,,21.38,28.11,0.856222272,-0.910155356,92.951,0.0825,0.0863,0.0811,0.07315,99.915,99.92,99.915,99.91,0.38,0.43,0.5,0.45
2020-10-23,1905.2,1912.7,1918.5,24.675,24.83,24.936,1902.05,24.607,1910.6,1903.65,24.76,,,21.04,27.55,0.842940688,-0.913198769,92.76801,0.0845,0.0864,0.0815,0.073,99.9125,99.915,99.915,99.91,0.38,0.43,0.5,0.45
2020-10-26,1905.7,1913.2,1919.0,24.42,24.572,24.674,1902.08,24.2802,1901.6,1898.45,24.28,,,20.93,32.46,0.801019311,-0.933113456,93.04501,0.083,0.0821,0.07685,0.0689,99.9125,99.92,99.92,99.915,0.38,0.43,0.5,0.45
2020-10-27,1911.9,1919.3,1924.9,24.57,24.725,24.822,1907.99,24.373,1898.9,1905.7,24.435,,,20.41,33.35,0.767602086,-0.945022225,92.94,0.0835,0.0826,0.07885,0.07,99.9125,99.92,99.92,99.915,0.2175,0.3625,0.3444,0.3366
2020-10-28,1879.2,1886.6,1892.1,23.359,23.509,23.609,1877.19,23.3848,1896.85,1869.95,23.925,,,21.93,40.28,0.770982683,-0.928613126,93.40501,0.0835,0.0826,0.07705,0.069,99.9125,99.92,99.92,99.915,0.205,0.35,0.335,0.335
2020-10-29,1868.0,1875.2,1880.5,23.36,23.511,23.616,1867.59,23.2585,1876.85,1870.3,23.015,,,21.9,37.59,0.822986007,-0.883716583,93.955,0.0823,0.087,0.0775,0.065,99.9125,99.92,99.92,99.915,0.205,0.35,0.335,0.335
2020-10-30,1879.9,1887.2,1892.4,23.646,23.799,23.9,1878.81,23.6567,1875.8,1881.85,23.625,,,23.26,38.02,0.873736978,-0.836181879,94.038,0.0825,0.0835,0.08025,0.068,99.92,99.92,99.915,99.925,0.205,0.35,0.335,0.335
2020-11-02,1892.5,1899.7,1904.8,24.033,24.186,24.295,1895.48,24.089,1886.75,1889.9,23.975,,,23.74,37.13,0.843409896,-0.876057565,94.12901,0.0832,0.08,0.0775,0.0665,99.9175,99.92,99.915,99.925,0.205,0.35,0.335,0.335
2020-11-03,1910.4,1917.4,1922.4,24.334,24.488,24.586,1909.17,24.2258,1899.85,1908.3,24.17,,,23.32,35.55,0.899277925,-0.841126382,93.553,0.0882,0.0878,0.08245,0.074,99.9125,99.915,99.91,99.92,0.205,0.35,0.335,0.335
2020-11-04,1896.2,1903.1,1908.5,23.893,24.034,24.122,1902.92,23.9011,1888.55,1900.15,23.975,,,20.49,29.57,0.76288861,-0.887594223,93.40701,0.08985,0.0881,0.0815,0.0692,99.9075,99.915,99.91,99.92,0.205,0.35,0.335,0.335
2020-11-05,1946.8,1953.8,1959.5,25.191,25.331,25.412,1949.66,25.374,1916.8,1938.45,24.57,,,22.0,27.58,0.762925684,-0.890802622,92.525,0.0955,0.0897,0.082,0.07,99.9025,99.91,99.91,99.92,0.205,0.35,0.335,0.335
2020-11-06,1951.7,1959.1,1965.0,25.662,25.811,25.9,1951.35,25.612,1947.95,1940.8,25.78,,,21.1,24.86,0.81846559,-0.842471004,92.229,0.0915,0.09015,0.08275,0.07375,99.9025,99.91,99.91,99.92,0.205,0.35,0.335,0.335
2020-11-09,1854.4,1860.6,1866.4,23.701,23.839,23.919,1863.04,24.106,1957.45,1867.3,25.105,,,21.86,25.75,0.923532784,-0.80291146,92.72501,0.089,0.1,0.083,0.07825,99.905,99.91,99.91,99.915,0.205,0.35,0.335,0.335
2020-11-10,1876.4,1883.0,1888.5,24.462,24.602,24.687,1877.32,24.234,1874.9,1878.7,24.195,,,20.46,24.8,0.959537506,-0.797510862,92.74901,0.0885,0.09,0.0865,0.0808,99.9025,99.91,99.91,99.915,0.16,0.33,0.32,0.29
2020-11-11,1861.6,1868.1,1873.2,24.267,24.406,24.484,1865.73,24.2778,1876.2,1860.95,24.21,,,19.14,23.45,0.975293696,-0.797510862,93.04301,0.0895,0.09,0.084,0.0809,99.9025,99.905,99.91,99.915,0.1,0.32,0.32,0.29
2020-11-12,1873.3,1880.2,1885.4,24.306,24.446,24.526,1876.83,24.2818,1868.0,1874.85,24.215,,,18.98,25.35,0.881544471,-0.856065214,92.96301,0.0885,0.0846,0.082,0.076,99.905,99.91,99.915,99.92,0.1,0.295,0.295,0.265
2020-11-13,1886.2,1893.0,1898.3,24.775,24.907,24.993,1889.2,24.67,1878.2,1890.9,24.245,,,17.74,23.1,0.896286905,-0.850993395,92.755,0.085,0.085,0.082,0.076,99.9075,99.91,99.91,99.915,0.095,0.29,0.29,0.295
2020-11-16,1887.8,1894.1,1899.0,24.802,24.917,24.999,1888.95,24.7705,1892.6,1885.6,24.265,,,18.31,22.45,0.906135321,-0.840204239,92.64201,0.0845,0.0856,0.0817,0.078,99.91,99.915,99.915,99.92,0.095,0.29,0.29,0.295
2020-11-17,1885.1,1891.3,1895.8,24.651,24.766,24.842,1880.38,24.491,1885.4,1889.05,24.63,,,17.54,22.71,0.857012808,-0.869951308,92.41601,0.0825,0.085,0.079,0.0755,99.9075,99.915,99.915,99.92,0.115,0.34,0.325,0.33
2020-11-18,1873.9,1879.2,1883.2,24.448,24.558,24.636,1872.24,24.3365,1877.2,1876.1,24.315,,,17.67,23.84,0.8700881,-0.854759991,92.316,0.078,0.0818,0.07885,0.075,99.9075,99.915,99.915,99.925,0.115,0.34,0.325,0.33
2020-11-19,1861.5,1866.9,1871.1,24.048,24.164,24.237,1866.54,24.0519,1857.4,1857.35,23.98,,,17.96,23.11,0.82925719,-0.883015156,92.29401,0.0715,0.0742,0.0705,0.0677,99.915,99.925,99.925,99.93,0.125,0.37,0.365,0.34
2020-11-20,1872.4,1878.2,1882.4,24.363,24.491,24.561,1870.99,24.1759,1867.0,1875.7,24.165,,,17.72,23.7,0.824327528,-0.880916059,92.39201,0.0694,0.069,0.06525,0.06305,99.9125,99.925,99.925,99.935,0.165,0.365,0.365,0.35
2020-11-23,1837.8,1844.1,1848.2,23.633,23.757,23.823,1837.86,23.5957,1863.8,1840.2,23.905,,,18.98,22.66,0.853709519,-0.867933989,92.505,0.0696,0.07,0.0657,0.063,99.9125,99.925,99.925,99.935,0.165,0.365,0.365,0.35
2020-11-24,1804.6,1810.9,1815.0,23.3,23.41,23.489,1807.59,23.269,1818.1,1799.6,23.155,,,20.09,21.64,0.87991482,-0.879268646,92.22601,0.0725,0.069,0.068,0.065,99.915,99.925,99.925,99.935,0.165,0.42,0.38,0.36
2020-11-25,1805.5,1811.2,1815.1,23.362,23.446,23.519,1807.56,23.3568,1808.55,1810.2,23.41,,,19.75,21.25,0.881557882,-0.893826187,91.994,0.0638,0.06995,0.068,0.06855,99.915,99.925,99.925,99.93,0.165,0.41,0.38,0.37
2020-11-26,1805.5,1811.2,1815.1,23.362,23.446,23.519,1815.8,23.4193,1814.85,1807.4,23.36,,,19.75,21.25,0.881557882,-0.893826187,91.994,0.073,0.072,0.069,0.0662,99.915,99.925,99.925,99.93,0.16,0.41,0.39,0.36
2020-11-27,1781.9,1788.1,1792.1,22.553,22.639,22.711,1787.79,22.5739,1808.05,1779.3,23.135,,,19.09,20.84,0.837304771,-0.933650017,91.79,0.078,0.0718,0.069,0.0669,99.915,99.925,99.925,99.93,0.16,0.41,0.39,0.36
2020-11-30,1775.7,1780.9,1784.8,22.534,22.593,22.661,1776.95,22.644,1771.95,1762.55,22.15,,,19.69,20.57,0.838930428,-0.963994503,91.869,0.0741,0.07,0.068,0.06925,99.925,99.925,99.93,99.93,0.16,0.41,0.39,0.36
2020-12-01,1818.9,1822.8,1825.5,24.09,24.155,24.222,1815.24,24.0021,1796.2,1810.75,23.535,,,19.61,20.77,0.926046729,-0.912192404,91.313,0.0705,0.07,0.0675,0.0681,99.9275,99.93,99.93,99.93,0.43,0.425,0.395,0.37
2020-12-02,1830.2,1833.9,1836.3,24.08,24.142,24.201,1831.28,24.1028,1832.95,1822.6,23.98,,,19.42,21.17,0.935975075,-0.941147387,91.118,0.0735,0.0715,0.069,0.068,99.925,99.925,99.925,99.925,0.43,0.425,0.395,0.37
2020-12-03,1841.1,1844.7,1847.1,24.137,24.197,24.254,1841.08,24.065,1834.8,1832.35,24.17,,,19.61,21.28,0.906267285,-0.974426508,90.714,0.071,0.07,0.0631,0.064,99.925,99.925,99.93,99.935,0.43,0.425,0.395,0.37
2020-12-04,1840.0,1844.0,1846.7,24.253,24.316,24.379,1838.86,24.185,1839.3,1843.0,24.225,,,18.95,20.79,0.965876222,-0.952624738,90.701,0.0725,0.07,0.065,0.063,99.925,99.93,99.935,99.935,0.425,0.39,0.39,0.38
2020-12-07,1866.0,1870.1,1872.9,24.794,24.856,24.916,1862.73,24.4851,1832.8,1859.95,23.75,,,19.79,21.3,0.922818184,-0.980786502,90.79201,0.0654,0.064,0.06,0.06545,99.9275,99.935,99.94,99.945,0.425,0.39,0.39,0.38
2020-12-08,1874.9,1879.1,1881.8,24.736,24.791,24.836,1870.56,24.554,1864.5,1868.15,24.475,,,19.86,20.68,0.917870402,-0.994269729,90.965,0.0695,0.06575,0.0597,0.06765,99.925,99.93,99.935,99.94,0.425,0.39,0.39,0.38
2020-12-09,1838.5,1842.6,1845.3,23.99,24.042,24.09,1839.55,23.9495,1859.8,1841.75,24.085,,,20.26,22.27,0.936085522,-0.990193725,91.08701,0.06545,0.0608,0.056,0.0608,99.9275,99.935,99.94,99.94,0.47,0.41,0.405,0.385
2020-12-10,1837.4,1841.5,1844.3,24.094,24.139,24.181,1836.57,24.0014,1834.2,1844.35,23.885,,,19.66,22.52,0.906322598,-0.994898379,90.82401,0.069,0.055,0.0595,0.061,99.9275,99.935,99.94,99.94,0.47,0.41,0.405,0.385
2020-12-11,1843.6,1847.6,1850.4,24.092,24.135,24.177,1839.85,23.9505,1833.65,1842.0,23.815,,,19.24,23.31,0.8964324,-0.990714788,90.97601,0.0633,0.06,0.0545,0.05475,99.9275,99.94,99.945,99.945,0.47,0.41,0.405,0.385
2020-12-14,1832.1,1836.1,1839.0,24.047,24.093,24.139,1827.35,23.8388,1820.25,1831.15,23.855,,,19.43,24.72,0.893134415,-1.00714016,90.71101,0.065,0.0607,0.0557,0.054,99.925,99.935,99.94,99.945,0.685,0.485,0.44,0.45
2020-12-15,1855.3,1859.4,1862.2,24.644,24.691,24.737,1853.64,24.4945,1844.3,1850.65,24.215,,,19.75,22.89,0.908016622,-1.02500999,90.47301,0.0695,0.06245,0.057,0.0558,99.925,99.935,99.94,99.945,0.59,0.475,0.43,0.43
2020-12-16,1859.1,1863.0,1865.6,25.052,25.104,25.155,1864.8,25.3279,1861.35,1851.95,25.13,,,19.39,22.5,0.916302383,-1.02898705,90.45,0.0711,0.0659,0.058,0.0562,99.925,99.93,99.935,99.945,0.59,0.475,0.42,0.415
2020-12-17,1890.4,1894.5,1897.2,26.181,26.234,26.285,1885.42,26.0624,1871.95,1890.75,25.74,,,20.1,21.93,0.932893276,-1.03223455,89.82201,0.0745,0.068,0.0586,0.0577,99.92,99.93,99.935,99.94,0.61,0.485,0.445,0.425
2020-12-18,1888.9,1893.0,1895.6,26.033,26.083,26.129,1881.35,25.8112,1878.95,1879.75,25.815,,,19.58,21.57,0.946233571,-1.029555559,90.01601,0.073,0.06295,0.05605,0.055,99.92,99.93,99.94,99.945,0.725,0.53,0.445,0.435
2020-12-21,1882.8,1887.0,1889.7,26.379,26.431,26.478,1876.89,26.1697,1869.25,1880.0,26.155,,,19.8,25.16,0.934615016,-1.029149055,90.04301,0.077,0.063,0.057,0.0578,99.9125,99.925,99.935,99.945,1.25,0.675,0.545,0.415
2020-12-22,1870.3,1874.5,1877.2,25.535,25.588,25.638,1860.84,25.1869,1873.3,1877.1,25.77,,,19.5,24.23,0.916366518,-1.039716125,90.65401,0.0825,0.06515,0.06,0.05795,99.915,99.925,99.935,99.94,1.325,0.675,0.535,0.525
2020-12-23,1878.1,1882.3,1885.0,25.921,25.976,26.03,1872.89,25.542,1867.1,1875.0,25.315,,,18.87,23.31,0.942961574,-1.045162678,90.413,0.0653,0.068,0.05825,0.057,99.9175,99.925,99.935,99.94,1.175,0.675,0.54,0.5
2020-12-24,1883.2,1887.4,1890.3,25.908,25.964,26.024,1883.46,25.8297,1872.55,1875.0,25.78,,,18.99,21.53,0.923066616,-1.061109185,90.32301,0.077,0.07,0.0573,0.057,99.9175,99.925,99.935,99.94,1.275,0.73,0.545,0.5
2020-12-25,1883.2,1887.4,1890.3,25.908,25.964,26.024,1883.46,25.8297,1872.55,1875.0,25.78,,,18.99,21.53,0.923066616,-1.061109185,90.223,0.077,0.07,0.0573,0.0594,99.9175,99.925,99.935,99.94,1.325,0.78,0.545,0.5
2020-12-28,1880.4,1884.8,1887.8,26.539,26.596,26.656,1873.69,26.2456,1872.55,1875.0,25.78,,,20.2,21.7,0.923079193,-1.064367414,90.33701,0.0795,0.069,0.06,0.06015,99.915,99.92,99.93,99.935,1.325,0.78,0.545,0.5
2020-12-29,1882.9,1887.3,1890.3,26.217,26.276,26.336,1878.18,26.2125,1873.9,1874.3,26.15,,,19.53,23.08,0.936405301,-1.042017937,89.994,0.079,0.0663,0.06095,0.062,99.915,99.925,99.935,99.94,1.3,0.78,0.545,0.5
2020-12-30,1893.4,1897.8,1901.0,26.573,26.633,26.696,1894.39,26.6669,1877.55,1887.6,26.305,,,20.06,22.77,0.923104405,-1.06211412,89.68001,0.0645,0.0618,0.0566,0.0597,99.915,99.925,99.935,99.94,1.0,0.725,0.55,0.49
2020-12-31,1895.1,1899.6,1902.8,26.412,26.473,26.533,1898.36,26.4023,1891.1,1887.6,26.485,,,20.79,22.75,0.9131682,-1.091971,89.937,0.073,0.064,0.057,0.0589,99.93,99.935,99.94,99.945,1.0,0.725,0.55,0.49
2021-01-01,1895.1,1899.6,1902.8,26.412,26.473,26.533,1898.67,26.4011,1891.1,1887.6,26.485,,,20.79,22.75,0.913168192,-1.091971159,89.937,0.073,0.065,0.056,0.062,99.93,99.935,99.94,99.945,1.0,0.725,0.55,0.49
2021-01-04,1946.6,1951.1,1954.3,27.364,27.434,27.512,1942.9,27.235,1930.8,1943.2,27.27,,,21.86,26.97,0.913178205,-1.117114544,89.869,0.0715,0.0612,0.0576,0.058,99.925,99.935,99.94,99.945,1.0,0.725,0.55,0.49
2021-01-05,1954.4,1958.8,1962.1,27.64,27.711,27.792,1950.01,27.5525,1946.55,1940.35,27.51,,,22.14,25.34,0.954888701,-1.094850898,89.436,0.0795,0.06535,0.059,0.05615,99.9175,99.93,99.935,99.94,0.405,0.405,0.4,0.4
2021-01-06,1908.6,1913.0,1916.4,27.042,27.112,27.192,1918.61,27.29,1957.2,1931.95,27.525,,,21.7,25.07,1.0354954,-1.054200888,89.53001,0.0805,0.07275,0.0685,0.065,99.915,99.925,99.93,99.935,0.405,0.405,0.4,0.4
2021-01-07,1913.6,1918.0,1921.1,27.261,27.33,27.402,1913.95,27.1407,1911.05,1920.1,27.13,,,20.66,22.37,1.079477549,-1.036173344,89.826,0.0785,0.0692,0.06625,0.0675,99.9175,99.93,99.935,99.935,0.405,0.405,0.4,0.4
2021-01-08,1835.4,1839.7,1842.7,24.637,24.699,24.773,1849.01,25.4234,1891.3,1862.9,26.645,,,22.16,21.56,1.115303516,-0.976644754,90.09801,0.077,0.0677,0.0635,0.06135,99.9175,99.93,99.935,99.935,0.405,0.405,0.4,0.4
2021-01-11,1850.8,1854.9,1858.2,25.284,25.343,25.412,1843.89,24.9125,1847.8,1847.25,25.02,,,20.65,24.08,1.1460464,-0.945066631,90.465,0.074,0.0684,0.06315,0.06535,99.9175,99.93,99.935,99.94,0.405,0.405,0.4,0.4
2021-01-12,1844.2,1848.2,1851.4,25.435,25.495,25.567,1854.77,25.5597,1861.85,1841.25,25.525,,,20.01,23.33,1.129058957,-0.96318692,90.093,0.0765,0.0702,0.06705,0.0695,99.9175,99.925,99.935,99.935,0.195,0.24,0.26,0.335
2021-01-13,1854.9,1858.8,1861.9,25.572,25.629,25.699,1845.51,25.2225,1852.4,1858.85,25.335,,,18.8,22.21,1.08319962,-0.995347083,90.355,0.074,0.0699,0.06475,0.068,99.9175,99.925,99.935,99.935,0.195,0.24,0.26,0.335
2021-01-14,1851.4,1855.4,1858.5,25.802,25.861,25.93,1846.53,25.5192,1840.25,1841.75,25.25,,,19.21,23.25,1.129195333,-0.980858684,90.23901,0.0708,0.0702,0.06645,0.06765,99.9175,99.925,99.93,99.93,0.205,0.245,0.27,0.335
2021-01-15,1829.9,1833.7,1836.5,24.866,24.919,24.989,1828.45,24.7693,1853.85,1839.0,25.245,,,19.04,24.34,1.083479047,-1.024323463,90.772,0.0694,0.068,0.063,0.063,99.92,99.93,99.935,99.935,0.21,0.26,0.285,0.34
2021-01-18,1829.9,1833.7,1836.5,24.866,24.919,24.989,1841.26,25.3544,1833.95,1833.05,24.865,,,19.04,24.34,1.083479047,-1.024323463,90.76501,0.07,0.065,0.062,0.0639,99.92,99.93,99.935,99.935,0.21,0.26,0.285,0.34
2021-01-19,1840.2,1844.0,1846.5,25.32,25.373,25.44,1840.28,25.2249,1843.1,1834.7,25.295,,,18.87,23.24,1.088635683,-1.042370558,90.498,0.0706,0.0697,0.06345,0.0659,99.92,99.93,99.935,99.935,0.195,0.255,0.282,0.335
2021-01-20,1866.5,1870.2,1872.7,25.766,25.817,25.876,1871.84,25.8425,1854.6,1856.6,25.295,,,18.95,21.58,1.080191135,-1.055977345,90.47501,0.0646,0.0614,0.0574,0.0582,99.92,99.935,99.94,99.94,0.145,0.25,0.277,0.345
2021-01-21,1865.9,1869.3,1871.8,25.854,25.901,25.962,1870.02,25.9365,1867.65,1862.1,25.865,,,18.85,21.32,1.105781317,-1.087221503,90.131,0.0625,0.057,0.0545,0.0555,99.92,99.935,99.945,99.945,0.145,0.25,0.277,0.345
2021-01-22,1856.2,1859.9,1862.5,25.556,25.603,25.657,1855.61,25.4935,1853.6,1852.7,25.32,,,18.42,21.91,1.085517764,-0.99558872,90.23801,0.0625,0.0591,0.054,0.054,99.92,99.935,99.945,99.945,0.23,0.285,0.3,0.325
2021-01-25,1855.2,1859.0,1861.6,25.484,25.534,25.59,1855.93,25.3475,1855.6,1856.85,25.635,,,18.51,23.19,1.029539347,-1.043210745,90.39101,0.0594,0.0562,0.0518,0.05415,99.9225,99.94,99.945,99.945,0.23,0.285,0.3,0.325
2021-01-26,1850.9,1854.8,1857.5,25.538,25.589,25.644,1850.92,25.4699,1853.2,1856.6,25.4,,,17.88,23.02,1.034663,-1.034824,90.17001,0.0525,0.04555,0.046,0.05,99.9275,99.95,99.955,99.955,0.26,0.295,0.305,0.32
2021-01-27,1844.9,1848.9,1851.6,25.389,25.442,25.495,1843.98,25.2666,1846.4,1843.0,25.185,,,18.47,37.21,1.016078591,-1.038319468,90.647,0.0475,0.04305,0.0443,0.0525,99.9275,99.945,99.955,99.955,0.25,0.285,0.305,0.325
2021-01-28,1837.9,1841.2,1843.7,25.922,25.968,26.014,1843.17,26.5025,1839.65,1853.7,25.205,,,19.38,30.21,1.044927478,-1.064841866,90.455,0.0505,0.04665,0.04715,0.0546,99.9275,99.945,99.955,99.955,0.195,0.245,0.27,0.315
2021-01-29,1847.3,1850.3,1852.7,26.914,26.953,26.995,1847.65,26.9872,1852.7,1863.8,27.415,,,20.64,33.09,1.065469146,-1.037880063,90.58401,0.0375,0.03715,0.04075,0.047,99.96,99.965,99.96,99.96,0.195,0.245,0.27,0.315
2021-02-01,1863.9,1866.0,1867.4,29.418,29.364,29.361,1860.78,29.0515,1857.8,1862.95,29.585,,,21.81,30.24,1.079150558,-1.013675332,90.98,0.0425,0.0412,0.042,0.0487,99.9525,99.955,99.955,99.955,0.195,0.245,0.27,0.315
2021-02-02,1833.4,1835.8,1837.6,26.402,26.431,26.446,1838.03,26.6814,1847.1,1833.1,27.325,,,19.61,25.56,1.096274018,-1.042719126,91.19701,0.04405,0.0439,0.04635,0.05015,99.9525,99.96,99.96,99.955,0.135,0.205,0.22,0.29
2021-02-03,1835.1,1837.6,1839.6,26.889,26.918,26.956,1834.04,26.8915,1834.7,1835.45,26.8,,,18.45,22.91,1.137429237,-1.036739469,91.17101,0.042,0.0415,0.0425,0.0484,99.955,99.96,99.96,99.955,0.14,0.205,0.23,0.29
2021-02-04,1791.2,1793.8,1795.9,26.234,26.271,26.297,1794.03,26.3516,1811.55,1785.9,26.4,,,19.3,21.77,1.139216661,-1.032855272,91.52901,0.0305,0.03445,0.03815,0.0479,99.965,99.965,99.96,99.955,0.205,0.23,0.235,0.265
2021-02-05,1813.0,1815.6,1817.8,27.019,27.058,27.067,1814.11,26.9205,1808.55,1802.95,26.53,,,18.7,20.87,1.163512826,-1.036617756,91.04201,0.0255,0.038,0.04,0.05,99.965,99.97,99.96,99.955,0.21,0.23,0.24,0.275
2021-02-08,1834.2,1836.8,1838.9,27.576,27.602,27.608,1830.81,27.2725,1811.65,1835.25,27.18,,,18.45,21.24,1.170483947,-1.03763938,90.93401,0.029,0.0345,0.0411,0.0512,99.97,99.97,99.96,99.955,0.21,0.23,0.24,0.275
2021-02-09,1837.5,1840.2,1842.4,27.402,27.439,27.449,1838.32,27.2674,1846.55,1839.6,27.635,,,18.35,21.63,1.156779051,-1.051280022,90.439,0.0305,0.038,0.0405,0.0491,99.965,99.965,99.955,99.955,0.19,0.21,0.235,0.27
2021-02-10,1842.7,1845.6,1847.7,27.078,27.12,27.132,1842.89,27.0266,1843.45,1842.65,27.23,,,18.57,21.99,1.12246716,-1.069807053,90.371,0.032,0.033,0.03795,0.04595,99.965,99.97,99.96,99.96,0.165,0.2,0.23,0.275
2021-02-11,1826.8,1829.8,1832.0,27.047,27.091,27.11,1825.51,26.9824,1841.7,1840.1,27.125,,,18.31,21.25,1.163181424,-1.040707111,90.41701,0.031,0.03355,0.038,0.046,99.96,99.965,99.96,99.96,0.165,0.2,0.23,0.275
2021-02-12,1823.2,1826.0,1828.1,27.328,27.368,27.377,1824.23,27.36,1818.0,1816.35,27.07,,,18.08,19.97,1.208196,-1.018783,90.48,0.0275,0.0335,0.03705,0.04735,99.9625,99.965,99.96,99.96,0.165,0.2,0.23,0.275
2021-02-15,1823.2,1826.0,1828.1,27.328,27.368,27.377,1818.86,27.6176,1817.45,1817.3,27.57,,,18.08,19.97,1.208195567,-1.018782616,90.48,0.0275,0.035,0.037,0.0473,99.9625,99.965,99.96,99.96,0.165,0.2,0.23,0.275
2021-02-16,1799.0,1801.9,1803.9,27.325,27.368,27.374,1794.47,27.243,1823.45,1794.25,27.575,,,19.57,21.46,1.314091682,-0.933478296,90.509,0.028,0.0342,0.0383,0.048,99.9625,99.965,99.96,99.96,0.165,0.2,0.275,0.275
2021-02-17,1772.8,1775.8,1777.7,27.315,27.357,27.363,1776.13,27.3829,1788.85,1780.7,27.115,,,20.49,21.5,1.270294785,-0.950819075,90.951,0.026,0.034,0.039,0.05025,99.9625,99.97,99.965,99.96,0.165,0.2,0.275,0.275
2021-02-18,1775.0,1778.0,1779.9,27.078,27.118,27.134,1775.67,27.0333,1782.8,1773.15,27.165,,,19.66,22.49,1.295609593,-0.882007122,90.592,0.024,0.03405,0.0385,0.048,99.9625,99.97,99.965,99.96,0.165,0.2,0.245,0.285
2021-02-19,1777.4,1780.3,1782.2,27.254,27.293,27.316,1784.25,27.2899,1773.75,1786.2,26.95,,,19.26,22.05,1.336353,-0.8196599,90.36401,0.0201,0.0317,0.03945,0.05305,99.965,99.975,99.97,99.96,0.165,0.185,0.245,0.285
2021-02-22,1808.4,1811.2,1813.2,28.085,28.131,28.161,1809.67,28.1379,1798.8,1807.45,27.445,,,19.12,23.45,1.365285,-0.797558,90.01,0.0265,0.03545,0.044,0.054,99.9625,99.97,99.965,99.955,0.165,0.05,0.245,0.285
2021-02-23,1805.9,1808.6,1810.5,27.688,27.742,27.772,1805.73,27.6737,1809.5,1799.65,27.965,,,18.3,23.11,1.341553,-0.8324282,90.16901,0.0315,0.0388,0.04695,0.058,99.9625,99.965,99.96,99.95,0.165,0.11,0.245,0.285
2021-02-24,1797.9,1800.8,1802.8,27.859,27.928,27.954,1805.06,27.9528,1807.25,1788.0,27.745,,,18.31,21.34,1.375626,-0.7915633,90.176,0.0315,0.0427,0.05105,0.0523,99.9625,99.965,99.955,99.945,0.165,0.16,0.245,0.285
2021-02-25,1775.4,1778.4,1780.8,27.637,27.685,27.716,1770.56,27.4258,1792.1,1779.65,27.925,,,21.26,28.89,1.519908,-0.6114737,90.134,0.0325,0.0466,0.054,0.0645,99.9625,99.97,99.955,99.945,0.165,0.1875,0.245,0.285
2021-02-26,1728.8,1731.6,1734.0,26.402,26.44,26.47,1734.04,26.6677,1765.1,1742.85,26.685,,,21.08,27.95,1.404923797,-0.746136665,90.87901,0.033,0.047,0.053,0.062,99.97,99.955,99.945,99.945,0.165,0.2075,0.245,0.2406
2021-03-01,1723.0,1725.8,1728.2,26.678,26.706,26.728,1725.04,26.571,1746.95,1734.15,26.89,,,21.33,23.35,1.416981459,-0.744923055,91.039,0.032,0.043,0.0504,0.0605,99.97,99.955,99.945,99.945,0.165,0.21,0.245,0.25
2021-03-02,1733.6,1736.5,1738.8,26.879,26.907,26.933,1738.36,26.7633,1728.5,1723.85,26.26,,,20.06,24.1,1.391385555,-0.808288455,90.785,0.0355,0.04405,0.05165,0.063,99.9675,99.955,99.945,99.945,0.165,0.2025,0.245,0.2456
2021-03-03,1715.8,1718.7,1721.0,26.387,26.416,26.451,1711.23,26.0955,1727.05,1711.4,26.585,,,20.93,26.67,1.480761051,-0.742493033,90.94701,0.0306,0.0413,0.048,0.0579,99.9675,99.96,99.945,99.945,0.165,0.21,0.245,0.25
2021-03-04,1700.7,1703.7,1705.9,25.461,25.495,25.527,1697.52,25.3548,1710.05,1712.1,25.955,,,21.61,28.57,1.564039588,-0.646815121,91.631,0.0328,0.0427,0.0485,0.056,99.9675,99.955,99.945,99.945,0.165,0.215,0.245,0.25
2021-03-05,1698.5,1701.6,1703.8,25.287,25.318,25.355,1700.64,25.2463,1696.05,1696.25,25.355,,,20.21,24.66,1.566124439,-0.670262575,91.97701,0.0301,0.0396,0.046,0.054,99.975,99.965,99.95,99.95,0.165,0.22,0.245,0.25
2021-03-08,1678.0,1680.8,1682.9,25.269,25.293,25.324,1683.54,25.1275,1694.45,1687.05,25.155,,,20.64,25.47,1.590665102,-0.624809563,92.313,0.0285,0.03605,0.04415,0.055,99.9725,99.965,99.95,99.95,0.165,0.22,0.2401,0.2613
2021-03-09,1716.9,1719.7,1721.9,26.183,26.21,26.241,1716.1,25.936,1702.85,1716.9,25.755,,,19.54,24.03,1.526346803,-0.698600113,91.95801,0.03,0.038,0.04495,0.055,99.9725,99.965,99.95,99.95,0.21,0.23,0.2401,0.255
2021-03-10,1721.8,1724.5,1726.5,26.13,26.155,26.186,1726.71,26.2127,1711.5,1716.2,25.645,,,18.55,22.56,1.517773271,-0.757309556,91.82301,0.032,0.0409,0.048,0.06,99.9725,99.965,99.95,99.95,0.21,0.23,0.2472,0.2862
2021-03-11,1722.6,1725.2,1727.2,26.193,26.216,26.246,1722.6,26.1219,1736.35,1724.25,26.25,,,18.21,21.91,1.536982536,-0.753909409,91.42001,0.0304,0.0385,0.046,0.06065,99.9725,99.965,99.955,99.95,0.21,0.24,0.2574,0.2831
2021-03-12,1719.8,1722.4,1724.3,25.911,25.934,25.958,1727.11,25.9187,1703.85,1704.8,25.475,,,18.36,20.69,1.624694,-0.6548666,91.679,0.0235,0.0325,0.044,0.05625,99.975,99.97,99.955,99.955,0.21,0.255,0.2523,0.285
2021-03-15,1729.2,1731.8,1733.8,26.288,26.316,26.348,1731.67,26.2422,1727.9,1723.65,26.1,,,17.86,20.03,1.605527163,-0.672035277,91.83301,0.0257,0.0335,0.04495,0.0605,99.9775,99.975,99.96,99.955,0.21,0.255,0.2574,0.285
2021-03-16,1730.9,1733.2,1735.2,26.003,26.031,26.058,1731.4,25.9354,1732.3,1735.0,26.08,,,17.93,19.79,1.617931724,-0.688448489,91.86501,0.0263,0.0355,0.0484,0.063,99.9775,99.97,99.955,99.95,0.21,0.2323,0.2556,0.2975
2021-03-17,1727.1,1729.2,1731.1,26.058,26.086,26.113,1745.33,26.3165,1736.95,1729.65,25.85,,,17.24,19.23,1.64267087,-0.668058038,91.442,0.0165,0.0195,0.0305,0.0416,99.9825,99.975,99.965,99.96,0.21,0.215,0.255,0.3049
2021-03-18,1732.5,1734.6,1736.5,26.351,26.378,26.404,1736.42,26.0718,1734.1,1725.9,26.13,,,17.79,21.58,1.708162427,-0.592035294,91.86201,0.0161,0.0239,0.0335,0.048,99.9825,99.98,99.97,99.965,0.21,0.22,0.2549,0.3
2021-03-19,1741.7,1743.9,1745.8,26.321,26.348,26.371,1745.23,26.2461,1737.2,1735.2,26.175,,,16.57,20.95,1.721044,-0.5874279,91.91901,0.011,0.0143,0.0211,0.0392,99.9875,99.985,99.98,99.975,0.21,0.225,0.2541,0.305
2021-03-22,1738.1,1740.4,1742.4,25.769,25.795,25.818,1739.03,25.7505,1733.4,1736.15,25.74,,,16.47,18.88,1.694591522,-0.629964232,91.742,0.0117,0.016,0.0233,0.039,99.9875,99.99,99.985,99.98,0.1925,0.21,0.2537,0.315
2021-03-23,1725.1,1727.5,1729.5,25.227,25.257,25.285,1727.07,25.0608,1739.25,1726.2,25.62,,,16.69,20.3,1.620594859,-0.681193292,92.33601,0.0115,0.0185,0.0262,0.039,99.985,99.985,99.98,99.975,0.1925,0.2275,0.2578,0.31
2021-03-24,1733.2,1735.5,1737.2,25.231,25.264,25.295,1734.69,25.0948,1734.05,1730.5,25.195,,,15.7,21.2,1.608417869,-0.706466377,92.52801,0.0155,0.0185,0.026,0.03875,99.985,99.985,99.985,99.98,0.2175,0.22,0.2525,0.3043
2021-03-25,1725.1,1727.3,1729.1,25.047,25.081,25.108,1726.93,25.0615,1729.2,1737.3,24.67,,,15.58,19.81,1.633180618,-0.688282311,92.848,0.0174,0.02032,0.0272,0.038,99.9825,99.98,99.98,99.975,0.21,0.2225,0.2555,0.31
2021-03-26,1732.3,1734.7,1736.5,25.114,25.152,25.184,1732.52,25.0605,1727.85,1731.8,25.055,,,15.48,18.86,1.675991058,-0.685274065,92.76601,0.01825,0.02132,0.0297,0.036,99.9825,99.98,99.98,99.975,0.2175,0.2375,0.2498,0.31
2021-03-29,1712.2,1714.6,1716.5,24.771,24.81,24.841,1712.2,24.6556,1723.95,1705.95,24.83,,,17.23,20.74,1.70807147,-0.659620166,92.94401,0.0186,0.021,0.0291,0.042,99.985,99.9825,99.98,99.975,0.2125,0.2375,0.2506,0.3171
2021-03-30,1683.9,1686.0,1687.9,24.137,24.177,24.209,1685.2,24.0293,1696.7,1683.95,24.34,,,18.3,19.61,1.702893853,-0.643531919,93.297,0.017,0.019,0.0281,0.0418,99.985,99.985,99.985,99.975,0.21,0.235,0.2519,0.3171
2021-03-31,1713.8,1715.6,1717.5,24.532,24.572,24.609,1707.71,24.4172,1685.35,1691.05,24.0,,,17.07,19.4,1.740434527,-0.636323273,93.232,0.0141,0.0185,0.029,0.04225,99.985,99.98,99.975,99.965,0.165,0.23,0.2705,0.3171
2021-04-01,1728.4,1730.3,1731.9,24.948,24.983,25.02,1729.31,24.971,1715.85,1726.05,24.315,,,16.74,17.33,1.66991353,-0.686123729,92.929,0.014,0.019,0.02825,0.0422,99.985,99.98,99.975,99.965,0.185,0.23,0.2569,0.3171
2021-04-02,1728.4,1730.3,1731.9,24.948,24.983,25.02,1728.87,25.0098,1715.85,1726.05,24.315,,,16.74,17.33,1.721618176,-0.650767803,93.022,0.0146,0.0195,0.029,0.0452,99.985,99.98,99.975,99.965,0.185,0.23,0.2569,0.3171
2021-04-05,1728.8,1730.7,1732.4,24.78,24.816,24.855,1728.27,24.879,1715.85,1726.05,24.315,,,17.08,17.91,1.700250149,-0.656707406,92.595,0.015,0.02085,0.0291,0.0433,99.985,99.98,99.975,99.965,0.185,0.24,0.2531,0.3171
2021-04-06,1743.0,1745.0,1746.7,25.227,25.263,25.302,1743.27,25.1617,1731.05,1744.65,25.04,,,16.76,18.12,1.656020641,-0.662864268,92.33501,0.0169,0.0218,0.0295,0.0425,99.985,99.98,99.975,99.965,0.2125,0.24,0.26,0.3171
2021-04-07,1741.6,1743.6,1745.4,25.247,25.282,25.312,1737.72,25.1482,1736.0,1738.05,24.985,,,16.11,17.16,1.673894167,-0.671245873,92.455,0.0205,0.0285,0.036,0.047,99.985,99.975,99.97,99.96,0.225,0.2425,0.2663,0.3171
2021-04-08,1758.2,1760.3,1762.1,25.585,25.618,25.653,1755.84,25.4587,1743.7,1755.5,25.33,,,15.72,16.95,1.619154096,-0.697396636,92.05901,0.0235,0.03155,0.038,0.047,99.9825,99.975,99.965,99.96,0.22,0.255,0.2641,0.3171
2021-04-09,1744.8,1746.8,1748.7,25.325,25.359,25.389,1743.88,25.2655,1747.95,1741.2,25.225,,,15.3,16.69,1.658496141,-0.669170201,92.163,0.02025,0.02855,0.035,0.047,99.9825,99.97,99.965,99.96,0.2075,0.235,0.2678,0.3171
2021-04-12,1732.7,1734.6,1736.5,24.867,24.901,24.931,1732.76,24.8165,1741.55,1732.85,25.16,,,14.88,16.91,1.66573751,-0.672364116,92.13801,0.0217,0.0305,0.0371,0.048,99.985,99.975,99.965,99.96,0.21,0.23,0.2642,0.33
2021-04-13,1747.6,1749.5,1751.4,25.426,25.462,25.491,1745.51,25.3475,1728.1,1747.95,24.95,,,14.26,16.65,1.614505172,-0.714836597,91.85201,0.023,0.03,0.03675,0.047,99.985,99.975,99.965,99.96,0.2106,0.2375,0.2613,0.3244
2021-04-14,1736.3,1738.2,1740.2,25.524,25.559,25.59,1736.43,25.4217,1743.3,1735.55,25.33,,,14.69,16.99,1.632325053,-0.718770921,91.69,0.0234,0.03,0.0368,0.0478,99.985,99.975,99.965,99.96,0.2106,0.23,0.2626,0.325
2021-04-15,1766.8,1768.8,1770.8,25.964,25.998,26.026,1763.95,25.85,1748.0,1757.2,25.585,,,15.36,16.57,1.575945854,-0.769180179,91.671,0.021,0.03027,0.0375,0.0495,99.9875,99.97,99.96,99.96,0.19,0.2362,0.2631,0.325
2021-04-16,1780.2,1782.2,1784.2,26.105,26.14,26.169,1776.51,25.967,1766.45,1774.45,26.14,,,15.32,16.25,1.579829931,-0.79274106,91.55601,0.0228,0.0325,0.04025,0.0526,99.9875,99.97,99.96,99.955,0.19,0.2362,0.2696,0.33
2021-04-19,1770.6,1772.7,1774.6,25.837,25.873,25.902,1771.43,25.8232,1788.4,1774.5,26.105,,,16.01,17.29,1.604670644,-0.752488434,91.06901,0.02085,0.03,0.0381,0.0514,99.99,99.98,99.965,99.96,0.21,0.2575,0.2858,0.3345
2021-04-20,1778.4,1780.4,1782.4,25.84,25.875,25.904,1778.75,25.841,1765.5,1777.85,25.88,,,15.59,18.68,1.558925748,-0.774122655,91.241,0.02145,0.03,0.0392,0.05105,99.9875,99.975,99.96,99.955,0.205,0.2325,0.2525,0.3347
2021-04-21,1793.1,1795.2,1797.1,26.57,26.606,26.632,1793.79,26.5538,1781.05,1798.2,25.91,,,16.41,17.5,1.555520058,-0.781741917,91.15501,0.0205,0.0295,0.0392,0.0508,99.9875,99.975,99.965,99.96,0.205,0.225,0.24,0.335
2021-04-22,1782.0,1784.0,1786.1,26.18,26.219,26.247,1783.94,26.1458,1785.65,1787.75,26.3,,,16.05,18.71,1.538044214,-0.795981526,91.33301,0.0216,0.0315,0.0398,0.05175,99.9875,99.975,99.965,99.96,0.21,0.225,0.2418,0.3299
2021-04-23,1777.8,1779.9,1781.8,26.075,26.114,26.142,1777.2,26.0054,1785.3,1781.8,26.125,,,15.74,17.33,1.557739854,-0.782764256,90.859,0.0226,0.03022,0.0376,0.051,99.9875,99.975,99.965,99.96,0.2026,0.245,0.258,0.339
2021-04-26,1780.1,1782.3,1783.9,26.209,26.247,26.276,1781.38,26.225,1779.65,1773.35,26.11,,,15.51,17.64,1.566672564,-0.79849267,90.80701,0.022,0.0295,0.0378,0.048,99.9875,99.975,99.965,99.96,0.196,0.24,0.2642,0.32
2021-04-27,1778.8,1781.0,1782.8,26.41,26.45,26.484,1776.6,26.2682,1780.9,1784.15,26.285,,,14.77,17.56,1.621649146,-0.788437963,90.909,0.02355,0.031,0.0404,0.053,99.9875,99.98,99.965,99.96,0.175,0.2125,0.2581,0.3291
2021-04-28,1773.9,1776.1,1777.8,26.085,26.118,26.151,1781.68,26.2028,1764.15,1772.2,25.87,,,14.79,17.28,1.609364152,-0.818147004,90.609,0.0145,0.0245,0.033,0.046,99.99,99.98,99.97,99.965,0.1675,0.24,0.2437,0.335
2021-04-29,1768.3,1770.5,1772.4,26.053,26.085,26.115,1772.18,26.0974,1774.65,1762.65,26.285,,,14.54,17.61,1.634349823,-0.792640746,90.61401,0.0185,0.0325,0.0394,0.05085,99.99,99.98,99.965,99.96,0.1575,0.22,0.2231,0.3302
2021-04-30,1767.7,1769.8,1771.5,25.853,25.873,25.9,1769.13,25.9169,1768.8,1767.65,25.875,,,14.58,18.61,1.625865579,-0.782342792,91.28001,0.021,0.032,0.0384,0.05085,99.98,99.965,99.96,99.955,0.16,0.215,0.2518,0.3231
2021-05-03,1791.8,1794.0,1795.8,26.96,26.988,27.029,1792.88,26.905,1768.8,1767.65,25.875,,,15.65,18.31,1.597591639,-0.83051604,90.94501,0.02125,0.037,0.0444,0.0455,99.98,99.965,99.96,99.955,0.16,0.22,0.23,0.325
2021-05-04,1776.0,1778.2,1780.0,26.558,26.583,26.615,1779.06,26.509,1784.95,1797.75,26.825,,,15.91,19.48,1.592398763,-0.839609146,91.288,0.01835,0.034,0.041,0.051,99.985,99.965,99.955,99.95,0.175,0.22,0.23,0.3058
2021-05-05,1784.3,1786.5,1788.3,26.522,26.548,26.576,1786.87,26.4895,1778.05,1782.25,26.295,,,15.7,19.15,1.565964699,-0.908741415,91.30801,0.01985,0.031,0.0372,0.045,99.9825,99.965,99.955,99.95,0.185,0.225,0.2546,0.313
2021-05-06,1815.7,1817.9,1819.6,27.477,27.503,27.535,1815.22,27.3105,1793.15,1813.15,26.725,,,16.57,18.39,1.56962049,-0.88856715,90.951,0.01555,0.0295,0.037,0.0458,99.9875,99.97,99.96,99.955,0.18,0.2275,0.2435,0.3109
2021-05-07,1831.3,1833.5,1835.4,27.477,27.502,27.533,1831.24,27.4495,1820.5,1836.55,27.375,,,16.46,16.69,1.577062726,-0.93035239,90.233,0.0133,0.0275,0.0346,0.04255,99.9875,99.975,99.965,99.96,0.18,0.2175,0.23,0.3031
2021-05-10,1837.6,1839.8,1841.5,27.492,27.517,27.55,1836.07,27.3085,1834.15,1840.45,27.735,,,17.19,19.66,1.602029443,-0.93138051,90.21201,0.01575,0.0275,0.034,0.04665,99.9875,99.975,99.965,99.96,0.1525,0.22,0.2325,0.3027
2021-05-11,1836.1,1838.1,1839.7,27.667,27.69,27.724,1837.47,27.624,1837.15,1829.1,27.48,,,17.17,21.84,1.621727467,-0.920728922,90.14101,0.0151,0.028,0.0332,0.044,99.9875,99.975,99.965,99.96,0.1525,0.21,0.2225,0.3034
2021-05-12,1822.8,1824.8,1826.4,27.244,27.267,27.301,1815.69,27.0231,1833.6,1830.7,27.41,,,17.56,27.59,1.69157505,-0.871948302,90.71301,0.0127,0.02713,0.0331,0.0438,99.9875,99.975,99.965,99.965,0.1453,0.1888,0.2054,0.2916
2021-05-13,1824.0,1826.1,1827.7,27.059,27.083,27.12,1826.72,27.093,1814.3,1821.8,26.82,,,17.1,23.13,1.657350421,-0.88837713,90.75201,0.014,0.0275,0.0334,0.043,99.9875,99.975,99.965,99.965,0.1453,0.1825,0.2075,0.2794
2021-05-14,1838.1,1840.0,1841.8,27.365,27.39,27.428,1843.43,27.4228,1833.5,1838.1,27.23,,,16.75,18.81,1.628396869,-0.919284761,90.32101,0.0136,0.0265,0.031,0.04165,99.9875,99.975,99.965,99.965,0.12,0.1633,0.1954,0.2842
2021-05-17,1867.6,1869.6,1871.3,28.274,28.298,28.333,1866.9,28.1715,1848.45,1853.7,27.61,,,17.62,19.72,1.648829818,-0.921044648,90.164,0.0154,0.02617,0.0316,0.0415,99.99,99.98,99.97,99.97,0.1025,0.18,0.2,0.2774
2021-05-18,1868.0,1870.1,1871.8,28.333,28.358,28.393,1869.44,28.185,1867.4,1866.75,28.475,,,17.0,21.34,1.636906028,-0.918412864,89.75001,0.0173,0.025,0.0305,0.0407,99.99,99.98,99.97,99.97,0.14,0.18,0.2,0.29
2021-05-19,1881.5,1883.4,1885.2,28.025,28.047,28.082,1869.62,27.7366,1860.0,1888.45,27.675,,,17.79,22.18,1.671033859,-0.828943133,90.191,0.015,0.02757,0.032,0.0432,99.99,99.98,99.97,99.965,0.1425,0.185,0.1998,0.2874
2021-05-20,1881.9,1883.9,1885.7,28.067,28.091,28.127,1877.21,27.7555,1869.35,1878.3,27.74,,,17.29,20.67,1.624988675,-0.833649099,89.80801,0.018,0.027,0.0315,0.0395,99.9875,99.975,99.965,99.965,0.1625,0.2225,0.2447,0.2856
2021-05-21,1876.7,1878.9,1880.5,27.486,27.51,27.548,1881.25,27.5645,1877.65,1875.9,27.8,,,16.47,20.15,1.621577859,-0.832986832,90.01701,0.0175,0.02765,0.0328,0.0403,99.9875,99.975,99.965,99.965,0.1475,0.2251,0.2278,0.2838
2021-05-24,1884.5,1886.7,1888.4,27.905,27.932,27.969,1881.02,27.7695,1876.85,1880.15,27.645,,,16.91,18.4,1.601161957,-0.863551676,89.844,0.0188,0.0275,0.033,0.0405,99.99,99.98,99.97,99.965,0.1625,0.225,0.2325,0.2887
2021-05-25,1898.0,1900.5,1902.1,28.056,28.086,28.123,1899.25,27.9987,1882.8,1887.0,27.555,,,17.09,18.84,1.558750868,-0.893305182,89.63901,0.0148,0.0265,0.0302,0.0388,99.9925,99.98,99.97,99.965,0.155,0.23,0.2397,0.2669
2021-05-26,1901.2,1903.8,1905.4,27.877,27.907,27.943,1896.67,27.6825,1904.3,1899.75,28.12,,,16.81,17.36,1.575676441,-0.855991125,90.04201,0.01585,0.025,0.0287,0.0358,99.99,99.985,99.975,99.97,0.1375,0.2075,0.2165,0.27
2021-05-27,1895.7,1898.5,1900.1,27.94,27.971,28.008,1896.54,27.844,1895.05,1891.45,27.655,,,16.15,16.74,1.606242061,-0.839999914,89.971,0.0172,0.02637,0.0292,0.03655,99.99,99.98,99.97,99.965,0.14,0.185,0.2125,0.2706
2021-05-28,1902.5,1905.3,1906.9,28.014,28.045,28.082,1903.77,27.9352,1892.45,1899.95,27.63,,,16.08,16.76,1.594301462,-0.861825645,90.03101,0.019,0.025,0.0285,0.034,99.98,99.975,99.975,99.97,0.175,0.195,0.2251,0.2737
2021-05-31,1902.5,1905.3,1906.9,28.014,28.045,28.082,1906.87,28.0262,1892.45,1899.95,27.63,,,16.08,16.76,1.594301462,-0.861825645,89.829,0.019,0.025,0.0285,0.034,99.98,99.975,99.975,99.97,0.175,0.215,0.225,0.28
2021-06-01,1905.0,1906.9,1908.8,28.102,28.134,28.175,1900.44,27.8927,1907.7,1899.35,28.21,,,16.09,17.9,1.60621047,-0.878365874,89.831,0.021,0.0285,0.033,0.03625,99.98,99.965,99.965,99.965,0.18,0.215,0.22,0.28
2021-06-02,1909.9,1911.7,1913.7,28.204,28.235,28.278,1908.38,28.1719,1895.9,1902.75,27.745,,,15.65,17.48,1.587477326,-0.88012898,89.909,0.0219,0.029,0.0329,0.0375,99.98,99.965,99.965,99.965,0.2,0.22,0.219,0.275
2021-06-03,1873.3,1875.2,1877.1,27.477,27.506,27.549,1870.76,27.4316,1892.15,1866.55,27.755,,,15.95,18.04,1.624965191,-0.818907559,90.512,0.0218,0.028,0.0319,0.0371,99.9825,99.97,99.965,99.965,0.2175,0.225,0.23,0.27
2021-06-04,1892.0,1893.8,1895.8,27.896,27.926,27.969,1891.59,27.7933,1869.55,1890.6,27.365,,,15.83,16.42,1.553440928,-0.880536437,90.136,0.02215,0.0295,0.0335,0.0378,99.9825,99.97,99.965,99.965,0.19,0.22,0.2249,0.2727
2021-06-07,1898.8,1900.6,1902.7,28.018,28.05,28.094,1899.21,27.8897,1882.05,1888.4,27.58,,,15.57,16.42,1.568707585,-0.843771458,89.95,0.0211,0.0285,0.0328,0.0393,99.985,99.975,99.97,99.965,0.1325,0.18,0.205,0.2494
2021-06-08,1894.4,1896.4,1898.4,27.731,27.762,27.808,1892.89,27.618,1892.05,1893.15,27.715,,,15.59,17.07,1.533052087,-0.849245071,90.076,0.0218,0.029,0.0345,0.041,99.985,99.975,99.965,99.965,0.1325,0.18,0.205,0.2488
2021-06-09,1895.5,1897.5,1899.5,28.002,28.032,28.078,1888.57,27.7725,1890.45,1894.6,27.58,,,15.43,17.89,1.490754843,-0.847295642,90.12,0.01965,0.0265,0.0313,0.03795,99.985,99.975,99.965,99.965,0.1325,0.1675,0.1987,0.26
2021-06-10,1896.4,1898.3,1900.5,28.031,28.062,28.106,1898.51,27.99,1882.0,1888.65,27.66,,,15.5,16.1,1.431824446,-0.937786877,90.075,0.02045,0.026,0.0317,0.04105,99.9825,99.975,99.965,99.965,0.15,0.16,0.185,0.23
2021-06-11,1879.6,1881.7,1883.7,28.146,28.18,28.224,1877.53,27.9175,1891.95,1881.05,28.14,,,15.21,15.65,1.451843143,-0.901793361,90.55501,0.0195,0.0265,0.0313,0.0393,99.985,99.98,99.97,99.97,0.15,0.1612,0.18,0.1993
2021-06-14,1865.9,1867.9,1869.9,28.039,28.074,28.119,1866.18,27.856,1859.75,1865.6,27.73,,,16.13,16.39,1.493958592,-0.888022959,90.522,0.0262,0.0325,0.036,0.0431,99.98,99.97,99.96,99.96,0.1125,0.1476,0.1599,0.185
2021-06-15,1856.4,1858.4,1860.4,27.693,27.73,27.774,1859.02,27.6643,1863.85,1865.1,27.625,,,16.26,17.02,1.492234111,-0.906079471,90.536,0.0265,0.0325,0.03515,0.04375,99.98,99.97,99.96,99.96,0.11,0.1577,0.1612,0.196
2021-06-16,1861.4,1863.4,1865.3,27.812,27.848,27.892,1811.47,26.9831,1858.1,1860.75,27.71,,,16.3,18.15,1.575384736,-0.755037844,91.12901,0.05,0.0485,0.0497,0.056,99.9675,99.95,99.95,99.95,0.11,0.1601,0.1675,0.195
2021-06-17,1774.8,1776.7,1778.6,25.856,25.892,25.936,1773.5,25.9047,1806.75,1778.7,26.595,,,17.66,17.75,1.504008651,-0.796533048,91.88901,0.047,0.048,0.05,0.0565,99.9725,99.955,99.955,99.955,0.1,0.135,0.1501,0.1937
2021-06-18,1769.0,1770.9,1773.0,25.969,26.009,26.054,1764.16,25.7868,1792.35,1773.1,26.385,,,17.9,20.7,1.438054681,-0.812292993,92.22501,0.0477,0.0475,0.049,0.0629,99.97,99.95,99.95,99.95,0.0925,0.105,0.1255,0.187
2021-06-21,1782.9,1784.8,1787.0,26.025,26.065,26.114,1783.27,25.9516,1782.45,1775.05,25.955,,,16.91,17.89,1.488641024,-0.800585628,91.899,0.0477,0.04795,0.04895,0.0652,99.97,99.95,99.95,99.95,0.0925,0.11,0.1273,0.1953
2021-06-22,1777.4,1779.3,1781.6,25.857,25.898,25.951,1778.74,25.7773,1779.1,1775.05,25.97,,,16.66,16.66,1.463249445,-0.868047416,91.756,0.0425,0.044,0.0448,0.05895,99.9725,99.96,99.96,99.96,0.06,0.08,0.0973,0.1861
2021-06-23,1783.4,1785.3,1787.7,26.111,26.152,26.207,1778.68,25.8914,1782.9,1791.6,25.945,,,16.2,16.32,1.48518455,-0.873540998,91.802,0.0427,0.0455,0.0485,0.0625,99.9725,99.955,99.955,99.955,0.07,0.0925,0.11,0.1964
2021-06-24,1776.7,1778.7,1781.0,26.05,26.089,26.142,1775.17,25.947,1780.2,1784.85,25.99,,,15.7,15.97,1.491921663,-0.836550474,91.814,0.0426,0.0455,0.0489,0.0633,99.97,99.955,99.955,99.955,0.0775,0.1,0.11,0.2176
2021-06-25,1777.8,1779.8,1782.1,26.087,26.126,26.178,1781.44,26.102,1783.25,1786.65,26.13,,,15.29,15.62,1.524079919,-0.847839117,91.85101,0.0474,0.048,0.04925,0.0655,99.97,99.955,99.955,99.95,0.12,0.1025,0.1179,0.2202
2021-06-28,1780.7,1782.7,1784.9,26.223,26.254,26.302,1778.48,26.1119,1774.25,1780.3,26.09,,,15.36,15.76,1.476533175,-0.870503426,91.887,0.046,0.047,0.0488,0.0614,99.97,99.9525,99.95,99.95,0.13,0.12,0.13,0.214
2021-06-29,1763.6,1765.4,1767.7,25.872,25.901,25.946,1761.24,25.7732,1769.6,1755.45,25.955,,,16.19,16.02,1.469722867,-0.870789349,92.049,0.0462,0.0465,0.0489,0.0614,99.9725,99.955,99.955,99.955,0.14,0.13,0.145,0.225
2021-06-30,1771.6,1773.5,1775.8,26.165,26.194,26.239,1770.11,26.1263,1757.8,1763.15,25.765,,,15.97,15.83,1.467989922,-0.88002044,92.436,0.04625,0.04642,0.0489,0.0622,99.9525,99.95,99.95,99.95,0.135,0.145,0.2084,0.2268
2021-07-01,1776.8,1778.5,1780.8,26.1,26.141,26.186,1776.84,26.034,1774.0,1781.5,26.26,,,15.8,15.48,1.457796693,-0.901155651,92.59701,0.0466,0.04748,0.05,0.0642,99.9525,99.95,99.95,99.95,0.12,0.1388,0.2212,0.2263
2021-07-02,1783.3,1785.2,1787.4,26.501,26.544,26.584,1787.3,26.4715,1783.5,1786.15,26.17,,,15.28,15.07,1.423822045,-0.928362966,92.22601,0.04805,0.048,0.05008,0.06178,99.9525,99.955,99.955,99.95,0.1525,0.15,0.215,0.2277
2021-07-05,1783.3,1785.2,1787.4,26.501,26.544,26.584,1791.77,26.479,1790.95,1791.35,26.545,,,15.28,15.07,1.423822045,-0.928362966,92.21201,0.04805,0.048,0.05008,0.06178,99.9525,99.955,99.955,99.95,0.155,0.165,0.23,0.2447
2021-07-06,1794.2,1795.9,1798.2,26.174,26.22,26.265,1797.08,26.159,1807.8,1809.85,26.61,,,15.45,16.44,1.348113894,-0.991609216,92.54601,0.0481,0.0475,0.0489,0.0562,99.9525,99.955,99.955,99.95,0.155,0.1625,0.2325,0.2324
2021-07-07,1802.1,1803.9,1806.1,26.129,26.178,26.229,1803.63,26.1404,1804.25,1804.65,26.385,,,15.21,16.2,1.316262603,-0.969754398,92.644,0.0482,0.05,0.04745,0.0571,99.9525,99.955,99.955,99.95,0.1675,0.17,0.2325,0.2472
2021-07-08,1800.2,1801.9,1804.2,25.987,26.032,26.081,1802.83,25.935,1810.25,1807.7,26.105,,,15.82,19.0,1.292825103,-0.952287912,92.41701,0.0479,0.04972,0.04665,0.0552,99.95,99.95,99.95,99.95,0.18,0.17,0.2524,0.2313
2021-07-09,1810.6,1812.1,1814.6,26.234,26.279,26.326,1808.32,26.1042,1803.4,1806.0,26.01,,,15.27,16.18,1.359504223,-0.946537077,92.13,0.0501,0.0481,0.0488,0.0585,99.95,99.95,99.95,99.95,0.17,0.165,0.2625,0.2439
2021-07-12,1805.9,1807.6,1809.9,26.239,26.282,26.326,1806.28,26.202,1802.95,1792.4,25.925,,,15.04,16.17,1.364475489,-0.98170197,92.261,0.0472,0.04838,0.0493,0.0591,99.95,99.95,99.95,99.95,0.1725,0.1748,0.26,0.2576
2021-07-13,1809.9,1811.7,1814.0,26.14,26.185,26.232,1807.76,25.9876,1807.85,1813.85,26.105,,,14.84,17.12,1.416646242,-0.97238946,92.75201,0.0474,0.04868,0.0505,0.0648,99.9525,99.955,99.955,99.95,0.1725,0.185,0.2554,0.2576
2021-07-14,1825.0,1826.7,1829.1,26.271,26.316,26.365,1827.53,26.25,1813.05,1823.2,26.17,,,14.79,16.33,1.345866442,-1.018571019,92.41,0.04745,0.0482,0.04625,0.0605,99.95,99.95,99.95,99.95,0.175,0.175,0.2696,0.2604
2021-07-15,1829.0,1830.8,1833.1,26.394,26.438,26.487,1829.47,26.343,1832.0,1823.75,26.205,,,15.01,17.01,1.298908472,-1.054269433,92.62401,0.0474,0.04758,0.0493,0.06,99.95,99.95,99.95,99.95,0.185,0.185,0.2854,0.2531
2021-07-16,1815.0,1816.7,1819.1,25.795,25.844,25.896,1812.05,25.6641,1822.0,1824.3,26.105,,,14.6,18.45,1.290301681,-1.055273652,92.687,0.04705,0.04758,0.05,0.061,99.95,99.95,99.95,99.95,0.2,0.205,0.2716,0.2535
2021-07-19,1809.2,1810.9,1813.2,25.144,25.193,25.245,1812.64,25.1761,1803.25,1814.9,25.325,,,15.96,22.5,1.188807726,-1.082821608,92.89101,0.0474,0.04752,0.04635,0.06135,99.95,99.95,99.95,99.95,0.2,0.21,0.2785,0.2485
2021-07-20,1811.4,1813.1,1815.2,24.995,25.043,25.095,1810.36,24.934,1815.3,1823.05,25.095,,,15.01,19.73,1.221839666,-1.055943966,92.97301,0.0465,0.04755,0.0494,0.0619,99.95,99.95,99.95,99.95,0.185,0.21,0.263,0.2522
2021-07-21,1803.4,1805.1,1807.4,25.255,25.303,25.355,1803.66,25.2612,1805.9,1802.15,25.105,,,15.01,17.91,1.288372278,-1.020845175,92.75401,0.04695,0.04783,0.0496,0.0584,99.95,99.95,99.95,99.95,0.185,0.1975,0.2611,0.2425
2021-07-22,1805.4,1807.1,1809.2,25.381,25.428,25.481,1806.92,25.4315,1797.4,1799.45,25.07,,,14.51,17.69,1.278259635,-1.036693215,92.82201,0.0473,0.0475,0.0495,0.06,99.95,99.95,99.95,99.95,0.1488,0.1975,0.2506,0.24
2021-07-23,1801.8,1803.6,1805.9,25.233,25.28,25.333,1802.15,25.1775,1803.05,1799.6,25.165,,,14.53,17.2,1.276321173,-1.072057724,92.912,0.0474,0.048,0.0503,0.06,99.95,99.95,99.95,99.95,0.1488,0.155,0.205,0.25
2021-07-26,1799.2,1801.1,1803.4,25.318,25.368,25.422,1797.63,25.1935,1808.15,1800.2,25.365,,,15.2,17.58,1.289613724,-1.106131315,92.649,0.0473,0.0485,0.0449,0.0597,99.9525,99.955,99.955,99.95,0.1488,0.14,0.215,0.245
2021-07-27,1799.8,1801.7,1804.0,24.649,24.701,24.757,1799.09,24.6916,1797.15,1800.35,25.115,,,15.51,19.36,1.241090059,-1.132472157,92.43201,0.0475,0.049,0.0508,0.0609,99.95,99.95,99.95,99.95,0.0775,0.1731,0.2438,0.2385
2021-07-28,1799.7,1801.8,1804.6,24.877,24.931,24.987,1807.11,24.9635,1799.3,1796.6,24.795,,,15.61,18.31,1.232661724,-1.179427147,92.32201,0.048,0.049,0.0492,0.0567,99.95,99.95,99.95,99.95,0.0775,0.1756,0.2562,0.23
2021-07-29,1831.2,1833.2,1835.8,25.782,25.835,25.887,1828.17,25.5144,1819.45,1829.3,25.45,,,15.21,17.7,1.26927352,-1.152525425,91.86401,0.04745,0.049,0.04915,0.05865,99.95,99.95,99.95,99.95,0.0775,0.2,0.2427,0.24
2021-07-30,1812.6,1814.5,1817.2,25.547,25.6,25.651,1814.19,25.4912,1828.25,1825.75,25.49,,,15.09,18.24,1.222261667,-1.179796338,92.174,0.048,0.049,0.0475,0.053,99.95,99.95,99.95,99.95,0.0775,0.2,0.2551,0.26
2021-08-02,1819.8,1822.2,1824.2,25.575,25.628,25.68,1813.47,25.4097,1807.55,1811.45,25.405,,,15.23,19.46,1.177283764,-1.185664654,92.048,0.04815,0.049,0.0485,0.0515,99.95,99.95,99.95,99.95,0.0775,0.215,0.265,0.25
2021-08-03,1811.7,1814.1,1816.1,25.582,25.633,25.684,1810.44,25.5233,1809.7,1812.65,25.46,,,15.09,18.04,1.172193885,-1.201174021,92.081,0.0485,0.0485,0.0476,0.0503,99.95,99.95,99.95,99.955,0.0775,0.215,0.2575,0.245
2021-08-04,1812.2,1814.5,1816.4,25.461,25.512,25.563,1811.74,25.3812,1812.45,1829.1,25.67,,,14.88,17.97,1.182032466,-1.166355491,92.27,0.0485,0.0485,0.04745,0.051,99.95,99.95,99.95,99.955,0.0944,0.205,0.27,0.24
2021-08-05,1806.6,1808.9,1810.9,25.292,25.342,25.393,1804.41,25.1581,1811.2,1800.75,25.45,,,14.84,17.28,1.223514915,-1.110551596,92.244,0.04885,0.049,0.0495,0.05595,99.95,99.95,99.95,99.955,0.0944,0.215,0.26,0.23
2021-08-06,1761.1,1763.1,1765.1,24.326,24.377,24.429,1763.03,24.3305,1799.45,1762.9,24.975,,,15.9,16.15,1.296892405,-1.068315268,92.8,0.04925,0.0495,0.05025,0.05825,99.95,99.95,99.95,99.955,0.0944,0.215,0.26,0.23
2021-08-09,1724.4,1726.5,1728.6,23.269,23.319,23.37,1729.94,23.449,1741.5,1738.85,23.84,,,17.26,16.72,1.323744774,-1.043434024,92.94501,0.04705,0.049,0.05,0.058,99.95,99.95,99.95,99.955,0.0944,0.195,0.26,0.24
2021-08-10,1729.7,1731.7,1733.7,23.392,23.442,23.493,1728.93,23.3416,1729.55,1723.35,23.39,,,16.93,16.79,1.348992705,-1.043751001,93.05501,0.04995,0.05065,0.05165,0.06285,99.95,99.95,99.95,99.95,0.0944,0.165,0.26,0.24
2021-08-11,1751.2,1753.3,1755.4,23.488,23.539,23.591,1751.7,23.5465,1734.05,1743.6,23.415,,,15.85,16.06,1.330338717,-1.076279879,92.922,0.049,0.0495,0.0505,0.05955,99.95,99.95,99.95,99.95,0.0944,0.105,0.24,0.24
2021-08-12,1749.8,1751.8,1753.8,23.116,23.169,23.222,1752.9,23.1805,1755.5,1747.4,23.415,,,15.67,15.59,1.35899055,-1.063310623,93.035,0.049,0.0495,0.05125,0.062,99.95,99.95,99.95,99.95,0.0944,0.1,0.205,0.24
2021-08-13,1776.0,1778.2,1780.3,23.779,23.832,23.886,1779.74,23.7493,1757.65,1773.85,23.385,,,15.15,15.45,1.276715159,-1.10763061,92.51801,0.05005,0.051,0.05215,0.062,99.95,99.95,99.95,99.95,0.0944,0.1,0.2025,0.2325
2021-08-16,1787.6,1789.8,1791.9,23.791,23.839,23.894,1787.45,23.841,1775.75,1786.35,23.54,,,15.62,16.12,1.26502049,-1.109361053,92.62801,0.0464,0.051,0.05247,0.06225,99.95,99.95,99.95,99.95,0.0944,0.125,0.215,0.225
2021-08-17,1785.7,1787.8,1789.8,23.659,23.707,23.76,1786.19,23.6592,1794.05,1789.45,23.9,,,16.1,17.91,1.261682034,-1.068430662,93.13,0.0463,0.051,0.05237,0.062,99.95,99.95,99.95,99.95,0.0944,0.145,0.2227,0.215
2021-08-18,1782.3,1784.4,1786.4,23.422,23.47,23.523,1787.82,23.509,1788.1,1783.45,23.67,,,15.8,21.57,1.258342862,-1.063144565,93.136,0.05,0.0505,0.052,0.06005,99.95,99.95,99.95,99.95,0.0944,0.145,0.22,0.21
2021-08-19,1780.9,1783.1,1785.1,23.23,23.279,23.332,1780.38,23.2515,1788.2,1782.05,23.34,,,15.91,21.67,1.243320107,-1.054340959,93.568,0.049,0.05,0.05255,0.06095,99.95,99.95,99.95,99.95,0.0944,0.16,0.2077,0.195
2021-08-20,1781.8,1784.0,1786.0,23.112,23.16,23.211,1781.11,23.0255,1782.95,1779.05,23.205,,,15.34,18.56,1.255004048,-1.011620998,93.496,0.0486,0.0505,0.0518,0.06,99.95,99.95,99.95,99.95,0.0944,0.16,0.2077,0.195
2021-08-23,1804.0,1806.3,1808.3,23.656,23.703,23.755,1805.43,23.6267,1786.9,1802.0,23.43,,,15.84,17.15,1.25166142,-1.029573202,92.95801,0.0485,0.051,0.0527,0.0618,99.95,99.95,99.95,99.95,0.0944,0.155,0.215,0.19
2021-08-24,1806.3,1808.5,1810.5,23.894,23.937,23.981,1802.9,23.8606,1802.95,1808.45,23.76,,,15.45,17.22,1.293540001,-1.023538232,92.89301,0.05,0.052,0.0535,0.0639,99.95,99.95,99.95,99.945,0.0944,0.1658,0.2089,0.1994
2021-08-25,1788.8,1791.0,1793.0,23.775,23.822,23.87,1791.0,23.841,1794.7,1788.7,23.755,,,15.9,16.79,1.338993073,-1.016789436,92.825,0.0493,0.052,0.05452,0.063,99.95,99.95,99.945,99.945,0.0944,0.185,0.2322,0.225
2021-08-26,1793.0,1795.2,1797.2,23.55,23.596,23.642,1792.43,23.5645,1783.8,1786.6,23.675,,,16.44,18.84,1.349144459,-1.000126481,93.062,0.0497,0.05185,0.0533,0.0615,99.95,99.95,99.945,99.945,0.0944,0.19,0.2546,0.2176
2021-08-27,1817.2,1819.5,1821.5,24.062,24.11,24.158,1817.57,24.0262,1795.5,1798.5,23.61,,,15.27,16.39,1.307047129,-1.084283113,92.686,0.0495,0.051,0.0522,0.056,99.95,99.95,99.95,99.945,0.0944,0.195,0.2603,0.2481
2021-08-30,1809.8,1812.2,1814.2,23.96,24.006,24.054,1810.34,24.036,1795.5,1798.5,23.61,,,15.52,16.19,1.278480649,-1.090231538,92.65301,0.0493,0.05093,0.0515,0.0563,99.95,99.95,99.95,99.945,0.0944,0.1992,0.2527,0.2377
2021-08-31,1815.8,1818.1,1820.1,23.96,24.006,24.059,1813.62,23.8943,1814.3,1814.85,24.045,,,15.47,16.48,1.308758616,-1.031386971,92.62601,0.0495,0.0507,0.0515,0.0563,99.95,99.95,99.945,99.945,0.0944,0.1992,0.255,0.255
2021-09-01,1813.8,1816.0,1818.0,24.221,24.274,24.311,1813.9,24.141,1813.9,1811.8,23.92,,,15.12,16.11,1.293621302,-1.050063014,92.44901,0.05,0.0515,0.052,0.0582,99.95,99.95,99.945,99.945,0.0944,0.1948,0.2576,0.255
2021-09-02,1809.4,1811.5,1813.4,23.918,23.969,23.998,1809.66,23.9055,1815.15,1812.55,24.165,,,14.76,16.41,1.283541083,-1.052500606,92.22501,0.0503,0.052,0.0528,0.0582,99.95,99.95,99.945,99.945,0.1587,0.1875,0.2512,0.2519
2021-09-03,1831.5,1833.7,1835.7,24.802,24.852,24.882,1827.73,24.716,1812.05,1823.7,24.055,,,14.95,16.41,1.322348356,-1.021951795,92.035,0.0517,0.053,0.05335,0.057,99.95,99.95,99.945,99.945,0.125,0.145,0.2477,0.235
2021-09-06,1831.5,1833.7,1835.7,24.802,24.852,24.882,1823.29,24.6825,1823.85,1821.6,24.705,,,14.95,16.41,1.322348356,-1.021951795,92.035,0.0517,0.053,0.05335,0.057,99.95,99.95,99.945,99.945,0.11,0.155,0.2325,0.2294
2021-09-07,1796.3,1798.5,1800.6,24.373,24.421,24.448,1794.36,24.319,1810.75,1802.15,24.245,,,15.36,18.14,1.373187661,-0.996002734,92.512,0.0517,0.0525,0.05325,0.0575,99.95,99.95,99.945,99.95,0.11,0.145,0.2349,0.235
2021-09-08,1791.2,1793.5,1795.7,24.056,24.105,24.132,1789.26,23.9451,1797.95,1786.0,24.315,,,15.14,17.96,1.337606549,-1.044533968,92.65301,0.0516,0.0525,0.05305,0.0593,99.95,99.95,99.945,99.95,0.11,0.1675,0.235,0.23
2021-09-09,1797.8,1800.0,1802.1,24.177,24.226,24.256,1794.58,24.0397,1795.35,1788.25,24.145,,,15.1,18.8,1.297075748,-1.094259381,92.479,0.0516,0.0525,0.05215,0.0565,99.95,99.95,99.945,99.95,0.115,0.1675,0.235,0.24
2021-09-10,1789.9,1792.1,1794.2,23.9,23.949,23.98,1787.58,23.7441,1799.9,1794.6,24.025,,,15.15,20.95,1.341082811,-1.054309249,92.582,0.0513,0.05173,0.052,0.05548,99.9475,99.945,99.945,99.945,0.11,0.1612,0.2463,0.24
2021-09-13,1792.3,1794.4,1796.5,23.796,23.846,23.877,1793.75,23.7385,1787.85,1793.9,23.58,,,15.09,19.37,1.325857759,-1.046843767,92.675,0.053,0.053,0.0523,0.057,99.9475,99.945,99.945,99.945,0.115,0.165,0.235,0.235
2021-09-14,1805.0,1807.1,1809.2,23.885,23.936,23.971,1804.51,23.8568,1788.65,1792.75,23.6,,,15.02,19.46,1.283634424,-1.052831173,92.623,0.0522,0.0535,0.0525,0.0573,99.95,99.95,99.95,99.95,0.115,0.16,0.235,0.235
2021-09-15,1792.6,1794.8,1796.9,23.801,23.85,23.882,1794.06,23.8426,1801.4,1796.95,23.835,,,15.14,18.18,1.298832536,-1.053862214,92.548,0.0551,0.0585,0.05515,0.058,99.95,99.945,99.94,99.945,0.11,0.16,0.235,0.245
2021-09-16,1754.6,1756.7,1758.7,22.794,22.842,22.876,1753.77,22.907,1781.45,1747.95,23.47,,,15.92,18.69,1.337780356,-1.025095582,92.93201,0.0575,0.05903,0.057,0.06,99.95,99.945,99.94,99.945,0.11,0.145,0.235,0.235
2021-09-17,1749.4,1751.4,1753.4,22.337,22.385,22.42,1754.34,22.3853,1766.1,1755.95,23.01,,,15.92,20.81,1.361639977,-0.986848831,93.19501,0.0575,0.059,0.0557,0.06,99.9475,99.94,99.935,99.94,0.11,0.115,0.225,0.235
2021-09-20,1761.8,1763.8,1765.9,22.204,22.253,22.287,1764.16,22.2698,1757.15,1757.75,22.395,,,16.85,25.71,1.310737848,-0.997148216,93.276,0.0561,0.057,0.05525,0.05748,99.9475,99.94,99.935,99.94,0.075,0.105,0.22,0.23
2021-09-21,1776.1,1778.2,1780.3,22.611,22.66,22.693,1774.51,22.4968,1766.45,1774.45,22.555,,,16.46,24.36,1.322615981,-0.978882134,93.204,0.0535,0.0555,0.05385,0.057,99.9475,99.945,99.94,99.94,0.055,0.075,0.205,0.2225
2021-09-22,1776.7,1778.8,1781.0,22.907,22.957,22.988,1768.16,22.6963,1775.35,1773.4,22.735,,,16.41,20.87,1.30060792,-0.977754593,93.46201,0.055,0.058,0.05485,0.06237,99.9475,99.94,99.94,99.94,0.055,0.075,0.2175,0.2225
2021-09-23,1747.7,1749.8,1751.8,22.679,22.727,22.758,1742.76,22.5129,1771.05,1750.0,22.74,,,16.82,18.63,1.43012321,-0.898300767,93.085,0.0566,0.0573,0.0561,0.0672,99.9475,99.94,99.94,99.94,0.055,0.08,0.21,0.2187
2021-09-24,1749.7,1751.7,1753.8,22.425,22.473,22.504,1750.42,22.4205,1755.15,1746.8,22.66,,,16.44,17.75,1.450880408,-0.885415375,93.327,0.0555,0.0569,0.05625,0.06897,99.9475,99.94,99.94,99.94,0.055,0.0975,0.2224,0.2174
2021-09-27,1750.0,1752.0,1754.0,22.694,22.742,22.772,1750.16,22.6275,1749.15,1755.3,22.555,,,16.2,18.76,1.487129211,-0.887139797,93.383,0.057,0.0583,0.0575,0.0726,99.9475,99.9425,99.94,99.94,0.055,0.095,0.23,0.225
2021-09-28,1735.9,1737.5,1739.5,22.467,22.514,22.544,1734.01,22.4555,1739.65,1733.75,22.2,,,16.78,23.25,1.537408352,-0.85843873,93.76601,0.058,0.0573,0.0565,0.07212,99.9475,99.94,99.94,99.94,0.055,0.095,0.23,0.23
2021-09-29,1721.5,1722.9,1724.9,21.485,21.53,21.562,1726.37,21.5358,1741.65,1737.15,22.325,,,17.39,22.56,1.516665578,-0.860886455,94.33801,0.054,0.055,0.0543,0.0702,99.9475,99.9425,99.94,99.94,0.055,0.095,0.23,0.23
2021-09-30,1755.3,1757.0,1758.5,22.047,22.09,22.117,1756.95,22.171,1730.95,1742.8,21.525,,,17.16,23.14,1.487311125,-0.891593993,94.23,0.054,0.056,0.0545,0.0707,99.945,99.945,99.945,99.95,0.055,0.27,0.2404,0.238
2021-10-01,1758.4,1760.1,1761.5,22.536,22.578,22.61,1760.98,22.5385,1755.6,1757.05,22.095,,,16.32,21.15,1.461584449,-0.919912159,94.035,0.058,0.05695,0.0549,0.067,99.9425,99.945,99.945,99.95,0.055,0.285,0.255,0.2349
2021-10-04,1767.6,1769.4,1770.6,22.644,22.688,22.721,1769.57,22.6818,1751.85,1754.55,22.31,,,16.77,22.96,1.478908181,-0.915142834,93.776,0.0575,0.05655,0.05443,0.06785,99.945,99.945,99.945,99.95,0.055,0.27,0.24,0.24
2021-10-05,1760.9,1762.8,1764.2,22.608,22.654,22.688,1760.18,22.6324,1758.0,1753.2,22.485,,,16.56,21.3,1.52575767,-0.935648382,93.97501,0.0575,0.05645,0.055,0.07023,99.9425,99.945,99.945,99.945,0.055,0.28,0.24,0.225
2021-10-06,1761.8,1763.7,1765.1,22.532,22.581,22.615,1762.74,22.6251,1748.25,1759.7,22.295,,,16.58,21.0,1.520617247,-0.927278399,94.26601,0.0536,0.05555,0.05455,0.0757,99.945,99.945,99.94,99.945,0.055,0.275,0.24,0.225
2021-10-07,1759.2,1761.1,1762.7,22.658,22.707,22.743,1755.78,22.6025,1758.55,1762.1,22.69,,,16.29,19.54,1.572936416,-0.905872643,94.217,0.053,0.0545,0.0555,0.0795,99.95,99.95,99.94,99.945,0.055,0.2696,0.2423,0.2162
2021-10-08,1757.4,1759.4,1761.1,22.705,22.755,22.791,1757.13,22.6768,1757.5,1773.25,22.55,,,15.67,18.77,1.611800909,-0.901936233,94.067,0.0525,0.054,0.0555,0.08137,99.9475,99.945,99.94,99.945,0.09,0.2675,0.2378,0.2191
2021-10-11,1755.7,1757.7,1759.4,22.665,22.715,22.751,1754.15,22.582,1752.55,1757.65,22.52,,,15.56,20.0,1.611800909,-0.901936233,94.316,0.052,0.0549,0.057,0.08137,99.9475,99.945,99.94,99.945,0.09,0.27,0.24,0.225
2021-10-12,1759.3,1761.2,1762.9,22.514,22.564,22.599,1760.18,22.5629,1759.1,1767.75,22.64,,,15.1,19.85,1.576850295,-0.917440951,94.51601,0.053,0.0545,0.0565,0.09133,99.9475,99.945,99.94,99.945,0.09,0.22,0.225,0.225
2021-10-13,1794.7,1796.7,1798.5,23.17,23.221,23.254,1792.97,23.093,1767.45,1785.7,22.885,,,15.51,18.64,1.536775708,-0.991343439,94.08,0.052,0.05435,0.0595,0.10108,99.9475,99.945,99.94,99.94,0.09,0.22,0.225,0.225
2021-10-14,1797.9,1799.8,1801.5,23.477,23.527,23.56,1795.87,23.5195,1797.15,1798.7,23.34,,,15.34,16.86,1.510739446,-1.02682817,93.956,0.0515,0.05375,0.059,0.1064,99.95,99.95,99.945,99.945,0.09,0.22,0.215,0.2148
2021-10-15,1768.3,1770.2,1771.9,23.349,23.399,23.431,1767.62,23.3098,1781.45,1772.65,23.24,,,15.06,16.3,1.570269465,-0.996895969,93.937,0.05225,0.05485,0.06055,0.122,99.95,99.95,99.945,99.945,0.09,0.2325,0.2155,0.2231
2021-10-18,1765.7,1767.6,1769.3,23.264,23.313,23.345,1764.86,23.1933,1762.45,1767.85,23.22,,,15.53,16.31,1.600157261,-0.950315773,93.953,0.048,0.05195,0.061,0.12444,99.95,99.95,99.945,99.945,0.09,0.2325,0.2209,0.2249
2021-10-19,1770.5,1772.4,1774.1,23.883,23.93,23.96,1769.29,23.667,1779.4,1779.55,23.73,,,15.32,15.7,1.637199044,-0.91873461,93.734,0.048,0.05175,0.06005,0.121,99.9525,99.955,99.95,99.95,0.09,0.2325,0.2183,0.2227
2021-10-20,1784.9,1786.8,1788.4,24.445,24.491,24.518,1782.08,24.292,1778.15,1778.0,23.955,,,15.27,15.49,1.656714559,-0.945845008,93.55801,0.0395,0.04456,0.05565,0.11965,99.955,99.96,99.955,99.95,0.09,0.2325,0.2265,0.225
2021-10-21,1781.9,1783.8,1785.4,24.17,24.216,24.247,1782.9,24.156,1785.3,1779.3,24.23,,,15.15,15.01,1.701097965,-0.946865559,93.77,0.043,0.04671,0.06,0.145,99.9525,99.955,99.95,99.945,0.09,0.2325,0.2212,0.2343
2021-10-22,1796.3,1798.3,1800.0,24.449,24.498,24.531,1792.65,24.3233,1792.3,1808.25,24.31,,,15.74,15.43,1.632407427,-1.009878635,93.64201,0.044,0.0457,0.062,0.15113,99.9525,99.955,99.955,99.95,0.09,0.2225,0.2287,0.255
2021-10-25,1806.8,1808.8,1810.4,24.592,24.64,24.67,1807.73,24.5697,1799.2,1805.25,24.375,,,16.73,15.24,1.630742192,-1.037524343,93.813,0.04575,0.0477,0.06015,0.14402,99.9525,99.955,99.955,99.95,0.0775,0.2225,0.2573,0.2866
2021-10-26,1793.4,1795.4,1797.1,24.088,24.136,24.168,1792.91,24.1575,1801.9,1785.55,24.315,,,15.96,15.98,1.607925057,-1.087293148,93.94901,0.04205,0.04475,0.0585,0.14487,99.9525,99.955,99.955,99.95,0.0775,0.2225,0.2587,0.2869
2021-10-27,1798.8,1800.8,1802.6,24.191,24.241,24.275,1796.81,24.0638,1783.85,1795.25,23.955,,,16.08,16.98,1.541315079,-1.136839747,93.802,0.04435,0.048,0.063,0.16791,99.955,99.955,99.955,99.95,0.0775,0.2225,0.2673,0.295
2021-10-28,1802.6,1804.7,1806.4,24.12,24.168,24.186,1798.91,24.079,1798.2,1803.5,24.075,,,15.8,16.53,1.579964042,-1.016902924,93.345,0.0435,0.047,0.062,0.1642,99.9525,99.955,99.955,99.95,0.0775,0.2225,0.2861,0.32
2021-10-29,1783.9,1785.9,1787.6,23.949,23.992,24.011,1783.38,23.903,1796.3,1769.15,24.01,,,16.07,16.26,1.552131653,-1.036582589,94.123,0.04415,0.04875,0.06705,0.177,99.955,99.95,99.945,99.93,0.0775,0.31,0.3049,0.3119
2021-11-01,1795.8,1797.9,1799.5,24.073,24.119,24.139,1793.28,24.0445,1786.55,1793.8,23.865,,,16.31,16.41,1.555718184,-0.958851397,93.87901,0.04395,0.04829,0.06305,0.16702,99.955,99.955,99.95,99.935,0.0775,0.31,0.3,0.32
2021-11-02,1789.4,1791.5,1793.0,23.507,23.552,23.568,1787.76,23.5369,1791.5,1790.45,23.865,,,16.47,16.03,1.548781633,-0.97655654,94.09,0.04365,0.04527,0.055,0.144,99.955,99.955,99.95,99.94,0.0775,0.31,0.3,0.32
2021-11-03,1763.9,1766.0,1767.5,23.231,23.276,23.285,1769.84,23.5191,1781.85,1763.45,23.58,,,16.28,15.1,1.60337925,-0.960905671,93.86401,0.0435,0.04455,0.057,0.1573,99.955,99.955,99.95,99.945,0.0775,0.31,0.3,0.325
2021-11-04,1793.5,1795.6,1797.1,23.911,23.956,23.976,1792.04,23.7955,1778.1,1796.15,23.73,,,15.87,15.44,1.526156545,-1.046515226,94.34701,0.044,0.046,0.0565,0.15117,99.9575,99.96,99.955,99.95,0.09,0.31,0.284,0.305
2021-11-05,1816.8,1819.0,1820.6,24.157,24.206,24.239,1818.36,24.16,1793.2,1801.85,23.82,,,16.64,16.48,1.45132947,-1.103523374,94.32001,0.044,0.0465,0.054,0.138,99.9575,99.96,99.955,99.95,0.09,0.29,0.2763,0.3175
2021-11-08,1828.0,1830.2,1831.8,24.542,24.593,24.627,1824.18,24.4595,1818.0,1822.35,24.28,,,16.66,17.22,1.489716053,-1.137482166,94.049,0.0445,0.048,0.059,0.15551,99.9525,99.955,99.955,99.945,0.1,0.285,0.285,0.315
2021-11-09,1830.8,1832.9,1834.5,24.318,24.369,24.403,1831.92,24.3064,1824.4,1827.3,24.375,,,16.76,17.78,1.435790777,-1.208996773,93.955,0.0455,0.04755,0.05565,0.143,99.9525,99.955,99.955,99.945,0.1,0.305,0.29,0.315
2021-11-10,1848.3,1850.6,1852.0,24.772,24.823,24.855,1849.6,24.639,1824.95,1859.4,24.175,,,16.8,18.73,1.549348116,-1.178473949,94.85001,0.0455,0.051,0.06515,0.1795,99.9525,99.95,99.945,99.94,0.12,0.305,0.31,0.34
2021-11-11,1863.9,1866.3,1867.7,25.301,25.354,25.388,1862.11,25.2565,1859.25,1857.9,24.98,,,16.95,17.66,1.549347997,-1.178473949,95.178,0.043,0.0498,0.069,0.18,99.9525,99.95,99.945,99.94,0.12,0.335,0.31,0.34
2021-11-12,1868.5,1870.8,1872.2,25.346,25.398,25.434,1864.9,25.3176,1850.0,1860.55,24.955,,,16.85,16.29,1.561310172,-1.178138733,95.12801,0.045,0.0505,0.0685,0.1919,99.9525,99.95,99.945,99.94,0.12,0.37,0.375,0.375
2021-11-15,1866.6,1869.2,1870.8,25.105,25.16,25.195,1862.84,25.0631,1863.8,1859.9,25.21,,,17.0,16.49,1.614521265,-1.158528566,95.40701,0.04513,0.0525,0.071,0.195,99.9525,99.95,99.945,99.94,0.12,0.385,0.37,0.375
2021-11-16,1854.1,1856.7,1858.3,24.944,24.999,25.034,1850.63,24.8341,1872.25,1859.2,25.27,,,16.67,16.37,1.633520603,-1.129557848,95.915,0.046,0.0515,0.07165,0.194,99.955,99.955,99.95,99.94,0.12,0.38,0.3707,0.3828
2021-11-17,1870.2,1872.8,1874.4,25.167,25.223,25.257,1867.48,25.0858,1858.45,1864.9,25.04,,,16.69,17.11,1.588867545,-1.140650868,95.828,0.04617,0.05255,0.07125,0.185,99.9525,99.95,99.945,99.935,0.12,0.39,0.36,0.39
2021-11-18,1861.4,1864.0,1865.7,24.9,24.96,24.994,1858.94,24.8048,1860.5,1860.3,24.97,,,16.25,17.59,1.585488796,-1.150307775,95.54401,0.04662,0.0535,0.0695,0.18455,99.9525,99.95,99.945,99.94,0.12,0.355,0.3568,0.3719
2021-11-19,1851.6,1854.3,1856.1,24.781,24.844,24.88,1845.73,24.6185,1861.4,1861.1,24.785,,,15.99,17.91,1.546231151,-1.121260643,96.03101,0.047,0.053,0.0762,0.204,99.9525,99.95,99.945,99.935,0.12,0.355,0.3623,0.366
2021-11-22,1806.3,1809.1,1811.0,24.297,24.362,24.4,1804.65,24.1818,1841.1,1816.05,24.69,,,16.59,19.17,1.623560667,-1.015442014,96.548,0.0495,0.05485,0.085,0.237,99.9525,99.955,99.95,99.94,0.12,0.365,0.365,0.36
2021-11-23,1783.8,1786.3,1788.1,23.435,23.492,23.528,1789.16,23.659,1797.3,1789.15,23.815,,,16.81,19.38,1.665103316,-0.975730598,96.491,0.05013,0.056,0.086,0.23445,99.95,99.95,99.945,99.935,0.12,0.365,0.35,0.405
2021-11-24,1784.3,1786.9,1788.8,23.496,23.536,23.571,1788.61,23.552,1790.8,1782.05,23.495,,,16.75,18.58,1.634107947,-1.004036188,96.87501,0.053,0.0545,0.0954,0.25645,99.9525,99.95,99.945,99.935,0.12,0.37,0.35,0.405
2021-11-25,1784.3,1786.9,1788.8,23.496,23.536,23.571,1788.85,23.5995,1790.65,1788.15,23.69,,,16.75,18.58,1.634107947,-1.004036188,96.774,0.04925,0.0573,0.1048,0.257,99.9525,99.95,99.945,99.935,0.12,0.37,0.3379,0.3995
2021-11-26,1785.5,1788.1,1789.9,23.107,23.135,23.169,1802.59,23.1555,1809.8,1800.8,23.63,,,17.99,28.62,1.473129749,-1.098485231,96.089,0.053,0.05375,0.07415,0.1896,99.9525,99.95,99.95,99.94,0.12,0.345,0.295,0.345
2021-11-29,1782.3,1785.2,1787.1,22.799,22.852,22.887,1784.6,22.9041,1795.0,1785.95,23.235,,,17.55,22.96,1.498703599,-1.059060335,96.341,0.0525,0.054,0.07495,0.173,99.9525,99.95,99.95,99.94,0.12,0.25,0.27,0.345
2021-11-30,1773.6,1776.5,1778.3,22.765,22.815,22.849,1774.52,22.8355,1797.6,1804.4,22.865,,,17.99,27.19,1.444294095,-1.087614894,95.994,0.054,0.05528,0.09225,0.2239,99.95,99.95,99.94,99.92,0.12,0.255,0.23,0.335
2021-12-01,1784.3,1786.3,1788.1,22.339,22.373,22.411,1781.73,22.3165,1786.8,1789.25,22.86,,,18.39,31.12,1.403666854,-1.043762565,96.02801,0.0538,0.0547,0.08945,0.2215,99.945,99.945,99.94,99.92,0.12,0.23,0.235,0.39
2021-12-02,1762.7,1764.7,1766.6,22.316,22.348,22.383,1768.74,22.386,1775.7,1765.0,22.395,,,18.45,27.95,1.444327593,-1.045542479,96.15601,0.05305,0.0557,0.09665,0.2467,99.9475,99.945,99.94,99.915,0.12,0.2,0.185,0.39
2021-12-03,1783.9,1785.8,1787.7,22.481,22.512,22.543,1783.29,22.5239,1773.5,1767.55,22.35,,,17.92,30.67,1.342975974,-1.116053224,96.117,0.0525,0.05575,0.0934,0.22965,99.9475,99.945,99.94,99.915,0.04,0.13,0.16,0.31
2021-12-06,1779.5,1781.5,1783.4,22.263,22.295,22.328,1778.67,22.3865,1781.25,1778.65,22.34,,,17.44,27.18,1.434205055,-1.028663993,96.328,0.0535,0.0574,0.1055,0.25925,99.9475,99.945,99.935,99.905,0.04,0.095,0.16,0.335
2021-12-07,1784.7,1786.8,1788.7,22.523,22.554,22.584,1784.13,22.5051,1779.65,1781.35,22.435,,,17.02,21.89,1.473348022,-1.055906892,96.369,0.053,0.059,0.11838,0.2875,99.95,99.95,99.94,99.905,0.04,0.095,0.18,0.34
2021-12-08,1785.5,1787.6,1789.6,22.432,22.462,22.491,1782.99,22.4344,1789.8,1783.8,22.425,,,16.48,19.9,1.521230221,-1.051876783,95.894,0.0533,0.0585,0.113,0.27785,99.945,99.945,99.93,99.9,0.04,0.075,0.18,0.34
2021-12-09,1776.7,1778.9,1780.9,22.013,22.043,22.074,1775.33,21.9624,1783.4,1776.15,22.25,,,16.7,21.58,1.499012709,-1.011395097,96.271,0.054,0.059,0.1209,0.29065,99.9475,99.945,99.935,99.9,0.04,0.16,0.2414,0.379
2021-12-10,1784.8,1787.0,1789.1,22.195,22.225,22.258,1782.84,22.1958,1771.9,1779.75,21.895,,,15.35,18.69,1.483716607,-1.014545441,96.09701,0.0527,0.059,0.119,0.2815,99.9475,99.945,99.935,99.9,0.04,0.19,0.2364,0.3895
2021-12-13,1788.3,1790.6,1792.8,22.328,22.359,22.392,1786.67,22.3348,1784.45,1787.8,22.22,,,15.97,20.31,1.415617347,-1.013403654,96.317,0.0575,0.0641,0.11615,0.2735,99.9475,99.945,99.935,99.905,0.15,0.185,0.2476,0.3826
2021-12-14,1772.3,1774.7,1776.8,21.924,21.953,21.984,1770.85,21.9464,1782.35,1776.9,22.17,,,16.41,21.89,1.44112587,-0.983696282,96.57101,0.05915,0.06745,0.1251,0.2908,99.945,99.935,99.925,99.895,0.15,0.2,0.25,0.4219
2021-12-15,1764.5,1766.9,1769.0,21.545,21.574,21.605,1776.92,22.0728,1769.4,1768.65,21.805,,,15.54,19.29,1.456477165,-1.023548484,96.511,0.05395,0.061,0.1359,0.31805,99.9475,99.94,99.93,99.885,0.19,0.19,0.2475,0.4162
2021-12-16,1798.2,1800.7,1802.9,22.485,22.515,22.547,1799.35,22.4915,1785.15,1795.7,22.175,,,15.22,20.57,1.410551548,-1.057439327,96.04201,0.0545,0.06255,0.142,0.312,99.9475,99.945,99.935,99.885,0.18,0.19,0.2605,0.425
2021-12-17,1804.9,1807.3,1809.4,22.533,22.563,22.594,1798.11,22.3695,1807.5,1807.7,22.645,,,15.07,21.57,1.402084947,-1.032886147,96.565,0.054,0.064,0.15,0.33155,99.9475,99.945,99.935,99.875,0.18,0.19,0.2599,0.4307
2021-12-20,1794.6,1796.9,1799.1,22.291,22.321,22.351,1790.93,22.271,1797.4,1796.3,22.295,,,15.77,22.87,1.422488689,-1.011984706,96.551,0.056,0.066,0.152,0.3303,99.95,99.945,99.935,99.875,0.225,0.2075,0.2706,0.4529
2021-12-21,1788.7,1791.1,1793.3,22.529,22.56,22.591,1789.27,22.5183,1795.85,1793.75,22.745,,,15.42,21.01,1.461723924,-1.035001159,96.491,0.05207,0.0665,0.15955,0.3457,99.95,99.945,99.935,99.87,0.225,0.21,0.2675,0.4275
2021-12-22,1802.2,1804.6,1806.8,22.819,22.85,22.881,1803.67,22.811,1789.9,1792.8,22.66,,,14.94,18.63,1.451495647,-1.063815594,96.076,0.0518,0.06895,0.166,0.35795,99.95,99.945,99.935,99.87,0.225,0.195,0.2673,0.4237
2021-12-23,1811.7,1814.0,1816.2,22.94,22.971,22.998,1808.81,22.8818,1805.55,1805.2,22.815,,,14.62,17.96,1.492678404,-1.023446679,96.019,0.052,0.077,0.179,0.376,99.9525,99.95,99.94,99.865,0.16,0.19,0.2484,0.4124
2021-12-24,1811.7,1814.0,1816.2,22.94,22.971,22.998,1810.26,23.0205,1786.05,1805.2,22.665,,,14.62,17.96,1.492678404,-1.023446679,96.019,0.0518,0.078,0.162,0.3729,99.9525,99.95,99.94,99.865,0.16,0.195,0.2484,0.4124
2021-12-27,1808.8,1811.1,1813.4,22.989,23.019,23.047,1812.13,23.0676,1786.05,1805.2,22.665,,,15.44,17.68,1.475555539,-1.076443076,96.093,0.05335,0.07865,0.18675,0.3888,99.9525,99.95,99.94,99.865,0.16,0.195,0.2529,0.4
2021-12-28,1810.9,1813.3,1815.5,23.121,23.151,23.18,1806.18,23.02,1786.05,1805.2,22.665,,,15.06,17.54,1.48072505,-1.068020463,96.202,0.05318,0.08245,0.19595,0.3989,99.95,99.945,99.935,99.855,0.16,0.195,0.2529,0.4
2021-12-29,1805.8,1808.2,1810.5,22.858,22.888,22.916,1804.71,22.8331,1796.35,1794.25,22.835,,,15.13,16.95,1.549613357,-1.054464579,95.929,0.05287,0.0845,0.193,0.39915,99.95,99.95,99.94,99.86,0.16,0.195,0.2508,0.425
2021-12-30,1814.1,1816.6,1818.9,23.06,23.091,23.124,1814.67,23.0426,1799.25,1805.85,22.765,,,14.77,17.33,1.508273244,-1.124086499,95.968,0.0535,0.08895,0.1915,0.3914,99.95,99.945,99.935,99.865,0.17,0.215,0.2415,0.4289
2021-12-31,1828.6,1831.0,1833.4,23.352,23.381,23.414,1829.2,23.3083,1820.1,1805.85,23.085,,,14.61,17.22,1.510097742,-1.103298545,95.67,0.05335,0.089,0.193,0.39855,99.945,99.935,99.865,99.79,0.17,0.2153,0.2587,0.3817
2022-01-03,1800.1,1802.4,1804.6,22.81,22.84,22.876,1801.45,22.8997,1820.1,1805.85,23.085,,,15.34,16.6,1.627984047,-1.036328435,96.21301,0.0535,0.09075,0.20005,0.40595,99.9475,99.935,99.86,99.78,0.0902,0.12,0.215,0.42
2022-01-04,1814.6,1817.0,1819.2,23.056,23.086,23.12,1814.6,23.053,1809.05,1811.4,22.89,,,15.33,16.91,1.647250772,-0.968121827,96.262,0.0527,0.0908,0.1974,0.3949,99.9475,99.94,99.865,99.785,0.0902,0.135,0.2265,0.4352
2022-01-05,1825.1,1827.5,1829.5,23.17,23.202,23.237,1810.44,22.8053,1818.5,1826.25,23.055,,,16.21,19.73,1.70516336,-0.856105924,96.17101,0.0531,0.0982,0.218,0.44,99.9475,99.94,99.855,99.76,0.07,0.13,0.2253,0.4433
2022-01-06,1789.2,1791.5,1793.4,22.19,22.221,22.258,1791.16,22.1987,1804.95,1789.35,22.245,,,15.87,19.61,1.72108674,-0.801607251,96.32001,0.0563,0.11175,0.239,0.463,99.9475,99.935,99.845,99.745,0.1,0.1459,0.2651,0.5003
2022-01-07,1797.4,1799.9,1801.9,22.409,22.443,22.481,1796.55,22.3682,1792.2,1792.6,22.24,,,15.04,18.76,1.761977673,-0.778267622,95.719,0.05875,0.1143,0.23725,0.4584,99.9475,99.935,99.845,99.75,0.1,0.145,0.26,0.485
2022-01-10,1798.8,1801.3,1803.3,22.462,22.497,22.538,1801.68,22.4686,1800.55,1794.2,22.455,,,15.56,19.4,1.760308385,-0.774747431,95.991,0.0608,0.121,0.2505,0.48135,99.945,99.93,99.84,99.74,0.1,0.145,0.2368,0.485
2022-01-11,1818.5,1821.0,1822.9,22.812,22.848,22.889,1821.6,22.7822,1805.2,1806.8,22.59,,,15.21,18.41,1.735654712,-0.860022724,95.62401,0.0563,0.1172,0.246,0.4711,99.9475,99.935,99.845,99.745,0.1,0.145,0.2421,0.485
2022-01-12,1827.3,1829.8,1831.9,23.207,23.243,23.285,1826.15,23.1443,1816.4,1821.4,22.745,,,15.32,17.62,1.742816806,-0.777525067,94.915,0.0551,0.1232,0.26405,0.50745,99.9475,99.94,99.84,99.735,0.1,0.145,0.2731,0.485
2022-01-13,1821.4,1823.9,1826.0,23.162,23.199,23.241,1822.54,23.089,1822.4,1820.35,23.245,,,15.17,20.31,1.704089403,-0.781559765,94.79,0.0555,0.13405,0.2712,0.5045,99.9475,99.94,99.84,99.73,0.1,0.145,0.2731,0.485
2022-01-14,1816.5,1819.0,1821.1,22.918,22.954,22.994,1817.94,22.963,1822.25,1822.95,23.1,,,14.73,19.19,1.784089923,-0.705907643,95.165,0.0576,0.14345,0.2935,0.543,99.9475,99.94,99.83,99.71,0.1,0.145,0.3669,0.485
2022-01-17,1816.5,1819.0,1821.1,22.918,22.954,22.994,1819.23,23.019,1820.05,1817.85,23.015,,,14.73,19.19,1.784089923,-0.705907643,95.258,0.06,0.1545,0.3131,0.543,99.9475,99.94,99.83,99.71,0.1,0.145,0.3729,0.485
2022-01-18,1812.4,1814.9,1817.2,23.492,23.528,23.569,1813.74,23.4707,1810.8,1817.25,22.915,,,15.09,22.79,1.873479247,-0.621919215,95.732,0.0585,0.1569,0.327,0.6105,99.9475,99.935,99.815,99.685,0.1,0.145,0.45,0.7475
2022-01-19,1843.2,1845.5,1847.8,24.231,24.267,24.31,1840.54,24.1385,1817.5,1826.95,23.775,,,15.64,23.85,1.864643216,-0.594406545,95.51,0.06,0.16445,0.33335,0.6125,99.9475,99.935,99.81,99.68,0.1,0.145,0.45,0.7475
2022-01-20,1842.6,1844.9,1847.3,24.716,24.752,24.795,1839.29,24.4707,1836.7,1845.35,24.225,,,15.09,25.59,1.803995132,-0.628504157,95.73501,0.06085,0.169,0.33445,0.603,99.9475,99.935,99.81,99.68,0.1,0.145,0.45,0.7475
2022-01-21,1831.8,1834.1,1836.5,24.32,24.357,24.4,1835.38,24.2975,1834.25,1837.6,24.32,,,15.2,28.85,1.758067846,-0.612055421,95.64201,0.05785,0.16375,0.32695,0.59125,99.95,99.94,99.825,99.7,0.1,0.145,0.45,0.7475
2022-01-24,1841.7,1844.2,1846.6,23.8,23.837,23.881,1843.06,23.9868,1838.25,1831.6,24.065,,,16.3,29.9,1.770606399,-0.650008142,95.91801,0.0575,0.16285,0.32215,0.5768,99.9475,99.94,99.83,99.71,0.1,0.145,0.45,0.7475
2022-01-25,1852.5,1855.0,1857.4,23.896,23.934,23.98,1848.02,23.8105,1835.65,1847.3,23.665,,,16.47,31.16,1.768931866,-0.645636678,95.94801,0.05835,0.17055,0.3408,0.6002,99.9475,99.94,99.82,99.69,0.1,0.145,0.45,0.7475
2022-01-26,1829.7,1832.0,1834.5,23.807,23.846,23.89,1819.59,23.5305,1845.2,1835.95,23.86,,,16.42,31.96,1.86374712,-0.541590273,96.478,0.0515,0.1855,0.384,0.69855,99.95,99.95,99.82,99.68,0.1,0.145,0.5318,0.7257
2022-01-27,1793.1,1795.0,1797.7,22.676,22.714,22.758,1797.43,22.768,1815.5,1806.75,23.17,,,17.15,30.49,1.799428463,-0.631050646,97.255,0.0495,0.1978,0.411,0.73775,99.95,99.95,99.805,99.655,0.1,0.145,0.5348,0.7257
2022-01-28,1784.9,1786.6,1789.3,22.301,22.34,22.383,1791.53,22.4727,1790.2,1788.15,22.5,,,17.12,27.66,1.769449711,-0.694338262,97.27,0.04925,0.19635,0.4127,0.731,99.95,99.95,99.81,99.66,0.1,0.145,0.5046,0.7257
2022-01-31,1795.0,1796.4,1799.2,22.393,22.432,22.479,1797.17,22.466,1790.6,1795.25,22.495,,,16.7,24.83,1.776679754,-0.71195364,96.54,0.0486,0.208,0.4385,0.7725,99.95,99.805,99.655,99.485,0.1,0.145,0.5208,0.7257
2022-02-01,1801.5,1804.3,1807.2,22.595,22.635,22.681,1801.19,22.645,1806.5,1799.85,22.88,,,16.5,21.96,1.787487149,-0.653349757,96.385,0.04995,0.19985,0.42,0.7415,99.9525,99.815,99.67,99.495,0.1,0.145,0.5222,0.7257
2022-02-02,1810.3,1813.2,1816.1,22.707,22.748,22.792,1806.8,22.6554,1802.0,1803.65,22.78,,,15.66,22.09,1.775108457,-0.654292881,95.936,0.04975,0.198,0.4152,0.73275,99.9525,99.82,99.68,99.505,0.1,0.145,0.5032,0.7257
2022-02-03,1804.1,1807.0,1810.1,22.375,22.417,22.464,1804.85,22.4241,1803.75,1792.7,22.36,,,16.01,24.35,1.83064878,-0.580600262,95.37901,0.0497,0.2325,0.456,0.77485,99.95,99.81,99.66,99.475,0.1,0.145,0.491,0.7257
2022-02-04,1807.8,1810.8,1814.0,22.475,22.517,22.564,1808.28,22.5172,1814.55,1804.7,22.505,,,15.53,23.22,1.908475041,-0.50515759,95.48501,0.05883,0.2685,0.5285,0.8747,99.94,99.775,99.605,99.38,0.1,0.145,0.4427,0.8605
2022-02-07,1821.8,1824.7,1827.9,23.076,23.119,23.165,1820.47,23.0125,1811.15,1813.55,22.86,,,16.15,22.86,1.915854454,-0.497174114,95.399,0.05745,0.251,0.509,0.8485,99.945,99.785,99.63,99.4,0.1,0.145,0.4612,0.8592
2022-02-08,1827.9,1831.0,1834.5,23.2,23.243,23.294,1825.92,23.1852,1821.0,1822.6,22.86,,,15.86,21.44,1.963187218,-0.469848722,95.64301,0.056,0.2684,0.534,0.8849,99.945,99.785,99.625,99.385,0.1,0.145,0.4707,0.8813
2022-02-09,1836.6,1839.7,1843.3,23.341,23.386,23.441,1833.36,23.3135,1828.1,1827.8,23.25,,,15.63,19.96,1.941529512,-0.507904232,95.494,0.05745,0.27105,0.544,0.9059,99.9475,99.785,99.63,99.385,0.1,0.145,0.4802,0.8895
2022-02-10,1837.4,1840.7,1844.8,23.522,23.569,23.631,1826.85,23.2001,1832.3,1835.35,23.355,,,15.92,23.91,2.029351711,-0.424646169,95.553,0.1235,0.4045,0.708,1.128,99.9075,99.67,99.515,99.245,0.1,0.145,0.4873,1.065
2022-02-11,1842.1,1845.5,1849.9,23.369,23.42,23.48,1858.76,23.5852,1826.25,1831.15,22.895,,,17.81,27.36,1.937145114,-0.541210473,96.08201,0.0885,0.346,0.66375,1.074,99.93,99.735,99.585,99.285,0.1,0.145,0.5102,1.0365
2022-02-14,1869.4,1872.8,1877.1,23.848,23.897,23.957,1871.18,23.842,1855.8,1866.15,23.69,,,18.95,28.33,1.987491488,-0.524359465,96.37401,0.07147,0.36127,0.67103,1.09835,99.945,99.745,99.55,99.255,0.1,0.145,0.5076,1.0552
2022-02-15,1856.2,1859.6,1863.7,23.342,23.39,23.441,1853.61,23.3645,1855.1,1848.55,23.285,,,17.7,25.7,2.043383837,-0.44262293,95.98901,0.069,0.3657,0.6677,1.0881,99.9475,99.745,99.56,99.295,0.1,0.145,0.5127,1.0362
2022-02-16,1871.5,1874.9,1878.9,23.605,23.654,23.713,1869.8,23.5975,1854.4,1862.6,23.5,,,18.07,24.29,2.038171053,-0.432301074,95.701,0.0734,0.34645,0.6322,1.0428,99.95,99.76,99.59,99.325,0.1,0.145,0.4913,0.9852
2022-02-17,1902.0,1905.3,1909.3,23.875,23.922,23.983,1898.43,23.8348,1886.55,1893.45,23.585,,,19.79,28.11,1.961475253,-0.4944309,95.8,0.1205,0.3653,0.638,1.0173,99.95,99.78,99.61,99.355,0.1,0.145,0.4791,0.9424
2022-02-18,1899.8,1903.1,1907.1,23.992,24.038,24.101,1898.43,23.922,1886.95,1893.6,23.77,,,18.54,27.75,1.928566337,-0.513727069,96.04301,0.122,0.34425,0.615,0.994,99.9475,99.79,99.635,99.375,0.1,0.145,0.469,0.938
2022-02-21,1899.8,1903.1,1907.1,23.992,24.038,24.101,1906.29,23.8993,1895.45,1894.45,23.735,,,18.54,27.75,1.928566217,-0.513727069,96.078,0.122,0.34425,0.615,0.9942,99.9475,99.79,99.635,99.375,0.1,0.145,0.4983,0.931
2022-02-22,1907.4,1910.7,1914.7,24.311,24.356,24.416,1898.64,24.1139,1895.0,1900.1,24.01,,,17.93,28.81,1.938984513,-0.537678778,96.025,0.1436,0.387,0.6785,1.0794,99.9475,99.77,99.6,99.305,0.1,0.145,0.484,0.9285
2022-02-23,1910.4,1913.7,1917.7,24.553,24.598,24.657,1909.01,24.552,1895.7,1904.7,24.105,,,17.69,31.02,1.991211534,-0.580077708,96.19,0.153,0.38815,0.68515,1.101,99.9475,99.775,99.605,99.31,0.1,0.145,0.4662,0.9115
2022-02-24,1926.3,1929.4,1933.0,24.687,24.71,24.763,1903.89,24.2175,1968.35,1936.3,25.315,,,18.12,30.32,1.963349938,-0.621579528,97.137,0.18405,0.372,0.6455,1.053,99.95,99.805,99.66,99.395,0.1,0.145,0.4314,0.8525
2022-02-25,1887.6,1890.8,1894.2,23.997,24.017,24.073,1889.34,24.2739,1912.15,1884.8,24.21,,,18.4,27.59,1.961667657,-0.599337757,96.61501,0.2066,0.404,0.65995,1.0483,99.95,99.795,99.635,99.37,0.1,0.145,0.6983,1.0951
2022-02-28,1900.7,1904.0,1907.4,24.361,24.366,24.418,1908.99,24.45,1903.3,1909.85,24.35,,,20.97,30.15,1.825011492,-0.799093366,96.70701,0.21305,0.365,0.597,0.922,99.8,99.675,99.425,99.285,0.1,0.145,0.6854,1.0491
2022-03-01,1943.8,1947.1,1950.4,25.541,25.59,25.642,1945.28,25.3769,1920.45,1922.0,24.64,,,22.7,33.32,1.727512479,-0.972184658,97.409,0.2155,0.3615,0.5725,0.857,99.8125,99.7,99.49,99.38,0.1,0.145,0.6728,0.9835
2022-03-02,1922.3,1925.6,1929.0,25.19,25.243,25.3,1928.72,25.2965,1926.0,1928.5,25.075,,,21.85,30.74,1.876688957,-0.855900824,97.385,0.2151,0.3903,0.65105,1.0123,99.8125,99.69,99.41,99.245,0.1,0.145,0.6847,1.0842
2022-03-03,1935.9,1939.3,1942.9,25.212,25.266,25.322,1935.95,25.1748,1935.4,1929.6,25.31,,,22.94,30.48,1.840455055,-0.853293419,97.785,0.2435,0.4105,0.67545,1.03695,99.8125,99.685,99.4,99.235,0.1,0.145,0.7168,1.1164
2022-03-04,1966.6,1969.9,1973.6,25.789,25.831,25.885,1970.7,25.7005,1943.8,1945.3,25.15,,,26.29,31.98,1.730724931,-0.971572816,98.648,0.241,0.4015,0.6555,1.003,99.8125,99.695,99.41,99.25,0.1,0.145,0.7044,1.0768
2022-03-07,1995.9,1999.2,2002.6,25.72,25.75,25.807,1998.11,25.662,1999.25,1980.95,25.74,,,29.67,36.45,1.773404121,-1.075989485,99.29301,0.2494,0.414,0.6835,1.0415,99.815,99.695,99.4,99.23,0.1,0.145,0.665,1.0275
2022-03-08,2043.3,2046.7,2049.9,26.895,26.879,26.918,2050.76,26.4059,2007.0,2039.05,26.12,,,31.7,35.13,1.845575452,-1.081958532,99.062,0.25635,0.41685,0.68835,1.06545,99.82,99.69,99.4,99.225,0.1,0.145,0.636,0.988
2022-03-09,1988.2,1991.7,1994.9,25.816,25.791,25.811,1991.83,25.775,2017.15,1988.9,26.175,,,28.01,32.45,1.953138351,-0.926064074,97.968,0.27115,0.44925,0.72895,1.13385,99.8125,99.68,99.38,99.2,0.1,0.145,0.6653,1.0629
2022-03-10,2000.4,2004.5,2008.2,26.256,26.232,26.26,1996.98,25.9125,1997.65,1996.6,25.945,,,26.08,30.23,1.986363769,-0.899105132,98.507,0.2883,0.461,0.7435,1.14985,99.8225,99.69,99.375,99.185,0.1,0.145,0.7647,1.1596
2022-03-11,1985.0,1989.4,1993.1,26.16,26.154,26.19,1988.46,25.8708,1991.45,1978.7,25.655,,,24.73,30.75,1.991699696,-0.982977033,99.12401,0.2993,0.475,0.776,1.1962,99.8225,99.69,99.365,99.175,0.1,0.145,0.8846,1.2088
2022-03-14,1960.8,1965.5,1969.3,25.298,25.305,25.34,1950.88,25.0462,1961.6,1954.05,25.375,,,24.08,31.77,2.132992029,-0.81938535,98.99901,0.3226,0.51295,0.82685,1.2712,99.8125,99.665,99.315,99.115,0.1,0.145,0.8694,1.2274
2022-03-15,1929.7,1934.7,1938.5,25.158,25.167,25.191,1917.94,24.8932,1928.75,1913.65,24.635,,,23.8,29.83,2.143733978,-0.717582703,99.09701,0.3346,0.5189,0.834,1.2698,99.8125,99.665,99.325,99.125,0.1,0.145,0.9231,1.223
2022-03-16,1909.2,1914.3,1918.3,24.71,24.736,24.761,1927.29,25.0898,1918.75,1913.2,24.945,,,22.51,26.67,2.184850454,-0.620559156,98.618,0.3143,0.5007,0.814,1.3075,99.825,99.68,99.335,99.11,0.1,0.145,0.919,1.2331
2022-03-17,1943.2,1948.2,1952.1,25.616,25.643,25.681,1942.89,25.379,1941.4,1949.65,25.34,,,22.23,25.67,2.170625687,-0.769978046,97.97401,0.305,0.4975,0.81905,1.3196,99.83,99.695,99.395,99.175,0.1,0.145,0.9031,1.2204
2022-03-18,1929.3,1933.9,1937.9,25.087,25.127,25.165,1921.62,24.9642,1932.9,1935.8,25.235,,,22.0,23.87,2.149415016,-0.755384982,98.233,0.3042,0.5202,0.85625,1.3695,99.83,99.695,99.37,99.145,0.1,0.145,0.8962,1.2558
2022-03-21,1929.5,1934.8,1939.0,25.313,25.358,25.403,1935.91,25.2072,1925.05,1935.05,25.035,,,21.89,23.53,2.289638519,-0.63419807,98.498,0.31,0.561,0.94125,1.504,99.83,99.685,99.315,99.07,0.1,0.145,0.9975,1.3825
2022-03-22,1921.5,1926.7,1931.2,24.904,24.956,25.014,1921.69,24.7795,1929.35,1915.25,25.085,,,20.58,22.94,2.382477045,-0.550335884,98.493,0.31075,0.5799,0.9763,1.5461,99.83,99.685,99.315,99.07,0.1,0.145,0.9893,1.4006
2022-03-23,1937.3,1942.6,1947.1,25.189,25.242,25.304,1943.86,25.111,1932.15,1931.75,25.015,,,23.41,23.57,2.291655779,-0.683405399,98.622,0.30495,0.59165,0.9625,1.5244,99.8325,99.69,99.315,99.07,0.1,0.145,0.9866,1.4413
2022-03-24,1962.2,1967.7,1972.6,25.92,25.954,26.007,1957.69,25.5336,1945.9,1965.2,25.315,,,24.07,21.67,2.37177062,-0.575355232,98.789,0.30025,0.61575,1.0132,1.6005,99.8325,99.695,99.315,99.06,0.1,0.145,1.0656,1.5627
2022-03-25,1954.2,1959.8,1964.9,25.615,25.667,25.729,1958.29,25.5262,1956.65,1953.8,25.62,,,24.68,20.81,2.473139524,-0.509284556,98.789,0.30435,0.6335,1.048,1.676,99.835,99.695,99.305,99.04,0.1,0.145,1.0849,1.6043
2022-03-28,1939.8,1944.7,1949.9,25.196,25.251,25.318,1922.8,24.877,1927.0,1937.05,24.905,,,23.2,19.63,2.458532333,-0.49742645,99.091,0.3085,0.644,1.065,1.713,99.835,99.69,99.295,99.03,0.1,0.145,1.0476,1.6236
2022-03-29,1912.2,1918.0,1923.0,24.736,24.797,24.865,1919.43,24.7718,1911.05,1910.0,24.64,,,21.28,18.9,2.394352913,-0.471968204,98.40401,0.304,0.6391,1.0545,1.704,99.835,99.695,99.315,99.05,0.1,0.145,1.1157,1.6058
2022-03-30,1933.5,1939.0,1944.1,25.113,25.179,25.248,1932.87,24.873,1917.8,1933.85,24.755,,,21.08,19.33,2.348775387,-0.541357458,97.79201,0.2975,0.63835,1.0475,1.6655,99.835,99.7,99.325,99.065,0.1,0.145,1.0345,1.5543
2022-03-31,1949.2,1954.0,1959.5,25.133,25.202,25.285,1937.44,24.793,1924.1,1942.15,24.815,,,20.25,20.56,2.337952375,-0.493428349,98.312,0.288,0.667,1.068,1.69222,99.71,99.325,99.065,98.82,0.1,0.145,1.0944,1.608
2022-04-01,1923.7,1929.2,1935.2,24.654,24.722,24.801,1925.68,24.63,1933.35,1929.4,24.69,,,19.08,19.63,2.382173538,-0.441003025,98.632,0.2968,0.6877,1.11,1.7715,99.705,99.32,99.045,98.785,0.1,0.145,1.0506,1.641
2022-04-04,1934.0,1939.7,1945.8,24.59,24.664,24.743,1932.73,24.538,1927.1,1930.3,24.665,,,19.22,18.57,2.395136595,-0.413051546,99.00001,0.319,0.7065,1.12,1.759,99.695,99.305,99.025,98.765,0.1,0.145,1.082,1.6619
2022-04-05,1927.5,1933.5,1939.7,24.534,24.613,24.693,1923.6,24.3218,1929.45,1944.05,24.675,,,18.47,21.03,2.546895742,-0.314528883,99.47201,0.361,0.724,1.1505,1.8194,99.6975,99.295,99.015,98.755,0.1,0.145,1.1101,1.7043
2022-04-06,1923.1,1929.3,1935.7,24.458,24.538,24.62,1925.35,24.46,1929.0,1930.15,24.265,,,18.88,22.1,2.597508192,-0.24286969,99.59901,0.366,0.7418,1.1838,1.8207,99.6925,99.29,99.005,98.73,0.1,1.0103,1.1016,1.7304
2022-04-07,1937.8,1944.2,1950.6,24.735,24.819,24.904,1931.86,24.5993,1926.4,1932.4,24.38,,,18.43,21.55,2.657818794,-0.190135121,99.75101,0.3986,0.774,1.196,1.8289,99.695,99.29,99.0,98.725,0.1,1.0103,1.1032,1.7221
2022-04-08,1945.6,1952.2,1958.6,24.823,24.908,24.996,1947.54,24.7735,1931.2,1941.4,24.625,,,18.37,21.16,2.699991703,-0.188841105,99.79601,0.4175,0.786,1.218,1.8629,99.6925,99.29,99.0,98.72,0.1,1.0103,1.0904,1.6845
2022-04-11,1948.2,1955.0,1961.7,24.987,25.062,25.149,1953.52,25.098,1956.85,1951.55,25.05,,,19.25,24.37,2.780076981,-0.154542744,99.93201,0.43715,0.807,1.2315,1.868,99.6925,99.28,98.99,98.71,0.1,1.0103,1.0851,1.7275
2022-04-12,1976.1,1983.0,1989.6,25.735,25.812,25.899,1966.76,25.372,1951.4,1960.85,25.005,,,19.37,24.26,2.721274614,-0.155404434,100.292,0.463,0.801,1.204,1.80925,99.7025,99.29,99.005,98.745,0.1,1.0103,1.1131,1.7103
2022-04-13,1984.7,1991.5,1998.1,26.03,26.113,26.197,1977.8,25.7325,1975.25,1976.75,25.64,,,18.7,21.82,2.698724508,-0.132742047,99.87501,0.50425,0.8465,1.2423,1.81345,99.7025,99.285,99.005,98.745,0.1,1.0103,1.0418,1.6714
2022-04-14,1974.9,1981.6,1988.3,25.7,25.785,25.868,1973.71,25.67,1970.6,1963.25,25.655,,,17.71,22.7,2.827455997,-0.08654926,100.321,0.51935,0.8569,1.2667,1.8714,99.705,99.28,98.99,98.72,0.1,1.0103,1.0907,1.7248
2022-04-15,1974.9,1981.6,1988.3,25.7,25.785,25.868,1978.24,25.5475,1970.6,1963.25,25.655,,,17.71,22.7,2.827455997,-0.08654926,100.5,0.524,0.8579,1.2714,1.87,99.705,99.28,98.99,98.72,0.1,1.0103,0.9265,1.167
2022-04-18,1986.4,1993.3,2000.2,26.15,26.236,26.316,1978.91,25.865,1970.6,1963.25,25.655,,,19.07,22.17,2.85270834,-0.096872799,100.781,0.5377,0.87465,1.2795,1.8745,99.7025,99.28,98.985,98.715,0.1,1.0103,1.0367,1.7193
2022-04-19,1959.0,1965.8,1972.8,25.391,25.478,25.556,1950.09,25.181,1975.95,1964.0,25.915,,,18.19,21.37,2.936146021,-0.008923694,100.961,0.5714,0.8995,1.3335,1.9695,99.705,99.28,98.97,98.69,0.1,1.0103,1.032,1.7483
2022-04-20,1955.6,1962.3,1969.5,25.271,25.355,25.433,1957.77,25.2045,1947.55,1949.55,25.2,,,18.15,20.32,2.832029343,-0.119080752,100.39,0.5744,0.9148,1.3594,1.98175,99.7075,99.28,98.965,98.67,0.1,1.0103,1.0437,1.7497
2022-04-21,1948.2,1955.0,1962.5,24.621,24.702,24.783,1951.62,24.6615,1945.95,1943.7,24.645,,,18.22,22.68,2.909513474,-0.129388303,100.578,0.626,0.965,1.426,2.09178,99.71,99.265,98.93,98.615,0.1,1.0103,1.0206,1.854
2022-04-22,1934.3,1941.4,1949.0,24.259,24.318,24.397,1931.6,24.1425,1942.0,1941.55,24.345,,,18.97,28.21,2.898673296,-0.089340769,101.22,0.63935,0.985,1.48,2.1365,99.71,99.265,98.905,98.565,0.1,1.0103,1.0146,1.8636
2022-04-25,1896.0,1903.0,1910.4,23.67,23.73,23.798,1897.83,23.6215,1918.7,1895.0,23.515,,,19.47,27.02,2.819780588,-0.085443892,101.752,0.6575,1.0043,1.4981,2.1225,99.71,99.27,98.92,98.585,0.1,1.0103,1.0436,1.8
2022-04-26,1904.1,1911.1,1918.5,23.544,23.59,23.656,1905.51,23.483,1903.4,1904.6,23.77,,,19.23,33.52,2.720486164,-0.158870965,102.303,0.6774,0.99465,1.459,2.04925,99.7125,99.27,98.93,98.6,0.1,1.0103,1.02,1.785
2022-04-27,1888.7,1895.6,1903.0,23.46,23.505,23.57,1886.1,23.3025,1896.15,1885.8,23.635,,,19.16,31.6,2.831814766,-0.073674329,102.954,0.6943,1.02295,1.5045,2.10905,99.7125,99.275,98.935,98.61,0.1,1.0103,1.0186,1.7878
2022-04-28,1891.3,1898.3,1905.6,23.129,23.181,23.252,1894.45,23.1545,1890.0,1888.5,23.16,,,19.0,29.99,2.822430372,-0.155885264,103.623,0.747,1.091,1.544,2.153,99.7125,99.27,98.915,98.575,0.1,1.0103,1.5078,2.122
2022-04-29,1911.7,1918.6,1926.1,23.04,23.085,23.156,1896.93,22.7768,1915.45,1911.3,23.445,,,19.83,33.4,2.933560848,-0.00777976,102.959,0.773,1.1419,1.621,2.263,99.26,98.9,98.545,98.125,0.1,1.0103,1.5175,2.1472
2022-05-02,1863.6,1870.6,1878.1,22.584,22.657,22.798,1863.02,22.6405,1915.45,1911.3,23.445,,,20.06,32.34,2.980690479,0.148529723,103.744,0.78695,1.134,1.5975,2.2445,99.265,98.92,98.58,98.155,0.1,1.0103,1.5521,2.2422
2022-05-03,1870.6,1877.8,1885.6,22.665,22.747,22.892,1868.12,22.5715,1857.9,1869.7,22.63,,,19.71,29.25,2.971191645,0.140413851,103.465,0.8065,1.1635,1.646,2.2945,99.2625,98.91,98.565,98.125,0.1,1.0103,1.6071,2.2579
2022-05-04,1868.8,1876.2,1884.1,22.402,22.496,22.655,1881.22,22.9803,1868.7,1863.65,22.595,,,18.81,25.42,2.934375763,0.053900238,102.587,0.7906,1.15555,1.587,2.214,99.275,98.94,98.61,98.185,0.1,1.0103,1.5876,2.2566
2022-05-05,1875.7,1883.0,1890.7,22.443,22.54,22.711,1877.18,22.51,1895.2,1892.3,22.915,,,19.36,31.2,3.036526442,0.175416991,103.752,0.78912,1.1814,1.6225,2.2595,99.275,98.935,98.6,98.175,0.1,1.0103,1.5868,2.2497
2022-05-06,1882.8,1890.2,1897.7,22.367,22.462,22.635,1883.81,22.3596,1884.3,1882.35,22.485,,,18.71,30.19,3.126485348,0.261511236,103.66,0.78692,1.1874,1.622,2.272,99.2775,98.935,98.605,98.2,0.1,1.0103,1.568,2.2696
2022-05-09,1858.6,1865.9,1873.1,21.82,21.918,22.089,1854.17,21.798,1865.4,1860.9,21.865,,,20.49,34.75,3.033780098,0.287107259,103.651,0.78422,1.18,1.599,2.1623,99.2775,98.94,98.62,98.225,0.1,1.0103,1.5543,2.2397
2022-05-10,1841.0,1848.4,1855.5,21.424,21.518,21.687,1838.27,21.2645,1862.25,1857.35,21.865,,,20.02,32.99,2.99081254,0.334332824,103.92,0.7795,1.199,1.63035,2.1977,99.2825,98.945,98.62,98.21,0.1,1.0103,1.5512,2.237
2022-05-11,1853.7,1861.0,1868.4,21.575,21.673,21.859,1852.4,21.5727,1851.75,1851.95,21.785,,,20.26,32.56,2.92067647,0.186942756,103.846,0.779,1.222,1.648,2.2365,99.285,98.945,98.615,98.185,0.1,1.0103,1.5656,2.2728
2022-05-12,1824.6,1831.6,1839.3,20.773,20.866,21.055,1821.82,20.6791,1850.75,1837.05,20.985,,,21.51,31.77,2.847888947,0.224653035,104.851,0.7775,1.24,1.6575,2.208,99.285,98.955,98.63,98.225,0.1,1.0103,1.5809,2.3165
2022-05-13,1808.2,1814.8,1822.3,21.001,21.09,21.275,1811.79,21.1144,1824.2,1811.55,20.84,,,21.2,28.87,2.918512583,0.182103157,104.563,0.7975,1.254,1.6683,2.227,99.2825,98.95,98.62,98.2,0.1,1.0103,1.5467,2.3145
2022-05-16,1814.0,1820.4,1827.9,21.551,21.64,21.825,1824.14,21.6205,1805.8,1809.5,21.17,,,21.16,27.47,2.88222909,0.16413179,104.187,0.8607,1.265,1.681,2.238,99.2825,98.95,98.62,98.2,0.1,1.0103,1.5231,2.2819
2022-05-17,1818.9,1825.4,1832.9,21.75,21.839,22.029,1815.16,21.6343,1828.05,1825.0,21.78,,,20.05,26.1,2.98601222,0.242898449,103.36,0.86555,1.285,1.7283,2.3201,99.2775,98.94,98.61,98.165,0.1,1.0103,1.5437,2.3569
2022-05-18,1815.9,1822.4,1830.0,21.544,21.637,21.834,1816.6,21.423,1818.5,1810.65,21.665,,,19.69,30.96,2.884032249,0.147004843,103.81,0.867,1.302,1.725,2.313,99.28,98.945,98.615,98.165,0.1,1.0103,1.5485,2.3503
2022-05-19,1841.2,1847.8,1855.3,21.908,22.002,22.198,1841.85,21.9275,1825.55,1844.0,21.56,,,20.25,29.35,2.837007046,0.183806419,102.724,0.903,1.32005,1.734,2.3016,99.2775,98.945,98.62,98.185,0.1,1.0103,1.5266,2.2845
2022-05-20,1842.1,1848.4,1856.0,21.674,21.768,21.959,1846.5,21.775,1846.3,1834.2,22.03,,,19.31,29.43,2.781143904,0.19205904,103.15,0.9213,1.32465,1.7295,2.288,99.2775,98.95,98.63,98.21,0.1,1.0103,1.4916,2.2293
2022-05-23,1847.8,1853.9,1861.4,21.723,21.816,22.001,1853.59,21.7945,1864.3,1856.2,22.085,,,19.63,28.48,2.851406097,0.244750217,102.076,0.9663,1.3499,1.7578,2.323,99.2775,98.945,98.615,98.185,0.1,1.3574,1.458,2.2112
2022-05-24,1865.4,1871.4,1878.9,22.063,22.156,22.342,1866.45,22.1167,1858.6,1867.1,21.925,,,19.13,29.45,2.750594139,0.180609286,101.857,0.968,1.34715,1.7335,2.2446,99.2775,98.945,98.625,98.205,0.1,1.3574,1.4527,2.1897
2022-05-25,1846.3,1852.5,1860.0,21.87,21.963,22.148,1853.46,21.989,1859.05,1847.2,21.83,,,18.27,28.37,2.745186329,0.184727624,102.056,0.97225,1.3638,1.73,2.2389,99.28,98.95,98.63,98.22,0.1,1.3574,1.4679,2.2153
2022-05-26,1847.6,1853.9,1861.3,21.965,22.059,22.24,1850.63,22.0142,1845.15,1848.25,21.885,,,17.81,27.5,2.746941566,0.117658697,101.829,1.028,1.391,1.753,2.254,99.2775,98.95,98.635,98.225,0.1,1.3574,1.4433,2.1461
2022-05-27,1851.3,1857.3,1865.0,22.096,22.191,22.367,1853.72,22.1133,1858.95,1851.8,22.275,,,17.5,25.72,2.737838984,0.080172285,101.668,1.0404,1.3928,1.755,2.26085,99.2775,98.955,98.64,98.235,0.1,1.3574,1.5128,2.2503
2022-05-30,1851.3,1857.3,1865.0,22.096,22.191,22.367,1855.23,21.974,1857.25,1854.95,22.035,,,17.5,26.54,2.737838984,0.080172285,101.668,1.0404,1.3928,1.7856,2.261,99.2775,98.955,98.64,98.235,0.1,1.3574,1.1288,2.2585
2022-05-31,1842.7,1848.4,1856.3,21.688,21.781,21.949,1837.35,21.55,1854.4,1838.7,21.77,,,17.19,26.19,2.844072342,0.191408724,101.752,1.07945,1.413,1.8,2.3326,98.96,98.64,98.22,98.105,0.1,1.3574,1.5337,2.2759
2022-06-01,1848.7,1856.7,1865.6,21.915,22.007,22.173,1846.6,21.8323,1829.7,1844.9,21.61,,,16.94,25.69,2.905823946,0.252506733,102.498,1.0878,1.44,1.8368,2.39845,98.96,98.64,98.205,98.075,0.1,1.3574,1.4415,2.2625
2022-06-02,1871.4,1879.4,1888.5,22.275,22.366,22.525,1868.58,22.3068,1829.7,1844.9,21.61,,,17.13,24.72,2.907648563,0.226902843,101.824,1.1252,1.461,1.856,2.4129,98.9575,98.64,98.205,98.075,0.1,1.3574,1.3754,2.2236
2022-06-03,1850.2,1858.3,1867.4,21.908,21.999,22.156,1851.19,21.9255,1829.7,1844.9,21.61,,,16.51,24.79,2.933226585,0.170930147,102.14,1.14345,1.4723,1.871,2.438,98.96,98.64,98.205,98.075,0.1,1.3574,1.3957,2.2559
2022-06-06,1843.7,1851.9,1861.2,22.092,22.187,22.35,1841.43,22.0725,1851.5,1847.2,22.255,,,16.81,25.07,3.039883852,0.256006151,102.437,1.1603,1.4899,1.892,2.47315,98.96,98.635,98.19,98.065,0.1,1.3574,1.3804,2.3069
2022-06-07,1852.1,1860.5,1870.0,22.178,22.275,22.449,1852.37,22.235,1846.8,1849.6,22.09,,,16.64,24.02,2.973575115,0.217126966,102.318,1.1855,1.4972,1.8933,2.467,98.96,98.635,98.195,98.075,0.1,1.3574,1.3999,2.316
2022-06-08,1856.5,1865.0,1874.5,22.094,22.19,22.364,1853.36,22.0521,1848.35,1852.95,21.92,,,16.04,23.96,3.021475315,0.254421532,102.542,1.1949,1.5163,1.9195,2.504,98.9625,98.635,98.19,98.07,0.1,1.3574,1.4126,2.3192
2022-06-09,1852.8,1861.2,1870.9,21.817,21.91,22.088,1847.95,21.6917,1849.25,1844.85,21.93,,,16.29,26.09,3.041835546,0.266085058,103.223,1.2376,1.5434,1.95,2.553,98.9675,98.64,98.19,98.06,0.1,1.3574,1.3431,2.3287
2022-06-10,1875.5,1883.9,1893.9,21.931,22.024,22.207,1871.6,21.8895,1843.35,1830.0,21.59,,,17.58,27.75,3.155502081,0.372392207,104.148,1.2687,1.6093,2.099,2.8045,98.965,98.61,98.1,97.94,0.1,1.3574,1.3311,2.4564
2022-06-13,1831.8,1840.2,1850.8,21.255,21.348,21.534,1819.26,21.0782,1855.95,1830.85,21.56,,,20.84,34.02,3.359823704,0.68072474,105.078,1.43695,1.8267,2.379,3.1615,98.96,98.585,98.04,97.865,0.1,1.3574,1.3407,2.6346
2022-06-14,1813.5,1822.4,1833.3,20.954,21.042,21.227,1808.49,21.0485,1823.65,1818.3,21.235,,,21.99,32.69,3.473293781,0.818021357,105.518,1.479,1.8935,2.4806,3.22715,98.885,98.415,97.765,97.585,0.1,1.3574,1.4294,2.6843
2022-06-15,1819.6,1828.6,1839.4,21.42,21.502,21.682,1833.82,21.688,1823.15,1823.75,21.46,,,19.4,29.62,3.283878565,0.605833292,105.158,1.49935,1.8995,2.4535,3.0983,98.88,98.39,97.79,97.615,0.1,1.3574,1.4472,2.6296
2022-06-16,1849.9,1858.9,1869.9,21.885,21.975,22.15,1857.33,21.9558,1831.55,1826.5,21.435,,,20.65,32.95,3.195175171,0.61717695,103.631,1.49935,1.929,2.5005,3.1035,98.8825,98.4,97.795,97.61,0.1,1.3574,1.4535,2.6369
2022-06-17,1840.6,1849.6,1860.6,21.587,21.681,21.859,1839.39,21.6735,1849.85,1841.55,21.845,,,20.28,31.13,3.22563076,0.632432222,104.7,1.497,1.9393,2.519,3.125,98.8875,98.405,97.785,97.6,0.1,1.3574,1.4987,2.6922
2022-06-20,1840.6,1849.6,1860.6,21.587,21.681,21.859,1838.74,21.7475,1841.2,1836.5,21.655,,,20.28,31.03,3.22563076,0.632432222,104.7,1.4943,1.951,2.538,3.186,98.8875,98.405,97.785,97.6,0.1,1.3574,1.5223,2.7281
2022-06-21,1838.8,1847.8,1859.0,21.768,21.851,22.018,1832.98,21.687,1836.5,1840.25,21.67,,,18.24,30.19,3.274937868,0.665500998,104.435,1.503,1.971,2.5671,3.165,98.89,98.395,97.765,97.575,0.1,1.3574,1.4273,2.6933
2022-06-22,1838.4,1847.4,1858.5,21.421,21.497,21.664,1837.72,21.4187,1827.3,1841.85,21.42,,,18.29,28.95,3.156121969,0.611980557,104.197,1.4841,1.9815,2.552,3.0641,98.895,98.42,97.795,97.615,0.1,1.3574,1.4162,2.6145
2022-06-23,1829.8,1838.6,1849.7,21.042,21.091,21.247,1822.77,20.954,1831.4,1841.9,21.185,,,18.65,29.05,3.086972713,0.56387192,104.431,1.486,2.00575,2.5485,3.025,98.8925,98.415,97.79,97.61,0.1,1.3574,1.4093,2.5965
2022-06-24,1830.3,1839.3,1850.3,21.125,21.159,21.311,1826.88,21.1645,1826.5,1825.45,20.86,,,17.92,27.23,3.130111217,0.555652201,104.185,1.49855,2.0075,2.529,3.01065,98.895,98.415,97.805,97.63,0.1,1.3574,1.371,2.5555
2022-06-27,1824.8,1833.9,1845.1,21.168,21.187,21.355,1822.85,21.161,1838.05,1826.3,21.46,,,17.88,26.95,3.199737549,0.651667655,103.939,1.5264,2.0425,2.5697,3.06025,98.89,98.405,97.785,97.61,0.1,1.3574,1.4288,2.657
2022-06-28,1821.2,1830.3,1841.5,20.806,20.872,21.044,1820.01,20.84,1827.0,1819.05,21.235,,,17.95,28.36,3.17154336,0.694456339,104.506,1.528,2.048,2.5763,3.072,98.885,98.4025,97.79,97.62,0.1,1.3574,1.3848,2.6734
2022-06-29,1817.5,1826.5,1837.8,20.668,20.738,20.901,1817.73,20.744,1811.85,1817.75,20.975,,,18.08,28.16,3.089119673,0.693748295,105.106,1.58835,2.06835,2.5845,3.0669,98.885,98.41,97.795,97.625,0.1,1.3574,2.225,3.1095
2022-06-30,1807.3,1816.3,1827.5,20.282,20.352,20.507,1807.27,20.279,1813.6,1817.0,20.415,,,19.61,28.71,3.012875795,0.662554145,104.685,1.676,2.09875,2.5865,3.0145,98.415,97.815,97.65,97.255,0.1,1.3574,2.2293,3.0508
2022-07-01,1801.5,1810.4,1821.4,19.667,19.824,19.994,1811.43,19.8765,1795.65,1797.45,19.725,,,20.17,26.7,2.880253315,0.517095804,105.138,1.7297,2.113,2.585,2.947,98.415,97.81,97.645,97.25,0.1,1.3574,2.1962,2.9706
2022-07-04,1801.5,1810.4,1821.4,19.667,19.824,19.994,1808.15,19.9861,1807.05,1808.4,19.855,,,20.17,27.53,2.880253077,0.517095804,105.138,1.74,2.1397,2.693,3.004,98.415,97.81,97.645,97.25,0.1,1.3574,2.1788,2.5549
2022-07-05,1763.9,1772.8,1783.4,19.121,19.275,19.434,1764.76,19.2145,1804.4,1772.0,19.84,,,21.33,27.54,2.805406332,0.50434202,106.535,1.738,2.126,2.5845,2.927,98.4075,97.805,97.65,97.275,0.1,1.3574,2.2017,2.9827
2022-07-06,1736.5,1745.1,1755.5,19.159,19.308,19.457,1738.86,19.208,1766.65,1754.3,19.22,,,21.91,26.73,2.928008795,0.630434453,107.096,1.771,2.2019,2.658,3.0295,98.395,97.78,97.62,97.235,0.1,1.3574,2.1801,2.994
2022-07-07,1739.7,1748.3,1758.7,19.188,19.352,19.52,1740.16,19.22,1743.45,1747.95,19.425,,,20.5,26.08,2.994531631,0.642748117,107.13,1.842,2.2201,2.6771,3.05685,98.39,97.76,97.6,97.215,0.1,1.3574,2.1909,3.039
2022-07-08,1742.3,1750.9,1761.6,19.236,19.405,19.584,1742.48,19.315,1737.05,1738.2,19.2,,,19.41,24.64,3.080290794,0.69993335,107.007,1.88545,2.2685,2.751,3.16,98.38,97.735,97.565,97.155,0.1,1.3574,2.2124,3.1318
2022-07-11,1731.7,1740.3,1751.1,19.132,19.297,19.477,1733.96,19.122,1737.4,1740.0,19.21,,,19.72,26.17,2.99277997,0.662519813,108.021,1.931,2.28615,2.7557,3.1208,98.38,97.735,97.565,97.155,0.1,1.3574,2.2201,3.1226
2022-07-12,1724.8,1733.4,1744.3,18.958,19.121,19.285,1726.0,18.9375,1734.35,1730.7,18.865,,,19.78,27.29,2.968713045,0.645239115,108.072,1.9445,2.30225,2.7686,3.0852,98.38,97.735,97.56,97.145,0.1,1.3574,2.86,3.165
2022-07-13,1735.5,1744.0,1755.0,19.194,19.357,19.53,1735.51,19.2155,1728.9,1724.6,18.955,,,18.36,26.82,2.933613777,0.588047266,107.957,2.0552,2.5141,3.0194,3.2956,98.3575,97.56,97.345,96.835,0.1,1.3574,2.87,3.165
2022-07-14,1705.8,1714.5,1725.4,18.225,18.386,18.553,1709.94,18.4248,1716.15,1700.7,18.76,,,19.6,26.4,2.959497213,0.605528295,108.544,2.0915,2.46925,2.936,3.2337,98.365,97.635,97.43,96.925,0.1,1.3574,3.145,3.39
2022-07-15,1703.6,1711.6,1722.2,18.594,18.741,18.889,1708.17,18.7131,1702.55,1706.15,18.46,,,19.27,24.23,2.915207863,0.542712629,108.063,2.09565,2.4391,2.892,3.187,98.37,97.67,97.49,97.05,0.1,1.3574,3.13,3.325
2022-07-18,1710.2,1717.7,1728.2,18.84,18.963,19.086,1709.22,18.6985,1723.65,1719.05,18.88,,,19.42,25.3,2.985531569,0.607814193,107.366,2.1328,2.4549,2.9085,3.2008,98.3675,97.675,97.495,97.055,0.1,1.3574,3.05,3.27
2022-07-19,1710.7,1718.0,1728.1,18.713,18.848,18.997,1711.67,18.7609,1712.95,1713.05,18.9,,,18.63,24.5,3.020903587,0.6218732,106.682,2.164,2.4872,2.956,3.259,98.3675,97.665,97.475,97.025,0.1,1.3574,3.04,3.25
2022-07-20,1700.2,1707.7,1717.7,18.668,18.808,18.966,1696.58,18.6789,1712.65,1709.3,18.78,,,19.26,23.88,3.026530266,0.64206636,107.076,2.1797,2.50675,2.95,3.2475,98.3625,97.66,97.475,97.025,0.1,1.3574,3.07,3.28
2022-07-21,1713.4,1721.1,1731.3,18.719,18.857,19.011,1718.81,18.8587,1686.55,1705.1,18.265,,,18.71,23.11,2.874718904,0.563089371,106.91,2.2506,2.53175,2.9399,3.165,98.365,97.67,97.485,97.055,0.1,1.3574,3.07,3.28
2022-07-22,1727.4,1735.0,1745.3,18.617,18.76,18.917,1727.64,18.5999,1725.0,1736.95,18.81,,,18.3,23.03,2.75038147,0.403154761,106.73,2.2599,2.517,2.893,3.068,98.3675,97.69,97.515,97.1,0.1,1.3574,3.09,3.21
2022-07-25,1719.1,1727.1,1737.1,18.328,18.474,18.632,1719.78,18.4389,1731.95,1718.9,18.755,,,18.3,23.36,2.795897007,0.432494372,106.483,2.298,2.54595,2.925,3.1165,98.3675,97.68,97.495,97.07,2.15,2.535,3.035,3.1301
2022-07-26,1717.7,1726.0,1735.7,18.535,18.686,18.841,1717.32,18.6261,1719.85,1720.05,18.54,,,18.06,24.69,2.806840658,0.444414228,107.189,2.3212,2.5575,2.938,3.1308,98.3675,97.675,97.5,97.085,2.155,2.55,3.055,3.15
2022-07-27,1719.1,1728.0,1737.5,18.6,18.75,18.899,1734.19,19.0876,1723.95,1714.05,18.765,,,17.39,23.24,2.784901619,0.309391201,106.452,2.28955,2.542,2.8955,3.0744,98.3725,97.71,97.535,97.13,2.155,2.605,3.055,3.1763
2022-07-28,1750.3,1759.0,1769.2,19.868,20.018,20.162,1755.84,20.0122,1746.6,1753.5,19.325,,,16.84,22.33,2.67593956,0.178548604,106.351,2.27977,2.5364,2.865,3.00375,98.375,97.715,97.545,97.15,2.235,2.615,3.05,3.1582
2022-07-29,1762.9,1771.5,1781.8,20.197,20.344,20.504,1765.94,20.3584,1758.9,1753.4,20.065,,,16.49,21.33,2.648717403,0.093406551,105.903,2.2847,2.5508,2.89475,3.0503,97.715,97.545,97.145,96.89,2.235,2.615,3.05,3.1582
2022-08-01,1777.6,1787.7,1799.6,20.362,20.512,20.673,1772.17,20.3635,1766.75,1772.4,20.405,,,17.52,22.84,2.573210239,0.068732977,105.45,2.285,2.5504,2.88,3.0275,97.715,97.54,97.14,96.88,2.38,2.71,3.085,3.19
2022-08-02,1779.7,1789.7,1801.8,20.139,20.292,20.466,1760.39,19.978,1772.9,1779.75,20.335,,,17.34,23.93,2.748280048,0.268230826,106.241,2.29,2.583,2.953,3.153,97.715,97.535,97.105,96.815,2.405,2.725,3.1025,3.19
2022-08-03,1766.1,1776.4,1789.0,19.894,20.045,20.226,1765.29,20.063,1766.6,1761.25,19.92,,,16.76,21.95,2.704625845,0.216657162,106.506,2.2922,2.60965,2.9613,3.1784,97.71,97.53,97.095,96.79,2.43,2.725,3.11,3.225
2022-08-04,1796.2,1806.9,1819.6,20.122,20.275,20.472,1791.28,20.1785,1777.9,1783.2,20.265,,,16.95,21.44,2.688269138,0.226669863,105.693,2.292,2.617,2.9719,3.1832,97.7075,97.53,97.115,96.82,2.42,2.775,3.18,3.25
2022-08-05,1780.5,1791.2,1804.2,19.842,19.994,20.185,1775.5,19.8953,1786.75,1773.25,20.06,,,16.37,21.15,2.826821804,0.348732948,106.621,2.30395,2.687,3.0936,3.3578,97.6975,97.495,97.025,96.68,2.43,2.775,3.18,3.3113
2022-08-08,1794.3,1805.2,1818.4,20.614,20.764,20.96,1788.96,20.668,1775.7,1784.05,20.195,,,16.76,21.29,2.757215261,0.280984759,106.435,2.31345,2.69595,3.0873,3.342,97.6975,97.485,97.025,96.68,2.39,2.84,3.28,3.435
2022-08-09,1801.5,1812.3,1825.5,20.482,20.631,20.814,1794.29,20.5257,1790.6,1795.25,20.6,,,16.69,21.77,2.777288914,0.311532795,106.374,2.31125,2.73315,3.1245,3.3918,97.6975,97.485,97.02,96.66,2.39,2.84,3.285,3.47
2022-08-10,1803.3,1813.7,1826.7,20.742,20.889,21.052,1792.38,20.5886,1793.5,1795.05,20.435,,,16.27,19.74,2.780925035,0.339036375,105.196,2.295,2.6923,3.0736,3.342,97.705,97.515,97.095,96.735,2.4,2.82,3.285,3.51
2022-08-11,1796.8,1807.2,1820.3,20.349,20.499,20.677,1789.72,20.3115,1789.7,1796.7,20.54,,,15.81,20.2,2.887568235,0.4015342,105.09,2.29605,2.7011,3.077,3.35305,97.71,97.525,97.105,96.735,2.39,2.8201,3.28,3.48
2022-08-12,1805.2,1815.5,1828.7,20.698,20.845,21.028,1802.4,20.824,1788.45,1792.1,20.265,,,15.22,19.53,2.831228256,0.352965415,105.631,2.2944,2.7184,3.093,3.3815,97.71,97.525,97.1,96.735,2.4,2.825,3.27,3.49
2022-08-15,1787.9,1798.1,1811.2,20.272,20.412,20.589,1779.71,20.2727,1781.45,1776.6,20.33,,,15.37,19.95,2.787828207,0.33786577,106.546,2.294,2.722,3.081,3.3445,97.71,97.525,97.105,96.745,2.41,2.84,2.785,3.48
2022-08-16,1779.4,1789.7,1802.7,20.085,20.204,20.377,1775.69,20.1482,1776.15,1774.85,20.125,,,15.27,19.69,2.804093122,0.352028966,106.5,2.2995,2.7379,3.1136,3.379,97.7125,97.525,97.105,96.745,2.43,2.84,2.8,3.4601
2022-08-17,1766.5,1776.7,1789.6,19.731,19.845,20.007,1761.77,19.8008,1773.65,1767.2,19.905,,,15.32,19.9,2.896770477,0.42747733,106.574,2.294,2.75,3.114,3.4095,97.715,97.525,97.11,96.745,2.43,2.84,2.8,3.4601
2022-08-18,1761.1,1771.2,1784.2,19.464,19.569,19.736,1758.61,19.539,1765.6,1765.55,19.825,,,15.36,19.56,2.882202864,0.364565313,107.484,2.2939,2.7745,3.118,3.37585,97.715,97.525,97.11,96.75,2.47,2.9,3.36,3.55
2022-08-19,1753.0,1762.9,1775.6,19.069,19.176,19.344,1747.06,19.0475,1752.9,1750.75,19.23,,,15.91,20.6,2.972076654,0.413694769,108.169,2.3146,2.7865,3.13,3.39425,97.715,97.52,97.1,96.74,2.46,2.91,3.35,3.5463
2022-08-22,1738.6,1748.4,1761.1,18.878,18.98,19.141,1736.3,18.989,1732.8,1733.25,18.895,,,16.57,23.8,3.014559269,0.444009781,109.046,2.374,2.8347,3.1905,3.475,97.715,97.515,97.08,96.685,2.455,2.91,3.36,3.55
2022-08-23,1751.5,1761.2,1773.9,19.026,19.121,19.287,1748.15,19.1169,1739.45,1746.55,18.99,,,15.8,24.11,3.046103716,0.453574687,108.624,2.37295,2.835,3.2025,3.48135,97.715,97.515,97.085,96.69,2.435,2.915,3.35,3.55
2022-08-24,1752.0,1761.5,1774.4,18.907,18.974,19.147,1751.19,19.1125,1752.0,1745.65,19.0,,,15.9,22.82,3.103853226,0.467167556,108.677,2.3763,2.8754,3.2365,3.5176,97.715,97.515,97.065,96.665,2.435,2.915,3.35,3.55
2022-08-25,1761.8,1771.4,1784.4,19.12,19.161,19.303,1758.71,19.2485,1762.4,1753.55,19.325,,,15.57,21.78,3.025836945,0.411872059,108.47,2.43595,2.895,3.251,3.5282,97.7175,97.515,97.065,96.655,2.435,2.915,3.35,3.5675
2022-08-26,1740.6,1749.8,1762.8,18.746,18.825,18.984,1738.14,18.8966,1752.1,1751.25,19.215,,,15.42,25.56,3.040855169,0.454950899,108.803,2.453,2.9095,3.2605,3.535,97.715,97.52,97.07,96.655,2.445,2.895,3.36,3.5451
2022-08-29,1740.5,1749.7,1762.6,18.557,18.67,18.835,1737.09,18.7625,1752.1,1751.25,19.215,,,16.02,26.21,3.102375031,0.52500999,108.835,2.4627,2.9435,3.3125,3.5825,97.715,97.5175,97.035,96.6,2.505,2.985,3.42,3.65
2022-08-30,1726.9,1736.3,1749.0,18.159,18.287,18.446,1724.02,18.425,1734.0,1730.3,18.695,,,16.52,26.21,3.102452993,0.546037674,108.773,2.5095,2.94875,3.323,3.6159,97.715,97.5175,97.035,96.59,2.51,2.99,3.4001,3.65
2022-08-31,1716.9,1726.2,1738.9,17.762,17.882,18.036,1711.04,17.992,1712.4,1715.9,17.945,,,17.02,25.87,3.192634106,0.706255913,108.7,2.5205,2.9746,3.3535,3.66405,97.52,97.045,96.6,96.425,2.5,2.985,3.425,3.655
2022-09-01,1699.6,1709.3,1721.9,17.666,17.819,17.936,1697.52,17.809,1706.0,1694.3,17.77,,,17.8,25.56,3.253262997,0.799893737,109.691,2.59675,3.02345,3.3935,3.687,97.5175,97.035,96.58,96.405,2.68,3.005,3.48,3.75
2022-09-02,1713.0,1722.6,1735.0,17.881,18.017,18.127,1712.19,18.0415,1706.9,1712.5,17.915,,,16.88,25.47,3.189357281,0.715447307,109.534,2.5963,2.98965,3.3355,3.5875,97.53,97.08,96.645,96.48,2.63,3.005,3.48,3.76
2022-09-05,1713.0,1722.6,1735.0,17.881,18.017,18.127,1710.4,18.1565,1711.95,1710.95,18.23,,,16.88,25.99,3.189357281,0.715447307,109.534,2.5963,2.98965,3.3355,3.5875,97.53,97.08,96.645,96.48,2.6,2.99,3.455,3.74
2022-09-06,1703.4,1712.9,1725.2,17.908,18.041,18.151,1702.14,18.0187,1712.5,1702.6,18.395,,,17.68,26.91,3.349249601,0.865360737,110.214,2.672,3.059,3.431,3.70225,97.515,97.04,96.565,96.385,2.6,2.99,3.47,3.68
2022-09-07,1718.2,1727.8,1740.0,18.26,18.385,18.488,1718.37,18.4645,1705.05,1702.65,18.17,,,16.77,24.64,3.263451099,0.810183942,109.84,2.6904,3.079,3.427,3.6626,97.515,97.03,96.555,96.38,2.6525,3.035,3.485,3.71
2022-09-08,1710.6,1720.2,1732.5,18.442,18.574,18.684,1708.46,18.5359,1720.25,1709.35,18.625,,,16.4,23.61,3.316966057,0.897444844,109.707,2.7556,3.1461,3.494,3.72135,97.5075,97.005,96.53,96.35,2.7,3.08,3.55,3.76
2022-09-09,1718.8,1728.6,1741.1,18.767,18.901,19.019,1716.83,18.8586,1726.95,1713.4,18.765,,,15.91,22.79,3.309704065,0.879135013,109.003,2.783,3.1765,3.54,3.7813,97.505,97.0,96.5,96.3,2.76,3.1,3.575,3.7801
2022-09-12,1730.8,1740.6,1753.3,19.86,20.003,20.124,1724.54,19.7975,1726.5,1726.4,19.215,,,15.79,23.87,3.357755899,0.93321532,108.33,2.8135,3.2034,3.5655,3.803,97.5025,96.995,96.485,96.285,2.79,3.175,3.63,3.8499
2022-09-13,1707.1,1717.4,1730.3,19.491,19.636,19.764,1702.17,19.3335,1727.05,1704.85,19.925,,,16.93,27.27,3.407987595,0.962120891,109.815,2.92595,3.348,3.776,4.043,97.475,96.895,96.305,96.055,2.76,3.13,3.6,3.7901
2022-09-14,1698.2,1709.1,1722.6,19.569,19.724,19.853,1697.32,19.6275,1703.8,1703.9,19.505,,,17.17,26.16,3.404276371,0.928301275,109.658,2.92755,3.36465,3.8075,4.101,97.4825,96.915,96.295,96.035,2.925,3.3,3.89,4.0
2022-09-15,1666.8,1677.3,1690.6,19.269,19.419,19.536,1665.11,19.1725,1689.0,1689.1,19.37,,,19.66,26.27,3.448949337,1.014254332,109.739,2.9947,3.4195,3.8625,4.1665,97.485,96.915,96.285,96.015,2.995,3.415,3.92,4.1825
2022-09-16,1672.8,1683.5,1696.7,19.381,19.525,19.632,1675.06,19.5895,1664.3,1664.65,18.995,,,18.31,26.3,3.449434519,1.07199502,109.764,3.0195,3.43685,3.8455,4.12645,97.4875,96.935,96.305,96.045,2.975,3.415,3.965,4.23
2022-09-19,1667.6,1678.2,1691.4,19.358,19.511,19.623,1675.84,19.5625,1664.3,1664.65,18.995,,,18.37,25.76,3.490455866,1.136816978,109.737,3.0463,3.4649,3.8855,4.19,97.485,96.925,96.285,96.015,2.965,3.395,3.965,4.23
2022-09-20,1661.0,1671.1,1684.2,19.183,19.341,19.46,1664.89,19.2737,1667.9,1664.15,19.315,,,18.59,27.16,3.563034534,1.161225677,110.215,3.0771,3.483,3.9,4.2105,97.485,96.93,96.3,96.03,2.98,3.395,3.965,4.23
2022-09-21,1665.8,1675.7,1688.8,19.48,19.634,19.751,1673.89,19.5684,1674.45,1671.75,19.51,,,18.48,27.99,3.529884338,1.156162262,110.642,3.0387,3.47105,3.9326,4.296,97.5,96.965,96.33,96.015,3.015,3.405,3.975,4.26
2022-09-22,1671.4,1681.1,1694.2,19.617,19.764,19.881,1671.22,19.635,1671.85,1671.85,19.585,,,17.93,27.35,3.71383667,1.30408442,111.353,3.032,3.5175,3.969,4.3482,97.5025,96.97,96.32,96.005,3.015,3.405,3.975,4.41
2022-09-23,1645.3,1655.6,1668.8,18.91,19.053,19.17,1643.94,18.87,1661.45,1643.55,19.0,,,19.42,29.92,3.684627295,1.313453436,113.192,3.03665,3.527,3.985,4.38075,97.5025,96.965,96.305,95.985,3.035,3.51,4.01,4.4
2022-09-26,1623.6,1633.4,1646.5,18.48,18.619,18.735,1622.36,18.3505,1647.0,1643.35,18.635,,,20.26,32.26,3.92441988,1.619341612,114.103,3.04382,3.54661,3.999,4.387,97.5025,96.96,96.305,95.99,3.03,3.54,4.105,4.43
2022-09-27,1626.5,1636.2,1649.3,18.337,18.478,18.586,1628.9,18.3827,1632.6,1634.3,18.68,,,19.26,32.6,3.94508934,1.608686447,114.106,3.032,3.52255,3.9435,4.2762,97.505,96.965,96.335,96.025,3.06,3.59,4.14,4.4475
2022-09-28,1660.3,1670.0,1683.0,18.88,19.023,19.131,1659.97,18.8997,1618.2,1652.15,18.255,,,19.27,30.18,3.731176615,1.400947809,112.604,3.0218,3.52695,3.9284,4.198,97.5075,96.98,96.355,96.065,3.115,3.58,4.075,4.45
2022-09-29,1658.5,1668.6,1681.6,18.712,18.858,18.968,1660.54,18.82,1646.6,1654.8,18.67,,,19.78,31.84,3.785556316,1.597390532,112.254,3.0175,3.5699,3.9658,4.2426,97.5075,96.985,96.365,96.07,3.125,3.58,4.07,4.31
2022-09-30,1662.4,1672.0,1684.9,19.039,19.184,19.292,1660.61,19.0283,1672.75,1671.75,19.02,,,19.52,31.62,3.828631401,1.668486834,112.117,3.045,3.5997,4.0045,4.29225,96.98,96.355,96.055,95.84,3.155,3.64,4.0975,4.28
2022-10-03,1702.0,1714.9,1728.0,20.589,20.728,20.831,1699.89,20.703,1660.8,1668.4,19.415,,,20.29,30.1,3.638656616,1.439539313,111.745,3.11275,3.6137,3.9882,4.223,96.98,96.34,96.04,95.83,3.195,3.83,4.12,4.2801
2022-10-04,1730.5,1743.7,1757.1,21.099,21.239,21.354,1726.13,21.059,1709.15,1714.85,20.925,,,19.55,29.07,3.632913828,1.387934089,110.065,3.12405,3.64273,4.0147,4.2368,96.97,96.32,96.015,95.805,3.235,3.85,4.105,4.22
2022-10-05,1720.8,1734.2,1747.7,20.544,20.693,20.819,1716.26,20.6461,1712.15,1700.5,20.435,,,19.69,28.55,3.752843857,1.53904593,111.208,3.12765,3.67445,4.039,4.2785,96.97,96.32,96.01,95.785,3.245,3.88,4.16,4.275
2022-10-06,1720.8,1734.3,1747.9,20.66,20.828,20.95,1712.53,20.6372,1716.0,1714.2,20.54,,,19.67,30.52,3.823583603,1.607429266,112.258,3.2698,3.738,4.119,4.3771,96.97,96.3,95.98,95.75,3.425,3.92,4.23,4.35
2022-10-07,1709.3,1722.8,1736.9,20.255,20.444,20.571,1694.82,20.131,1711.5,1696.15,20.625,,,19.66,31.36,3.881405592,1.605754137,112.795,3.2795,3.7707,4.166,4.4421,96.97,96.285,95.94,95.69,3.41,3.95,4.27,4.4
2022-10-10,1675.2,1688.8,1703.1,19.615,19.805,19.938,1668.61,19.6073,1680.05,1676.55,19.825,,,20.54,32.45,3.881405592,1.605754137,113.144,3.2791,3.7762,4.184,4.4421,96.9675,96.285,95.935,95.675,3.3625,3.98,4.275,4.43
2022-10-11,1686.0,1699.5,1713.8,19.487,19.683,19.818,1666.34,19.151,1664.15,1664.7,19.395,,,20.59,33.63,3.946995735,1.624288082,113.221,3.2955,3.7995,4.196,4.4552,96.9625,96.275,95.925,95.67,3.3,4.01,4.305,4.4999
2022-10-12,1677.5,1691.1,1705.3,18.938,19.141,19.28,1673.19,19.0225,1672.3,1670.65,19.185,,,20.4,33.57,3.896199226,1.595336556,113.32,3.30215,3.83035,4.2028,4.45235,96.9625,96.275,95.91,95.655,3.43,4.025,4.35,4.475
2022-10-13,1677.0,1690.8,1705.4,18.918,19.124,19.266,1666.37,18.8945,1676.4,1648.1,19.175,,,20.07,31.94,3.94346714,1.591951489,112.363,3.395,3.9265,4.3745,4.6745,96.965,96.23,95.835,95.55,3.38,4.025,4.39,4.55
2022-10-14,1648.9,1662.8,1677.4,18.071,18.277,18.415,1644.47,18.277,1655.15,1649.3,18.765,,,20.07,32.02,4.018362045,1.605520368,113.311,3.419,3.93485,4.3924,4.71,96.9675,96.235,95.83,95.54,3.455,4.15,4.545,4.78
2022-10-17,1664.0,1677.8,1692.3,18.719,18.919,19.048,1650.09,18.6539,1658.0,1664.75,18.595,,,19.96,31.37,4.010408401,1.539292932,112.039,3.4635,3.9468,4.3945,4.6936,96.965,96.24,95.835,95.545,3.5,4.1675,4.53,4.78
2022-10-18,1655.8,1669.6,1684.1,18.6,18.78,18.897,1652.22,18.735,1652.25,1653.0,18.695,,,19.19,30.5,4.006582737,1.595087886,112.13,3.4735,3.9551,4.3835,4.66,96.965,96.24,95.845,95.555,3.575,4.165,4.525,4.78
2022-10-19,1634.2,1648.0,1662.5,18.359,18.528,18.643,1629.44,18.4638,1640.7,1631.7,18.435,,,19.41,30.76,4.133505821,1.689879417,112.984,3.49595,4.002,4.44,4.75,96.965,96.235,95.825,95.52,3.59,4.195,4.515,4.8
2022-10-20,1636.8,1650.7,1665.1,18.689,18.859,18.979,1628.02,18.6709,1633.2,1635.3,18.785,,,19.23,29.98,4.228271961,1.728983521,112.881,3.579,4.04045,4.484,4.79845,96.9625,96.235,95.825,95.52,3.675,4.245,4.64,4.82
2022-10-21,1656.3,1670.2,1684.4,19.066,19.234,19.347,1657.69,19.421,1624.55,1643.25,18.385,,,19.05,29.69,4.21668148,1.669826388,112.012,3.58855,4.0169,4.411,4.6816,96.9625,96.245,95.875,95.6,3.685,4.21,4.595,4.84
2022-10-24,1654.1,1668.1,1682.4,19.189,19.362,19.475,1649.78,19.2319,1646.35,1649.15,19.215,,,19.58,29.85,4.242354393,1.660900235,111.989,3.62985,4.0445,4.454,4.73,96.965,96.24,95.855,95.575,3.71,4.21,4.575,4.73
2022-10-25,1658.0,1672.2,1686.6,19.349,19.532,19.655,1653.17,19.3473,1642.85,1659.25,18.88,,,19.33,28.46,4.102079868,1.591444373,110.95,3.64595,4.051,4.447,4.711,96.965,96.24,95.86,95.58,3.725,4.23,4.585,4.76
2022-10-26,1669.2,1683.4,1697.8,19.486,19.669,19.785,1664.57,19.5815,1670.8,1666.75,19.59,,,18.67,27.28,4.002788544,1.567954659,109.7,3.65335,4.04415,4.4117,4.6525,96.9675,96.255,95.895,95.63,3.74,4.24,4.585,4.74
2022-10-27,1665.6,1680.0,1694.6,19.494,19.678,19.807,1663.31,19.6014,1663.3,1659.75,19.37,,,18.51,27.39,3.918731689,1.471026301,110.587,3.71335,4.0666,4.3875,4.57375,96.965,96.26,95.9,95.64,3.755,4.24,4.585,4.71
2022-10-28,1644.8,1659.1,1673.7,19.147,19.323,19.45,1644.86,19.2595,1649.25,1648.05,19.225,,,18.01,25.75,4.012263775,1.508874059,110.752,3.738,4.095,4.4662,4.7085,96.965,96.27,95.9,95.625,3.825,4.265,4.58,4.735
2022-10-31,1640.7,1654.9,1669.5,19.119,19.296,19.42,1633.56,19.1645,1638.85,1639.0,19.165,,,18.27,25.88,4.047808647,1.530935645,111.527,3.77355,4.1295,4.5172,4.77185,96.2575,95.88,95.595,95.245,3.86,4.31,4.655,4.815
2022-11-01,1649.7,1663.8,1678.5,19.667,19.828,19.945,1647.98,19.6278,1652.55,1645.25,20.0,,,18.45,25.81,4.041891575,1.526631117,111.481,3.80385,4.15,4.54,4.831,96.2525,95.875,95.595,95.23,3.885,4.34,4.685,4.805
2022-11-02,1650.0,1664.1,1679.0,19.594,19.747,19.85,1635.24,19.229,1656.45,1649.55,19.78,,,17.84,25.86,4.100502014,1.597215891,111.345,3.80775,4.169,4.5435,4.86385,96.2525,95.88,95.61,95.245,3.905,4.33,4.695,4.89
2022-11-03,1630.9,1644.9,1659.9,19.43,19.578,19.675,1629.49,19.4715,1620.65,1628.75,18.92,,,18.03,25.3,4.146875858,1.739702344,112.93,3.8045,4.194,4.5975,4.931,96.25,95.875,95.605,95.21,3.84,4.325,4.715,4.8326
2022-11-04,1676.6,1690.6,1705.7,20.784,20.9,20.998,1681.87,20.8585,1648.8,1674.4,19.965,,,18.03,24.55,4.158388138,1.675663948,110.877,3.79975,4.1865,4.5665,4.883,96.255,95.895,95.63,95.245,3.83,4.205,4.665,4.965
2022-11-07,1680.5,1694.5,1709.6,20.919,21.072,21.208,1675.63,20.799,1679.9,1678.95,20.67,,,18.12,24.35,4.213521481,1.675025582,110.12,3.79962,4.20895,4.596,4.92025,96.255,95.885,95.61,95.215,3.835,4.435,4.75,4.99
2022-11-08,1716.0,1730.0,1744.9,21.502,21.657,21.801,1712.42,21.3535,1670.8,1678.65,20.75,,,18.91,25.54,4.12338829,1.62270987,109.636,3.79695,4.2125,4.5815,4.8801,96.2575,95.89,95.62,95.24,3.84,4.45,4.74,4.96
2022-11-09,1713.7,1727.8,1742.8,21.327,21.478,21.621,1706.74,21.053,1705.15,1715.25,21.32,,,18.91,26.09,4.092331886,1.648794413,110.549,3.794,4.24395,4.592,4.8562,96.26,95.895,95.625,95.245,3.83,4.485,4.79,4.955
2022-11-10,1753.7,1767.8,1782.7,21.702,21.853,22.007,1755.45,21.6805,1705.65,1744.75,21.09,,,17.69,23.53,3.812506199,1.403474689,108.206,3.7902,4.21535,4.5289,4.72615,96.265,95.925,95.69,95.355,3.875,4.52,4.775,4.91
2022-11-11,1769.4,1783.5,1798.4,21.667,21.822,21.983,1771.24,21.7043,1764.75,1759.35,21.48,,,17.57,22.52,3.812506199,1.403474689,106.292,3.7938,4.215,4.5319,4.727,96.2625,95.92,95.68,95.345,3.925,4.51,4.76,4.87
2022-11-14,1776.9,1790.8,1805.7,22.113,22.267,22.421,1771.4,21.983,1757.35,1768.9,21.47,,,17.41,23.73,3.853632212,1.487002254,106.66,3.813,4.22945,4.5382,4.756,96.2625,95.92,95.68,95.335,3.895,4.525,4.77,4.9225
2022-11-15,1776.8,1791.6,1806.7,21.518,21.694,21.848,1778.94,21.5678,1775.1,1771.35,21.94,,,17.72,24.54,3.769592524,1.428286314,106.404,3.871,4.2395,4.528,4.729,96.2525,95.91,95.675,95.34,4.0,4.6,4.82,4.955
2022-11-16,1775.8,1791.0,1806.0,21.524,21.726,21.882,1773.87,21.4716,1783.2,1773.0,21.95,,,17.23,24.11,3.689879417,1.372581601,106.281,3.8733,4.2632,4.5455,4.7552,96.2525,95.915,95.68,95.345,3.825,4.51,4.735,4.92
2022-11-17,1763.0,1777.8,1792.9,20.975,21.164,21.271,1760.44,20.956,1764.55,1758.6,21.075,,,16.77,23.93,3.765690804,1.478612781,106.694,3.911,4.29015,4.597,4.82215,96.2525,95.91,95.67,95.325,3.955,4.67,4.835,4.885
2022-11-18,1754.4,1769.0,1784.0,20.997,21.196,21.342,1750.68,20.9415,1764.75,1751.6,21.095,,,16.51,23.12,3.82883811,1.565225363,106.93,3.9295,4.3145,4.6338,4.89005,96.255,95.9,95.655,95.3,3.93,4.655,4.86,4.945
2022-11-21,1739.6,1754.6,1769.8,20.872,21.062,21.215,1738.05,20.8505,1739.65,1740.4,20.64,,,16.68,22.36,3.826888084,1.494123578,107.835,3.9572,4.33435,4.6578,4.914,96.2525,95.89,95.645,95.285,3.94,4.7,4.865,5.025
2022-11-22,1739.9,1754.8,1769.9,21.049,21.229,21.368,1740.25,21.085,1747.0,1742.95,21.27,,,16.07,21.29,3.75592947,1.431639314,107.222,4.0235,4.37895,4.6875,4.926,96.2525,95.885,95.635,95.255,3.955,4.695,4.88,5.0001
2022-11-23,1745.6,1760.4,1775.6,21.367,21.526,21.642,1749.68,21.538,1735.75,1740.15,21.265,,,15.84,20.35,3.692701817,1.360708475,106.076,4.05435,4.39005,4.682,4.88775,96.2525,95.885,95.635,95.26,3.985,4.7,4.89,5.2126
2022-11-24,1745.6,1760.4,1775.6,21.367,21.526,21.642,1755.24,21.527,1755.25,1755.4,21.56,,,15.84,20.42,3.692701817,1.360708475,106.076,4.055,4.3829,4.673,4.885,96.2525,95.885,95.635,95.26,3.985,4.7,4.89,5.2126
2022-11-25,1754.0,1768.8,1783.9,21.43,21.609,21.722,1754.93,21.7453,1753.55,1751.85,21.335,,,15.23,20.5,3.677590609,1.350508213,105.959,4.0655,4.39042,4.6835,4.8915,96.2525,95.895,95.645,95.27,3.985,4.7,4.89,5.4
2022-11-28,1740.3,1755.3,1770.3,20.915,21.125,21.262,1741.36,20.9354,1762.9,1746.55,21.475,,,15.77,22.21,3.681175232,1.410301805,106.681,4.0813,4.39409,4.675,4.8645,96.255,95.8975,95.64,95.26,4.005,4.705,4.865,5.0001
2022-11-29,1748.4,1763.7,1778.7,21.204,21.436,21.587,1749.85,21.2578,1755.35,1752.7,21.365,,,15.71,21.89,3.744106293,1.476865411,106.822,4.1205,4.40091,4.684,4.8878,96.255,95.905,95.645,95.28,4.04,4.73,4.85,5.02
2022-11-30,1746.0,1759.9,1775.1,21.55,21.781,21.931,1768.52,22.1943,1759.65,1753.5,21.56,,,15.45,20.58,3.605422497,1.235574365,105.95,4.1254,4.394,4.6581,4.80825,95.9025,95.65,95.3,95.24,4.365,4.7,4.85,4.97
2022-12-01,1815.2,1830.3,1845.3,22.841,22.993,23.174,1803.1,22.7562,1779.6,1803.15,22.135,,,15.92,19.84,3.50480485,1.128540993,104.728,4.1679,4.41535,4.647,4.76575,95.905,95.66,95.325,95.28,4.365,4.7,4.845,4.8799
2022-12-02,1809.6,1824.7,1840.0,23.25,23.408,23.594,1797.63,23.1403,1800.75,1784.75,22.605,,,15.42,19.06,3.48617816,1.047266245,104.545,4.183,4.42695,4.67,4.8049,95.91,95.665,95.33,95.275,4.31,4.7,4.83,4.8725
2022-12-05,1781.3,1796.5,1812.2,22.417,22.576,22.765,1768.68,22.2527,1794.35,1776.8,22.985,,,15.81,20.75,3.573596239,1.167102337,105.289,4.2128,4.448,4.7195,4.8997,95.9075,95.66,95.295,95.23,4.605,4.68,4.84,4.925
2022-12-06,1782.4,1797.6,1813.2,22.335,22.496,22.695,1771.04,22.1916,1773.35,1773.8,22.54,,,16.19,22.17,3.531400204,1.198302627,105.578,4.21605,4.45407,4.71228,4.87,95.9125,95.665,95.305,95.24,4.59,4.66,4.84,4.945
2022-12-07,1798.0,1813.2,1828.8,22.922,23.094,23.299,1786.27,22.7219,1771.85,1782.2,22.385,,,16.55,22.68,3.416880608,1.147926688,105.1,4.22575,4.454,4.6935,4.8255,95.915,95.665,95.32,95.265,4.585,4.645,4.85,4.92
2022-12-08,1801.5,1816.7,1832.2,23.246,23.421,23.625,1789.14,23.065,1782.45,1790.15,22.695,,,16.45,22.29,3.481930733,1.179966092,104.774,4.277,4.484,4.7185,4.8545,95.92,95.67,95.325,95.26,4.575,4.645,4.83,4.86
2022-12-09,1810.7,1825.9,1841.3,23.717,23.887,24.081,1797.32,23.4735,1793.0,1796.15,23.11,,,16.26,22.83,3.578301191,1.300142169,104.81,4.2941,4.4965,4.7325,4.8776,95.9175,95.67,95.31,95.245,4.605,4.67,4.82,4.89
2022-12-12,1792.3,1807.4,1822.7,23.403,23.572,23.771,1781.44,23.3098,1790.6,1786.6,23.39,,,15.51,25.0,3.611268759,1.326432943,105.131,4.3132,4.5194,4.759,4.89575,95.9175,95.665,95.295,95.225,4.59,4.69,4.865,4.455
2022-12-13,1825.5,1840.5,1855.8,23.99,24.155,24.337,1810.8,23.7355,1785.15,1823.55,23.395,,,14.71,22.55,3.501194715,1.249388099,103.98,4.32145,4.495,4.6915,4.7795,95.925,95.68,95.355,95.305,4.62,4.71,4.84,4.87
2022-12-14,1818.7,1833.8,1849.2,24.136,24.305,24.484,1807.32,23.9465,1808.2,1808.05,23.61,,,14.06,21.14,3.477370024,1.278239131,103.77,4.325,4.4905,4.6844,4.773,95.925,95.685,95.375,95.325,4.66,4.66,4.765,4.76
2022-12-15,1787.8,1803.1,1818.5,23.305,23.476,23.666,1776.85,23.0855,1775.95,1783.55,23.165,,,14.39,22.83,3.446329594,1.274829149,104.558,4.3167,4.5035,4.7055,4.8025,95.9225,95.685,95.375,95.32,4.66,4.665,4.79,4.7475
2022-12-16,1800.2,1815.6,1831.1,23.328,23.497,23.693,1793.08,23.224,1780.15,1792.55,22.83,,,14.14,22.62,3.482216597,1.349287033,104.701,4.3167,4.50425,4.6897,4.759,95.9225,95.685,95.375,95.325,4.635,4.6725,4.775,4.7575
2022-12-19,1797.7,1813.0,1828.5,23.199,23.358,23.555,1787.62,22.9878,1796.5,1790.8,23.24,,,14.49,22.42,3.584604979,1.417592287,104.721,4.3163,4.52055,4.717,4.7954,95.9225,95.685,95.35,95.3,4.64,4.665,4.78,4.7375
2022-12-20,1825.4,1840.8,1856.5,24.271,24.43,24.613,1817.94,24.1641,1806.35,1813.9,23.74,,,15.03,21.48,3.682482004,1.430578947,103.965,4.318,4.5213,4.7133,4.789,95.925,95.685,95.355,95.305,4.64,4.65,4.785,4.7625
2022-12-21,1825.4,1840.9,1856.6,24.194,24.354,24.538,1814.39,23.9655,1813.5,1817.55,23.89,,,14.78,20.07,3.661952972,1.368014574,104.162,4.3167,4.5172,4.705,4.7701,95.9225,95.685,95.365,95.315,4.53,4.635,4.775,4.705
2022-12-22,1795.3,1810.8,1826.4,23.622,23.779,23.965,1792.52,23.5681,1815.2,1800.7,23.735,,,14.88,21.97,3.678550005,1.47494638,104.433,4.31795,4.545,4.7399,4.807,95.9225,95.685,95.365,95.305,4.5,4.635,4.745,4.7525
2022-12-23,1804.2,1819.8,1835.4,23.92,24.072,24.243,1798.2,23.7332,1797.4,1800.7,23.735,,,14.86,20.87,3.747153997,1.511755466,104.314,4.3203,4.5575,4.755,4.828,95.9225,95.685,95.355,95.295,4.5,4.6,4.745,4.785
2022-12-26,1804.2,1819.8,1835.4,23.92,24.072,24.243,1798.2,23.7332,1797.4,1800.7,23.735,,,14.86,20.87,3.747153997,1.511755466,104.314,4.3203,4.5575,4.755,4.828,95.9225,95.685,95.355,95.295,4.5,4.6,4.745,4.785
2022-12-27,1823.1,1838.8,1854.4,24.217,24.37,24.556,1813.69,24.0378,1797.4,1800.7,23.735,,,16.3,21.65,3.841105938,1.56651938,104.179,4.322,4.57,4.785,4.878,95.92,95.685,95.335,95.27,4.5,4.6,4.745,4.785
2022-12-28,1815.8,1831.5,1846.9,23.84,24.003,24.183,1804.35,23.538,1802.65,1803.35,23.855,,,15.99,22.14,3.882692575,1.598340154,104.463,4.3185,4.5635,4.767,4.862,95.92,95.685,95.35,95.285,4.5,4.63,4.81,4.8
2022-12-29,1826.0,1841.9,1857.5,24.25,24.411,24.585,1814.91,23.8954,1805.4,1813.75,23.855,,,16.18,21.44,3.81453371,1.525410533,103.836,4.3287,4.5826,4.7792,4.868,95.9225,95.695,95.365,95.3,4.42,4.655,4.86,4.91
2022-12-30,1826.2,1842.2,1857.7,24.04,24.207,24.385,1824.02,23.9545,1812.35,1813.75,23.945,,,16.25,21.67,3.874789476,1.567160368,103.522,4.3565,4.59,4.8005,4.9005,95.695,95.36,95.295,95.155,4.42,4.66,4.885,4.8925
2023-01-02,1826.2,1842.2,1857.7,24.04,24.207,24.385,1824.02,23.9545,1812.35,1813.75,23.945,,,16.25,21.67,3.874789476,1.567160368,103.522,4.3565,4.59,4.8005,4.9005,95.695,95.36,95.295,95.155,4.42,4.66,4.885,4.8925
2023-01-03,1846.1,1862.1,1877.7,24.236,24.407,24.599,1839.48,24.0072,1835.05,1843.25,24.295,,,17.26,22.9,3.738916874,1.475019693,104.518,4.3618,4.5993,4.8013,4.8878,95.6875,95.355,95.29,95.155,4.435,4.655,4.89,4.9175
2023-01-04,1859.0,1875.0,1891.1,23.964,24.139,24.33,1854.56,23.7597,1857.55,1857.3,24.29,,,17.35,22.01,3.682738066,1.475255966,104.248,4.3635,4.6032,4.8003,4.88535,95.6875,95.355,95.29,95.15,4.425,4.665,4.875,4.8975
2023-01-05,1840.6,1856.7,1873.0,23.424,23.6,23.794,1832.89,23.2438,1850.25,1834.0,23.41,,,16.78,22.46,3.718125582,1.484699965,105.042,4.39945,4.6486,4.8549,4.966,95.69,95.345,95.27,95.125,4.435,4.71,4.865,4.9025
2023-01-06,1869.7,1885.9,1902.1,23.982,24.164,24.362,1865.69,23.8305,1834.5,1852.2,23.455,,,16.44,21.13,3.558017015,1.333516598,103.879,4.4024,4.61875,4.8075,4.8719,95.69,95.37,95.3,95.16,4.435,4.71,4.905,4.9025
2023-01-09,1877.8,1894.2,1910.7,23.871,24.062,24.26,1871.81,23.6506,1873.8,1878.85,23.85,,,16.92,21.97,3.53208971,1.308307528,103.001,4.425,4.615,4.7937,4.8399,95.69,95.38,95.31,95.175,4.435,4.66,4.84,4.89
2023-01-10,1876.5,1893.0,1909.6,23.665,23.857,24.055,1877.03,23.6032,1875.2,1878.65,23.515,,,16.59,20.58,3.618813515,1.38036418,103.236,4.4304,4.62495,4.8028,4.85305,95.6875,95.375,95.305,95.17,4.45,4.675,4.835,4.86
2023-01-11,1878.9,1895.5,1912.2,23.481,23.669,23.87,1875.69,23.4157,1884.25,1872.35,23.87,,,16.32,21.09,3.539176226,1.304155588,103.188,4.43505,4.634,4.8075,4.8549,95.6875,95.375,95.305,95.175,4.445,4.655,4.85,4.8599
2023-01-12,1898.8,1915.5,1932.3,24.004,24.194,24.397,1897.09,23.7777,1883.1,1882.55,23.7,,,15.95,18.83,3.440003395,1.223977208,102.246,4.45515,4.6208,4.79,4.8225,95.69,95.415,95.35,95.22,4.475,4.7125,4.845,4.86
2023-01-13,1921.7,1938.5,1955.4,24.372,24.561,24.765,1920.23,24.2643,1904.05,1907.15,23.675,,,16.37,18.35,3.503501892,1.303291678,102.204,4.47525,4.62565,4.7942,4.8475,95.69,95.415,95.35,95.215,4.475,4.6975,4.84,4.84
2023-01-16,1921.7,1938.5,1955.4,24.372,24.561,24.765,1916.02,24.2545,1915.1,1917.0,24.17,,,16.37,19.49,3.503501892,1.303291678,102.204,4.47525,4.62565,4.7942,4.8475,95.69,95.415,95.35,95.215,4.5025,4.715,4.83,4.82
2023-01-17,1909.9,1926.7,1943.6,24.068,24.259,24.445,1908.69,23.9286,1904.95,1913.8,24.1,,,16.49,19.36,3.547576189,1.373617053,102.39,4.482,4.63315,4.7972,4.83775,95.69,95.415,95.35,95.22,4.51,4.73,4.855,4.8001
2023-01-18,1907.0,1923.8,1940.6,23.647,23.836,24.013,1904.11,23.4645,1911.55,1920.7,24.185,,,16.19,20.34,3.369810343,1.237608314,102.363,4.48465,4.63025,4.7754,4.7828,95.69,95.415,95.35,95.23,4.515,4.73,4.835,4.7975
2023-01-19,1923.9,1940.6,1957.2,23.87,24.061,24.25,1932.24,23.8479,1907.5,1918.6,23.445,,,16.71,20.52,3.391451597,1.14436841,102.058,4.50875,4.652,4.8012,4.82,95.6925,95.42,95.355,95.23,4.55,4.735,4.84,4.795
2023-01-20,1928.2,1944.9,1961.7,23.935,24.125,24.308,1926.08,23.933,1928.75,1924.9,23.87,,,16.4,19.85,3.478725195,1.236228704,102.012,4.51175,4.6518,4.808,4.8313,95.69,95.425,95.36,95.23,4.55,4.735,4.855,4.83
2023-01-23,1928.6,1945.4,1962.4,23.554,23.746,23.943,1931.04,23.458,1927.2,1914.85,23.675,,,16.2,19.81,3.509849072,1.242118716,102.138,4.5274,4.6592,4.8173,4.8535,95.6925,95.425,95.355,95.205,4.55,4.71,4.85,4.83
2023-01-24,1935.4,1952.2,1969.3,23.749,23.943,24.148,1937.36,23.676,1936.5,1920.75,23.71,,,16.17,19.2,3.452730894,1.166658759,101.918,4.5286,4.65985,4.8162,4.8435,95.6925,95.43,95.36,95.22,4.55,4.715,4.855,4.825
2023-01-25,1942.6,1959.4,1976.3,23.941,24.141,24.351,1946.11,23.913,1925.85,1930.8,23.43,,,16.12,19.08,3.441579819,1.141634107,101.641,4.52925,4.656,4.8017,4.809,95.6925,95.435,95.375,95.235,4.55,4.715,4.855,4.82
2023-01-26,1930.0,1946.7,1963.5,24.02,24.221,24.421,1929.21,23.9125,1936.45,1932.45,23.71,,,15.59,18.73,3.494678259,1.162483573,101.839,4.55435,4.67285,4.8235,4.83562,95.695,95.435,95.37,95.225,4.555,4.735,4.86,4.795
2023-01-27,1929.4,1945.6,1962.3,23.622,23.822,24.022,1928.04,23.604,1928.25,1923.05,23.725,,,15.23,18.51,3.503453255,1.182540894,101.927,4.55735,4.66985,4.819,4.835,95.695,95.44,95.375,95.23,4.555,4.735,4.86,4.795
2023-01-30,1922.9,1939.2,1956.0,23.733,23.936,24.136,1923.17,23.6005,1926.75,1924.1,23.635,,,15.59,19.94,3.536560535,1.247170091,102.276,4.567,4.68235,4.833,4.8599,95.695,95.44,95.375,95.225,4.58,4.77,4.92,4.9
2023-01-31,1929.5,1945.3,1962.2,23.836,24.041,24.253,1928.36,23.7305,1905.2,1923.9,22.995,,,15.75,19.4,3.506853819,1.259001136,102.097,4.57465,4.683,4.828,4.8445,95.44,95.375,95.23,95.135,3.585,4.775,4.9,4.8776
2023-02-01,1942.8,1959.7,1976.9,23.609,23.812,24.026,1950.52,23.9835,1925.6,1925.9,23.495,,,15.22,17.87,3.41664505,1.15331769,101.217,4.56765,4.68,4.8155,4.8034,95.4475,95.385,95.24,95.145,3.585,4.785,4.905,4.8888
2023-02-02,1930.8,1947.6,1964.7,23.615,23.818,24.034,1912.72,23.4665,1954.9,1921.65,24.435,,,15.14,18.73,3.392709017,1.149151564,101.75,4.5671,4.6923,4.8218,4.8073,95.4475,95.385,95.24,95.15,3.585,4.79,4.9,4.8863
2023-02-03,1876.6,1893.3,1910.3,22.405,22.607,22.82,1864.97,22.353,1910.0,1875.35,23.49,,,15.06,18.33,3.524627447,1.290467739,102.915,4.5665,4.70995,4.8883,4.9435,95.4475,95.38,95.21,95.07,4.58,4.795,4.955,4.91
2023-02-06,1879.5,1896.1,1913.1,22.237,22.436,22.657,1867.48,22.27,1873.5,1873.25,22.38,,,15.81,19.43,3.639897108,1.373051524,103.621,4.5665,4.7228,4.9445,5.0629,95.45,95.37,95.195,95.03,4.64,4.77,4.94,4.965
2023-02-07,1884.8,1901.5,1918.7,22.177,22.38,22.576,1873.1,22.1715,1873.8,1870.7,22.205,,,15.62,18.66,3.673535347,1.350917459,103.427,4.56235,4.72575,4.9445,5.05955,95.455,95.375,95.195,95.015,4.625,4.75,4.955,4.9975
2023-02-08,1890.7,1907.7,1925.0,22.42,22.621,22.819,1875.49,22.319,1880.75,1872.65,22.45,,,15.46,19.63,3.609754086,1.253362417,103.409,4.5605,4.73,4.9412,5.0409,95.455,95.375,95.19,95.015,4.63,4.75,4.955,5.03
2023-02-09,1878.5,1895.3,1912.7,22.143,22.34,22.532,1861.78,21.9774,1882.1,1879.1,22.465,,,15.52,20.71,3.657898664,1.32376802,103.221,4.5623,4.757,4.9625,5.0689,95.455,95.37,95.185,95.01,4.61,4.76,4.975,5.0075
2023-02-10,1874.5,1891.2,1908.8,22.075,22.265,22.465,1865.57,22.0037,1864.1,1859.7,22.115,,,15.46,20.53,3.732042789,1.397432089,103.63,4.5624,4.76,4.977,5.11195,95.455,95.37,95.185,95.005,4.625,4.76,4.98,5.04
2023-02-13,1863.5,1880.1,1897.6,21.852,22.042,22.239,1853.49,21.9925,1858.5,1856.05,21.985,,,15.58,20.34,3.701559782,1.382924676,103.345,4.56315,4.7649,4.9883,5.11575,95.455,95.365,95.18,95.0,4.59,4.77,4.995,5.08
2023-02-14,1865.4,1882.1,1899.6,21.873,22.06,22.236,1854.31,21.8525,1860.5,1863.7,21.71,,,14.88,18.91,3.743497372,1.430247903,103.233,4.56335,4.772,5.0106,5.1855,95.455,95.365,95.18,94.99,4.63,4.795,5.02,5.12
2023-02-15,1845.3,1862.0,1879.6,21.572,21.749,21.93,1836.01,21.6264,1835.45,1831.2,21.47,,,14.9,18.23,3.804863691,1.45534265,103.923,4.562,4.777,5.00725,5.16955,95.455,95.365,95.175,94.99,4.625,4.805,5.04,5.175
2023-02-16,1851.8,1868.6,1886.2,21.71,21.875,22.06,1836.36,21.5785,1837.3,1828.95,21.565,,,14.92,20.17,3.860825777,1.482246637,103.856,4.5605,4.81075,5.0395,5.1925,95.455,95.365,95.175,94.99,4.595,4.84,5.065,5.2
2023-02-17,1850.2,1866.9,1884.7,21.715,21.861,22.037,1842.36,21.7302,1824.5,1833.95,21.215,,,14.69,20.02,3.814787865,1.447994351,103.862,4.56095,4.816,5.0515,5.1985,95.4575,95.365,95.165,94.95,4.585,4.87,5.13,5.245
2023-02-20,1850.2,1866.9,1884.7,21.715,21.861,22.037,1841.38,21.8171,1844.2,1845.8,21.71,,,14.69,21.23,3.814787865,1.447994351,103.862,4.56095,4.816,5.0515,5.1985,95.4575,95.365,95.165,94.95,4.6225,4.8775,5.1275,5.2501
2023-02-21,1842.5,1859.2,1877.0,21.89,22.027,22.212,1835.09,21.8335,1833.2,1836.85,21.775,,,15.48,22.87,3.952543259,1.523566842,104.176,4.563,4.842,5.099,5.2808,95.4575,95.355,95.145,94.92,4.62,4.89,5.14,5.235
2023-02-22,1841.5,1858.3,1876.0,21.677,21.816,21.997,1825.39,21.5099,1833.45,1835.75,21.86,,,15.05,22.29,3.915600538,1.507131696,104.585,4.5705,4.8555,5.11212,5.2845,95.4575,95.355,95.14,94.905,4.63,4.91,5.18,5.25
2023-02-23,1826.8,1843.6,1861.3,21.306,21.438,21.616,1822.28,21.3085,1826.95,1826.05,21.52,,,14.84,21.14,3.876834631,1.477696061,104.598,4.6045,4.88725,5.1209,5.279,95.4575,95.355,95.14,94.905,4.66,4.935,5.205,5.285
2023-02-24,1817.1,1833.9,1851.5,20.81,20.936,21.111,1811.04,20.764,1824.1,1810.95,21.09,,,14.56,21.67,3.943246126,1.564290762,105.214,4.6143,4.8834,5.1353,5.333,95.46,95.36,95.145,94.91,4.645,4.93,5.24,5.25
2023-02-27,1824.9,1841.6,1859.4,20.67,20.793,20.972,1817.14,20.63,1809.05,1818.65,20.73,,,14.35,20.95,3.914082527,1.538162947,104.673,4.6597,4.8878,5.14,5.3285,95.4575,95.3625,95.15,94.915,4.675,4.96,5.25,5.3575
2023-02-28,1836.7,1853.2,1871.4,20.961,21.071,21.25,1826.92,20.9114,1810.2,1824.6,20.525,,,14.17,20.7,3.92001462,1.540019512,104.869,4.66165,4.893,5.1555,5.33825,95.3625,95.15,94.915,94.795,4.625,4.95,5.215,5.35
2023-03-01,1845.4,1862.1,1880.3,21.095,21.276,21.467,1836.72,20.993,1833.5,1841.25,20.995,,,14.16,20.58,3.992491961,1.55325079,104.483,4.66895,4.9175,5.1827,5.38395,95.3625,95.14,94.9,94.775,4.695,4.97,5.275,5.3525
2023-03-02,1840.5,1857.3,1875.5,20.901,21.076,21.258,1835.87,20.8975,1831.75,1836.2,20.8,,,13.94,19.59,4.05562973,1.568260431,105.027,4.69337,4.9228,5.17715,5.368,95.3625,95.14,94.895,94.77,4.735,4.98,5.295,5.42
2023-03-03,1854.6,1871.4,1889.6,21.238,21.411,21.593,1856.48,21.2613,1845.55,1841.15,21.09,,,13.93,18.49,3.951724291,1.432636857,104.521,4.70695,4.9391,5.1925,5.367,95.3625,95.14,94.885,94.765,4.735,4.98,5.285,5.42
2023-03-06,1854.6,1871.4,1889.4,21.135,21.321,21.507,1846.86,21.052,1851.7,1849.05,21.085,,,14.24,18.61,3.957695007,1.469152451,104.35,4.7286,4.953,5.211,5.3955,95.36,95.135,94.875,94.75,4.72,4.945,5.28,5.395
2023-03-07,1820.0,1836.8,1854.9,20.199,20.383,20.579,1813.45,20.076,1843.05,1826.55,20.91,,,14.2,19.59,3.963671684,1.574114919,105.615,4.79055,5.059,5.352,5.5533,95.3325,95.045,94.74,94.595,4.77,5.04,5.37,5.515
2023-03-08,1818.6,1835.6,1853.9,20.151,20.331,20.53,1813.8,20.0257,1813.35,1816.3,20.105,,,13.79,19.11,3.991259575,1.658959746,105.658,4.8115,5.102,5.4,5.6095,95.3225,95.02,94.7,94.55,4.805,5.08,5.455,5.565
2023-03-09,1834.6,1851.5,1869.8,20.165,20.345,20.546,1831.03,20.073,1817.5,1831.4,20.12,,,14.3,22.61,3.903245449,1.598995686,105.309,4.8261,5.0727,5.322,5.455,95.33,95.035,94.735,94.595,4.785,5.09,5.39,5.5201
2023-03-10,1867.2,1884.0,1902.1,20.506,20.686,20.885,1868.26,20.5395,1834.95,1861.25,20.09,,,16.57,24.8,3.698710918,1.403761387,104.576,4.79555,5.00515,5.184,5.1765,95.36,95.105,94.86,94.785,4.825,5.02,5.21,4.98
2023-03-13,1916.5,1933.0,1949.8,21.923,22.092,22.278,1913.7,21.8026,1882.1,1911.3,21.095,,,20.0,26.52,3.573229313,1.318574309,103.595,4.6647,4.7287,4.5405,4.2466,95.4275,95.295,95.25,95.3,4.735,4.845,4.845,4.965
2023-03-14,1910.9,1927.4,1944.3,22.04,22.214,22.4,1904.01,21.697,1901.45,1907.55,21.64,,,17.95,23.73,3.689223528,1.386620522,103.597,4.7415,4.8735,4.844,4.659,95.385,95.25,95.125,95.155,4.78,4.84,4.865,4.485
2023-03-15,1931.3,1948.1,1964.2,21.882,22.058,22.227,1918.58,21.7755,1906.0,1923.4,22.095,,,19.75,26.14,3.454786301,1.173036933,104.646,4.66813,4.747,4.5535,4.25,95.405,95.295,95.17,95.295,4.785,4.85,4.69,4.27
2023-03-16,1923.0,1939.7,1956.9,21.692,21.87,22.057,1919.52,21.6968,1919.4,1922.75,22.01,,,17.38,22.99,3.577043295,1.349671245,104.418,4.75113,4.855,4.797,4.61155,95.38,95.235,95.1,95.13,4.8287,4.9241,4.775,4.4518
2023-03-17,1973.5,1990.2,2007.1,22.462,22.642,22.821,1989.25,22.602,1930.9,1962.1,21.885,,,22.83,25.51,3.428552389,1.32747376,103.708,4.724,4.7627,4.5769,4.3088,95.3875,95.275,95.22,95.345,4.8606,4.9,4.85,4.6708
2023-03-20,1982.8,1999.7,2016.5,22.646,22.821,23.01,1978.84,22.5445,1981.95,1969.35,22.495,,,21.4,24.15,3.484693289,1.320650816,103.281,4.7544,4.8397,4.7268,4.4935,95.3875,95.255,95.145,95.24,4.8159,4.855,4.75,4.206
2023-03-21,1941.1,1958.3,1975.4,22.425,22.605,22.788,1940.07,22.388,1965.95,1952.5,22.465,,,19.14,21.38,3.609356642,1.363770723,103.256,4.78095,4.8894,4.882,4.7305,95.385,95.235,95.085,95.09,4.895,5.045,4.99,4.805
2023-03-22,1949.6,1966.6,1983.8,22.786,22.968,23.165,1970.11,22.9896,1941.85,1949.35,22.345,,,19.22,22.26,3.434089184,1.179055452,102.346,4.8054,4.881,4.8202,4.603,95.375,95.2,95.075,95.115,4.9763,5.0217,5.0023,4.8397
2023-03-23,1995.9,2013.3,2030.4,23.256,23.443,23.627,1993.4,23.1045,1977.55,1977.95,22.9,,,20.95,22.61,3.426593304,1.167207956,102.532,4.79757,4.856,4.75625,4.47215,95.375,95.205,95.13,95.195,4.9781,5.0215,4.932,4.6656
2023-03-24,1983.8,2001.7,2018.8,23.339,23.528,23.716,1978.21,23.2275,1996.15,1993.8,23.17,,,19.96,21.74,3.376176119,1.16046381,103.116,4.7934,4.8317,4.7201,4.4095,95.375,95.21,95.155,95.22,4.905,4.8896,4.7912,4.4734
2023-03-27,1953.8,1971.5,1988.7,23.145,23.335,23.532,1956.67,23.081,1960.25,1946.25,22.89,,,19.18,20.6,3.529851913,1.272064924,102.857,4.8115,4.904,4.86,4.627,95.3725,95.195,95.08,95.1,4.9819,5.0037,4.9136,4.5742
2023-03-28,1973.5,1990.4,2007.9,23.42,23.61,23.793,1973.54,23.334,1949.85,1962.85,23.045,,,19.03,19.97,3.569597006,1.263538957,102.43,4.806,4.88937,4.8625,4.685,95.3725,95.2,95.095,95.11,4.9872,5.029,4.9655,4.6834
2023-03-29,1966.9,1984.5,2002.1,23.466,23.658,23.843,1964.7,23.335,1965.85,1965.0,23.255,,,17.77,19.12,3.563919544,1.226819873,102.64,4.80245,4.89045,4.87105,4.704,95.3725,95.2,95.095,95.11,4.9915,5.0422,5.0107,4.775
2023-03-30,1980.3,1997.7,2015.6,23.989,24.182,24.379,1980.37,23.903,1968.1,1965.8,23.71,,,18.39,19.02,3.548771858,1.214906096,102.144,4.8035,4.9095,4.89955,4.732,95.3725,95.2,95.08,95.09,4.9783,5.0518,5.0242,4.7969
2023-03-31,1969.0,1986.2,2004.1,24.156,24.35,24.549,1969.28,24.099,1978.8,1979.7,23.885,,,17.31,18.7,3.467642069,1.13934052,102.506,4.8067,4.91485,4.90975,4.717,95.2025,95.08,95.09,95.11,4.965,5.0628,5.0258,4.8176
2023-04-03,2000.4,2018.5,2036.5,24.021,24.22,24.424,1984.65,23.9845,1963.1,1983.3,23.925,,,18.25,18.55,3.411374807,1.108903885,102.093,4.81375,4.936,4.93335,4.704,95.1975,95.05,95.05,95.06,4.9934,5.0848,5.0599,4.8797
2023-04-04,2038.2,2056.2,2074.1,25.101,25.306,25.507,2020.42,25.0056,1982.25,2009.6,24.015,,,19.73,19.0,3.338654518,1.079385757,101.586,4.828,4.9019,4.852,4.5665,95.19,95.08,95.1,95.15,5.0036,5.0884,5.0618,4.8552
2023-04-05,2035.6,2053.6,2071.0,25.037,25.248,25.454,2020.73,24.9415,2022.3,2030.85,24.74,,,18.98,19.08,3.310781479,1.067589283,101.852,4.8255,4.903,4.8375,4.537,95.1925,95.095,95.115,95.17,4.9636,5.0036,4.9652,4.6558
2023-04-06,2026.4,2044.4,2061.9,25.093,25.299,25.5,2007.91,24.9798,2017.25,2001.9,24.935,,,18.44,18.4,3.305024862,1.054062605,101.822,4.835,4.9154,4.864,4.592,95.1925,95.085,95.095,95.14,4.9833,4.9681,4.8865,4.4145
2023-04-07,2026.4,2044.4,2061.9,25.093,25.299,25.5,2007.91,24.9781,2017.25,2001.9,24.935,,,18.44,18.4,3.390614986,1.124110103,102.092,4.8537,4.9683,4.95533,4.73145,95.19,95.035,95.02,95.04,4.9833,4.9681,4.8865,4.4145
2023-04-10,2003.8,2021.8,2039.5,24.912,25.126,25.34,1991.48,24.873,2017.25,2001.9,24.935,,,18.54,18.97,3.416820288,1.138522148,102.578,4.8635,4.97885,4.977,4.75705,95.1875,95.025,95.005,95.01,4.965,4.99,4.935,4.4146
2023-04-11,2019.0,2037.3,2055.4,25.186,25.405,25.621,2003.62,25.0615,2001.5,2002.7,25.055,,,18.33,19.1,3.426174164,1.129195452,102.204,4.8799,4.9815,4.9713,4.7415,95.1875,95.025,95.0,95.005,4.9414,5.0604,5.0406,4.7971
2023-04-12,2024.9,2043.3,2061.7,25.458,25.676,25.888,2014.93,25.5013,2008.9,2008.2,25.145,,,17.69,19.09,3.390556097,1.10801816,101.5,4.878,4.98155,4.9508,4.7001,95.19,95.025,95.0,95.02,4.9688,5.0727,5.0571,4.7824
2023-04-13,2055.3,2073.8,2092.3,25.925,26.143,26.36,2040.22,25.828,2027.1,2048.45,25.62,,,18.48,17.8,3.44492054,1.150426745,101.011,4.8889,4.9815,4.949,4.7013,95.1925,95.03,95.01,95.03,4.9532,5.0591,5.037,4.7643
2023-04-14,2015.8,2034.4,2052.9,25.46,25.684,25.902,2004.17,25.348,2035.65,2019.4,26.025,,,17.16,17.07,3.512840748,1.204188943,101.552,4.90932,5.0218,5.0255,4.8129,95.19,95.005,94.965,94.96,4.975,5.075,5.1,4.86
2023-04-17,2007.0,2025.7,2044.1,25.088,25.307,25.526,1995.19,25.033,2009.8,1995.55,25.39,,,17.37,16.95,3.600361586,1.285821795,102.103,4.925,5.04635,5.06455,4.87145,95.19,94.995,94.935,94.92,4.9902,5.1212,5.1496,4.8616
2023-04-18,2019.7,2038.5,2057.0,25.263,25.484,25.703,2005.45,25.1925,1999.3,1999.4,25.09,,,17.14,16.83,3.575567245,1.279827118,101.745,4.9385,5.04655,5.07195,4.88585,95.19,94.995,94.94,94.92,5.01,5.125,5.165,4.925
2023-04-19,2007.3,2025.9,2044.3,25.371,25.59,25.809,1994.93,25.2915,1976.1,1990.55,24.75,,,17.21,16.46,3.590849161,1.296270132,101.968,4.94438,5.059,5.0945,4.91975,95.19,94.99,94.925,94.895,5.0181,5.1364,5.1675,4.9786
2023-04-20,2019.1,2037.9,2056.4,25.373,25.595,25.816,2004.8,25.2902,1994.05,2007.15,25.4,,,17.21,17.17,3.531817675,1.255782247,101.84,4.95895,5.057,5.071,4.8535,95.19,94.995,94.94,94.915,5.0315,5.1357,5.1687,4.9422
2023-04-21,1990.5,2009.2,2027.7,25.058,25.28,25.503,1983.06,25.0846,1986.1,1973.65,25.155,,,16.42,16.77,3.571825027,1.279172182,101.822,4.97,5.062,5.07945,4.874,95.19,94.995,94.935,94.915,5.02,5.13,5.14,4.935
2023-04-24,1999.8,2018.6,2037.1,25.311,25.524,25.752,1989.14,25.16,1986.15,1978.2,25.03,,,16.88,16.89,3.49009347,1.206931591,101.348,4.9805,5.064,5.065,4.808,95.19,94.985,94.925,94.905,5.0487,5.1487,5.1613,4.9341
2023-04-25,2004.5,2023.5,2042.0,24.882,25.088,25.305,1997.39,25.014,1990.2,1987.4,24.895,,,17.72,18.76,3.399566412,1.148803949,101.863,4.97305,5.032,5.005,4.7031,95.19,95.015,94.98,94.985,5.0487,5.125,5.125,4.8106
2023-04-26,1996.0,2014.9,2033.4,24.876,25.071,25.283,1989.04,24.8812,1999.05,2003.0,24.85,,,17.74,18.84,3.448487282,1.174430013,101.467,4.9757,5.0448,5.0295,4.7375,95.1925,95.025,94.985,94.98,5.0477,5.1243,5.0989,4.787
2023-04-27,1999.0,2017.9,2036.5,24.983,25.209,25.427,1987.78,24.9276,1997.65,1985.65,25.145,,,17.28,17.03,3.520443439,1.250856876,101.503,5.0149,5.084,5.084,4.825,95.19,94.995,94.935,94.91,5.0936,5.1375,5.1193,4.7847
2023-04-28,1999.1,2018.3,2036.7,24.999,25.226,25.444,1990.0,25.0545,1982.7,1982.55,24.765,,,16.47,15.78,3.422021151,1.210500598,101.659,5.01375,5.068,5.0595,4.79,94.995,94.935,94.915,94.955,5.1176,5.1838,5.1834,4.8749
2023-05-01,1992.2,2011.4,2030.2,25.23,25.444,25.764,1982.56,24.9915,1982.7,1982.55,24.765,,,16.63,16.08,3.568121195,1.319385886,102.151,5.0473,5.11225,5.121,4.88865,94.9825,94.92,94.89,94.915,5.1102,5.1791,5.1814,4.9157
2023-05-02,2023.3,2042.5,2061.4,25.619,25.83,26.152,2016.68,25.3715,1980.9,1995.4,24.77,,,18.69,17.78,3.423866034,1.226030827,101.958,5.0367,5.0566,5.0145,4.72625,94.9975,94.97,94.985,95.045,5.166,5.2105,5.2112,4.9246
2023-05-03,2037.0,2056.2,2075.1,25.681,25.892,26.204,2038.97,25.577,2016.9,2014.3,25.25,,,18.7,18.34,3.335592985,1.146293283,101.343,5.0505,5.05825,4.9855,4.6205,94.9725,94.93,94.925,94.995,5.1981,5.2179,5.1783,4.8574
2023-05-04,2055.7,2075.0,2093.9,26.227,26.443,26.764,2050.28,26.0505,2036.05,2044.7,25.625,,,20.35,20.09,3.378657818,1.187400222,101.399,5.048,5.0505,4.9615,4.5659,94.9825,94.97,95.005,95.125,5.1756,5.1762,5.1469,4.7259
2023-05-05,2024.8,2044.2,2063.2,25.93,26.144,26.473,2016.79,25.6663,2038.9,2000.95,25.84,,,18.5,17.19,3.436990261,1.217551708,101.214,5.052,5.072,5.01045,4.662,94.9775,94.95,94.95,95.025,5.235,5.2364,5.1297,4.6988
2023-05-08,2033.2,2052.8,2072.0,25.834,26.046,26.379,2021.16,25.552,2038.9,2000.95,25.84,,,18.67,16.98,3.50715065,1.26507318,101.377,5.056,5.08648,5.037,4.7197,94.975,94.93,94.92,94.99,5.2228,5.2298,5.1744,4.7814
2023-05-09,2042.9,2062.4,2081.7,25.898,26.113,26.453,2034.56,25.6022,2025.6,2030.2,25.565,,,18.73,17.71,3.518578768,1.279841423,101.605,5.0595,5.105,5.05695,4.73455,94.9725,94.92,94.905,94.975,5.245,5.28,5.22,4.8045
2023-05-10,2037.1,2056.5,2075.9,25.658,25.875,26.216,2030.09,25.4022,2029.6,2037.15,25.52,,,18.37,16.94,3.442618132,1.248707414,101.477,5.059,5.0766,5.00675,4.6385,94.975,94.94,94.95,95.035,5.255,5.26,5.2,4.85
2023-05-11,2020.5,2039.9,2059.0,24.424,24.648,24.988,2015.05,24.1835,2025.75,2015.95,24.885,,,17.77,16.93,3.384274244,1.20989573,102.058,5.056,5.08,5.004,4.6335,94.97,94.93,94.935,95.02,5.2318,5.2388,5.1773,4.7634
2023-05-12,2019.8,2039.1,2058.3,24.154,24.371,24.705,2010.77,23.969,2006.65,2019.9,23.855,,,17.37,17.03,3.462511301,1.273108602,102.681,5.06,5.0915,5.0325,4.6945,94.97,94.925,94.915,94.985,5.22,5.2294,5.185,4.815
2023-05-15,2022.7,2042.1,2061.4,24.291,24.502,24.832,2016.49,24.0855,2015.3,2019.9,23.89,,,17.52,17.12,3.501874924,1.297480345,102.434,5.0693,5.10465,5.055,4.71355,94.97,94.915,94.905,94.97,5.22,5.2294,5.19,4.8099
2023-05-16,1993.0,2012.2,2031.4,23.893,24.101,24.42,1989.17,23.7491,2009.9,2007.45,23.785,,,17.62,17.99,3.533869982,1.328905463,102.564,5.0747,5.1115,5.072,4.761,94.9675,94.91,94.895,94.95,5.1974,5.245,5.1882,4.85
2023-05-17,1984.9,2003.7,2022.9,23.897,24.106,24.412,1981.84,23.7505,1985.75,1974.4,23.685,,,16.99,16.87,3.564089775,1.342942119,102.882,5.0785,5.13225,5.09962,4.809,94.9675,94.895,94.87,94.915,5.2041,5.2274,5.2084,4.8962
2023-05-18,1959.8,1978.3,1997.2,23.633,23.845,24.165,1957.55,23.4925,1976.95,1960.3,23.52,,,16.95,16.05,3.645728827,1.407934785,103.584,5.091,5.1662,5.15375,4.8895,94.9675,94.88,94.835,94.85,5.2004,5.265,5.255,4.955
2023-05-19,1981.6,2000.3,2019.2,24.06,24.273,24.591,1977.81,23.8525,1965.55,1961.6,23.66,,,17.22,16.81,3.672614336,1.426684856,103.198,5.0865,5.141,5.129,4.87162,94.9675,94.9,94.875,94.87,5.21,5.27,5.255,4.94
2023-05-22,1977.2,1995.7,2014.9,23.861,24.075,24.393,1971.86,23.6275,1981.2,1970.3,23.85,,,17.55,17.21,3.714824915,1.470121145,103.198,5.0988,5.1674,5.1704,4.92175,94.9675,94.89,94.85,94.82,5.246,5.2649,5.2414,4.9627
2023-05-23,1974.5,1992.8,2011.9,23.624,23.836,24.148,1975.23,23.4491,1959.65,1969.2,23.16,,,17.66,18.53,3.691874981,1.415375471,103.488,5.1065,5.182,5.183,4.927,94.9675,94.885,94.835,94.795,5.2125,5.3154,5.291,5.0637
2023-05-24,1964.6,1983.1,2002.3,23.24,23.456,23.779,1957.16,23.056,1976.8,1969.65,23.415,,,17.56,20.03,3.741888285,1.485402584,103.887,5.121,5.2339,5.26,5.03425,94.9675,94.865,94.8,94.735,5.2125,5.32,5.315,5.055
2023-05-25,1943.7,1962.3,1981.7,22.91,23.124,23.433,1941.41,22.7405,1962.3,1948.25,23.005,,,16.84,19.14,3.817363024,1.564908504,104.251,5.1522,5.27225,5.316,5.144,94.9675,94.86,94.765,94.66,5.26,5.38,5.405,5.145
2023-05-26,1944.3,1963.1,1982.6,23.36,23.574,23.897,1946.46,23.301,1953.5,1947.9,23.145,,,16.3,17.95,3.798328638,1.546576023,104.206,5.1511,5.2772,5.315,5.1564,94.9675,94.855,94.75,94.655,5.23,5.3316,5.3731,5.15
2023-05-29,1944.3,1963.1,1982.6,23.36,23.574,23.897,1943.19,23.1843,1953.5,1947.9,23.145,,,16.3,17.46,3.798328638,1.546576023,104.206,5.1511,5.2772,5.315,5.1564,94.9675,94.855,94.75,94.655,5.236,5.3688,5.4132,5.3133
2023-05-30,1958.0,1977.1,1996.7,23.239,23.455,23.771,1959.33,23.1749,1949.5,1952.45,23.255,,,15.88,17.46,3.686566591,1.46643436,104.165,5.1656,5.283,5.31435,5.1059,94.9675,94.845,94.74,94.65,5.295,5.39,5.41,5.25
2023-05-31,1963.9,1982.1,2001.7,23.587,23.806,24.135,1962.73,23.4858,1959.0,1964.4,23.255,,,15.63,17.94,3.642599583,1.47452724,104.326,5.133,5.2405,5.26355,5.05475,94.885,94.81,94.705,94.725,5.2682,5.3787,5.3872,5.2002
2023-06-01,1995.5,2015.1,2034.0,23.987,24.207,24.528,1977.61,23.858,1958.75,1974.35,23.49,,,15.5,15.65,3.594996214,1.425823331,103.56,5.1361,5.225,5.2375,4.999,94.8875,94.83,94.745,94.765,5.2498,5.3492,5.3777,5.17
2023-06-02,1969.6,1989.1,2008.0,23.747,23.966,24.299,1947.97,23.606,1981.0,1963.25,23.885,,,14.32,14.6,3.690725088,1.505220413,104.015,5.14262,5.24345,5.284,5.1135,94.88,94.81,94.695,94.705,5.2589,5.3497,5.3594,5.1509
2023-06-05,1974.3,1993.9,2012.9,23.635,23.855,24.184,1961.86,23.545,1942.5,1959.65,23.475,,,14.27,14.73,3.683107138,1.482132196,104.002,5.126,5.2289,5.26725,5.07525,94.8925,94.825,94.71,94.72,5.2545,5.3503,5.4031,5.2052
2023-06-06,1981.5,2001.0,2020.0,23.67,23.889,24.216,1963.52,23.5682,1961.9,1957.25,23.645,,,13.94,13.96,3.660151958,1.462641716,104.125,5.1269,5.2226,5.25575,5.07535,94.905,94.835,94.72,94.73,5.2511,5.3538,5.3906,5.2003
2023-06-07,1958.4,1977.9,1997.1,23.529,23.749,24.066,1940.02,23.4181,1963.05,1967.35,23.585,,,13.81,13.94,3.795245409,1.579968929,104.099,5.141,5.2411,5.276,5.13137,94.9,94.835,94.72,94.725,5.2713,5.3577,5.3993,5.2681
2023-06-08,1978.6,1998.1,2017.2,24.348,24.567,24.878,1965.46,24.2377,1947.25,1966.4,23.67,,,13.94,13.65,3.717937231,1.513685346,103.343,5.139,5.2352,5.26725,5.1126,94.9,94.835,94.725,94.73,5.2738,5.3733,5.4279,5.243
2023-06-09,1977.2,1996.8,2016.1,24.41,24.629,24.941,1961.19,24.293,1963.55,1960.3,24.315,,,13.69,13.83,3.739393234,1.540000558,103.557,5.151,5.25295,5.2919,5.16337,94.8975,94.83,94.71,94.71,5.3069,5.405,5.425,5.274
2023-06-12,1969.7,1989.3,2008.5,24.059,24.275,24.594,1957.84,24.0531,1964.15,1952.9,24.21,,,13.7,15.01,3.735603809,1.549994826,103.654,5.1403,5.253,5.29638,5.16,94.9025,94.835,94.7,94.695,5.3069,5.4,5.195,5.295
2023-06-13,1958.6,1978.1,1997.4,23.822,24.039,24.364,1943.74,23.666,1964.0,1954.4,24.19,,,13.45,14.61,3.81329608,1.609611154,103.338,5.102,5.2111,5.276,5.1985,94.9275,94.875,94.745,94.73,5.2793,5.3736,5.4178,5.2836
2023-06-14,1968.9,1988.3,2007.5,24.105,24.323,24.654,1942.52,23.9191,1951.9,1955.8,23.825,,,12.84,13.88,3.786151886,1.575435281,102.948,5.08113,5.19695,5.27485,5.228,94.94,94.9,94.77,94.745,5.2555,5.35,5.425,5.3207
2023-06-15,1970.7,1990.2,2009.5,23.947,24.158,24.487,1958.01,23.8607,1934.65,1952.35,23.405,,,13.0,14.5,3.716510534,1.488478065,102.115,5.07785,5.2062,5.2845,5.217,94.94,94.9,94.765,94.74,5.2226,5.3477,5.4442,5.363
2023-06-16,1971.2,1990.7,2010.1,24.126,24.339,24.666,1957.98,24.2,1964.1,1959.75,23.99,,,12.4,13.54,3.761335611,1.539117217,102.243,5.0815,5.217,5.301,5.2474,94.9425,94.9,94.745,94.725,5.241,5.3537,5.4457,5.3931
2023-06-19,1971.2,1990.7,2010.1,24.126,24.339,24.666,1950.48,23.9528,1954.35,1951.15,23.95,,,12.4,14.19,3.761335611,1.539117217,102.522,5.0815,5.217,5.301,5.2474,94.9425,94.9,94.745,94.725,5.2427,5.3598,5.4479,5.3781
2023-06-20,1947.7,1967.2,1986.6,23.234,23.445,23.778,1936.42,23.134,1953.85,1930.45,23.77,,,12.73,13.88,3.720738649,1.500623345,102.54,5.0845,5.228,5.31262,5.2445,94.9425,94.895,94.74,94.72,5.2582,5.3779,5.453,5.3825
2023-06-21,1944.9,1964.4,1983.9,22.81,23.019,23.348,1932.55,22.6364,1935.25,1925.65,23.075,,,12.98,13.2,3.718878984,1.508798122,102.071,5.0875,5.2285,5.31363,5.25288,94.9425,94.885,94.73,94.71,5.2495,5.3923,5.4822,5.4388
2023-06-22,1923.7,1943.0,1962.5,22.467,22.67,22.999,1914.01,22.245,1927.95,1920.05,22.62,,,12.96,12.91,3.794648647,1.563791156,102.386,5.08488,5.2374,5.32875,5.29225,94.9425,94.89,94.735,94.715,5.2564,5.3753,5.4748,5.3987
2023-06-23,1929.6,1948.9,1968.4,22.354,22.549,22.878,1921.2,22.428,1919.35,1930.7,22.34,,,12.73,13.44,3.734666824,1.525401592,102.903,5.0805,5.23165,5.31625,5.255,94.945,94.895,94.745,94.725,5.225,5.3765,5.4711,5.4321
2023-06-26,1933.8,1953.1,1972.6,22.826,23.024,23.351,1923.26,22.7905,1930.55,1922.9,22.8,,,13.08,14.25,3.721183777,1.52821219,102.692,5.08687,5.2378,5.32475,5.267,94.945,94.895,94.74,94.725,5.275,5.42,5.485,5.415
2023-06-27,1923.8,1943.0,1962.5,22.96,23.148,23.469,1913.69,22.8595,1923.95,1918.9,22.835,,,12.88,13.74,3.763947725,1.577054381,102.492,5.099,5.2355,5.332,5.3075,94.945,94.905,94.745,94.725,5.2585,5.403,5.4723,5.4208
2023-06-28,1922.2,1941.3,1960.8,22.889,23.084,23.399,1907.32,22.6975,1909.85,1908.4,22.61,,,12.53,13.43,3.707783937,1.529336095,102.905,5.0929,5.2338,5.3339,5.293,94.945,94.91,94.745,94.725,5.2837,5.4001,5.4831,5.4523
2023-06-29,1917.9,1936.8,1956.4,22.591,22.798,23.112,1908.2,22.5645,1904.05,1899.6,22.83,,,12.21,13.54,3.838304043,1.637214899,103.342,5.116,5.261,5.377,5.381,94.9425,94.905,94.725,94.695,5.289,5.3921,5.4944,5.485
2023-06-30,1929.4,1948.5,1968.0,22.81,23.02,23.337,1919.35,22.7747,1903.55,1912.25,22.47,,,12.04,13.59,3.836650133,1.613978267,102.912,5.1415,5.2635,5.373,5.37355,94.9075,94.73,94.7,94.665,5.3173,5.4177,5.5675,5.5599
2023-07-03,1929.5,1948.6,1968.2,23.112,23.433,23.759,1921.64,22.9193,1913.75,1928.75,22.775,,,12.22,13.57,3.854520082,1.600615501,102.988,5.144,5.2735,5.3809,5.3875,94.9025,94.72,94.695,94.66,5.3293,5.4568,5.5911,5.5836
2023-07-04,1929.5,1948.6,1968.2,23.112,23.433,23.759,1925.48,22.9667,1929.75,1927.75,23.005,,,12.22,13.7,3.854520082,1.600615501,103.039,5.1428,5.2738,5.3809,5.388,94.9025,94.72,94.695,94.66,5.3285,5.4588,5.5879,5.5785
2023-07-05,1927.1,1946.2,1965.9,23.402,23.725,24.057,1915.3,23.1087,1928.3,1924.65,22.81,,,12.46,14.18,3.931543589,1.685596585,103.373,5.143,5.2743,5.3752,5.3776,94.9075,94.725,94.7,94.665,5.3323,5.4639,5.6017,5.5917
2023-07-06,1915.4,1934.6,1954.1,22.89,23.215,23.551,1910.9,22.72,1919.15,1908.8,23.17,,,12.25,15.44,4.029143333,1.768562078,103.166,5.169,5.291,5.402,5.4135,94.905,94.715,94.685,94.64,5.3397,5.4732,5.6135,5.5945
2023-07-07,1932.5,1951.6,1971.2,23.289,23.617,23.955,1925.05,23.0888,1915.65,1922.3,22.715,,,12.12,14.83,4.061634541,1.803365707,102.272,5.1785,5.29585,5.4,5.40135,94.9025,94.715,94.685,94.645,5.3545,5.477,5.6209,5.6063
2023-07-10,1931.0,1950.1,1969.7,23.345,23.678,24.01,1925.35,23.13,1925.05,1922.8,23.04,,,12.41,15.07,3.993786097,1.743413448,101.972,5.194,5.29905,5.398,5.36325,94.9025,94.715,94.685,94.65,5.38,5.51,5.62,5.6
2023-07-11,1937.1,1956.2,1975.8,23.281,23.611,23.944,1932.23,23.1222,1936.2,1933.95,23.135,,,12.64,14.84,3.970024586,1.741739988,101.732,5.1976,5.30424,5.41,5.3852,94.9025,94.71,94.68,94.64,5.38,5.49,5.63,5.5975
2023-07-12,1961.7,1980.8,2000.4,24.31,24.643,24.98,1957.35,24.1225,1935.75,1953.3,23.16,,,13.12,13.54,3.857345581,1.58621,100.521,5.201,5.30225,5.38315,5.31015,94.905,94.715,94.695,94.67,5.38,5.49,5.625,5.5701
2023-07-13,1963.8,1982.9,2002.5,24.949,25.282,25.622,1960.51,24.88,1959.6,1958.05,24.26,,,12.73,13.61,3.763370752,1.525601149,99.77,5.22035,5.30437,5.3725,5.2503,94.905,94.715,94.695,94.675,5.39,5.485,5.61,5.505
2023-07-14,1964.4,1983.4,2003.0,25.194,25.531,25.874,1955.21,24.9497,1956.5,1953.7,24.77,,,12.05,13.34,3.832197905,1.59946239,99.914,5.2352,5.3195,5.40075,5.31405,94.9025,94.705,94.69,94.665,5.39,5.5,5.615,5.47
2023-07-17,1956.4,1975.5,1995.1,25.018,25.361,25.709,1955.04,24.8414,1955.05,1949.6,24.81,,,12.34,13.48,3.806775093,1.555030823,99.842,5.24975,5.3245,5.397,5.29135,94.9025,94.7,94.685,94.66,5.3712,5.4876,5.6451,5.4907
2023-07-18,1980.8,1999.8,2019.6,25.256,25.604,25.952,1978.72,25.0558,1961.95,1975.0,24.885,,,12.62,13.3,3.785317183,1.563318253,99.941,5.256,5.3305,5.40625,5.311,94.9025,94.7,94.68,94.655,5.3787,5.4908,5.6427,5.466
2023-07-19,1980.8,1999.9,2019.6,25.387,25.736,26.096,1976.64,25.1452,1978.15,1975.35,25.015,,,12.89,13.76,3.748274088,1.52444005,100.281,5.26445,5.33575,5.4055,5.313,94.9025,94.7,94.68,94.655,5.4186,5.4895,5.6513,5.4881
2023-07-20,1970.9,1990.2,2009.8,24.962,25.31,25.671,1969.53,24.7605,1981.5,1976.1,25.175,,,12.67,13.99,3.850332499,1.541764498,100.88,5.28715,5.345,5.41905,5.348,94.905,94.7,94.68,94.65,5.4432,5.5388,5.6648,5.5286
2023-07-21,1966.6,1985.8,2005.3,24.855,25.204,25.566,1961.94,24.6133,1963.8,1960.6,24.73,,,12.23,13.6,3.834892988,1.483385563,101.071,5.29425,5.3458,5.41325,5.344,94.905,94.7,94.68,94.65,5.4817,5.5505,5.6744,5.5476
2023-07-24,1962.2,1981.6,2001.0,24.581,24.934,25.296,1954.73,24.3477,1964.75,1960.0,24.59,,,12.35,13.91,3.872485876,1.473171711,101.346,5.3083,5.356,5.434,5.38815,94.9025,94.695,94.675,94.645,5.5066,5.5439,5.6687,5.5808
2023-07-25,1963.7,1983.1,2002.8,24.824,25.186,25.558,1964.96,24.6893,1963.1,1958.7,24.555,,,12.42,13.86,3.884468794,1.497873425,101.349,5.316,5.362,5.443,5.38475,94.9,94.695,94.67,94.635,5.5329,5.5545,5.7,5.6146
2023-07-26,1970.1,1989.7,2009.5,24.97,25.333,25.696,1972.07,24.9307,1972.0,1966.3,24.67,,,12.11,13.19,3.866782904,1.498726368,100.887,5.31862,5.3705,5.441,5.37695,94.9,94.69,94.67,94.635,5.5321,5.5605,5.7037,5.6214
2023-07-27,1945.7,1965.3,1985.2,24.367,24.726,25.093,1946.0,24.1355,1975.2,1945.35,25.01,,,12.29,14.41,3.998188972,1.617139101,101.773,5.3156,5.36855,5.43975,5.40755,94.9,94.695,94.67,94.635,5.565,5.6,5.77,5.665
2023-07-28,1960.4,1980.0,1999.9,24.495,24.859,25.232,1959.49,24.3443,1950.15,1954.25,24.225,,,11.78,13.33,3.950652838,1.556038857,101.622,5.3155,5.3645,5.42945,5.37705,94.9,94.695,94.67,94.635,5.5868,5.5946,5.705,5.6062
2023-07-31,1970.5,1989.3,2009.2,24.972,25.335,25.706,1965.09,24.7465,1955.55,1970.65,24.355,,,12.16,13.63,3.958766937,1.582721353,101.855,5.3155,5.36395,5.42885,5.373,94.695,94.67,94.64,94.595,5.5187,5.5979,5.71,5.6208
2023-08-01,1959.2,1978.8,1999.4,24.326,24.688,25.064,1944.29,24.305,1956.75,1947.2,24.515,,,11.83,13.93,4.022986412,1.666612744,102.303,5.31565,5.36375,5.43015,5.37185,94.695,94.67,94.64,94.59,5.515,5.59,5.735,5.6304
2023-08-02,1955.5,1975.0,1995.5,23.872,24.234,24.61,1934.45,23.7167,1949.7,1944.2,24.41,,,12.45,16.09,4.077527523,1.712809563,102.59,5.31515,5.36687,5.42545,5.348,94.695,94.67,94.64,94.595,5.5187,5.5936,5.7118,5.6082
2023-08-03,1949.4,1968.8,1989.1,23.697,24.059,24.432,1934.06,23.5708,1936.9,1935.65,23.555,,,12.79,15.92,4.175109386,1.80229497,102.542,5.31435,5.368,5.432,5.3555,94.695,94.67,94.64,94.59,5.5173,5.5955,5.675,5.6002
2023-08-04,1956.6,1976.1,1996.5,23.716,24.082,24.452,1942.91,23.6345,1934.0,1942.45,23.45,,,12.22,17.1,4.033800125,1.657422543,102.017,5.314,5.3603,5.414,5.3055,94.6975,94.68,94.655,94.605,5.5194,5.5814,5.7003,5.5737
2023-08-07,1950.5,1970.0,1990.4,23.232,23.595,23.964,1936.56,23.1341,1936.9,1931.7,23.395,,,12.24,15.77,4.088460445,1.670529366,102.047,5.3115,5.3627,5.4203,5.3115,94.7,94.68,94.655,94.6,5.53,5.565,5.72,5.555
2023-08-08,1940.5,1959.9,1980.2,22.807,23.157,23.519,1925.24,22.782,1934.8,1926.4,23.04,,,12.21,15.99,4.02203083,1.661908746,102.528,5.3115,5.363,5.4185,5.30375,94.7,94.68,94.655,94.6,5.5145,5.5932,5.67,5.5251
2023-08-09,1931.5,1950.6,1970.7,22.731,23.07,23.424,1914.46,22.6632,1928.4,1922.75,22.705,,,12.33,15.96,4.008106232,1.668067932,102.49,5.31165,5.368,5.423,5.332,94.7,94.68,94.655,94.605,5.535,5.565,5.71,5.5301
2023-08-10,1930.0,1948.9,1968.9,22.821,23.164,23.526,1912.48,22.7043,1920.1,1920.9,22.8,,,11.84,15.85,4.105506897,1.758168101,102.524,5.3075,5.36245,5.412,5.32,94.7025,94.69,94.665,94.615,5.5155,5.5636,5.6763,5.5507
2023-08-11,1927.7,1946.6,1966.5,22.743,23.082,23.448,1913.76,22.6857,1918.05,1915.8,22.69,,,11.54,14.84,4.15223074,1.773407578,102.842,5.309,5.36815,5.42812,5.35385,94.7,94.68,94.655,94.595,5.5042,5.5558,5.6678,5.5433
2023-08-14,1925.2,1944.0,1963.9,22.708,23.034,23.384,1907.1,22.6,1913.5,1903.75,22.725,,,11.97,14.82,4.191329002,1.832661748,103.19,5.311,5.372,5.43895,5.3905,94.7,94.685,94.655,94.585,5.5041,5.5631,5.6854,5.5761
2023-08-15,1916.5,1935.2,1955.1,22.656,22.973,23.317,1902.0,22.5286,1904.1,1903.85,22.41,,,12.11,16.46,4.21099472,1.882504463,103.209,5.3111,5.3701,5.42985,5.36965,94.7,94.685,94.66,94.59,5.4833,5.5553,5.66,5.5851
2023-08-16,1909.8,1928.3,1948.2,22.535,22.856,23.198,1891.81,22.415,1906.8,1904.2,22.695,,,12.43,16.78,4.250394344,1.931728601,103.431,5.31075,5.37625,5.43775,5.38335,94.7,94.685,94.655,94.58,5.4791,5.5277,5.6595,5.5484
2023-08-17,1896.7,1915.2,1935.0,22.715,23.042,23.391,1889.43,22.6928,1893.95,1896.35,22.705,,,12.89,17.89,4.274144173,1.942616701,103.572,5.3105,5.37465,5.4305,5.355,94.7,94.685,94.655,94.58,5.4444,5.5167,5.6738,5.5796
2023-08-18,1898.1,1916.5,1936.4,22.733,23.06,23.41,1889.31,22.75,1891.75,1893.7,22.79,,,12.63,17.3,4.254621506,1.940359473,103.375,5.31205,5.373,5.42688,5.35775,94.7025,94.685,94.66,94.6,5.4671,5.5271,5.657,5.5369
2023-08-21,1905.1,1923.0,1942.9,23.34,23.659,24.008,1894.93,23.307,1890.1,1889.85,22.88,,,12.91,17.13,4.33791399,1.980938196,103.3,5.31695,5.38455,5.4505,5.401,94.7,94.685,94.66,94.58,5.449,5.5195,5.6503,5.534
2023-08-22,1908.1,1926.0,1945.9,23.45,23.763,24.109,1897.48,23.4065,1901.85,1892.75,23.39,,,12.58,16.97,4.324084759,1.964894414,103.563,5.31612,5.38788,5.4575,5.41663,94.7,94.685,94.655,94.575,5.4505,5.5247,5.6676,5.5648
2023-08-23,1929.9,1948.1,1968.1,24.392,24.71,25.054,1915.48,24.3108,1904.55,1916.65,23.75,,,12.67,15.98,4.191847801,1.842587233,103.419,5.31645,5.38565,5.443,5.3785,94.7,94.685,94.655,94.58,5.4496,5.5252,5.66,5.5792
2023-08-24,1928.5,1947.1,1967.2,24.23,24.575,24.923,1916.91,24.1225,1920.7,1917.05,24.185,,,12.53,17.2,4.237151146,1.900632977,103.982,5.326,5.4025,5.4696,5.41925,94.7,94.68,94.64,94.56,5.4535,5.5359,5.675,5.5715
2023-08-25,1921.3,1939.9,1960.0,24.234,24.583,24.933,1914.96,24.226,1917.85,1915.5,24.185,,,12.09,15.68,4.235384941,1.909088254,104.077,5.33,5.41495,5.49355,5.47625,94.6975,94.675,94.635,94.53,5.4645,5.5512,5.7293,5.6353
2023-08-28,1927.9,1946.8,1967.0,24.252,24.605,24.965,1920.17,24.23,1917.85,1915.5,24.185,,,12.21,15.08,4.201969624,1.895802021,104.058,5.3298,5.4225,5.50045,5.474,94.6975,94.675,94.635,94.52,5.49,5.6,5.75,5.69
2023-08-29,1946.1,1965.1,1985.4,24.788,25.139,25.5,1937.54,24.7237,1923.5,1930.0,24.22,,,12.5,14.45,4.119747639,1.831742167,103.531,5.32375,5.39895,5.459,5.3925,94.6975,94.685,94.655,94.56,5.4641,5.5564,5.7457,5.6507
2023-08-30,1954.0,1973.0,1993.4,24.734,25.104,25.465,1942.32,24.6156,1938.35,1947.55,24.62,,,12.39,13.88,4.113937378,1.846981764,103.157,5.326,5.396,5.4535,5.3725,94.6975,94.6875,94.665,94.565,5.4592,5.5368,5.7146,5.5936
2023-08-31,1947.0,1965.9,1986.3,24.472,24.812,25.176,1940.19,24.443,1944.2,1942.3,24.535,,,11.78,13.57,4.108128071,1.865820408,103.619,5.3295,5.3991,5.4496,5.3571,94.6875,94.66,94.575,94.575,5.4597,5.5312,5.7014,5.5806
2023-09-01,1948.4,1967.1,1987.4,24.562,24.926,25.182,1940.06,24.188,1944.3,1940.55,24.645,,,11.28,13.09,4.178797245,1.917359233,104.236,5.325,5.387,5.4341,5.3513,94.69,94.675,94.595,94.595,5.4493,5.535,5.7046,5.5818
2023-09-04,1948.4,1967.1,1987.4,24.562,24.926,25.182,1942.69,23.9915,1942.05,1937.2,24.035,,,11.28,13.82,4.178797245,1.917359233,104.236,5.325,5.387,5.4341,5.3513,94.69,94.675,94.595,94.595,5.4474,5.5216,5.6885,5.64
2023-09-05,1934.3,1952.6,1972.7,23.873,24.234,24.486,1926.12,23.5416,1931.8,1926.1,23.545,,,11.36,14.01,4.25975275,1.957084775,104.807,5.3285,5.3971,5.45445,5.4011,94.6875,94.67,94.565,94.56,5.45,5.5208,5.6835,5.6133
2023-09-06,1925.8,1944.2,1964.3,23.503,23.865,24.116,1916.56,23.1683,1923.45,1922.05,23.475,,,11.31,14.45,4.279659748,1.9716717,104.861,5.3275,5.4015,5.465,5.42835,94.6875,94.67,94.565,94.56,5.4492,5.529,5.7048,5.5942
2023-09-07,1924.1,1942.5,1962.5,23.24,23.593,23.832,1919.68,22.9682,1919.85,1918.35,23.01,,,11.11,14.4,4.244062901,1.929461598,105.059,5.327,5.40082,5.4591,5.39645,94.6875,94.67,94.565,94.56,5.4517,5.5382,5.7163,5.6223
2023-09-08,1924.6,1942.7,1962.6,23.174,23.527,23.766,1919.08,22.9266,1925.55,1927.8,23.01,,,10.99,13.84,4.264099598,1.923589349,105.09,5.33035,5.4068,5.46535,5.41685,94.6875,94.675,94.57,94.56,5.4328,5.532,5.7068,5.5908
2023-09-11,1929.2,1947.2,1967.1,23.383,23.736,23.979,1922.3,23.0785,1926.6,1924.95,23.105,,,10.75,13.8,4.288014412,1.943545103,104.569,5.33225,5.40855,5.4701,5.4199,94.6875,94.67,94.575,94.56,5.4326,5.5092,5.6821,5.6063
2023-09-12,1917.2,1935.1,1955.1,23.402,23.753,23.978,1913.67,23.0658,1918.9,1908.55,22.9,,,10.82,14.23,4.280144215,1.938281655,104.711,5.33461,5.407,5.469,5.4332,94.6875,94.67,94.58,94.56,5.4218,5.5148,5.6943,5.6051
2023-09-13,1914.4,1932.5,1952.6,23.181,23.534,23.761,1908.12,22.838,1912.15,1913.8,22.905,,,10.33,13.48,4.248464584,1.917712212,104.766,5.327,5.399,5.4641,5.4135,94.69,94.685,94.585,94.56,5.4181,5.5145,5.6943,5.6277
2023-09-14,1914.4,1932.8,1952.9,22.994,23.344,23.581,1910.79,22.6491,1906.45,1901.75,22.64,,,10.22,12.82,4.286274433,1.942178965,105.405,5.326,5.39788,5.463,5.42915,94.69,94.68,94.6,94.575,5.4204,5.4941,5.6697,5.5884
2023-09-15,1927.9,1946.2,1966.3,23.386,23.735,23.977,1923.91,23.0361,1918.7,1927.7,23.06,,,10.34,13.79,4.332417488,1.980606794,105.322,5.32312,5.391,5.45705,5.4347,94.6925,94.685,94.61,94.585,5.45,5.515,5.685,5.62
2023-09-18,1935.2,1953.4,1973.5,23.498,23.84,24.074,1933.84,23.2434,1926.4,1923.5,23.195,,,11.1,14.0,4.302551746,1.937346101,105.202,5.3235,5.3934,5.46495,5.44345,94.6925,94.69,94.61,94.575,5.4244,5.4741,5.6695,5.5937
2023-09-19,1935.3,1953.7,1973.7,23.456,23.798,24.041,1931.36,23.2005,1935.0,1934.9,23.33,,,11.09,14.11,4.358645916,1.98363924,105.133,5.32455,5.393,5.4664,5.4571,94.6925,94.69,94.61,94.575,5.42,5.4789,5.6671,5.5957
2023-09-20,1948.6,1967.1,1986.9,23.836,24.181,24.425,1930.3,23.2387,1930.15,1943.35,23.275,,,10.96,15.14,4.407002449,2.048414946,105.328,5.31915,5.39285,5.47645,5.5073,94.695,94.695,94.615,94.58,5.4358,5.4988,5.6691,5.6385
2023-09-21,1921.2,1939.6,1959.2,23.687,24.027,24.263,1920.02,23.401,1923.4,1915.0,23.24,,,11.11,17.54,4.494152069,2.114563227,105.363,5.31703,5.3955,5.4728,5.473,94.6925,94.69,94.615,94.575,5.4684,5.5201,5.6974,5.6879
2023-09-22,1927.2,1945.6,1965.4,23.844,24.186,24.431,1925.23,23.5616,1926.2,1927.35,23.65,,,10.87,17.2,4.433703423,2.056425095,105.583,5.317,5.3845,5.462,5.458,94.6925,94.69,94.63,94.58,5.4691,5.5163,5.6951,5.6831
2023-09-25,1918.2,1936.6,1956.4,23.385,23.728,23.97,1915.92,23.1388,1922.55,1924.85,23.56,,,11.43,16.9,4.533400536,2.173473835,105.998,5.3175,5.3825,5.45975,5.4559,94.6925,94.69,94.64,94.59,5.47,5.5237,5.6875,5.6723
2023-09-26,1901.6,1919.8,1939.4,23.196,23.537,23.784,1900.65,22.8491,1912.3,1907.05,23.015,,,13.63,18.94,4.535583496,2.218221188,106.231,5.31958,5.3826,5.455,5.45038,94.6925,94.695,94.645,94.595,5.4722,5.5134,5.6965,5.6605
2023-09-27,1872.3,1890.9,1910.4,22.724,23.059,23.299,1875.12,22.5456,1895.55,1887.3,22.79,,,13.86,18.22,4.60748148,2.259453297,106.666,5.318,5.392,5.47105,5.4826,94.6925,94.695,94.635,94.585,5.4731,5.504,5.6832,5.6471
2023-09-28,1860.4,1878.6,1898.0,22.741,23.078,23.314,1864.87,22.6238,1874.1,1873.55,22.55,,,13.09,17.34,4.574767113,2.196350813,106.224,5.32,5.39195,5.45835,5.4394,94.6925,94.69,94.635,94.595,5.4694,5.7153,5.696,5.6746
2023-09-29,1848.1,1866.1,1885.4,22.45,22.792,23.032,1848.63,22.1795,1871.6,1870.5,23.075,,,12.94,17.52,4.571113586,2.228629589,106.174,5.3205,5.38826,5.4535,5.435,94.6925,94.645,94.605,94.59,5.4746,5.697,5.6764,5.6427
2023-10-02,1847.2,1866.4,1885.1,21.421,21.753,21.989,1828.03,21.045,1831.85,1833.05,21.62,,,14.13,17.61,4.678526878,2.325339556,106.904,5.3285,5.40913,5.4805,5.4708,94.6925,94.615,94.575,94.555,5.483,5.7177,5.7025,5.6736
2023-10-03,1841.5,1860.7,1879.2,21.377,21.706,21.933,1823.02,21.1731,1828.3,1822.45,21.055,,,15.31,19.78,4.79547739,2.433497667,107.0,5.331,5.4148,5.486,5.4776,94.69,94.61,94.57,94.55,5.4815,5.7,5.7038,5.6707
2023-10-04,1834.8,1853.8,1872.2,21.146,21.469,21.699,1821.36,21.01,1823.25,1818.95,21.105,,,14.58,18.58,4.732944012,2.395766973,106.799,5.32855,5.40588,5.457,5.411,94.6925,94.635,94.595,94.585,5.4839,5.7,5.7021,5.6676
2023-10-05,1831.8,1850.8,1869.2,21.019,21.339,21.558,1820.3,20.9734,1822.75,1819.45,21.13,,,14.7,18.49,4.718543053,2.413120985,106.332,5.335,5.403,5.44875,5.3828,94.69,94.635,94.6,94.59,5.4401,5.6511,5.6395,5.5664
2023-10-06,1845.2,1864.4,1882.9,21.723,22.052,22.282,1833.01,21.6032,1821.9,1819.6,21.115,,,14.03,17.45,4.800884247,2.482919693,106.044,5.347,5.4197,5.474,5.43135,94.69,94.615,94.575,94.56,5.405,5.6356,5.6095,5.5561
2023-10-09,1864.3,1883.5,1902.1,21.924,22.259,22.492,1861.41,21.88,1852.3,1845.5,21.65,,,15.18,17.7,4.800884247,2.482919693,106.083,5.347,5.4197,5.474,5.3415,94.69,94.655,94.615,94.605,5.4162,5.6418,5.618,5.5401
2023-10-10,1875.3,1894.6,1913.1,21.953,22.29,22.524,1860.4,21.8421,1859.7,1857.0,21.715,,,14.49,17.03,4.6529603,2.326372862,105.825,5.3345,5.3934,5.4348,5.3496,94.6925,94.655,94.615,94.605,5.449,5.5905,5.6475,5.5251
2023-10-11,1887.3,1906.8,1925.5,22.133,22.473,22.711,1874.36,22.0375,1870.0,1871.25,22.07,,,14.38,16.09,4.558238506,2.242069244,105.82,5.3284,5.387,5.4304,5.359,94.69,94.665,94.62,94.605,5.4205,5.6383,5.65,5.515
2023-10-12,1883.0,1902.5,1921.2,21.959,22.296,22.532,1868.9,21.8294,1881.15,1874.0,22.14,,,13.98,16.69,4.69691658,2.350487232,106.599,5.334,5.398,5.45455,5.40338,94.6925,94.66,94.605,94.585,5.423,5.673,5.6825,5.57
2023-10-13,1941.5,1961.1,1980.1,22.895,23.229,23.467,1932.82,22.7202,1887.0,1909.2,22.08,,,18.91,19.32,4.61241436,2.271107197,106.648,5.32925,5.3896,5.4413,5.385,94.69,94.665,94.615,94.595,5.4165,5.655,5.673,5.61
2023-10-16,1934.3,1953.9,1973.1,22.765,23.095,23.335,1920.2,22.6145,1914.65,1918.05,22.595,,,16.22,17.21,4.705976009,2.31653142,106.243,5.3354,5.396,5.4544,5.40715,94.69,94.665,94.615,94.59,5.3859,5.6198,5.6164,5.5512
2023-10-17,1935.7,1955.4,1974.6,23.024,23.352,23.587,1923.18,22.8092,1923.45,1928.2,22.68,,,16.59,17.88,4.834128857,2.417321205,106.25,5.33845,5.4117,5.489,5.4657,94.6925,94.66,94.595,94.565,5.397,5.65,5.6583,5.6128
2023-10-18,1968.3,1988.1,2007.6,23.099,23.432,23.671,1947.55,22.8415,1943.85,1955.7,23.21,,,17.38,19.22,4.914867878,2.476884604,106.565,5.3285,5.399,5.4746,5.4567,94.69,94.67,94.605,94.575,5.4096,5.6544,5.6846,5.6299
2023-10-19,1980.5,2000.2,2019.7,23.031,23.367,23.608,1974.46,23.0452,1948.65,1953.55,22.885,,,19.4,21.4,4.989830971,2.499262094,106.253,5.3256,5.38144,5.4475,5.40201,94.69,94.68,94.63,94.605,5.4065,5.6655,5.6866,5.66
2023-10-20,1994.4,2014.5,2034.0,23.504,23.849,24.094,1981.4,23.3747,1984.2,1988.5,23.215,,,18.56,21.71,4.913664818,2.446401834,106.163,5.3211,5.37337,5.43025,5.36052,94.69,94.69,94.645,94.625,5.45,5.6462,5.6961,5.5996
2023-10-23,1987.8,2007.8,2027.3,23.21,23.555,23.797,1972.85,22.9775,1980.95,1973.0,23.185,,,17.28,20.37,4.850213051,2.439025879,105.536,5.32438,5.378,5.441,5.366,94.69,94.685,94.64,94.62,5.453,5.6852,5.6719,5.5821
2023-10-24,1986.1,2006.1,2025.5,23.116,23.46,23.704,1970.97,22.9167,1967.4,1963.65,22.74,,,16.05,18.97,4.822947025,2.427827835,106.27,5.325,5.38325,5.4475,5.3935,94.69,94.685,94.64,94.615,5.4587,5.7011,5.6936,5.5746
2023-10-25,1994.9,2015.0,2034.4,23.007,23.352,23.594,1979.72,22.865,1970.15,1983.3,22.81,,,16.76,20.19,4.954910755,2.516446114,106.528,5.325,5.38585,5.4491,5.4017,94.69,94.685,94.64,94.61,5.4597,5.7048,5.6962,5.5936
2023-10-26,1997.4,2017.6,2037.0,22.908,23.252,23.493,1984.71,22.795,1991.45,1975.0,22.97,,,16.53,20.68,4.844515324,2.418820381,106.602,5.322,5.37664,5.432,5.35775,94.69,94.685,94.65,94.625,5.472,5.697,5.6915,5.5834
2023-10-27,1998.5,2018.7,2038.0,22.887,23.23,23.472,2006.37,23.1199,1987.6,1982.9,22.755,,,17.69,21.27,4.834582806,2.409128904,106.559,5.317,5.372,5.4255,5.3405,94.69,94.69,94.655,94.63,5.495,5.7109,5.689,5.5606
2023-10-30,2005.6,2026.0,2045.5,23.396,23.739,23.981,1996.1,23.3357,1996.15,1997.6,23.15,,,16.84,19.75,4.894223213,2.454405069,106.12,5.31862,5.38115,5.4422,5.369,94.69,94.69,94.645,94.62,5.5168,5.7317,5.7034,5.5546
2023-10-31,1994.3,2014.6,2034.1,22.952,23.292,23.533,1983.88,22.8451,1997.6,1996.9,23.2,,,16.23,18.14,4.930703163,2.512448072,106.663,5.3215,5.38875,5.4559,5.39875,94.6925,94.645,94.615,94.58,5.4995,5.6939,5.7148,5.5548
2023-11-01,1987.5,2007.8,2027.1,22.79,23.127,23.367,1982.53,22.9489,1982.5,1986.35,22.67,,,15.36,16.87,4.734082699,2.311956882,106.884,5.32185,5.3795,5.4254,5.3175,94.69,94.655,94.63,94.605,5.501,5.6978,5.7291,5.5742
2023-11-02,1993.5,2013.9,2033.3,22.846,23.184,23.424,1985.78,22.7652,1986.7,1983.6,23.035,,,14.76,15.66,4.659025669,2.267791986,106.124,5.32035,5.382,5.4298,5.3295,94.69,94.655,94.635,94.61,5.4853,5.6839,5.6572,5.5044
2023-11-03,1999.2,2019.6,2039.1,23.285,23.623,23.864,1992.65,23.2145,1988.5,1994.45,22.64,,,14.04,14.91,4.572375298,2.173638105,105.021,5.32,5.36215,5.3852,5.2348,94.6875,94.665,94.66,94.65,5.4746,5.6379,5.644,5.5145
2023-11-06,1988.6,2009.0,2028.4,23.234,23.575,23.815,1978.14,23.0268,1987.1,1984.6,23.21,,,13.25,14.89,4.643069744,2.22634697,105.215,5.31855,5.3645,5.39585,5.2804,94.69,94.67,94.66,94.645,5.4746,5.639,5.644,5.45
2023-11-07,1973.5,1993.8,2013.2,22.589,22.923,23.162,1969.45,22.635,1967.8,1960.7,22.535,,,13.33,14.81,4.566488743,2.177800417,105.542,5.31965,5.3649,5.3908,5.26345,94.6875,94.67,94.66,94.645,5.503,5.669,5.6488,5.4739
2023-11-08,1957.8,1978.1,1997.4,22.728,23.058,23.29,1950.2,22.5593,1960.1,1959.35,22.44,,,14.07,14.45,4.492477417,2.132256269,105.593,5.3197,5.37,5.4019,5.2846,94.69,94.67,94.66,94.64,5.4826,5.6522,5.6201,5.4714
2023-11-09,1969.8,1989.9,2009.2,22.905,23.242,23.48,1958.55,22.6377,1946.75,1957.45,22.55,,,14.06,15.29,4.624058247,2.276051521,105.91,5.321,5.3785,5.4155,5.3265,94.6875,94.66,94.645,94.615,5.4817,5.6551,5.6252,5.477
2023-11-10,1937.7,1957.7,1976.8,22.281,22.619,22.852,1940.2,22.2675,1953.45,1941.65,22.495,,,13.96,14.17,4.651827335,2.320371151,105.861,5.3205,5.3809,5.4269,5.349,94.685,94.66,94.645,94.61,5.4834,5.6304,5.6386,5.4993
2023-11-13,1950.2,1970.2,1989.4,22.358,22.694,22.928,1946.92,22.3258,1937.45,1931.15,22.075,,,13.92,14.76,4.639917374,2.3196702,105.631,5.323,5.388,5.43375,5.3435,94.685,94.655,94.64,94.605,5.4844,5.6559,5.6531,5.5269
2023-11-14,1966.5,1986.4,2005.6,23.132,23.466,23.699,1964.29,23.0909,1946.55,1969.05,22.35,,,13.73,14.16,4.4472785,2.167104483,104.053,5.3248,5.359,5.3631,5.1983,94.685,94.67,94.67,94.67,5.4879,5.6174,5.5976,5.3961
2023-11-15,1964.3,1984.3,2003.6,23.538,23.877,24.112,1959.85,23.4421,1973.4,1958.2,23.41,,,12.98,14.18,4.531357765,2.227426767,104.394,5.32795,5.36825,5.3807,5.24845,94.685,94.67,94.665,94.66,5.4765,5.5953,5.5683,5.4086
2023-11-16,1987.3,2007.5,2026.9,23.933,24.277,24.512,1980.9,23.7472,1966.5,1980.1,23.67,,,13.04,14.32,4.435537338,2.152546167,104.349,5.32905,5.3658,5.3655,5.2057,94.6825,94.67,94.665,94.665,5.5022,5.6009,5.5889,5.3889
2023-11-17,1984.7,2004.8,2024.2,23.852,24.201,24.44,1980.82,23.7189,1992.15,1981.05,23.995,,,12.97,13.8,4.435446262,2.15878129,103.917,5.3303,5.37,5.3725,5.2283,94.685,94.665,94.66,94.66,5.5031,5.6001,5.5894,5.3906
2023-11-20,1980.3,2000.4,2019.6,23.614,23.959,24.198,1978.07,23.4438,1976.05,1968.7,23.385,,,12.59,13.41,4.419843674,2.118782997,103.438,5.33365,5.3756,5.381,5.24769,94.6825,94.665,94.655,94.65,5.4753,5.6078,5.5992,5.4124
2023-11-21,2001.6,2021.8,2041.0,23.869,24.221,24.457,1998.29,23.7519,1988.55,2006.6,23.53,,,14.09,13.35,4.392607689,2.144213676,103.565,5.339,5.3788,5.3791,5.2357,94.6825,94.665,94.655,94.65,5.4805,5.6152,5.6017,5.4285
2023-11-22,1992.8,2013.2,2032.4,23.688,24.033,24.272,1990.17,23.6316,1999.9,1997.55,23.835,,,13.35,12.85,4.404185295,2.143685102,103.92,5.34115,5.3855,5.3898,5.2535,94.6825,94.66,94.65,94.635,5.4825,5.6158,5.5995,5.4376
2023-11-23,1992.8,2013.2,2032.4,23.688,24.033,24.272,1992.25,23.6785,1992.6,1992.85,23.655,,,13.35,12.8,4.404185295,2.143685102,103.92,5.34105,5.388,5.3932,5.257,94.6825,94.66,94.65,94.635,5.4949,5.6142,5.6015,5.4377
2023-11-24,2003.0,2023.5,2042.8,24.341,24.692,24.937,2000.82,24.33,1995.2,2000.85,23.705,,,13.05,12.46,4.466495991,2.206320047,103.403,5.346,5.3901,5.40035,5.2765,94.6825,94.66,94.65,94.625,5.4881,5.6255,5.6039,5.4337
2023-11-27,2012.4,2033.0,2052.3,24.681,25.038,25.283,2014.13,24.649,2011.7,2013.7,24.755,,,13.31,12.69,4.386550426,2.17547369,103.199,5.3412,5.3842,5.39095,5.25345,94.68,94.66,94.65,94.63,5.4978,5.6367,5.6115,5.4579
2023-11-28,2040.0,2060.2,2079.6,24.935,25.302,25.547,2040.97,25.0263,2014.0,2025.65,24.65,,,15.54,12.69,4.32067728,2.098876715,102.746,5.339,5.3729,5.3573,5.1749,94.68,94.6675,94.66,94.645,5.493,5.6275,5.5898,5.3836
2023-11-29,2047.1,2067.1,2086.6,25.072,25.443,25.688,2044.24,25.0201,2037.6,2046.95,24.965,,,15.04,12.98,4.255187035,2.047859192,102.765,5.3436,5.3712,5.33455,5.09959,94.68,94.6725,94.665,94.665,5.5428,5.6267,5.5641,5.338
2023-11-30,2038.1,2057.2,2076.7,25.293,25.66,25.903,2036.41,25.272,2037.85,2035.45,25.02,,,14.22,12.92,4.326366425,2.087131023,103.497,5.34605,5.37,5.3315,5.0997,94.67,94.66,94.66,94.695,5.545,5.6151,5.5488,5.3162
2023-12-01,2089.7,2109.2,2129.0,25.857,26.099,26.336,2072.22,25.486,2044.55,2045.4,25.16,,,16.96,12.63,4.195559025,1.978158712,103.268,5.3438,5.358,5.289,4.9948,94.6725,94.665,94.695,94.745,5.5989,5.6299,5.5459,5.247
2023-12-04,2042.2,2061.6,2081.3,24.907,25.15,25.384,2029.42,24.5055,2066.95,2049.05,25.165,,,17.13,13.08,4.252933025,2.050615311,103.712,5.361,5.3768,5.3169,5.0503,94.6525,94.645,94.675,94.72,5.7435,5.6198,5.5193,5.1898
2023-12-05,2036.3,2055.7,2075.1,24.546,24.786,25.018,2019.36,24.1588,2023.45,2023.35,24.27,,,15.46,12.85,4.164880276,1.977556586,104.05,5.364,5.37658,5.30543,5.02325,94.65,94.64,94.675,94.72,5.6185,5.6375,5.529,5.195
2023-12-06,2047.9,2067.3,2086.9,24.228,24.468,24.701,2025.55,23.8993,2021.4,2026.4,24.095,,,15.4,12.97,4.104005814,1.950956464,104.153,5.352,5.368,5.3005,5.0388,94.6575,94.65,94.68,94.725,5.612,5.598,5.495,5.1965
2023-12-07,2046.4,2065.8,2085.5,24.059,24.299,24.528,2028.47,23.8017,2033.3,2026.9,23.91,,,14.93,13.06,4.149475574,1.995453954,103.541,5.3562,5.3707,5.3001,5.0285,94.6575,94.65,94.685,94.73,5.6578,5.5519,5.4577,5.1678
2023-12-08,2014.5,2033.9,2053.7,23.276,23.516,23.749,2004.67,23.0006,2030.0,2008.1,23.79,,,14.14,12.35,4.225649357,2.002439499,104.01,5.3589,5.38235,5.3378,5.1109,94.6575,94.65,94.655,94.685,5.6747,5.5766,5.4778,5.1473
2023-12-11,1993.7,2013.0,2032.7,23.058,23.289,23.519,1981.95,22.8195,1991.95,1986.65,22.92,,,13.99,12.63,4.233253956,2.031397343,104.095,5.362,5.38486,5.339,5.108,94.66,94.65,94.655,94.685,5.6651,5.5661,5.4883,5.2491
2023-12-12,1993.2,2012.5,2032.1,23.016,23.246,23.472,1979.54,22.7743,1986.9,1980.85,22.955,,,12.82,12.07,4.200591564,2.037156105,103.865,5.3605,5.383,5.342,5.1165,94.66,94.65,94.655,94.68,5.6656,5.5796,5.4825,5.2364
2023-12-13,1997.3,2016.7,2036.2,22.921,23.145,23.367,2027.74,23.815,1981.55,1982.5,22.725,,,13.67,12.19,4.016413689,1.830880165,102.869,5.3571,5.368,5.2435,4.8957,94.6625,94.65,94.67,94.725,5.6578,5.567,5.4825,5.2301
2023-12-14,2044.9,2064.2,2083.5,24.386,24.612,24.833,2036.36,24.1844,2034.1,2046.1,23.99,,,13.96,12.48,3.920759201,1.692309737,101.956,5.3552,5.36735,5.246,4.8937,94.6625,94.65,94.685,94.74,5.6582,5.5483,5.3667,5.038
2023-12-15,2035.7,2055.2,2074.6,24.154,24.381,24.598,2019.62,23.8556,2043.65,2032.3,24.19,,,13.49,12.28,3.911020756,1.691665173,102.55,5.357,5.37162,5.2599,4.9355,94.6625,94.655,94.675,94.725,5.6589,5.5742,5.4057,5.0327
2023-12-18,2040.5,2060.1,2079.6,24.107,24.336,24.554,2027.19,23.8045,2020.95,2023.95,23.935,,,13.79,12.56,3.931414,1.720631,102.561,5.35725,5.37275,5.258,4.92935,94.665,94.655,94.67,94.72,5.6609,5.5819,5.4289,5.0147
2023-12-19,2052.1,2071.8,2091.3,24.321,24.55,24.774,2040.35,24.0516,2026.0,2041.35,23.91,,,13.75,12.53,3.931279182,1.731578469,102.167,5.3575,5.3723,5.24245,4.898,94.665,94.655,94.67,94.725,5.6497,5.5878,5.4317,5.025
2023-12-20,2047.7,2067.3,2086.7,24.631,24.86,25.081,2031.39,24.1473,2036.35,2035.55,23.97,,,13.82,13.67,3.84736371,1.647832155,102.408,5.35475,5.36015,5.195,4.8068,94.665,94.655,94.675,94.73,5.6546,5.575,5.4081,5.014
2023-12-21,2051.3,2071.0,2090.4,24.585,24.816,25.035,2045.95,24.405,2034.3,2041.7,24.185,,,14.27,13.65,3.888095856,1.687498331,101.843,5.3568,5.35131,5.191,4.806,94.6675,94.655,94.68,94.745,5.6147,5.5422,5.3671,4.961
2023-12-22,2069.1,2088.8,2108.2,24.565,24.799,25.02,2053.08,24.1883,2055.6,2041.7,24.46,,,15.25,13.03,3.894978046,1.697769284,101.698,5.358,5.3472,5.1703,4.7728,94.6675,94.655,94.685,94.75,5.6212,5.5459,5.3643,4.9516
2023-12-25,2069.1,2088.8,2108.2,24.565,24.799,25.02,2053.08,24.1883,2055.6,2041.7,24.46,,,15.25,13.03,3.894978046,1.697769284,101.698,5.358,5.3472,5.1703,4.7728,94.6675,94.655,94.685,94.75,5.6212,5.5459,5.3643,4.9516
2023-12-26,2069.8,2089.6,2108.9,24.396,24.63,24.852,2067.81,24.2258,2055.6,2041.7,24.46,,,15.83,12.99,3.896701574,1.70870626,101.466,5.35795,5.3476,5.1911,4.8125,94.665,94.66,94.69,94.755,5.6212,5.5459,5.3643,4.9279
2023-12-27,2093.1,2112.9,2132.4,24.641,24.877,25.102,2077.49,24.266,2061.7,2069.4,24.04,,,16.96,12.43,3.794419527,1.633967996,100.986,5.358,5.337,5.162,4.76295,94.66,94.66,94.695,94.76,5.6196,5.5396,5.3575,4.9241
2023-12-28,2083.5,2103.5,2123.1,24.372,24.611,24.84,2065.61,23.9743,2077.8,2078.4,24.255,,,16.05,12.47,3.844284534,1.678160071,101.229,5.3523,5.3295,5.159,4.7773,94.655,94.655,94.69,94.755,5.5733,5.5335,5.3326,4.9173
2023-12-29,2071.8,2091.8,2111.3,24.086,24.321,24.549,2062.98,23.7953,2062.4,2078.4,23.79,,,15.85,12.45,3.879053593,1.705625892,101.333,5.348,5.3265,5.147,4.7559,94.66,94.695,94.76,94.895,5.5702,5.5303,5.3395,4.9148
2024-01-01,2071.8,2091.8,2111.3,24.086,24.321,24.549,2062.98,23.7953,2062.4,2078.4,23.79,,,15.85,12.45,3.879053593,1.705625892,101.333,5.348,5.3265,5.147,4.7559,94.66,94.695,94.76,94.895,5.5702,5.5303,5.3395,4.9112
2024-01-02,2073.4,2093.5,2113.1,23.953,24.189,24.417,2058.96,23.6638,2074.9,2067.55,23.945,,,15.73,13.2,3.929401636,1.71387279,102.2,5.34475,5.3301,5.1703,4.8003,94.66,94.685,94.74,94.86,5.551,5.5347,5.3,4.92
2024-01-03,2042.8,2062.7,2082.1,23.157,23.385,23.604,2041.49,22.9895,2054.05,2042.1,23.28,,,14.85,14.04,3.916151285,1.70489943,102.494,5.34355,5.3331,5.19,4.8317,94.6625,94.68,94.73,94.84,5.543,5.5,5.3345,4.925
2024-01-04,2050.0,2069.9,2089.5,23.187,23.417,23.64,2043.65,23.0108,2049.05,2039.55,22.96,,,14.2,14.13,3.998753786,1.78049624,102.422,5.339,5.32975,5.1964,4.864,94.6625,94.675,94.72,94.825,5.5305,5.494,5.3305,4.925
2024-01-05,2049.8,2069.7,2089.3,23.315,23.544,23.766,2045.45,23.192,2037.7,2056.35,22.98,,,13.81,13.35,4.045732975,1.814693332,102.412,5.337,5.323,5.17865,4.8402,94.6675,94.68,94.725,94.83,5.5374,5.5211,5.3604,4.9311
2024-01-08,2033.5,2053.4,2072.8,23.31,23.539,23.758,2028.07,23.1101,2028.0,2025.1,22.845,,,13.56,13.08,4.030452728,1.802897692,102.209,5.3374,5.3286,5.1863,4.8469,94.6725,94.68,94.725,94.825,5.5393,5.5253,5.3664,4.9519
2024-01-09,2033.0,2053.0,2072.4,23.091,23.321,23.542,2030.2,22.9818,2038.15,2034.9,23.125,,,13.16,12.76,4.013295174,1.791109562,102.57,5.334,5.3245,5.18205,4.8358,94.675,94.68,94.72,94.82,5.5374,5.529,5.3703,4.9626
2024-01-10,2027.8,2047.8,2067.2,23.066,23.296,23.513,2024.41,22.9005,2036.25,2026.8,22.965,,,13.26,12.69,4.028336048,1.805880308,102.362,5.333,5.32165,5.17215,4.8195,94.6725,94.675,94.72,94.825,5.5375,5.505,5.3235,4.9711
2024-01-11,2019.2,2039.0,2058.3,22.705,22.934,23.149,2028.91,22.7509,2031.85,2029.15,23.03,,,12.8,12.44,3.965836287,1.724707007,102.291,5.3324,5.30585,5.1235,4.7227,94.6725,94.675,94.725,94.84,5.537,5.497,5.2945,4.9246
2024-01-12,2051.6,2071.4,2090.6,23.329,23.558,23.768,2049.06,23.1947,2039.55,2055.65,23.055,,,13.49,12.7,3.938958645,1.657909632,102.404,5.3321,5.30055,5.0855,4.6385,94.675,94.685,94.735,94.865,5.5315,5.485,5.267,4.8588
2024-01-15,2051.6,2071.4,2090.6,23.329,23.558,23.768,2056.55,23.2212,2053.85,2049.9,23.21,,,13.49,13.25,3.938958645,1.657909632,102.404,5.3321,5.30055,5.0855,4.6385,94.675,94.685,94.735,94.865,5.5322,5.4964,5.2891,4.7613
2024-01-16,2030.2,2049.9,2069.2,23.093,23.318,23.532,2028.44,22.9193,2039.75,2038.15,23.05,,,13.55,13.84,4.058089733,1.75071919,103.357,5.3343,5.312,5.13215,4.7121,94.6775,94.68,94.725,94.825,5.5371,5.5102,5.3023,4.8066
2024-01-17,2006.5,2026.0,2045.4,22.669,22.89,23.103,2006.25,22.5565,2027.55,2011.75,22.805,,,13.53,14.79,4.101872444,1.798431516,103.45,5.3357,5.3195,5.1708,4.8163,94.6775,94.675,94.71,94.8,5.529,5.4985,5.3125,4.8458
2024-01-18,2021.6,2041.1,2060.6,22.807,23.029,23.24,2023.34,22.7409,2012.2,2013.2,22.605,,,13.09,14.13,4.142016888,1.793955564,103.536,5.33215,5.313,5.1564,4.7967,94.68,94.68,94.715,94.8,5.517,5.4905,5.3105,4.9075
2024-01-19,2029.3,2048.6,2068.1,22.711,22.933,23.147,2029.49,22.6216,2029.5,2028.55,22.8,,,12.95,13.3,4.122571468,1.782641053,103.288,5.3317,5.3172,5.17885,4.8384,94.6775,94.675,94.705,94.775,5.4915,5.4775,5.3115,4.9056
2024-01-22,2022.2,2041.6,2061.0,22.296,22.515,22.728,2021.7,22.096,2023.9,2021.6,22.2,,,12.83,13.19,4.105235577,1.804196239,103.331,5.3327,5.3234,5.18895,4.8504,94.6775,94.675,94.7,94.765,5.4409,5.4268,5.2836,4.9479
2024-01-23,2025.8,2045.2,2064.7,22.462,22.679,22.891,2029.28,22.444,2026.85,2022.95,22.26,,,12.73,12.55,4.128151894,1.843980789,103.617,5.33395,5.31642,5.1722,4.82,94.6775,94.675,94.705,94.775,5.4364,5.4243,5.29,4.9523
2024-01-24,2016.0,2035.2,2054.7,22.889,23.108,23.318,2013.89,22.6675,2030.5,2024.65,22.77,,,12.7,13.14,4.176170826,1.883925319,103.236,5.3345,5.3255,5.18795,4.84615,94.6775,94.675,94.7,94.76,5.386,5.4012,5.2824,4.9195
2024-01-25,2017.8,2036.8,2056.3,22.927,23.148,23.357,2020.84,22.9135,2018.15,2023.75,22.875,,,12.79,13.45,4.1183815,1.828393936,103.574,5.33343,5.3113,5.14705,4.776,94.6775,94.68,94.705,94.78,5.3607,5.3962,5.2716,4.923
2024-01-26,2017.3,2036.1,2055.6,22.872,23.095,23.305,2018.52,22.802,2021.1,2018.45,22.915,,,11.91,13.26,4.137331486,1.843980789,103.433,5.3286,5.30835,5.15365,4.8057,94.68,94.685,94.71,94.78,5.3607,5.3962,5.2716,4.92
2024-01-29,2025.4,2044.6,2064.2,23.251,23.474,23.684,2033.23,23.2043,2027.35,2022.5,23.005,,,13.08,13.6,4.073952198,1.784363747,103.609,5.32655,5.3078,5.14895,4.7947,94.6775,94.6825,94.71,94.78,5.3945,5.398,5.272,4.8885
2024-01-30,2031.5,2050.9,2070.5,23.225,23.45,23.661,2037.01,23.1719,2036.8,2043.05,23.075,,,13.05,13.31,4.031856537,1.773171544,103.397,5.326,5.3098,5.15555,4.8092,94.6775,94.6825,94.705,94.77,5.3836,5.3881,5.2538,4.8688
2024-01-31,2048.4,2067.4,2087.0,23.169,23.392,23.597,2039.52,22.958,2037.9,2053.25,23.09,,,13.16,14.35,3.912365437,1.664468169,103.274,5.324,5.312,5.1257,4.72785,94.685,94.72,94.805,95.02,5.3999,5.3319,5.1494,4.8813
2024-02-01,2071.1,2090.6,2107.8,23.236,23.457,23.662,2054.99,23.1782,2037.55,2045.85,22.67,,,13.72,13.88,3.880238295,1.684048772,103.048,5.32025,5.29355,5.10513,4.708,94.6875,94.715,94.77,95.0,5.3921,5.3442,5.181,4.8021
2024-02-02,2053.7,2073.4,2090.9,22.796,23.016,23.226,2039.76,22.691,2054.2,2034.15,23.23,,,12.66,13.85,4.019882679,1.809442043,103.922,5.32115,5.3171,5.186,4.8586,94.6875,94.705,94.73,94.895,5.3965,5.402,5.26,4.899
2024-02-05,2042.9,2062.7,2080.3,22.422,22.64,22.85,2025.11,22.3535,2024.5,2018.0,22.505,,,12.49,13.67,4.157878876,1.902433515,104.452,5.3233,5.32575,5.2183,4.92285,94.685,94.695,94.71,94.85,5.4048,5.406,5.31,4.9964
2024-02-06,2051.4,2071.2,2088.8,22.478,22.697,22.907,2036.14,22.4256,2025.05,2030.8,22.305,,,12.31,13.06,4.100026131,1.862381577,104.213,5.319,5.31525,5.19264,4.8643,94.6875,94.7,94.72,94.865,5.3938,5.407,5.3162,5.0076
2024-02-07,2051.7,2071.5,2089.0,22.36,22.576,22.787,2035.36,22.2199,2033.2,2041.6,22.29,,,11.84,12.83,4.121087074,1.8850528,104.057,5.32,5.3144,5.1918,4.8771,94.69,94.7,94.72,94.87,5.4038,5.3937,5.289,4.964
2024-02-08,2047.9,2067.8,2085.4,22.636,22.851,23.062,2034.52,22.5845,2037.05,2028.65,22.35,,,11.71,12.79,4.154030323,1.901669979,104.165,5.3215,5.3095,5.191,4.88535,94.69,94.705,94.725,94.86,5.383,5.3889,5.2846,4.9693
2024-02-09,2038.7,2058.6,2076.5,22.594,22.809,23.023,2024.26,22.6142,2031.65,2023.5,22.655,,,11.2,12.93,4.175389767,1.918405056,104.111,5.3206,5.31048,5.1974,4.9072,94.6875,94.7,94.715,94.85,5.3835,5.3915,5.2916,4.9867
2024-02-12,2033.0,2053.0,2071.0,22.767,22.982,23.197,2020.05,22.6992,2021.0,2015.2,22.915,,,11.81,13.93,4.179277897,1.934225798,104.17,5.31955,5.31155,5.202,4.91,94.6875,94.7,94.715,94.845,5.3829,5.3927,5.295,4.9963
2024-02-13,2007.2,2027.1,2045.3,22.154,22.365,22.583,1993.15,22.1195,2026.2,1996.1,22.87,,,12.15,15.85,4.314321518,2.01976037,104.96,5.321,5.32858,5.2711,5.0545,94.6875,94.695,94.705,94.775,5.3516,5.3926,5.317,5.0544
2024-02-14,2004.3,2024.0,2042.4,22.387,22.599,22.815,1992.33,22.372,1990.8,1985.1,22.085,,,12.02,14.38,4.255391121,1.951887012,104.723,5.3215,5.32246,5.2484,5.0027,94.6875,94.695,94.7,94.78,5.3543,5.4058,5.3614,5.1279
2024-02-15,2014.9,2034.7,2053.0,22.951,23.166,23.382,2004.4,22.9242,1996.9,2004.05,22.625,,,11.79,14.01,4.229994774,1.933482885,104.296,5.3177,5.3164,5.23945,4.9982,94.69,94.695,94.7,94.78,5.35,5.3988,5.3423,5.0959
2024-02-16,2024.1,2043.9,2062.4,23.475,23.686,23.902,2013.59,23.4207,2005.4,1997.9,23.01,,,11.75,14.24,4.279164314,1.945973992,104.275,5.3178,5.3225,5.2575,5.03215,94.69,94.695,94.7,94.76,5.3545,5.4051,5.3359,5.102
2024-02-19,2024.1,2043.9,2062.4,23.475,23.686,23.902,2017.21,23.0232,2020.35,2017.05,23.085,,,11.75,14.71,4.279164314,1.945973992,104.291,5.3178,5.3225,5.2575,5.03215,94.69,94.695,94.7,94.76,5.3354,5.377,5.3502,5.0601
2024-02-20,2039.8,2059.6,2077.9,23.136,23.351,23.563,2024.41,23.0047,2026.8,2029.1,23.06,,,11.81,15.42,4.275282383,1.951304436,104.079,5.3186,5.3248,5.2551,5.01895,94.69,94.69,94.695,94.765,5.3209,5.3765,5.3375,5.1034
2024-02-21,2034.3,2054.0,2072.4,22.874,23.094,23.305,2025.99,22.886,2028.8,2026.75,23.075,,,11.46,15.34,4.31866169,1.978696942,104.006,5.3178,5.3275,5.2687,5.0519,94.69,94.69,94.69,94.755,5.3218,5.3757,5.3303,5.0947
2024-02-22,2030.7,2050.5,2068.9,22.784,23.003,23.216,2024.39,22.7506,2030.9,2024.0,23.07,,,11.19,14.54,4.32069397,2.007064342,103.957,5.3192,5.33125,5.2777,5.0804,94.69,94.685,94.685,94.745,5.3199,5.3787,5.3357,5.1153
2024-02-23,2049.4,2069.3,2087.7,22.982,23.189,23.408,2035.4,22.95,2019.3,2027.45,22.715,,,11.5,13.75,4.248020172,1.955080748,103.936,5.3207,5.338,5.28515,5.08055,94.6925,94.685,94.685,94.73,5.321,5.3831,5.3381,5.141
2024-02-26,2038.9,2058.8,2077.3,22.526,22.735,22.954,2031.24,22.5206,2035.15,2027.2,22.51,,,11.29,13.74,4.279510498,1.962192059,103.827,5.3237,5.34375,5.2989,5.10375,94.69,94.6825,94.675,94.71,5.3263,5.3713,5.3439,5.1494
2024-02-27,2044.1,2064.1,2082.7,22.532,22.757,22.972,2030.48,22.462,2036.0,2035.05,22.67,,,10.95,13.43,4.30321312,1.977268696,103.829,5.32505,5.3411,5.2934,5.1029,94.69,94.685,94.675,94.715,5.35,5.3888,5.3416,5.1498
2024-02-28,2042.7,2062.7,2081.3,22.41,22.636,22.852,2034.55,22.4578,2025.25,2032.45,22.345,,,10.93,13.84,4.263868332,1.939357519,103.975,5.32405,5.33571,5.2736,5.0635,94.69,94.69,94.685,94.725,5.4304,5.3943,5.3414,5.1482
2024-02-29,2054.7,2074.6,2093.1,22.666,22.885,23.102,2044.3,22.6756,2032.8,2048.05,22.34,,,11.16,13.4,4.250157356,1.925310135,104.156,5.3237,5.33065,5.26225,5.0452,94.69,94.685,94.73,94.8,5.4067,5.4225,5.3619,5.1284
2024-03-01,2095.7,2116.0,2134.6,23.364,23.58,23.795,2082.92,23.1235,2050.3,2049.8,22.72,,,13.47,13.11,4.179773808,1.856961012,103.861,5.3201,5.32075,5.23445,4.997,94.69,94.695,94.75,94.845,5.4148,5.4311,5.3612,5.1186
2024-03-04,2126.3,2146.8,2165.5,23.991,24.214,24.435,2114.48,23.8865,2083.15,2098.05,23.1,,,14.61,13.49,4.213050365,1.866618752,103.832,5.3235,5.329,5.262,5.0474,94.69,94.69,94.73,94.81,5.4331,5.4356,5.3623,5.1125
2024-03-05,2141.9,2162.5,2181.4,23.984,24.206,24.424,2128.04,23.671,2126.25,2134.4,23.93,,,14.54,14.46,4.152525425,1.823803544,103.798,5.32175,5.3254,5.2457,5.0164,94.69,94.69,94.735,94.825,5.4253,5.4268,5.3569,5.1343
2024-03-06,2158.2,2178.8,2197.6,24.493,24.717,24.937,2148.18,24.1673,2127.35,2142.85,23.795,,,15.17,14.5,4.102013588,1.796803594,103.369,5.318,5.3247,5.24475,5.01365,94.6925,94.695,94.74,94.83,5.4234,5.4275,5.3473,5.1171
2024-03-07,2165.2,2185.9,2204.7,24.578,24.801,25.022,2159.98,24.3281,2156.85,2153.45,24.155,,,15.09,14.44,4.082650185,1.806395531,102.823,5.3175,5.3152,5.2196,4.9724,94.69,94.69,94.745,94.84,5.4198,5.4177,5.3061,5.0549
2024-03-08,2185.5,2206.3,2225.3,24.549,24.773,24.992,2178.95,24.3117,2168.65,2171.2,24.495,,,15.47,14.74,4.074930191,1.790750623,102.712,5.32335,5.32265,5.22505,4.96045,94.6925,94.69,94.745,94.84,5.4204,5.4163,5.2983,5.047
2024-03-11,2188.6,2210.0,2229.3,24.715,24.94,25.162,2182.75,24.4684,2178.45,2180.45,24.355,,,15.5,15.22,4.09819603,1.820416212,102.869,5.32725,5.3275,5.23935,4.993,94.69,94.685,94.735,94.825,5.4275,5.4232,5.3042,5.0109
2024-03-12,2166.1,2187.7,2207.0,24.394,24.62,24.842,2158.34,24.1448,2176.4,2161.25,24.375,,,14.1,13.84,4.150742531,1.844928145,102.957,5.32737,5.33515,5.25315,5.0235,94.6875,94.685,94.715,94.805,5.4303,5.4278,5.3167,5.0402
2024-03-13,2180.8,2202.4,2222.0,25.156,25.393,25.616,2174.41,25.0062,2160.85,2168.4,24.3,,,14.09,13.75,4.189860821,1.884454131,102.789,5.327,5.333,5.26415,5.05004,94.6875,94.685,94.71,94.795,5.4195,5.4147,5.3411,5.0799
2024-03-14,2167.5,2189.1,2208.6,25.06,25.296,25.522,2162.19,24.8169,2169.8,2160.8,24.97,,,13.3,14.4,4.290272713,1.979957104,103.36,5.32705,5.33365,5.27025,5.06726,94.6875,94.685,94.705,94.785,5.4214,5.4165,5.3428,5.1017
2024-03-15,2161.5,2183.1,2202.6,25.381,25.62,25.849,2155.9,25.1869,2170.35,2163.45,25.22,,,13.54,14.41,4.306283951,1.987244844,103.432,5.3285,5.33375,5.2806,5.0895,94.6875,94.685,94.7,94.775,5.4194,5.4128,5.3489,5.1129
2024-03-18,2164.3,2185.9,2205.6,25.265,25.506,25.737,2160.36,25.0373,2155.3,2158.15,25.175,,,13.83,14.33,4.324201107,2.006006479,103.579,5.32915,5.33405,5.2811,5.0948,94.6875,94.685,94.7,94.77,5.4274,5.4174,5.3547,5.1424
2024-03-19,2159.7,2181.2,2200.8,25.135,25.375,25.607,2157.59,24.9148,2154.3,2154.9,24.93,,,13.48,13.82,4.292532921,1.991815567,103.818,5.3302,5.3312,5.2684,5.0775,94.6875,94.685,94.7,94.78,5.4227,5.4252,5.3789,5.1427
2024-03-20,2161.0,2182.4,2201.9,25.104,25.344,25.575,2186.39,25.5824,2153.4,2157.45,24.855,,,13.62,13.04,4.272801399,1.933269739,103.389,5.32945,5.31555,5.23,4.9952,94.6875,94.685,94.72,94.815,5.4274,5.4072,5.342,5.1342
2024-03-21,2184.7,2206.5,2226.1,25.007,25.248,25.481,2181.33,24.7437,2210.65,2170.5,25.43,,,13.42,12.92,4.266923428,1.910315871,104.007,5.3298,5.31605,5.23635,5.0165,94.6875,94.685,94.715,94.805,5.4321,5.4082,5.312,5.068
2024-03-22,2160.0,2181.6,2201.2,24.843,25.084,25.316,2165.44,24.6733,2166.25,2171.6,24.59,,,12.53,13.06,4.198090076,1.848726749,104.43,5.33105,5.3068,5.2178,4.9852,94.6875,94.685,94.72,94.82,5.4336,5.405,5.3114,5.055
2024-03-25,2176.4,2198.2,2217.7,24.891,25.134,25.368,2171.83,24.6834,2168.35,2176.7,24.665,,,12.09,13.19,4.245395184,1.906940699,104.224,5.33193,5.3123,5.233,5.0143,94.685,94.68,94.71,94.8,5.4337,5.3996,5.3023,5.0452
2024-03-26,2177.2,2199.2,2218.9,24.623,24.866,25.101,2178.8,24.4553,2193.45,2179.8,24.825,,,12.57,13.24,4.231630802,1.900791407,104.298,5.3283,5.3058,5.2254,5.0169,94.685,94.685,94.715,94.805,5.424,5.3936,5.3142,5.0697
2024-03-27,2190.6,2212.7,2232.4,24.752,24.995,25.232,2194.79,24.6488,2192.05,2192.7,24.515,,,13.58,12.78,4.190340042,1.879633069,104.348,5.328,5.2999,5.2195,4.99869,94.6825,94.6825,94.715,94.805,5.4196,5.396,5.3015,5.0613
2024-03-28,2217.4,2238.4,2258.4,24.916,25.159,25.399,2229.87,24.9631,2207.0,2214.35,24.54,,,15.44,13.01,4.20031929,1.873584509,104.546,5.323,5.30365,5.2385,5.0395,94.685,94.71,94.79,94.845,5.4204,5.4,5.3202,5.0815
2024-03-29,2217.4,2238.4,2258.4,24.916,25.159,25.399,2229.87,24.9631,2207.0,2214.35,24.54,,,15.44,13.01,4.20031929,1.873584509,104.487,5.323,5.30365,5.23785,5.0397,94.685,94.71,94.79,94.845,5.4203,5.4,5.3202,5.0823
2024-04-01,2257.1,2277.5,2298.1,25.073,25.318,25.558,2251.44,25.0842,2207.0,2214.35,24.54,,,16.25,13.65,4.30918932,1.962289691,105.019,5.32645,5.311,5.2552,5.07944,94.6825,94.7,94.77,94.82,5.4201,5.415,5.3301,5.1015
2024-04-02,2281.8,2302.4,2323.2,25.923,26.173,26.427,2280.67,26.1411,2264.55,2264.5,25.65,,,17.13,14.61,4.349117756,1.982854843,104.816,5.324,5.3051,5.2421,5.0598,94.685,94.705,94.785,94.84,5.4234,5.415,5.3647,5.1226
2024-04-03,2315.0,2335.9,2356.6,27.06,27.321,27.581,2300.0,27.1822,2270.75,2280.15,26.245,,,17.49,14.33,4.347192764,1.993635178,104.249,5.32325,5.3055,5.2337,5.0429,94.6825,94.7,94.78,94.835,5.4188,5.4139,5.3425,5.1262
2024-04-04,2308.5,2329.4,2350.2,27.247,27.511,27.776,2290.94,26.9141,2292.5,2293.5,27.0,,,17.29,16.35,4.309379101,1.945531607,104.121,5.316,5.2831,5.2048,5.01125,94.6875,94.715,94.805,94.86,5.4219,5.4114,5.3224,5.1262
2024-04-05,2345.4,2366.6,2387.8,27.503,27.777,28.05,2329.75,27.4757,2288.45,2298.55,26.78,,,16.92,16.03,4.401591301,2.026149035,104.298,5.31985,5.3053,5.24535,5.07675,94.685,94.7,94.775,94.82,5.4241,5.3945,5.3108,5.0994
2024-04-08,2351.0,2372.3,2393.7,27.807,28.083,28.362,2339.03,27.8505,2336.9,2320.25,27.825,,,18.17,15.19,4.419778824,2.02801609,104.14,5.32105,5.30885,5.25465,5.0982,94.685,94.695,94.765,94.805,5.4216,5.4043,5.346,5.1348
2024-04-09,2362.4,2383.9,2405.4,27.984,28.261,28.541,2352.78,28.152,2364.2,2356.1,27.965,,,18.3,14.98,4.361635685,1.991325617,104.148,5.32,5.29975,5.23495,5.0617,94.6825,94.695,94.77,94.82,5.4263,5.4146,5.351,5.155
2024-04-10,2348.4,2370.1,2392.1,28.052,28.33,28.612,2334.04,27.9481,2346.85,2333.0,28.075,,,18.67,15.8,4.543535233,2.135649443,105.245,5.321,5.3325,5.3167,5.2311,94.6825,94.69,94.71,94.72,5.4309,5.4157,5.3759,5.1392
2024-04-11,2372.7,2394.6,2416.8,28.25,28.527,28.81,2372.52,28.4437,2331.75,2345.65,28.015,,,18.97,14.91,4.586542606,2.184004784,105.282,5.3195,5.32595,5.3024,5.21585,94.6825,94.69,94.715,94.73,5.4318,5.4379,5.4245,5.2939
2024-04-12,2374.1,2396.3,2418.4,28.33,28.607,28.897,2344.37,27.8773,2394.8,2401.5,29.025,,,20.21,17.31,4.521595001,2.123329401,106.038,5.3174,5.3179,5.2818,5.1792,94.685,94.7,94.73,94.75,5.4259,5.4383,5.3998,5.2914
2024-04-15,2383.0,2405.1,2427.4,28.717,28.992,29.281,2383.34,28.872,2347.15,2344.2,28.44,,,22.25,19.23,4.601402283,2.171670914,106.208,5.3164,5.3213,5.29255,5.194,94.685,94.695,94.72,94.74,5.4241,5.4295,5.4001,5.2749
2024-04-16,2407.8,2430.0,2452.3,28.376,28.654,28.938,2382.89,28.107,2369.0,2369.15,28.255,,,20.56,18.4,4.667390823,2.251496315,106.257,5.3196,5.32925,5.309,5.2227,94.685,94.695,94.715,94.73,5.4193,5.4256,5.4022,5.2715
2024-04-17,2388.4,2410.5,2432.8,28.4,28.679,28.963,2361.02,28.2233,2393.75,2390.35,28.47,,,19.01,18.21,4.587311268,2.199314117,105.951,5.31765,5.32555,5.29638,5.195,94.685,94.695,94.715,94.73,5.4199,5.431,5.4095,5.2909
2024-04-18,2398.0,2420.1,2442.4,28.38,28.663,28.945,2379.04,28.2446,2379.85,2382.7,28.47,,,18.65,18.0,4.632631779,2.226936579,106.151,5.31755,5.32595,5.303,5.2201,94.685,94.695,94.715,94.73,5.4186,5.4302,5.4009,5.2597
2024-04-19,2413.8,2436.1,2458.3,28.844,29.128,29.41,2391.93,28.689,2381.8,2379.7,28.24,,,18.51,18.71,4.620698929,2.214452267,106.154,5.31495,5.3219,5.298,5.21755,94.685,94.695,94.715,94.73,5.4203,5.4227,5.3978,5.2713
2024-04-22,2346.4,2368.1,2389.7,27.245,27.521,27.8,2327.3,27.1965,2361.45,2334.95,27.735,,,17.76,16.94,4.608495712,2.201730251,106.077,5.3159,5.3244,5.2999,5.2115,94.685,94.695,94.715,94.73,5.4229,5.4263,5.4046,5.2892
2024-04-23,2342.1,2363.7,2384.9,27.362,27.638,27.913,2322.02,27.3068,2298.15,2328.45,26.915,,,17.73,15.69,4.600409508,2.200013876,105.675,5.318,5.3227,5.2884,5.18545,94.685,94.695,94.715,94.73,5.4314,5.4269,5.4037,5.2892
2024-04-24,2338.4,2360.3,2381.8,27.346,27.622,27.902,2316.17,27.1626,2312.3,2320.25,27.12,,,17.45,15.97,4.641721725,2.232278585,105.857,5.318,5.323,5.289,5.1902,94.685,94.695,94.715,94.73,5.4351,5.4353,5.4006,5.2713
2024-04-25,2342.5,2364.5,2386.2,27.353,27.633,27.917,2332.46,27.434,2325.65,2318.7,27.365,,,17.32,15.37,4.703948021,2.276669741,105.598,5.315,5.3301,5.31465,5.2427,94.6875,94.7,94.71,94.715,5.4301,5.449,5.4135,5.2754
2024-04-26,2347.2,2369.3,2391.2,27.252,27.535,27.821,2337.96,27.2058,2349.8,2343.1,27.625,,,16.92,15.03,4.66296339,2.235544205,105.938,5.31312,5.32925,5.316,5.24395,94.685,94.7,94.705,94.715,5.4415,5.4485,5.413,5.2754
2024-04-29,2357.7,2379.8,2402.2,27.373,27.66,27.942,2335.66,27.1429,2337.6,2333.55,27.38,,,16.92,14.67,4.613564491,2.199799061,105.579,5.3175,5.32905,5.3138,5.23605,94.685,94.695,94.705,94.715,5.4318,5.4349,5.4196,5.3069
2024-04-30,2302.9,2324.7,2346.5,26.391,26.654,26.935,2286.25,26.2942,2314.8,2307.0,26.655,,,16.54,15.65,4.679831982,2.273655176,106.221,5.3225,5.3373,5.33615,5.2835,94.69,94.7,94.71,94.745,5.4701,5.4724,5.4552,5.3379
2024-05-01,2311.0,2332.9,2354.9,26.748,27.028,27.426,2319.56,26.651,2288.5,2302.35,26.48,,,16.25,15.39,4.628273964,2.253455162,105.755,5.3242,5.3367,5.325,5.24,94.69,94.7,94.71,94.755,5.4765,5.482,5.48,5.379
2024-05-02,2309.6,2331.6,2353.6,26.829,27.109,27.504,2303.83,26.6828,2300.55,2288.85,26.235,,,16.05,14.68,4.581052303,2.217625141,105.299,5.3219,5.3275,5.30235,5.1906,94.69,94.705,94.72,94.775,5.4756,5.4752,5.4314,5.3613
2024-05-03,2308.6,2330.6,2352.7,26.69,26.972,27.357,2301.74,26.5594,2301.1,2294.45,26.5,,,15.83,13.49,4.5076828,2.148221731,105.03,5.3209,5.323,5.2871,5.14625,94.69,94.705,94.715,94.78,5.4937,5.461,5.4395,5.3343
2024-05-06,2331.2,2353.4,2375.9,27.614,27.898,28.291,2323.97,27.4445,2301.1,2294.45,26.5,,,16.23,13.49,4.487394333,2.138264656,105.051,5.321,5.3255,5.2967,5.1585,94.69,94.705,94.715,94.775,5.4931,5.4784,5.4434,5.292
2024-05-07,2324.2,2346.6,2369.1,27.544,27.831,28.216,2314.1,27.2419,2315.0,2319.6,27.26,,,15.75,13.23,4.456965446,2.141110182,105.412,5.322,5.327,5.2957,5.15763,94.69,94.7,94.71,94.77,5.492,5.478,5.4523,5.2966
2024-05-08,2322.3,2344.8,2367.3,27.601,27.891,28.281,2308.85,27.3312,2308.55,2309.05,27.235,,,15.29,13.0,4.493735313,2.157695293,105.546,5.32095,5.32565,5.29325,5.1565,94.69,94.7,94.71,94.77,5.493,5.4795,5.4566,5.312
2024-05-09,2340.3,2362.7,2385.1,28.365,28.657,29.054,2346.33,28.3172,2308.7,2325.7,27.625,,,16.27,12.69,4.453127384,2.117548227,105.227,5.32085,5.3235,5.28605,5.1392,94.69,94.7,94.71,94.775,5.4927,5.4776,5.4509,5.3219
2024-05-10,2375.0,2397.7,2420.4,28.506,28.799,29.202,2360.5,28.1834,2371.05,2372.45,28.64,,,16.2,12.55,4.496347904,2.147121191,105.301,5.3198,5.3263,5.29695,5.1685,94.69,94.7,94.705,94.76,5.4916,5.4819,5.4517,5.3089
2024-05-13,2343.0,2365.7,2388.3,28.443,28.736,29.138,2336.32,28.2015,2340.3,2343.8,28.125,,,16.52,13.6,4.486509323,2.149975777,105.218,5.3201,5.3301,5.3006,5.1701,94.6925,94.7,94.705,94.76,5.4908,5.469,5.4515,5.34
2024-05-14,2359.9,2382.5,2404.8,28.702,28.994,29.399,2358.12,28.6194,2347.4,2354.85,28.43,,,16.61,13.42,4.439413071,2.110720396,105.013,5.32,5.3269,5.28965,5.1477,94.69,94.695,94.7,94.755,5.4665,5.472,5.46,5.3375
2024-05-15,2394.9,2417.6,2440.0,29.729,30.017,30.419,2385.99,29.6739,2371.8,2357.5,28.815,,,16.99,12.45,4.340009212,2.035246849,104.345,5.3197,5.325,5.27535,5.0944,94.6925,94.695,94.7,94.765,5.4667,5.4597,5.4562,5.3148
2024-05-16,2385.5,2408.3,2431.0,29.876,30.173,30.569,2376.86,29.5756,2383.65,2377.4,29.67,,,16.26,12.42,4.374968529,2.063488722,104.462,5.319,5.3254,5.2871,5.1373,94.6925,94.695,94.7,94.76,5.4496,5.4473,5.4243,5.295
2024-05-17,2417.4,2440.4,2463.4,31.259,31.571,31.992,2415.22,31.493,2381.75,2402.6,29.68,,,17.4,11.99,4.419821739,2.09657073,104.445,5.319,5.327,5.2919,5.1485,94.6925,94.695,94.7,94.755,5.4404,5.4671,5.4565,5.2881
2024-05-20,2438.5,2461.7,2485.1,32.426,32.761,33.205,2425.31,31.824,2444.35,2420.3,31.795,,,17.58,12.15,4.443324089,2.111292601,104.565,5.3211,5.33085,5.29905,5.165,94.69,94.69,94.695,94.75,5.4409,5.4694,5.4638,5.3091
2024-05-21,2425.9,2449.1,2472.3,32.078,32.412,32.856,2421.05,31.976,2417.05,2427.3,31.635,,,16.76,11.86,4.411985397,2.0794034,104.661,5.3212,5.3322,5.2945,5.1503,94.6875,94.69,94.69,94.745,5.4478,5.4725,5.4685,5.3205
2024-05-22,2392.9,2415.7,2438.8,31.496,31.828,32.269,2378.85,30.7902,2414.25,2407.9,31.815,,,16.45,12.29,4.42176342,2.086794615,104.933,5.3226,5.33715,5.3049,5.169,94.6875,94.685,94.685,94.725,5.4471,5.5086,5.4971,5.3239
2024-05-23,2337.2,2359.7,2382.7,30.455,30.779,31.222,2329.27,30.1337,2361.8,2357.35,30.54,,,16.03,12.77,4.476737976,2.160230398,105.108,5.3258,5.3451,5.3215,5.2094,94.69,94.685,94.685,94.71,5.5316,5.5395,5.5181,5.3711
2024-05-24,2334.5,2356.9,2379.9,30.499,30.827,31.269,2333.83,30.262,2339.75,2342.7,30.59,,,15.26,11.93,4.464952469,2.143179893,104.724,5.325,5.343,5.323,5.218,94.6875,94.68,94.68,94.705,5.5696,5.5725,5.556,5.3983
2024-05-27,2334.5,2356.9,2379.9,30.499,30.827,31.269,2350.97,31.631,2339.75,2342.7,30.59,,,15.26,12.36,4.464952469,2.143179893,104.595,5.325,5.343,5.323,5.218,94.6875,94.68,94.68,94.705,5.5545,5.5879,5.5679,5.4309
2024-05-28,2356.5,2379.3,2402.5,32.137,32.479,32.94,2361.31,32.1045,2344.7,2350.65,31.555,,,15.92,12.92,4.549950123,2.208796024,104.614,5.32705,5.347,5.3297,5.2325,94.6875,94.68,94.68,94.705,5.5585,5.5675,5.5624,5.4287
2024-05-29,2341.2,2364.1,2387.2,32.373,32.716,33.173,2338.12,31.976,2340.9,2343.35,32.01,,,15.83,14.28,4.611690044,2.244162083,105.122,5.32725,5.3447,5.32545,5.2274,94.6875,94.685,94.68,94.71,5.5498,5.5515,5.5213,5.4119
2024-05-30,2342.9,2366.5,2389.3,31.534,31.872,32.326,2343.07,31.1732,2337.55,2348.55,31.515,,,15.74,14.47,4.54602766,2.18498826,104.716,5.3281,5.3416,5.3134,5.2002,94.6875,94.685,94.68,94.71,5.54,5.5395,5.5108,5.4002
2024-05-31,2322.9,2345.8,2368.5,30.44,30.767,31.214,2327.33,30.4083,2342.9,2348.25,31.265,,,15.26,12.92,4.498543739,2.146571159,104.671,5.3279,5.33995,5.3082,5.1792,94.685,94.685,94.715,94.755,5.4881,5.4937,5.4681,5.3447
2024-06-03,2369.3,2392.0,2415.0,30.784,31.112,31.563,2350.75,30.7347,2324.7,2337.7,30.37,,,16.0,13.11,4.388402462,2.054028749,104.14,5.32715,5.33845,5.292,5.1391,94.685,94.685,94.72,94.765,5.5019,5.503,5.4567,5.3386
2024-06-04,2347.4,2369.7,2392.5,29.617,29.935,30.38,2327.01,29.4977,2330.5,2326.0,29.705,,,16.22,13.16,4.325948715,2.019458532,104.11,5.3299,5.33755,5.28435,5.109,94.6825,94.68,94.725,94.775,5.5012,5.4998,5.456,5.308
2024-06-05,2375.5,2398.1,2421.0,30.073,30.395,30.838,2355.32,30.0118,2332.25,2340.05,29.61,,,16.5,12.63,4.27545166,1.977729082,104.268,5.3284,5.3354,5.2706,5.0709,94.6825,94.685,94.73,94.785,5.5025,5.5005,5.4478,5.2819
2024-06-06,2390.9,2413.7,2436.7,31.367,31.698,32.147,2376.06,31.325,2360.85,2360.6,30.295,,,16.85,12.58,4.287046909,2.006859779,104.102,5.32695,5.3295,5.2653,5.0622,94.6825,94.685,94.73,94.785,5.5014,5.4986,5.4374,5.2516
2024-06-07,2325.0,2347.6,2370.3,29.44,29.761,30.203,2293.78,29.153,2338.0,2310.8,30.265,,,17.13,12.22,4.433507919,2.135322571,104.885,5.3305,5.3465,5.3148,5.1696,94.68,94.685,94.7,94.74,5.5014,5.532,5.4835,5.262
2024-06-10,2327.0,2349.6,2372.3,29.874,30.195,30.643,2310.88,29.745,2297.65,2304.4,29.68,,,16.66,12.74,4.467020988,2.162200928,105.15,5.33,5.3462,5.3129,5.16389,94.6775,94.68,94.7,94.74,5.5014,5.497,5.4925,5.3056
2024-06-11,2326.6,2349.1,2371.6,29.231,29.548,29.988,2317.01,29.2768,2302.5,2316.5,29.245,,,16.45,12.85,4.40402317,2.118940353,105.23,5.3315,5.3451,5.3064,5.14295,94.6775,94.68,94.7,94.74,5.5018,5.5085,5.4706,5.3234
2024-06-12,2354.8,2377.5,2400.0,30.267,30.591,31.027,2324.98,29.726,2314.9,2326.25,29.38,,,15.92,12.04,4.316030502,2.083179474,104.645,5.3325,5.3477,5.2931,5.094,94.6775,94.68,94.7,94.75,5.4703,5.4605,5.4523,5.2937
2024-06-13,2318.0,2340.6,2363.1,29.066,29.381,29.816,2304.21,28.9668,2316.35,2310.8,29.24,,,15.71,11.94,4.244193077,2.037464857,105.196,5.3326,5.3442,5.274,5.0406,94.675,94.68,94.705,94.76,5.4653,5.46,5.4418,5.2544
2024-06-14,2349.1,2371.9,2394.5,29.472,29.79,30.218,2333.04,29.5545,2316.9,2330.45,29.21,,,16.07,12.66,4.220875263,2.038612604,105.55,5.3376,5.3495,5.2795,5.045,94.6725,94.675,94.7,94.76,5.4779,5.4594,5.4302,5.2199
2024-06-17,2329.0,2351.8,2374.5,29.391,29.709,30.139,2319.14,29.4651,2320.7,2319.9,29.235,,,15.63,12.75,4.280885696,2.057008982,105.32,5.344,5.35615,5.2955,5.08516,94.6725,94.67,94.69,94.745,5.4662,5.4679,5.4305,5.2085
2024-06-18,2346.9,2369.5,2392.3,29.564,29.883,30.314,2329.46,29.536,2312.05,2324.35,29.13,,,15.64,12.3,4.222677708,2.005026102,105.256,5.34395,5.3466,5.27745,5.04725,94.67,94.665,94.685,94.745,5.4554,5.4624,5.4456,5.2321
2024-06-19,2346.9,2369.5,2392.3,29.564,29.883,30.314,2328.16,29.7887,2328.6,2324.25,29.475,,,15.64,12.48,4.222677708,2.005026102,105.254,5.3447,5.3474,5.2805,5.0489,94.67,94.665,94.685,94.745,5.4585,5.4633,5.4589,5.2017
2024-06-20,2369.0,2391.8,2414.7,30.821,31.148,31.586,2360.09,30.7446,2332.95,2351.6,30.23,,,16.4,13.28,4.259431839,2.006008387,105.588,5.345,5.3455,5.2781,5.0549,94.67,94.665,94.695,94.75,5.4541,5.4596,5.4346,5.2052
2024-06-21,2331.2,2353.9,2376.7,29.614,29.942,30.379,2321.98,29.5542,2364.0,2335.05,30.435,,,15.86,13.2,4.255446434,2.02450633,105.796,5.34475,5.342,5.2692,5.0427,94.67,94.665,94.695,94.75,5.449,5.4854,5.4268,5.2095
2024-06-24,2344.4,2367.2,2390.1,29.525,29.849,30.286,2334.65,29.5806,2327.2,2328.75,29.56,,,15.49,13.33,4.232144356,2.009943485,105.473,5.344,5.3391,5.2663,5.0339,94.6725,94.67,94.7,94.755,5.468,5.5135,5.474,5.2575
2024-06-25,2330.8,2353.5,2376.7,28.868,29.193,29.625,2319.62,28.911,2332.4,2325.05,29.56,,,14.88,12.84,4.24761343,2.023740292,105.607,5.3448,5.3369,5.26525,5.0411,94.6725,94.67,94.7,94.755,5.5335,5.517,5.464,5.2501
2024-06-26,2313.2,2335.9,2358.7,28.93,29.256,29.679,2298.23,28.773,2316.1,2299.65,28.835,,,14.88,12.55,4.329393387,2.062354803,106.052,5.3435,5.33209,5.2687,5.06465,94.67,94.67,94.695,94.75,5.4955,5.4849,5.4374,5.2049
2024-06-27,2336.6,2359.3,2382.4,28.918,29.256,29.684,2327.73,28.9714,2310.55,2323.6,28.87,,,15.01,12.24,4.286430359,2.024805784,105.906,5.3378,5.3241,5.2526,5.038,94.67,94.675,94.7,94.755,5.4955,5.486,5.467,5.253
2024-06-28,2339.6,2362.5,2385.6,29.237,29.56,29.99,2326.75,29.1429,2327.6,2330.9,29.37,,,14.72,12.44,4.396079063,2.106964588,105.866,5.33435,5.3219,5.25715,5.054,94.675,94.7,94.75,94.84,5.4955,5.4745,5.48,5.2556
2024-07-01,2338.9,2361.9,2385.3,29.613,30.044,30.469,2331.9,29.4506,2327.8,2329.1,29.245,,,14.86,12.22,4.461290836,2.142252445,105.901,5.3347,5.3226,5.2512,5.0472,94.6775,94.7,94.75,94.84,5.4658,5.4945,5.4476,5.2315
2024-07-02,2333.4,2356.4,2379.9,29.658,30.092,30.525,2329.46,29.527,2329.0,2331.75,29.31,,,14.35,12.03,4.431602478,2.130303383,105.722,5.3333,5.31635,5.2424,5.0337,94.6725,94.695,94.75,94.845,5.4674,5.484,5.4631,5.1891
2024-07-03,2369.4,2392.6,2416.3,30.842,31.295,31.742,2356.2,30.5007,2342.55,2361.35,30.13,,,14.89,12.09,4.358676434,2.082401752,105.403,5.32603,5.3075,5.22375,5.0065,94.675,94.7,94.76,94.86,5.466,5.483,5.4515,5.219
2024-07-04,2369.4,2392.6,2416.3,30.842,31.295,31.742,2356.69,30.3967,2357.2,2358.65,30.335,,,14.89,12.26,4.358676434,2.082401752,105.13,5.3287,5.3075,5.2242,5.0079,94.675,94.7,94.76,94.86,5.4826,5.4925,5.437,5.21
2024-07-05,2397.7,2421.1,2445.0,31.689,32.146,32.608,2392.16,31.219,2365.35,2379.05,30.58,,,15.62,12.48,4.278354645,2.003534794,104.875,5.3248,5.3027,5.2071,4.949,94.6775,94.7,94.76,94.875,5.506,5.495,5.455,5.2075
2024-07-08,2363.5,2387.0,2411.0,30.913,31.37,31.817,2359.13,30.7634,2371.65,2376.65,30.99,,,15.13,12.37,4.278326511,2.010025263,105.0,5.3257,5.30515,5.21265,4.9605,94.6775,94.69,94.755,94.87,5.4875,5.4636,5.4151,5.145
2024-07-09,2367.9,2391.2,2415.2,31.056,31.511,31.963,2364.09,30.802,2362.4,2367.9,31.055,,,14.64,12.51,4.295879364,2.029388428,105.129,5.3282,5.3085,5.2132,4.9606,94.675,94.685,94.745,94.855,5.4798,5.4905,5.3965,5.154
2024-07-10,2379.7,2403.2,2427.2,31.014,31.47,31.917,2371.26,30.8158,2372.9,2384.35,30.935,,,14.89,12.85,4.28412962,2.001909971,105.048,5.3284,5.3045,5.2112,4.9495,94.6775,94.69,94.75,94.86,5.52,5.519,5.4915,5.17
2024-07-11,2421.9,2445.6,2469.9,31.671,32.131,32.581,2415.48,31.464,2383.55,2409.2,31.015,,,15.74,12.92,4.210122585,1.959858418,104.44,5.32653,5.28337,5.15355,4.8518,94.6725,94.695,94.77,94.91,5.5205,5.4905,5.4135,5.1455
2024-07-12,2420.7,2444.5,2469.0,31.162,31.621,32.067,2411.43,30.7885,2404.15,2406.85,30.72,,,15.12,12.46,4.182852745,1.938107848,104.093,5.3319,5.28735,5.1477,4.823,94.67,94.685,94.765,94.905,5.507,5.4975,5.401,5.08
2024-07-15,2428.9,2452.9,2477.3,30.936,31.392,31.837,2422.27,30.6769,2408.5,2421.25,30.74,,,15.98,13.12,4.229390621,1.951856613,104.189,5.34015,5.28285,5.1288,4.7975,94.665,94.675,94.765,94.915,5.521,5.485,5.3965,5.0441
2024-07-16,2467.8,2492.0,2516.7,31.458,31.92,32.367,2469.08,31.2484,2439.35,2443.2,30.865,,,17.15,13.19,4.157603264,1.891737819,104.27,5.3416,5.2826,5.1244,4.7865,94.665,94.68,94.77,94.92,5.5215,5.495,5.431,5.0216
2024-07-17,2459.9,2484.3,2509.0,30.377,30.83,31.274,2458.79,30.3025,2470.35,2480.25,30.915,,,16.7,14.48,4.157550335,1.892681837,103.748,5.347,5.2891,5.1394,4.8036,94.6625,94.67,94.76,94.91,5.5395,5.521,5.4595,5.0329
2024-07-18,2456.4,2480.8,2505.4,30.224,30.672,31.109,2445.08,29.8329,2466.95,2463.8,30.47,,,16.25,15.93,4.202061176,1.939209104,104.173,5.3455,5.2852,5.1412,4.8155,94.6625,94.665,94.755,94.9,5.5585,5.5215,5.4075,5.0599
2024-07-19,2399.1,2423.0,2446.8,29.299,29.741,30.175,2400.83,29.223,2415.8,2403.5,29.105,,,16.34,16.52,4.238913059,1.940829754,104.396,5.3458,5.28375,5.1417,4.8303,94.66,94.665,94.75,94.895,5.563,5.5205,5.408,5.059
2024-07-22,2394.7,2418.4,2442.1,29.321,29.756,30.184,2396.59,29.125,2401.4,2392.7,29.065,,,15.74,14.91,4.252538681,1.95910728,104.314,5.3475,5.286,5.14835,4.8367,94.66,94.665,94.745,94.885,5.5445,5.504,5.4435,5.0494
2024-07-23,2407.3,2431.0,2455.2,29.331,29.765,30.196,2409.64,29.244,2404.45,2403.1,29.055,,,15.44,14.72,4.250554562,1.973928094,104.45,5.3469,5.2822,5.1353,4.8181,94.66,94.665,94.745,94.89,5.548,5.5289,5.4273,5.0446
2024-07-24,2415.7,2439.6,2464.0,29.316,29.752,30.176,2397.7,28.9085,2411.3,2421.45,29.29,,,15.98,18.04,4.283779144,2.013266325,104.391,5.3451,5.2658,5.1168,4.7862,94.66,94.665,94.755,94.91,5.5305,5.4995,5.4145,5.07
2024-07-25,2353.5,2376.6,2399.9,27.975,28.386,28.797,2364.56,27.8485,2371.25,2364.2,27.99,,,15.54,18.46,4.240728855,1.968694687,104.355,5.34365,5.26,5.10309,4.7749,94.6575,94.665,94.755,94.91,5.5225,5.5002,5.3792,5.006
2024-07-26,2381.0,2404.5,2427.9,28.02,28.436,28.845,2387.19,27.9258,2374.55,2386.1,27.755,,,15.2,16.39,4.193858147,1.938221335,104.316,5.3417,5.251,5.08685,4.74735,94.6575,94.67,94.76,94.92,5.4829,5.4866,5.3835,4.9881
2024-07-29,2377.8,2401.8,2425.5,27.866,28.28,28.689,2384.19,27.8617,2392.1,2391.1,28.14,,,15.64,16.6,4.174383163,1.922585607,104.564,5.34115,5.252,5.0924,4.7605,94.6575,94.6725,94.765,94.92,5.4873,5.477,5.3851,4.9727
2024-07-30,2405.0,2428.4,2451.9,28.525,28.945,29.353,2410.78,28.3863,2389.15,2390.25,27.88,,,16.3,17.69,4.139441,1.904375,104.554,5.3421,5.2442,5.0701,4.7282,94.6575,94.67,94.765,94.925,5.4902,5.462,5.3554,4.9718
2024-07-31,2426.5,2449.3,2473.0,28.938,29.367,29.778,2447.6,29.0065,2419.6,2426.3,28.56,,,17.88,16.36,4.029609,1.799214,104.096,5.3501,5.2441,5.0556,4.6657,94.66,94.755,94.92,95.05,5.4914,5.4418,5.3428,4.9629
2024-08-01,2457.1,2480.8,2504.0,28.477,28.899,29.311,2446.26,28.5235,2434.0,2454.55,28.88,,,17.61,18.59,3.976005,1.792333,104.421,5.34145,5.2064,4.9585,4.5306,94.67,94.78,94.96,95.15,5.4932,5.44,5.255,4.8625
2024-08-02,2447.3,2469.8,2491.1,28.392,28.802,29.177,2443.24,28.5597,2461.75,2469.85,28.95,,,18.7,23.39,3.79037,1.731552,103.208,5.3251,5.1325,4.765,4.2412,94.685,94.86,95.105,95.435,5.4903,5.353,5.037,4.5273
2024-08-05,2422.6,2444.4,2465.3,27.207,27.596,27.958,2410.79,27.264,2421.75,2393.85,27.105,,,21.95,38.57,3.788363,1.724695,102.689,5.3059,5.0918,4.74755,4.26025,94.69,94.88,95.135,95.445,5.4395,5.262,4.986,4.479
2024-08-06,2409.3,2431.6,2452.6,27.216,27.603,27.957,2390.82,26.9842,2414.15,2396.55,27.065,,,19.1,27.71,3.891889,1.787073,102.969,5.3229,5.125,4.7933,4.32815,94.6775,94.855,95.08,95.345,5.454,5.2917,5.0535,4.56
2024-08-07,2410.3,2432.4,2453.5,26.944,27.331,27.694,2382.92,26.6095,2392.85,2400.45,27.15,,,18.12,27.85,3.94305,1.829177,103.197,5.3266,5.1017,4.7755,4.292,94.6775,94.855,95.085,95.35,5.447,5.2905,5.0219,4.5288
2024-08-08,2440.8,2463.3,2484.9,27.606,28.002,28.361,2427.53,27.544,2396.3,2411.45,26.93,,,18.45,23.79,3.987691,1.852459,103.209,5.3385,5.1285,4.812,4.3539,94.67,94.83,95.045,95.295,5.4213,5.2778,5.0262,4.5575
2024-08-09,2450.4,2473.4,2495.3,27.588,27.982,28.343,2431.32,27.4592,2423.45,2427.35,27.575,,,17.8,20.37,3.93979,1.823951,103.135,5.3408,5.13455,4.8309,4.3799,94.6675,94.815,95.03,95.275,5.41,5.27,5.028,4.571
2024-08-12,2480.8,2504.0,2526.1,28.008,28.409,28.78,2472.9,27.978,2442.1,2450.85,27.965,,,20.61,20.71,3.903534,1.785213,103.139,5.3372,5.1277,4.8277,4.3658,94.67,94.82,95.03,95.275,5.405,5.2625,5.034,4.5605
2024-08-13,2484.9,2507.8,2529.8,27.786,28.188,28.565,2465.16,27.8528,2460.55,2471.55,27.695,,,19.18,18.12,3.842757,1.749174,102.559,5.3397,5.111,4.7677,4.27635,94.6675,94.815,95.025,95.295,5.4025,5.255,4.9925,4.505
2024-08-14,2457.1,2479.7,2501.3,27.339,27.734,28.104,2447.85,27.5689,2472.0,2456.7,27.945,,,18.49,16.19,3.835184,1.758563,102.568,5.34325,5.1243,4.80545,4.30609,94.665,94.8,94.99,95.255,5.3975,5.2475,5.01,4.4975
2024-08-15,2469.4,2492.4,2514.5,28.418,28.828,29.205,2456.79,28.3546,2456.25,2446.65,28.05,,,18.16,15.23,3.913059,1.798042,102.977,5.3435,5.13725,4.8565,4.4139,94.6625,94.78,94.955,95.185,5.435,5.2675,5.03,4.56
2024-08-16,2514.5,2537.8,2560.3,28.849,29.264,29.647,2508.01,28.9793,2462.15,2485.8,28.135,,,20.09,14.8,3.882560015,1.801424742,102.463,5.3326,5.1257,4.835,4.3769,94.6625,94.78,94.955,95.185,5.455,5.28,5.065,4.568
2024-08-19,2518.1,2541.3,2564.0,29.304,29.732,30.122,2504.28,29.4494,2500.05,2494.55,28.83,,,18.77,14.65,3.871137619,1.793652058,101.886,5.3098,5.1295,4.8467,4.3907,94.665,94.78,94.955,95.18,5.4535,5.29,5.055,4.583
2024-08-20,2527.4,2550.6,2573.0,29.519,29.953,30.352,2513.99,29.438,2521.55,2529.75,29.77,,,18.47,15.88,3.80667758,1.731808305,101.441,5.30745,5.10355,4.7927,4.3178,94.6675,94.78,94.965,95.205,5.5,5.33,5.05,4.55
2024-08-21,2524.1,2547.5,2569.7,29.535,29.971,30.367,2512.56,29.6,2507.65,2497.95,29.56,,,18.63,16.27,3.800982475,1.718081355,101.039,5.3094,5.0766,4.7577,4.26075,94.665,94.785,94.985,95.26,5.4655,5.2685,5.0315,4.501
2024-08-22,2493.5,2516.7,2538.8,29.047,29.471,29.856,2484.75,28.9855,2505.1,2483.0,29.565,,,17.89,17.55,3.852095604,1.74801898,101.508,5.2843,5.0924,4.7901,4.3205,94.665,94.775,94.955,95.2,5.475,5.31,5.04,4.515
2024-08-23,2522.6,2546.3,2568.6,29.82,30.256,30.654,2512.59,29.8157,2500.3,2511.2,29.435,,,17.49,15.86,3.79898262,1.673511863,100.718,5.2697,5.0625,4.7385,4.24,94.665,94.78,94.975,95.235,5.445,5.285,4.994,4.461
2024-08-26,2531.4,2555.2,2577.7,30.007,30.453,30.852,2518.03,29.9034,2500.3,2511.2,29.435,,,17.9,16.15,3.815985918,1.670903563,100.851,5.2534,5.0683,4.7547,4.2643,94.665,94.775,94.97,95.215,5.394,5.2355,5.009,4.4715
2024-08-27,2529.3,2552.9,2575.2,29.98,30.426,30.824,2524.64,29.9757,2510.3,2508.55,29.9,,,17.69,15.43,3.821646452,1.668294668,100.552,5.2474,5.0556,4.7309,4.22535,94.665,94.785,94.98,95.23,5.42,5.245,4.9875,4.445
2024-08-28,2514.3,2537.8,2560.0,29.201,29.628,30.02,2504.61,29.1267,2509.55,2505.25,29.435,,,17.18,17.11,3.834903002,1.680180907,101.094,5.2386,5.0449,4.727,4.228,94.665,94.79,94.985,95.235,5.4,5.225,4.9705,4.4385
2024-08-29,2536.7,2560.3,2582.7,29.557,29.989,30.387,2521.4,29.4198,2517.05,2518.1,29.49,,,17.22,15.65,3.861497879,1.700636387,101.343,5.2073,5.02738,4.71785,4.2247,94.665,94.785,94.975,95.225,5.375,5.195,4.94,4.425
2024-08-30,2504.5,2527.6,2549.8,28.731,29.143,29.533,2503.39,28.8647,2524.15,2513.35,29.47,,,16.4,15.0,3.903443813,1.750235558,101.698,5.1912,5.01405,4.71,4.2275,94.785,94.975,95.215,95.425,5.355,5.205,4.955,4.4535
2024-09-02,2504.5,2527.6,2549.8,28.731,29.143,29.533,2499.51,28.545,2502.0,2498.6,28.62,,,16.4,15.55,3.903443575,1.750235558,101.653,5.1912,5.01405,4.71,4.2275,94.785,94.975,95.215,95.425,5.344,5.1895,4.958,4.441
2024-09-03,2499.7,2523.0,2545.0,28.344,28.717,28.952,2492.91,28.048,2503.25,2479.8,28.315,,,16.55,20.72,3.830988884,1.716695666,101.825,5.1667,4.99487,4.6836,4.19,94.7925,94.985,95.225,95.435,5.31,5.1585,4.9315,4.4025
2024-09-04,2502.7,2526.0,2547.7,28.557,28.928,29.157,2495.72,28.2743,2474.45,2487.95,28.08,,,16.19,21.32,3.755230427,1.692661047,101.358,5.1484,4.96163,4.61485,4.0725,94.8,95.005,95.28,95.505,5.285,5.12,4.86,4.32
2024-09-05,2519.7,2543.1,2564.8,29.099,29.471,29.702,2516.76,28.8229,2516.85,2509.55,28.72,,,16.48,19.9,3.726927996,1.678070903,101.107,5.1242,4.9483,4.6028,4.06814,94.7975,95.0,95.27,95.495,5.2463,5.1071,4.825,4.2835
2024-09-06,2501.5,2524.6,2546.0,28.183,28.547,28.769,2497.41,27.935,2517.7,2506.15,28.84,,,16.49,22.38,3.707987785,1.671932697,101.177,5.1335,4.9582,4.5764,3.976,94.785,94.975,95.265,95.52,5.2448,5.1251,4.8243,4.2085
2024-09-09,2509.3,2532.7,2554.2,28.651,29.024,29.252,2506.38,28.3459,2496.65,2499.7,28.13,,,16.16,19.45,3.700424194,1.655644774,101.552,5.1245,4.95166,4.5857,3.9991,94.785,94.97,95.26,95.505,5.24,5.107,4.82,4.225
2024-09-10,2519.5,2543.1,2564.8,28.614,28.982,29.204,2516.73,28.4019,2502.35,2506.3,28.435,,,16.08,19.08,3.642284393,1.61127615,101.63,5.1033,4.9382,4.5538,3.9419,94.7875,94.98,95.275,95.525,5.1845,5.0705,4.775,4.14
2024-09-11,2519.0,2542.4,2564.3,28.928,29.294,29.519,2511.76,28.677,2521.9,2507.75,28.82,,,15.52,17.69,3.653445005,1.608657837,101.684,5.1292,4.9805,4.6159,4.0034,94.77,94.935,95.205,95.44,5.2195,5.108,4.821,4.173
2024-09-12,2557.1,2580.6,2602.9,30.107,30.495,30.737,2557.9,29.8792,2516.55,2545.95,28.765,,,16.74,17.07,3.67399478,1.608590007,101.366,5.0587,4.906,4.5393,3.9571,94.7825,94.965,95.245,95.485,5.175,5.08,4.781,4.185
2024-09-13,2586.8,2610.7,2632.9,31.074,31.464,31.7,2577.7,30.719,2571.35,2575.1,29.965,,,16.88,16.56,3.651341677,1.569310069,101.114,5.0295,4.8803,4.4988,3.897,94.8025,95.02,95.305,95.545,5.14,5.038,4.7388,4.11
2024-09-16,2585.2,2608.9,2630.8,31.135,31.52,31.746,2582.45,30.7323,2587.45,2584.0,30.91,,,17.03,17.14,3.617626429,1.526919246,100.763,4.9652,4.81525,4.4346,3.8373,94.815,95.045,95.325,95.565,5.1,4.9839,4.6883,4.037
2024-09-17,2568.9,2592.4,2614.2,30.979,31.362,31.589,2569.5,30.7008,2575.5,2574.55,30.68,,,17.49,17.61,3.64560771,1.536972284,100.894,4.96255,4.8226,4.4578,3.8893,94.815,95.05,95.325,95.56,5.108,5.015,4.695,4.088
2024-09-18,2574.9,2598.6,2620.6,30.687,31.065,31.29,2558.91,30.0812,2568.35,2570.1,30.59,,,17.13,18.23,3.703765631,1.591161609,100.596,4.8616,4.7255,4.391,3.85825,94.8575,95.145,95.4,95.615,5.1,5.005,4.7025,4.13
2024-09-19,2590.9,2614.6,2636.4,31.423,31.804,32.032,2586.74,30.7875,2590.6,2575.35,31.16,,,16.76,16.33,3.713142395,1.551192522,100.614,4.8574,4.6913,4.3424,3.8209,94.8575,95.15,95.41,95.63,5.05,4.895,4.615,4.035
2024-09-20,2622.4,2646.2,2668.2,31.505,31.887,32.114,2621.88,31.1775,2606.45,2605.85,31.315,,,17.08,16.15,3.741349459,1.586617589,100.723,4.8556,4.669,4.3259,3.8097,94.8575,95.15,95.435,95.655,5.05,4.875,4.605,4.05
2024-09-23,2628.6,2652.5,2674.4,31.085,31.464,31.687,2628.72,30.6943,2617.25,2629.95,30.63,,,17.72,15.89,3.748883963,1.583140612,100.851,4.8576,4.65575,4.3117,3.7959,94.8575,95.15,95.435,95.66,5.035,4.855,4.575,4.005
2024-09-24,2653.0,2677.0,2698.9,32.43,32.816,33.044,2657.1,32.0985,2628.55,2635.95,30.875,,,19.26,15.39,3.728035927,1.549932718,100.466,4.85705,4.6382,4.271,3.744,94.86,95.155,95.45,95.685,5.036,4.8375,4.5525,3.965
2024-09-25,2660.7,2684.7,2706.6,32.018,32.404,32.628,2656.89,31.8115,2653.8,2661.45,31.845,,,19.13,15.41,3.784869432,1.606000662,100.912,4.84905,4.6255,4.2769,3.7696,94.8575,95.16,95.455,95.69,5.0,4.81,4.523,3.965
2024-09-26,2670.4,2694.9,2717.0,32.341,32.737,32.967,2672.38,32.018,2668.9,2663.75,32.48,,,18.82,15.37,3.796257257,1.624723673,100.562,4.847,4.6155,4.2876,3.8214,94.8575,95.16,95.44,95.66,4.9845,4.795,4.535,4.02
2024-09-27,2644.3,2668.1,2689.9,31.816,32.2,32.425,2658.24,31.5675,2660.55,2661.85,31.915,,,18.59,16.96,3.750571012,1.592072129,100.381,4.84605,4.5935,4.25185,3.7598,94.86,95.16,95.445,95.675,4.9695,4.7995,4.513,3.97
2024-09-30,2636.1,2659.4,2681.3,31.458,31.843,32.074,2634.58,31.1595,2650.15,2629.95,31.075,,,18.08,16.73,3.780930996,1.592853189,100.779,4.8563,4.6284,4.313,3.8582,95.155,95.41,95.61,95.84,4.9,4.87,4.5055,4.02
2024-10-01,2690.3,2712.5,2730.8,31.742,32.136,32.377,2663.23,31.4561,2648.85,2667.55,31.355,,,18.57,19.26,3.731547356,1.536616921,101.194,4.8576,4.6156,4.2925,3.83011,95.15,95.41,95.615,95.855,4.935,4.8795,4.51,4.06
2024-10-02,2669.7,2692.0,2710.4,31.92,32.319,32.561,2658.69,31.8315,2655.1,2660.95,31.39,,,18.07,18.9,3.780876875,1.566283703,101.677,4.853,4.60495,4.2983,3.85021,95.1525,95.41,95.615,95.85,4.945,4.8625,4.505,4.03
2024-10-03,2679.2,2701.6,2720.3,32.464,32.871,33.111,2655.89,32.017,2644.0,2647.65,31.5,,,18.28,20.49,3.845775843,1.637990236,101.989,4.8443,4.5936,4.3026,3.8976,95.1525,95.405,95.6,95.815,4.96,4.8605,4.5055,4.056
2024-10-04,2667.8,2690.7,2710.2,32.394,32.815,33.071,2653.6,32.1998,2657.5,2650.05,32.06,,,17.48,19.21,3.967201233,1.73266387,102.52,4.8463,4.6488,4.4145,4.0916,95.1525,95.34,95.495,95.685,4.96,4.906,4.583,4.2225
2024-10-07,2666.0,2689.1,2708.9,32.004,32.423,32.682,2642.59,31.685,2651.6,2640.95,31.88,,,17.71,22.64,4.025567532,1.750842452,102.537,4.8263,4.6788,4.464,4.154,95.15,95.31,95.45,95.625,4.945,4.94,4.6655,4.325
2024-10-08,2635.4,2658.2,2677.7,30.6,31.004,31.255,2621.83,30.6683,2639.55,2639.9,31.28,,,17.64,21.42,4.011949062,1.726525426,102.549,4.827,4.6703,4.4502,4.12698,95.15,95.315,95.455,95.635,4.935,4.91,4.67,4.287
2024-10-09,2626.0,2648.8,2668.5,30.67,31.074,31.326,2607.77,30.5025,2617.55,2610.7,30.685,,,17.62,20.86,4.072561741,1.77512908,102.928,4.82515,4.67545,4.4827,4.1827,95.1525,95.31,95.435,95.595,4.93,4.91,4.69,4.33
2024-10-10,2639.3,2662.6,2682.3,31.24,31.655,31.909,2629.74,31.162,2617.25,2628.95,30.67,,,17.27,20.93,4.060844898,1.730784416,102.988,4.8033,4.65554,4.44675,4.12245,95.1525,95.31,95.43,95.585,4.915,4.9035,4.656,4.315
2024-10-11,2676.3,2699.7,2719.5,31.755,32.178,32.436,2656.59,31.5395,2637.05,2648.8,31.195,,,17.27,20.46,4.100269794,1.766287565,102.89,4.7849,4.6473,4.4424,4.1135,95.155,95.325,95.445,95.6,4.9063,4.9007,4.68,4.275
2024-10-14,2665.6,2689.0,2708.9,31.316,31.737,31.994,2648.54,31.1982,2659.0,2654.9,31.25,,,17.47,19.7,4.100269794,1.766287565,103.298,4.7878,4.65525,4.4544,4.1327,95.1525,95.31,95.43,95.58,4.9,4.92,4.6675,4.305
2024-10-15,2678.9,2702.4,2722.0,31.756,32.178,32.436,2662.58,31.5002,2653.25,2649.05,31.16,,,17.38,20.64,4.031665802,1.754069567,103.261,4.7793,4.6325,4.4345,4.1115,95.1525,95.34,95.46,95.605,4.9035,4.8915,4.635,4.275
2024-10-16,2691.3,2714.9,2734.9,31.974,32.397,32.656,2673.83,31.6902,2679.4,2675.25,31.795,,,17.31,19.58,4.012160301,1.740990639,103.59,4.7824,4.63,4.433,4.10325,95.1525,95.33,95.45,95.6,4.892,4.876,4.65,4.295
2024-10-17,2707.5,2731.4,2751.3,31.774,32.196,32.457,2692.71,31.6975,2678.45,2688.85,31.81,,,17.57,19.11,4.090571404,1.778416038,103.825,4.7672,4.6401,4.45495,4.1328,95.1525,95.32,95.425,95.555,4.9025,4.891,4.6475,4.2838
2024-10-18,2730.0,2754.3,2774.8,33.234,33.672,33.942,2721.46,33.7162,2711.6,2712.5,32.125,,,17.77,18.03,4.082837105,1.774849534,103.493,4.75365,4.62455,4.43375,4.10985,95.1525,95.325,95.435,95.57,4.89,4.8735,4.67,4.2685
2024-10-21,2738.9,2763.4,2783.9,34.078,34.53,34.811,2719.85,33.7885,2734.3,2736.45,34.0,,,18.19,18.37,4.195613861,1.876641393,104.012,4.7516,4.646,4.4746,4.18,95.1525,95.315,95.415,95.535,4.86,4.875,4.657,4.32
2024-10-22,2759.8,2784.4,2805.1,35.041,35.507,35.796,2749.01,34.8585,2733.55,2736.5,34.425,,,18.73,18.2,4.207623005,1.869585514,104.075,4.74035,4.62963,4.4558,4.1707,95.1525,95.32,95.425,95.545,4.85,4.865,4.6475,4.36
2024-10-23,2729.4,2753.8,2774.2,33.839,34.29,34.571,2715.55,33.699,2751.0,2736.45,34.51,,,18.98,19.24,4.245603085,1.923528314,104.431,4.7414,4.6288,4.4642,4.1923,95.1525,95.32,95.425,95.54,4.84,4.855,4.645,4.3375
2024-10-24,2748.9,2773.3,2793.7,33.795,34.251,34.534,2736.17,33.6833,2740.0,2732.0,34.135,,,18.66,19.08,4.211752892,1.912017822,104.058,4.7106,4.60788,4.4357,4.16688,95.1525,95.325,95.435,95.555,4.794,4.816,4.63,4.3165
2024-10-25,2754.6,2779.1,2799.4,33.779,34.236,34.518,2747.56,33.7188,2719.25,2731.45,33.15,,,18.88,20.33,4.239929199,1.944903612,104.257,4.6992,4.5939,4.4258,4.1754,95.15,95.33,95.44,95.565,4.805,4.8195,4.61,4.32
2024-10-28,2755.9,2780.5,2800.6,34.001,34.46,34.743,2742.46,33.6725,2730.4,2741.8,33.385,,,18.34,19.8,4.282090187,1.986822605,104.316,4.6926,4.5933,4.4317,4.1891,95.1525,95.3325,95.44,95.555,4.795,4.815,4.623,4.34
2024-10-29,2781.1,2805.8,2826.0,34.441,34.907,35.196,2774.74,34.4541,2749.15,2769.15,34.145,,,18.51,19.34,4.254101753,1.938712597,104.316,4.683,4.5759,4.4065,4.1506,95.155,95.335,95.45,95.565,4.803,4.81,4.614,4.309
2024-10-30,2800.8,2825.7,2846.0,34.075,34.534,34.823,2787.61,33.7763,2783.95,2777.8,34.03,,,18.68,20.35,4.300365448,1.952081919,103.994,4.6711,4.57175,4.4275,4.20135,95.1575,95.3375,95.45,95.57,4.7945,4.8145,4.6225,4.327
2024-10-31,2749.3,2774.0,2794.5,32.796,33.239,33.519,2743.97,32.6625,2779.4,2734.15,33.59,,,19.46,23.16,4.284371376,1.955666661,103.976,4.6517,4.5554,4.4099,4.1895,95.335,95.45,95.575,95.735,4.766,4.82,4.625,4.345
2024-11-01,2749.2,2773.9,2794.5,32.681,33.124,33.409,2736.53,32.4895,2747.35,2744.3,32.8,,,19.29,21.88,4.383645535,2.045320034,104.282,4.6374,4.536,4.40275,4.1995,95.34,95.46,95.59,95.735,4.755,4.805,4.604,4.345
2024-11-04,2746.2,2770.9,2791.5,32.609,33.052,33.333,2736.78,32.4505,2741.35,2742.6,32.84,,,19.91,21.98,4.284738064,2.005837679,103.885,4.6285,4.5273,4.3881,4.1715,95.34,95.46,95.59,95.735,4.7295,4.765,4.6055,4.33
2024-11-05,2749.7,2774.6,2795.3,32.775,33.22,33.503,2743.99,32.657,2738.75,2742.55,32.65,,,19.59,20.49,4.270756245,1.968274474,103.423,4.6173,4.5248,4.38715,4.1806,95.3425,95.455,95.58,95.725,4.699,4.76,4.6025,4.333
2024-11-06,2676.3,2700.4,2721.0,31.331,31.76,32.031,2659.06,31.1778,2726.2,2660.2,31.8,,,17.63,16.27,4.431458473,2.031054497,105.088,4.6044,4.5245,4.4205,4.2503,95.3475,95.455,95.565,95.68,4.64,4.75,4.63,4.405
2024-11-07,2705.8,2730.6,2751.1,31.855,32.292,32.568,2706.71,32.0277,2667.05,2692.0,31.105,,,17.37,15.2,4.32571125,1.958494663,104.508,4.60268,4.5092,4.3939,4.2076,95.355,95.46,95.57,95.68,4.625,4.71,4.5855,4.356
2024-11-08,2694.8,2719.5,2740.1,31.449,31.886,32.163,2684.77,31.307,2685.2,2691.15,31.55,,,15.91,14.94,4.304301262,1.944288731,104.997,4.602,4.5225,4.426,4.264,95.3525,95.45,95.555,95.66,4.625,4.71,4.615,4.38
2024-11-11,2617.7,2641.7,2661.9,30.613,31.036,31.31,2618.82,30.6833,2670.55,2624.75,31.315,,,16.02,14.97,4.304301262,1.944288731,105.543,4.602,4.5265,4.4356,4.2862,95.35,95.445,95.55,95.64,4.61,4.6975,4.5975,4.39
2024-11-12,2606.3,2630.3,2650.6,30.759,31.188,31.462,2598.39,30.722,2590.75,2606.85,30.405,,,16.25,14.71,4.427522659,2.063774347,106.024,4.6072,4.5293,4.44775,4.32035,95.3475,95.445,95.54,95.625,4.625,4.72,4.64,4.47
2024-11-13,2586.5,2610.3,2630.3,30.663,31.09,31.364,2572.98,30.3055,2609.75,2598.75,30.91,,,17.05,14.02,4.451159477,2.089160204,106.481,4.60745,4.48645,4.3907,4.2443,95.35,95.47,95.595,95.69,4.63,4.705,4.6135,4.39
2024-11-14,2572.9,2596.4,2616.3,30.569,30.991,31.26,2564.85,30.4497,2548.45,2567.3,29.99,,,17.39,14.31,4.435395718,2.096468449,106.673,4.6028,4.521,4.4354,4.3005,95.35,95.46,95.575,95.665,4.63,4.705,4.59,4.405
2024-11-15,2570.1,2593.6,2613.4,30.432,30.855,31.123,2563.25,30.2708,2566.7,2571.8,30.66,,,17.17,16.14,4.439412594,2.102997065,106.687,4.6008,4.5215,4.43025,4.2813,95.35,95.445,95.54,95.63,4.655,4.725,4.624,4.45
2024-11-18,2614.6,2638.2,2658.7,31.224,31.652,31.922,2611.83,31.1733,2590.1,2606.85,30.74,,,16.97,15.58,4.413842201,2.067691803,106.275,4.602,4.521,4.43,4.27017,95.3525,95.445,95.535,95.62,4.67,4.72,4.629,4.423
2024-11-19,2631.0,2654.6,2674.9,31.262,31.693,31.963,2632.08,31.2115,2635.95,2623.2,31.285,,,17.85,16.35,4.396174908,2.049649239,106.206,4.58818,4.52,4.4353,4.28386,95.3525,95.445,95.53,95.615,4.66,4.735,4.63,4.425
2024-11-20,2651.7,2675.6,2696.3,31.005,31.434,31.704,2650.6,30.8532,2624.3,2640.55,30.87,,,18.34,17.16,4.409950256,2.054216862,106.68,4.58795,4.52545,4.4461,4.30336,95.3525,95.435,95.515,95.6,4.678,4.745,4.64,4.4375
2024-11-21,2674.9,2699.3,2720.2,30.943,31.379,31.648,2669.72,30.788,2669.7,2665.3,31.065,,,17.59,16.87,4.421780586,2.074187517,106.972,4.57755,4.5195,4.443,4.3203,95.3525,95.435,95.515,95.59,4.67,4.745,4.634,4.45
2024-11-22,2712.2,2737.2,2758.5,31.338,31.776,32.046,2716.19,31.3458,2706.25,2694.95,31.255,,,17.54,15.24,4.400196552,2.050785303,107.554,4.58275,4.52485,4.4516,4.3394,95.3525,95.435,95.515,95.59,4.665,4.745,4.644,4.465
2024-11-25,2618.5,2642.6,2663.4,30.239,30.661,30.926,2625.01,30.2985,2670.4,2635.4,30.79,,,17.8,14.6,4.273135185,1.9777596,106.817,4.57295,4.5146,4.43235,4.29403,95.355,95.44,95.515,95.59,4.668,4.72,4.605,4.433
2024-11-26,2621.3,2646.3,2667.2,30.405,30.832,31.096,2633.15,30.4412,2630.3,2622.1,30.54,,,17.0,14.1,4.306221962,2.018329382,107.013,4.5516,4.4832,4.40984,4.2924,95.3575,95.455,95.545,95.615,4.646,4.7125,4.613,4.433
2024-11-27,2639.9,2664.8,2685.6,30.111,30.556,30.817,2636.02,30.0996,2648.0,2640.85,30.49,,,16.54,14.1,4.263392925,1.986843228,106.084,4.5399,4.4695,4.3915,4.265,95.36,95.465,95.565,95.635,4.67,4.7,4.5895,4.408
2024-11-28,2639.9,2664.8,2685.6,30.111,30.556,30.817,2637.92,30.222,2646.4,2641.85,30.065,,,16.54,13.9,4.263392925,1.986843228,106.048,4.5462,4.4746,4.3936,4.2644,95.36,95.465,95.565,95.635,4.67,4.7,4.5895,4.408
2024-11-29,2657.0,2681.0,2701.9,30.685,31.108,31.369,2643.15,30.625,2664.3,2651.05,30.7,,,16.37,13.51,4.168539047,1.903471351,105.737,4.53855,4.467,4.3782,4.2353,95.465,95.565,95.64,95.69,4.8,4.69,4.578,4.36
2024-12-02,2658.5,2679.3,2701.0,30.864,31.123,31.382,2639.13,30.5125,2637.25,2642.15,30.455,,,16.33,13.34,4.189725876,1.928543925,106.446,4.51775,4.4512,4.3686,4.2305,95.46,95.55,95.615,95.665,4.8,4.681,4.571,4.37
2024-12-03,2667.9,2688.7,2710.4,31.492,31.753,32.014,2643.49,31.0365,2645.35,2640.65,30.905,,,16.21,13.3,4.224520206,1.91870296,106.365,4.51575,4.4469,4.3517,4.20735,95.4725,95.58,95.655,95.71,4.78,4.6493,4.5395,4.335
2024-12-04,2676.2,2696.4,2717.7,31.915,32.169,32.422,2649.9,31.3022,2642.05,2648.65,30.835,,,15.92,13.45,4.180021286,1.894556642,106.321,4.5021,4.4329,4.3303,4.1653,95.4775,95.59,95.665,95.725,4.7507,4.6376,4.519,4.305
2024-12-05,2648.4,2668.8,2689.9,31.536,31.793,32.05,2631.67,31.3095,2649.15,2640.15,31.345,,,15.93,13.54,4.176134109,1.905296445,105.714,4.4905,4.4273,4.32725,4.1722,95.4775,95.585,95.665,95.72,4.715,4.62,4.5083,4.309
2024-12-06,2659.6,2680.3,2701.5,31.588,31.848,32.108,2633.37,30.9676,2636.5,2637.3,31.11,,,15.04,12.77,4.152906418,1.89726758,106.055,4.4686,4.3945,4.2868,4.1285,95.4875,95.62,95.71,95.77,4.715,4.6101,4.4801,4.2758
2024-12-09,2685.8,2706.6,2728.1,32.611,32.87,33.131,2660.3,31.836,2655.85,2671.9,31.63,,,15.75,14.19,4.201159954,1.932244062,106.145,4.4584,4.398,4.291,4.1363,95.4825,95.615,95.695,95.755,4.695,4.59,4.4563,4.2515
2024-12-10,2718.4,2739.4,2761.0,32.747,32.991,33.251,2694.25,31.9085,2670.45,2689.6,31.9,,,16.34,14.18,4.226340771,1.927769542,106.399,4.45655,4.39605,4.2924,4.1475,95.48,95.62,95.685,95.745,4.58,4.54,4.44,4.245
2024-12-11,2756.7,2776.6,2797.9,32.967,33.191,33.446,2718.23,31.9005,2697.45,2705.45,31.7,,,16.86,13.58,4.271072865,1.952066183,106.71,4.421,4.36776,4.277,4.142,95.4925,95.645,95.71,95.77,4.15,4.15,4.432,4.24
2024-12-12,2709.4,2730.4,2752.4,31.619,31.862,32.105,2680.73,30.996,2713.6,2684.35,31.88,,,15.43,13.92,4.327774525,1.997216582,106.956,4.4011,4.3563,4.27,4.1577,95.495,95.65,95.715,95.77,3.75,3.9,4.15,4.185
2024-12-13,2675.8,2697.3,2719.7,31.028,31.283,31.545,2648.23,30.553,2669.55,2659.05,30.735,,,15.63,13.81,4.396690845,2.049046516,107.003,4.39305,4.36235,4.2862,4.1908,95.495,95.645,95.705,95.755,3.9605,4.275,4.299,4.26
2024-12-16,2670.0,2691.5,2714.0,31.057,31.315,31.58,2652.72,30.5498,2660.95,2654.2,30.655,,,15.38,14.69,4.396713734,2.068222523,106.858,4.3825,4.3588,4.2861,4.1948,95.495,95.65,95.7,95.75,3.9999,4.285,4.3,4.27
2024-12-17,2662.0,2683.7,2706.4,30.921,31.179,31.443,2646.83,30.541,2641.6,2636.35,30.31,,,15.64,15.87,4.398712158,2.082876444,106.956,4.381,4.35785,4.28425,4.1938,95.49,95.645,95.7,95.75,3.25,3.795,4.1501,4.1275
2024-12-18,2653.3,2675.5,2698.7,30.74,31.004,31.272,2585.35,29.35,2648.35,2635.65,30.355,,,16.54,27.62,4.514008045,2.199603796,108.027,4.3578,4.347,4.30935,4.27315,95.5,95.665,95.7,95.73,3.5775,3.9608,4.1117,4.165
2024-12-19,2608.1,2630.0,2653.3,29.411,29.672,29.939,2594.01,29.0485,2621.3,2592.45,29.49,,,15.83,24.09,4.562138081,2.263652086,108.408,4.3445,4.33445,4.28765,4.23765,95.5025,95.675,95.705,95.74,4.317,4.3853,4.3007,4.285
2024-12-20,2645.1,2667.0,2690.0,29.958,30.217,30.477,2622.91,29.5195,2606.15,2616.45,28.795,,,15.73,18.36,4.522208691,2.220317125,107.621,4.3445,4.3303,4.2761,4.2216,95.5025,95.675,95.705,95.745,4.2406,4.37,4.342,4.2885
2024-12-23,2628.2,2650.5,2673.7,30.189,30.454,30.723,2612.56,29.6507,2620.55,2613.8,29.605,,,15.54,16.78,4.586523533,2.244536877,108.037,4.3425,4.3279,4.2843,4.2392,95.5025,95.675,95.705,95.735,4.0715,4.3247,4.3055,4.306
2024-12-24,2635.5,2658.1,2681.9,30.283,30.549,30.819,2616.87,29.661,2613.75,2613.8,29.48,,,14.71,14.27,4.588671207,2.230800152,108.257,4.351,4.33085,4.284,4.23115,95.49,95.67,95.7,95.735,4.132,4.3527,4.307,4.3025
2024-12-25,2635.5,2658.1,2681.9,30.283,30.549,30.819,2616.87,29.661,2613.75,2613.8,29.48,,,14.71,14.27,4.588671207,2.230800152,108.257,4.351,4.33085,4.284,4.23115,95.49,95.67,95.7,95.735,4.132,4.3527,4.307,4.3025
2024-12-26,2653.9,2677.1,2701.1,30.389,30.668,30.944,2633.58,29.8091,2613.75,2613.8,29.48,,,15.19,14.73,4.582691193,2.229038239,108.129,4.3573,4.3218,4.27515,4.2242,95.4725,95.665,95.71,95.745,4.08,4.38,4.34,4.2775
2024-12-27,2631.9,2655.2,2679.5,29.968,30.25,30.538,2621.4,29.385,2625.55,2615.95,29.645,,,14.67,15.95,4.625316143,2.266553879,107.998,4.3495,4.31475,4.2665,4.2142,95.4775,95.675,95.715,95.75,4.3825,4.44,4.33,4.295
2024-12-30,2618.1,2642.0,2667.2,29.412,29.708,30.006,2606.5,28.9508,2610.3,2609.1,29.46,,,15.02,17.4,4.5326581,2.203428268,108.13,4.33335,4.3055,4.24855,4.1711,95.48,95.6725,95.715,95.755,4.4025,4.4075,4.3175,4.275
2024-12-31,2641.0,2666.0,2692.1,29.242,29.555,29.86,2624.5,28.9021,2610.85,2609.1,28.905,,,14.62,17.35,4.568975925,2.227748394,108.487,4.32315,4.302,4.2495,4.17587,95.675,95.715,95.755,95.825,4.4675,4.4475,4.3375,4.2675
2025-01-01,2641.0,2666.0,2692.1,29.242,29.555,29.86,2624.5,28.9021,2610.85,2609.1,28.905,,,14.62,17.35,4.568975925,2.227748394,108.487,4.32315,4.302,4.2495,4.17587,95.675,95.715,95.755,95.825,4.45,4.435,4.3105,4.285
2025-01-02,2669.0,2693.5,2718.5,29.9,30.199,30.498,2657.9,29.569,2644.6,2646.3,29.405,,,15.07,17.93,4.55896759,2.213903666,109.394,4.313,4.29325,4.24425,4.1762,95.68,95.715,95.755,95.825,4.3925,4.3825,4.32,4.255
2025-01-03,2654.7,2679.5,2703.9,30.065,30.347,30.632,2640.22,29.623,2654.3,2646.8,29.815,,,14.49,16.13,4.597505093,2.252353191,108.952,4.3076,4.2909,4.25175,4.1955,95.685,95.715,95.75,95.815,4.365,4.335,4.285,4.27
2025-01-06,2647.4,2672.0,2695.7,30.583,30.864,31.136,2636.47,29.957,2631.8,2633.35,30.27,,,14.76,16.04,4.629986763,2.26646018,108.257,4.3008,4.2891,4.25315,4.19623,95.695,95.72,95.755,95.81,4.369,4.3355,4.265,4.23
2025-01-07,2665.4,2690.3,2713.8,30.686,30.986,31.284,2648.59,30.0512,2644.4,2650.85,30.235,,,14.68,17.82,4.684997082,2.278721809,108.542,4.30295,4.2935,4.262,4.209,95.695,95.715,95.745,95.795,4.355,4.3175,4.2655,4.225
2025-01-08,2672.4,2698.3,2721.8,30.69,30.991,31.291,2661.94,30.1045,2653.45,2659.65,30.14,,,14.82,17.7,4.689169407,2.263866663,109.09,4.303,4.293,4.26,4.20125,95.695,95.715,95.745,95.795,4.235,4.2545,4.2135,4.174
2025-01-09,2690.8,2717.1,2740.6,31.015,31.304,31.601,2667.25,30.1335,2666.35,2674.6,30.285,,,14.82,18.07,4.689261913,2.272387981,109.179,4.3045,4.28975,4.24965,4.182,95.6925,95.715,95.745,95.8,4.1155,4.165,4.141,4.1315
2025-01-10,2715.0,2742.6,2766.4,31.314,31.595,31.888,2689.76,30.4077,2679.45,2687.45,30.355,,,15.77,19.54,4.759225368,2.311168909,109.65,4.30753,4.30469,4.2863,4.26135,95.6925,95.705,95.725,95.76,3.675,3.8,3.93,4.06
2025-01-13,2678.6,2706.1,2730.4,30.309,30.588,30.867,2663.16,29.6132,2679.8,2669.5,29.88,,,15.27,19.19,4.777861118,2.310346365,109.956,4.30705,4.3079,4.2947,4.26946,95.6925,95.705,95.715,95.74,3.1,3.5,4.0165,4.1315
2025-01-14,2682.3,2710.1,2734.6,30.351,30.638,30.927,2677.46,29.9036,2666.4,2667.0,29.735,,,15.0,18.71,4.792410374,2.325517416,109.273,4.3025,4.3036,4.2895,4.26369,95.695,95.71,95.72,95.75,3.675,4.0675,4.184,4.1885
2025-01-15,2717.8,2743.9,2768.2,31.531,31.815,32.095,2696.32,30.653,2686.6,2677.7,29.99,,,15.23,16.12,4.65308857,2.216022968,109.09,4.3005,4.2955,4.264,4.20463,95.695,95.705,95.73,95.77,2.8,3.25,3.74,4.023
2025-01-16,2750.9,2776.5,2801.4,31.725,32.018,32.306,2714.31,30.8145,2707.45,2716.5,30.705,,,15.4,16.6,4.612500668,2.18539381,108.957,4.3025,4.2931,4.2535,4.187,95.695,95.705,95.73,95.78,1.4145,2.751,3.49,3.655
2025-01-17,2748.7,2775.0,2799.5,31.141,31.447,31.748,2703.25,30.367,2705.1,2715.2,30.63,,,14.98,15.97,4.627040863,2.192226648,109.347,4.30307,4.29254,4.2595,4.20989,95.695,95.705,95.73,95.77,1.302,3.2645,3.695,3.995
2025-01-20,2748.7,2775.0,2799.5,31.141,31.447,31.748,2708.21,30.5439,2707.5,2707.7,30.255,,,14.98,15.81,4.627040863,2.192226648,109.347,4.302,4.292,4.2553,4.2047,95.695,95.705,95.73,95.77,1.302,3.1635,3.7325,3.8275
2025-01-21,2759.2,2785.6,2810.4,31.496,31.807,32.108,2744.81,30.7808,2721.4,2737.8,30.485,,,15.5,15.06,4.576372623,2.171840668,108.062,4.3064,4.2995,4.2655,4.2072,95.695,95.7,95.725,95.76,1.8592,3.5677,3.891,3.9905
2025-01-22,2770.9,2797.4,2822.4,31.42,31.728,32.031,2756.48,30.8283,2760.15,2751.8,30.795,,,15.24,15.1,4.610933304,2.189595222,108.167,4.31184,4.3035,4.27,4.21174,95.69,95.695,95.72,95.755,2.4695,3.535,3.9245,4.003
2025-01-23,2765.0,2791.9,2816.9,30.842,31.16,31.458,2754.87,30.454,2747.2,2744.25,30.475,,,14.95,15.02,4.643583298,2.178504229,108.047,4.3167,4.30067,4.2607,4.2012,95.6875,95.695,95.725,95.765,2.05,3.405,3.85,3.9705
2025-01-24,2778.9,2806.6,2832.3,31.185,31.505,31.801,2770.58,30.585,2771.05,2776.8,30.84,,,14.85,14.85,4.621421814,2.200464249,107.443,4.31534,4.29641,4.24883,4.1823,95.685,95.695,95.725,95.765,2.267,3.575,3.875,3.9665
2025-01-27,2738.4,2766.2,2792.0,30.414,30.737,31.038,2740.81,30.218,2767.1,2742.4,30.58,,,15.23,17.9,4.534295082,2.13195014,107.341,4.3147,4.29295,4.2363,4.1423,95.6825,95.695,95.725,95.775,2.2335,3.6145,3.8737,3.9095
2025-01-28,2767.5,2794.6,2821.0,30.882,31.206,31.504,2763.51,30.4207,2743.7,2751.9,30.15,,,15.46,16.41,4.532336712,2.119702101,107.866,4.3125,4.29076,4.23495,4.14375,95.6825,95.695,95.73,95.775,1.765,3.426,3.848,3.91
2025-01-29,2769.8,2793.5,2818.7,31.393,31.708,32.008,2759.36,30.8487,2759.4,2756.3,30.44,,,14.84,16.56,4.528358459,2.117953777,108.0,4.313,4.30392,4.253,4.1669,95.6825,95.695,95.725,95.755,1.466,3.241,3.767,3.889
2025-01-30,2823.0,2845.2,2869.9,32.493,32.809,33.105,2794.59,31.596,2778.15,2787.25,30.995,,,16.09,15.84,4.516305923,2.125824213,107.797,4.315,4.304,4.25336,4.1685,95.68,95.69,95.715,95.745,0.5915,2.8195,3.5705,3.869
2025-01-31,2812.5,2835.0,2859.6,32.265,32.571,32.855,2798.41,31.3047,2791.5,2812.05,31.605,,,15.82,16.43,4.538714409,2.108321667,108.37,4.3135,4.3028,4.2525,4.1666,95.6925,95.72,95.745,95.8,0.6955,2.9,3.475,3.775
2025-02-03,2857.1,2881.2,2903.8,32.526,32.821,33.083,2815.21,31.599,2794.15,2826.1,31.29,,,16.81,18.62,4.554981232,2.126689672,108.99,4.3087,4.30555,4.2658,4.1964,95.6925,95.72,95.735,95.785,0.627,2.275,3.085,3.55
2025-02-04,2875.8,2900.7,2924.3,33.022,33.318,33.596,2842.71,32.168,2813.2,2843.55,31.595,,,17.11,17.21,4.510540962,2.071650267,107.96,4.3135,4.3042,4.25907,4.18175,95.69,95.72,95.74,95.795,-0.75,1.3955,2.49,3.295
2025-02-05,2893.0,2918.4,2942.3,32.976,33.267,33.538,2867.24,32.3108,2873.8,2871.15,32.275,,,17.19,15.77,4.418113232,1.99697125,107.579,4.3145,4.30557,4.255,4.1702,95.6875,95.72,95.74,95.795,0.25,1.8,2.9,3.44
2025-02-06,2876.7,2902.4,2926.7,32.626,32.929,33.209,2856.28,32.1758,2861.2,2838.95,32.02,,,16.27,15.5,4.434180737,2.019456387,107.689,4.317,4.3045,4.2571,4.18175,95.68,95.715,95.735,95.79,1.25,2.7325,3.3725,3.665
2025-02-07,2887.6,2913.9,2939.1,32.443,32.753,33.048,2861.07,31.8155,2866.45,2874.65,32.275,,,16.23,16.54,4.494676113,2.063723564,108.04,4.31982,4.31542,4.2875,4.2387,95.675,95.71,95.715,95.76,0.8235,2.3,3.25,3.64
2025-02-10,2934.4,2961.3,2987.3,32.491,32.803,33.107,2908.26,32.0522,2895.55,2904.45,32.265,,,17.59,15.81,4.496750355,2.060219288,108.319,4.31769,4.319,4.2861,4.23175,95.675,95.705,95.71,95.76,0.7237,2.214,3.12,3.635
2025-02-11,2932.6,2960.5,2986.7,32.322,32.636,32.95,2897.91,31.8155,2906.85,2895.4,31.73,,,17.48,16.02,4.535243988,2.062816,107.963,4.31784,4.3219,4.29387,4.24509,95.675,95.705,95.705,95.75,0.15,1.692,2.95,3.4325
2025-02-12,2928.7,2956.4,2982.8,32.785,33.098,33.417,2904.04,32.2388,2883.35,2891.5,31.765,,,17.34,15.89,4.620791,2.149518,107.938,4.3142,4.3268,4.321,4.29812,95.675,95.7,95.695,95.72,0.3455,1.434,2.85,3.5085
2025-02-13,2945.4,2973.2,2999.3,32.726,33.04,33.364,2928.21,32.3442,2917.45,2915.3,32.275,,,17.13,15.1,4.528831482,2.073254824,107.313,4.3136,4.32347,4.309,4.2685,95.6725,95.695,95.695,95.725,0.25,1.3,2.475,3.075
2025-02-14,2900.7,2928.3,2954.1,32.855,33.177,33.494,2882.53,32.103,2938.05,2921.25,33.105,,,17.23,14.77,4.476243496,2.033932924,106.71,4.315,4.3261,4.2977,4.2324,95.6725,95.695,95.695,95.73,-0.6107,1.4876,2.5567,3.255
2025-02-17,2900.7,2928.3,2954.1,32.855,33.177,33.494,2896.56,32.3365,2898.2,2900.55,32.48,,,17.23,15.37,4.476243496,2.033932924,106.575,4.31575,4.326,4.29494,4.2254,95.6725,95.695,95.695,95.73,-0.25,1.6093,2.7842,3.325
2025-02-18,2949.0,2976.8,3002.8,33.373,33.673,33.995,2936.02,32.8808,2908.85,2927.1,32.46,,,18.03,15.35,4.550298214,2.091558218,107.054,4.32024,4.33095,4.3108,4.2597,95.6675,95.69,95.69,95.715,0.95,2.75,3.155,3.52
2025-02-19,2936.1,2963.6,2989.5,33.043,33.346,33.647,2933.39,32.698,2944.4,2936.85,32.91,,,16.76,15.27,4.532662868,2.067043543,107.173,4.32518,4.3284,4.305,4.24145,95.665,95.69,95.695,95.72,1.75,2.8,3.4,3.66
2025-02-20,2956.1,2983.3,3008.8,33.486,33.807,34.108,2938.98,32.9618,2953.05,2932.05,33.06,,,16.45,15.66,4.505297661,2.035601139,106.372,4.3202,4.322,4.2918,4.2285,95.665,95.69,95.695,95.735,3.05,3.275,3.525,3.78
2025-02-21,2953.2,2980.7,3006.0,33.012,33.338,33.645,2936.05,32.457,2929.7,2934.15,32.93,,,16.55,18.21,4.431303024,2.007655621,106.612,4.3195,4.31348,4.267,4.1771,95.66,95.69,95.695,95.755,2.9,3.195,3.53,3.78
2025-02-24,2963.2,2991.1,3016.7,32.603,32.93,33.244,2951.73,32.3488,2940.6,2931.9,32.51,,,16.73,18.98,4.400291443,1.965949297,106.596,4.32397,4.31615,4.2654,4.16175,95.66,95.685,95.69,95.745,2.5132,2.7915,3.4094,3.6458
2025-02-25,2918.8,2946.8,2972.2,31.826,32.125,32.433,2914.98,31.7387,2942.05,2933.25,32.145,,,16.72,19.43,4.294490337,1.904563189,106.308,4.3239,4.316,4.2554,4.1228,95.66,95.685,95.695,95.745,3.075,3.3,3.57,3.722
2025-02-26,2930.6,2958.9,2984.7,32.272,32.575,32.89,2916.39,31.856,2913.55,2901.0,31.715,,,16.36,19.1,4.256207466,1.892451048,106.416,4.3238,4.3181,4.256,4.11765,95.6575,95.685,95.695,95.745,3.75,3.725,3.85,3.89
2025-02-27,2895.9,2923.9,2949.6,31.801,32.11,32.419,2877.52,31.2767,2891.65,2880.8,31.725,,,16.45,21.13,4.259926796,1.898418188,107.244,4.3246,4.315,4.2455,4.1013,95.6575,95.685,95.695,95.745,3.875,3.838,3.7882,3.8702
2025-02-28,2848.5,2876.1,2901.6,31.219,31.496,31.803,2857.83,31.1501,2861.4,2834.55,31.135,,,15.82,19.63,4.208237648,1.838943839,107.614,4.31976,4.306,4.2189,4.0507,95.685,95.7,95.755,95.83,3.875,3.8375,3.7917,3.844
2025-03-03,2901.1,2929.2,2955.2,32.31,32.606,32.91,2892.73,31.6828,2868.25,2880.7,31.525,,,16.81,22.78,4.155074596,1.790134549,106.747,4.31331,4.29387,4.1986,4.02055,95.6875,95.7,95.77,95.845,3.5415,3.7075,3.7931,3.8958
2025-03-04,2920.6,2948.8,2974.7,32.381,32.675,32.972,2917.89,31.9795,2911.6,2905.9,31.905,,,17.25,23.51,4.244193554,1.88692081,105.743,4.322,4.304,4.2116,4.039,95.68,95.695,95.775,95.86,3.9095,3.8675,3.8385,3.788
2025-03-05,2926.0,2954.4,2980.0,33.134,33.432,33.725,2919.39,32.6591,2917.7,2913.25,32.255,,,16.92,21.93,4.278481007,1.937824249,104.276,4.32489,4.30375,4.21475,4.0429,95.6725,95.69,95.765,95.84,3.8285,3.8487,3.8098,3.784
2025-03-06,2926.6,2955.2,2980.8,33.338,33.64,33.932,2911.8,32.646,2901.65,2922.2,32.43,,,16.83,24.87,4.278391838,1.938642025,104.062,4.32193,4.28914,4.1736,3.98845,95.6775,95.705,95.795,95.88,3.6448,3.7475,3.7155,3.6955
2025-03-07,2914.1,2942.9,2968.3,32.809,33.11,33.4,2909.1,32.5375,2918.5,2931.15,32.495,,,16.19,23.37,4.301130295,1.9549824,103.838,4.3281,4.3062,4.20725,4.0287,95.67,95.69,95.76,95.84,3.6537,3.7338,3.725,3.7123
2025-03-10,2899.4,2927.5,2951.8,32.53,32.824,33.105,2888.71,32.1079,2902.1,2910.2,32.505,,,17.06,27.86,4.213112831,1.900365472,103.9,4.324,4.2854,4.15425,3.9405,95.6725,95.69,95.78,95.88,3.7394,3.7678,3.7308,3.6916
2025-03-11,2920.9,2949.0,2973.8,33.147,33.44,33.709,2915.9,32.9426,2913.45,2916.9,32.55,,,17.14,26.92,4.279864311,1.960977554,103.419,4.32303,4.2947,4.18075,3.99075,95.6725,95.69,95.77,95.855,3.8125,3.8375,3.7576,3.6985
2025-03-12,2946.8,2974.8,2999.6,33.743,34.036,34.305,2934.77,33.2453,2913.6,2924.8,33.03,,,16.82,24.23,4.312408924,1.973986506,103.612,4.31889,4.30044,4.20625,4.0287,95.6725,95.69,95.75,95.82,3.923,3.9295,3.818,3.752
2025-03-13,2991.3,3019.5,3044.7,34.306,34.604,34.876,2989.18,33.8679,2944.65,2974.05,33.15,,,17.41,24.66,4.268192768,1.966112256,103.828,4.317,4.2922,4.193,4.0065,95.6725,95.69,95.765,95.845,3.981,3.964,3.848,3.749
2025-03-14,3001.1,3028.9,3054.0,34.433,34.73,35.004,2984.16,33.7994,2999.85,2978.05,33.895,,,17.13,21.77,4.312087059,2.001757383,103.718,4.32006,4.30137,4.20541,4.0479,95.675,95.69,95.755,95.825,4.0308,4.005,3.9127,3.835
2025-03-17,3006.1,3034.1,3059.0,34.308,34.611,34.887,3000.6,33.8628,2996.15,2996.5,33.77,,,17.6,20.51,4.298542976,1.997355223,103.37,4.3243,4.31035,4.23305,4.08375,95.675,95.69,95.74,95.8,4.0156,3.9794,3.9238,3.8405
2025-03-18,3040.8,3068.9,3094.2,34.818,35.122,35.399,3034.73,34.0136,3021.7,3025.8,34.085,,,17.53,21.7,4.283090591,1.983347178,103.244,4.325,4.31008,4.2351,4.0895,95.6725,95.685,95.73,95.79,4.04,3.985,3.9505,3.869
2025-03-19,3041.2,3069.1,3094.4,34.205,34.513,34.792,3047.79,33.7958,3034.0,3027.55,33.92,,,16.74,19.9,4.242756844,1.909373403,103.428,4.32175,4.3015,4.2202,4.04745,95.675,95.69,95.735,95.795,4.0865,4.03,3.9625,3.9238
2025-03-20,3043.8,3071.3,3096.3,33.991,34.298,34.572,3044.9,33.5912,3026.2,3038.15,33.31,,,16.45,19.8,4.236923695,1.900652766,103.851,4.32046,4.2997,4.2088,4.033,95.6775,95.69,95.735,95.8,4.1234,4.0766,3.9812,3.9194
2025-03-21,3021.4,3048.4,3072.9,33.486,33.786,34.046,3022.15,33.0328,3031.3,3013.7,33.18,,,15.98,19.28,4.246208668,1.916962504,104.088,4.32212,4.29711,4.1975,4.0134,95.6775,95.69,95.735,95.805,4.1743,4.1336,4.1005,3.8935
2025-03-24,3015.6,3044.0,3068.6,33.45,33.754,34.024,3011.04,33.0166,3030.25,3007.75,33.085,,,15.8,17.48,4.334606171,1.977009416,104.262,4.32482,4.30775,4.2295,4.07334,95.6775,95.685,95.725,95.78,4.0,4.05,4.05,3.901
2025-03-25,3025.9,3054.3,3079.3,34.187,34.495,34.767,3020.09,33.7301,3021.35,3025.2,33.435,,,15.23,17.15,4.313299179,1.954277039,104.184,4.3315,4.30775,4.2235,4.066,95.6725,95.68,95.72,95.775,3.977,4.0045,3.985,3.8967
2025-03-26,3022.5,3052.3,3077.0,34.222,34.53,34.801,3019.38,33.6335,3021.85,3013.25,33.76,,,15.04,18.33,4.351866245,1.978681207,104.547,4.331,4.30183,4.223,4.067,95.67,95.685,95.725,95.78,4.022,4.028,3.9922,3.8948
2025-03-27,3061.0,3090.9,3115.8,35.083,35.399,35.676,3057.29,34.4128,3051.7,3056.55,34.11,,,16.08,18.69,4.359544277,1.957678914,104.335,4.32475,4.30046,4.2209,4.0573,95.6675,95.685,95.72,95.77,4.113,4.1005,4.057,3.9099
2025-03-28,3086.5,3114.3,3139.4,34.814,35.128,35.403,3085.12,34.1255,3070.4,3071.6,34.395,,,16.45,21.65,4.249394417,1.879257321,104.044,4.31911,4.28494,4.1795,3.98419,95.67,95.685,95.73,95.8,4.1255,4.1405,4.0623,3.9162
2025-03-31,3122.8,3150.3,3175.2,34.611,34.934,35.219,3123.57,34.0859,3120.2,3115.1,34.055,,,17.84,22.28,4.205250263,1.834221482,104.21,4.31995,4.287,4.1789,3.9712,95.685,95.725,95.785,95.88,4.175,4.145,4.08,3.87
2025-04-01,3146.0,3171.3,3195.2,34.309,34.635,34.938,3113.38,33.6948,3131.5,3133.7,33.97,,,17.95,21.77,4.168887615,1.831557989,104.26,4.31823,4.2832,4.174,3.96603,95.6875,95.73,95.795,95.895,4.055,4.055,4.0025,3.8225
2025-04-02,3166.2,3192.3,3216.6,34.65,34.974,35.265,3134.17,33.88,3127.05,3119.75,33.87,,,17.92,21.51,4.130734444,1.79099524,103.807,4.324,4.28992,4.18825,3.96905,95.6825,95.715,95.77,95.86,4.0,4.04,3.98,3.85
2025-04-03,3121.7,3147.8,3171.8,31.97,32.279,32.557,3115.34,31.8552,3128.15,3118.1,32.475,,,18.36,30.02,4.028552532,1.748003721,102.072,4.313,4.253,4.1053,3.82689,95.6825,95.74,95.805,95.91,4.095,4.195,4.13,3.9
2025-04-04,3035.4,3060.3,3083.4,29.23,29.515,29.773,3038.24,29.5855,3090.3,3054.5,31.34,,,22.03,45.31,3.994307995,1.799263477,103.023,4.29797,4.207,4.02905,3.75276,95.69,95.765,95.86,95.99,4.12,4.085,4.0,3.75
2025-04-07,2973.6,2998.0,3021.3,29.604,29.891,30.159,2983.28,30.0824,3025.1,3014.75,30.325,,,19.68,46.98,4.183508396,1.977351785,103.256,4.3147,4.2295,4.06091,3.80588,95.6875,95.775,95.875,96.015,4.044,4.0188,3.9358,3.7692
2025-04-08,2990.2,3015.2,3039.0,29.686,29.961,30.217,2983.27,29.805,3002.7,3015.4,30.315,,,23.73,52.33,4.292889118,2.060973883,102.955,4.31129,4.1877,3.98675,3.7191,95.67,95.78,95.885,96.05,3.99,3.99,3.85,3.74
2025-04-09,3079.4,3105.2,3129.9,30.415,30.7,30.967,3082.7,31.0377,3044.7,3075.5,30.18,,,24.53,33.62,4.331502438,2.030929089,102.9,4.35,4.299,4.168,3.95455,95.6475,95.71,95.775,95.87,4.1302,4.0912,4.0107,3.833
2025-04-10,3177.5,3203.8,3229.1,30.759,31.049,31.323,3176.23,31.2239,3106.65,3143.15,30.925,,,26.59,40.72,4.424895287,2.251150846,100.867,4.319,4.25625,4.103,3.86525,95.66,95.73,95.805,95.925,4.2005,4.18,4.11,3.886
2025-04-11,3244.6,3272.1,3298.7,31.91,32.209,32.499,3237.61,32.3065,3213.75,3230.5,31.27,,,28.44,37.56,4.489522934,2.253953695,100.102,4.32845,4.27239,4.1425,3.9374,95.6525,95.71,95.775,95.885,4.28,4.2,4.11,3.886
2025-04-14,3226.3,3253.1,3278.9,32.167,32.472,32.759,3210.93,32.3474,3220.65,3204.2,32.275,,,23.8,30.89,4.37391758,2.134647846,99.64001,4.33202,4.27822,4.1359,3.8886,95.65,95.7,95.765,95.875,4.38,4.35,4.18,3.94
2025-04-15,3240.4,3267.5,3293.6,32.297,32.601,32.887,3230.72,32.3199,3227.35,3219.6,32.31,,,21.54,30.12,4.333013058,2.137327433,100.215,4.326,4.27922,4.1414,3.887,95.6525,95.7,95.765,95.865,4.474,4.395,4.1805,3.916
2025-04-16,3346.4,3375.1,3402.0,32.98,33.291,33.585,3343.12,32.7655,3304.4,3322.9,32.955,,,26.73,32.64,4.276785374,2.087459326,99.38,4.3191,4.27076,4.117,3.835,95.6575,95.7,95.76,95.86,4.4725,4.395,4.23,3.91
2025-04-17,3328.4,3357.1,3384.0,32.47,32.78,33.073,3326.85,32.5551,3324.35,3305.65,32.31,,,24.14,29.65,4.324890614,2.082975864,99.37601,4.3256,4.28485,4.137,3.861,95.655,95.685,95.74,95.83,4.477,4.41,4.212,3.897
2025-04-18,3328.4,3357.1,3384.0,32.47,32.78,33.073,3326.85,32.5551,3324.35,3305.65,32.31,,,24.14,29.65,4.324890614,2.082975864,99.23,4.3256,4.28485,4.137,3.861,95.655,95.685,95.74,95.83,4.485,4.43,4.235,3.9025
2025-04-21,3425.3,3454.6,3482.0,32.521,32.832,33.122,3423.98,32.696,3324.35,3305.65,32.31,,,28.14,33.82,4.410625458,2.177651167,98.27801,4.32789,4.28136,4.1168,3.826,95.655,95.695,95.75,95.855,4.4825,4.4175,4.214,3.8755
2025-04-22,3419.4,3448.7,3476.2,32.905,33.213,33.509,3380.63,32.5097,3454.7,3433.55,32.61,,,28.44,30.57,4.400785446,2.12394762,98.91801,4.3272,4.28503,4.13889,3.86795,95.655,95.685,95.74,95.835,4.26,4.25,4.13,3.91
2025-04-23,3294.1,3322.6,3349.4,33.547,33.863,34.158,3288.34,33.5785,3332.85,3262.95,32.96,,,25.23,28.45,4.381177902,2.074941397,99.844,4.32085,4.2924,4.16628,3.9203,95.66,95.69,95.73,95.81,4.28,4.2875,4.15,3.8905
2025-04-24,3348.6,3377.9,3405.2,33.503,33.824,34.126,3349.43,33.5801,3331.05,3314.75,33.395,,,24.93,26.47,4.314891338,2.009344816,99.37701,4.31985,4.28355,4.1418,3.8722,95.6625,95.69,95.735,95.82,4.3835,4.3425,4.2055,3.901
2025-04-25,3298.4,3327.2,3354.0,33.01,33.328,33.626,3319.72,33.1102,3299.35,3277.3,33.335,,,23.36,24.84,4.235299587,1.960746765,99.47101,4.32059,4.27665,4.1228,3.8388,95.66,95.69,95.735,95.825,4.4035,4.3412,4.1888,3.8938
2025-04-28,3347.7,3376.8,3403.9,33.005,33.321,33.621,3343.98,33.1631,3278.65,3296.3,33.01,,,23.25,25.15,4.208235264,1.947511435,99.01,4.32295,4.27876,4.11865,3.81295,95.6575,95.685,95.735,95.825,4.425,4.335,4.182,3.874
2025-04-29,3333.6,3362.5,3389.5,33.275,33.577,33.878,3317.41,32.9355,3314.95,3305.05,33.225,,,22.1,24.17,4.171631813,1.938677907,99.23701,4.31981,4.27186,4.09775,3.7815,95.6575,95.6875,95.735,95.83,4.45,4.37,4.158,3.842
2025-04-30,3319.1,3347.9,3374.7,32.531,32.828,33.124,3288.71,32.6164,3284.3,3302.05,32.225,,,21.52,24.7,4.161939144,1.920194507,99.468,4.32635,4.26585,4.0845,3.7435,95.6825,95.735,95.83,96.045,4.4683,4.3975,4.1567,3.805
2025-05-01,3222.2,3250.3,3276.5,32.469,32.757,33.15,3239.2,32.4128,3225.75,3214.75,32.125,,,21.51,24.6,4.217578411,1.972919226,100.248,4.32524,4.26765,4.10465,3.8048,95.68,95.725,95.815,96.0,4.486,4.4335,4.171,3.769
2025-05-02,3243.3,3271.7,3298.1,32.259,32.549,32.949,3240.49,32.01,3263.05,3249.7,32.365,,,21.35,22.68,4.308328152,2.035658836,100.03,4.33475,4.30203,4.1718,3.90615,95.67,95.695,95.75,95.905,4.4932,4.451,4.2023,3.944
2025-05-05,3322.3,3351.1,3378.1,32.474,32.771,33.177,3334.12,32.4851,3263.05,3249.7,32.365,,,23.2,23.64,4.343332291,2.05608654,99.831,4.3303,4.3081,4.19125,3.93175,95.6725,95.69,95.73,95.88,4.494,4.464,4.254,3.944
2025-05-06,3422.8,3452.1,3480.0,33.381,33.688,34.097,3431.77,33.2228,3377.35,3391.45,33.025,,,24.72,24.76,4.294569016,2.005451441,99.23801,4.32965,4.30076,4.16825,3.89175,95.6725,95.695,95.74,95.895,4.5319,4.4584,4.2643,3.95
2025-05-07,3391.9,3421.2,3449.1,32.791,33.102,33.522,3364.5,32.4562,3375.75,3392.25,32.875,,,22.99,23.55,4.269361019,1.986830711,99.61401,4.32615,4.3062,4.1881,3.9056,95.6725,95.685,95.715,95.86,4.5382,4.4485,4.2675,3.9545
2025-05-08,3306.0,3334.7,3362.3,32.617,32.926,33.348,3305.72,32.4631,3341.1,3352.3,32.43,,,22.58,22.48,4.378450871,2.057817221,100.64,4.32545,4.31098,4.21349,3.9718,95.6775,95.685,95.71,95.825,4.546,4.476,4.316,4.018
2025-05-09,3344.0,3372.6,3400.2,32.914,33.223,33.645,3324.98,32.7242,3324.45,3324.55,32.515,,,21.86,21.9,4.378450871,2.054202795,100.339,4.32498,4.30991,4.2139,3.9815,95.6775,95.685,95.71,95.83,4.537,4.4855,4.321,4.0234
2025-05-12,3228.0,3256.1,3283.3,32.624,32.933,33.356,3236.39,32.6023,3222.6,3235.4,32.02,,,21.38,18.39,4.470897675,2.155417919,101.788,4.32725,4.32528,4.2589,4.06595,95.68,95.68,95.695,95.77,4.5565,4.53,4.385,4.1125
2025-05-13,3247.8,3275.9,3303.5,33.1,33.41,33.837,3250.31,32.928,3254.1,3227.95,32.98,,,19.58,18.22,4.464972019,2.11229229,101.003,4.32921,4.32541,4.26101,4.0717,95.6825,95.68,95.695,95.76,4.5525,4.514,4.406,4.146
2025-05-14,3188.3,3216.0,3243.2,32.444,32.749,33.171,3177.25,32.2268,3230.95,3191.95,32.885,,,20.78,18.62,4.536300182,2.150032759,101.039,4.32446,4.3251,4.2718,4.10225,95.685,95.68,95.695,95.755,4.5515,4.5027,4.4295,4.184
2025-05-15,3226.6,3254.1,3281.2,32.68,32.981,33.393,3240.1,32.6405,3171.35,3191.05,32.085,,,21.63,17.83,4.431482315,2.083617449,100.879,4.32414,4.32081,4.2564,4.04725,95.6875,95.685,95.695,95.755,4.55,4.5215,4.4395,4.184
2025-05-16,3187.2,3214.4,3241.4,32.354,32.657,33.068,3203.65,32.2948,3210.05,3182.95,32.135,,,21.47,17.24,4.476961613,2.109588623,101.092,4.32112,4.32265,4.2719,4.085,95.6875,95.685,95.695,95.74,4.549,4.522,4.445,4.1965
2025-05-19,3233.5,3261.4,3288.9,32.507,32.808,33.221,3229.56,32.361,3239.05,3230.15,32.52,,,21.37,18.14,4.447354317,2.079997778,100.426,4.32212,4.32535,4.26938,4.06664,95.6875,95.68,95.69,95.735,4.5545,4.543,4.452,4.193
2025-05-20,3284.6,3312.6,3340.0,33.174,33.478,33.888,3290.13,33.0821,3238.45,3261.55,32.5,,,21.95,18.09,4.486931801,2.121265888,100.118,4.3192,4.3271,4.2715,4.06685,95.69,95.68,95.685,95.73,4.5685,4.549,4.4385,4.191
2025-05-21,3313.5,3341.9,3370.0,33.646,33.956,34.366,3314.96,33.3893,3310.25,3299.65,33.16,,,22.23,20.87,4.598534107,2.22612834,99.55901,4.321,4.3275,4.274,4.07948,95.6925,95.68,95.685,95.725,4.57,4.5535,4.448,4.191
2025-05-22,3295.0,3323.6,3351.7,33.219,33.53,33.937,3294.52,33.0561,3305.9,3284.0,32.725,,,21.55,20.28,4.528712273,2.156412125,99.96001,4.323,4.32762,4.27496,4.07893,95.6925,95.68,95.685,95.72,4.57,4.544,4.4455,4.19
2025-05-23,3365.8,3394.5,3422.9,33.609,33.917,34.327,3357.51,33.477,3330.1,3342.65,33.095,,,22.28,22.29,4.510988235,2.157354593,99.11201,4.32359,4.327,4.2845,4.08605,95.6925,95.675,95.685,95.72,4.557,4.545,4.452,4.19
2025-05-26,3365.8,3394.5,3422.9,33.609,33.917,34.327,3343.84,33.4906,3330.1,3342.65,33.095,,,22.28,20.57,4.510988235,2.157354593,98.934,4.32359,4.327,4.2845,4.08605,95.6925,95.675,95.685,95.72,4.557,4.545,4.452,4.19
2025-05-27,3300.4,3328.3,3356.9,33.311,33.621,34.03,3300.87,33.2645,3295.75,3296.7,32.9,,,21.12,18.96,4.443632126,2.096977234,99.521,4.32315,4.3285,4.2821,4.0873,95.695,95.685,95.685,95.72,4.55,4.54,4.4505,4.211
2025-05-28,3294.9,3322.4,3350.3,33.16,33.467,33.876,3287.48,32.984,3321.65,3300.85,33.285,,,19.69,19.31,4.477313519,2.128481388,99.87501,4.323,4.3296,4.2853,4.10128,95.695,95.685,95.685,95.715,4.555,4.553,4.4525,4.211
2025-05-29,3317.1,3343.9,3371.3,33.423,33.726,34.127,3317.94,33.3192,3278.9,3312.4,33.37,,,19.65,19.18,4.418022633,2.076306581,99.27801,4.31787,4.32087,4.2592,4.05368,95.695,95.685,95.69,95.725,4.565,4.546,4.436,4.1865
2025-05-30,3288.9,3315.4,3342.6,33.029,33.334,33.735,3289.25,32.9832,3293.55,3277.55,33.08,,,19.1,18.57,4.400350094,2.061018705,99.329,4.318,4.31765,4.24495,4.02494,95.685,95.69,95.725,95.78,4.5575,4.534,4.428,4.1575
2025-06-02,3397.2,3424.8,3452.4,34.694,35.006,35.412,3381.59,34.7615,3345.1,3370.85,33.245,,,20.6,18.36,4.439851284,2.082553148,98.706,4.31615,4.31717,4.25115,4.04654,95.69,95.695,95.73,95.775,4.605,4.559,4.4545,4.173
2025-06-03,3377.1,3404.8,3433.1,34.633,34.95,35.369,3353.43,34.5176,3358.2,3334.75,34.25,,,20.1,17.69,4.453737259,2.093338251,99.22701,4.313,4.3157,4.25009,4.055,95.6925,95.695,95.73,95.775,4.66,4.615,4.484,4.225
2025-06-04,3399.2,3427.2,3455.4,34.648,34.967,35.391,3372.72,34.5045,3363.1,3364.6,34.35,,,19.82,17.61,4.355172634,2.033192158,98.787,4.31058,4.3093,4.22236,3.9904,95.6925,95.695,95.74,95.795,4.64,4.6,4.455,4.165
2025-06-05,3375.1,3402.9,3430.8,35.805,36.131,36.558,3352.65,35.651,3385.6,3374.6,35.795,,,19.69,18.48,4.3905797,2.08702445,98.741,4.313,4.3076,4.22851,4.016,95.6925,95.695,95.74,95.79,4.615,4.5795,4.462,4.163
2025-06-06,3346.6,3374.5,3402.7,36.139,36.463,36.896,3310.42,35.9777,3356.05,3339.9,36.185,,,19.16,16.77,4.50558424,2.180183172,99.19,4.31425,4.32382,4.26875,4.09534,95.69,95.69,95.71,95.745,4.596,4.57,4.4935,4.238
2025-06-09,3354.9,3382.6,3410.6,36.796,37.125,37.565,3326.19,36.7584,3317.8,3319.3,36.25,,,19.45,17.16,4.473786354,2.152059078,98.939,4.314,4.32398,4.26945,4.088,95.6925,95.695,95.71,95.745,4.5628,4.54,4.4516,4.2175
2025-06-10,3343.4,3371.2,3399.4,36.642,36.972,37.419,3323.69,36.535,3327.65,3337.7,36.76,,,19.0,16.95,4.469849586,2.157510281,99.09801,4.31289,4.323,4.272,4.0958,95.695,95.695,95.71,95.745,4.5455,4.515,4.445,4.232
2025-06-11,3343.7,3371.4,3399.5,36.261,36.59,37.039,3355.12,36.2547,3338.1,3329.7,36.2,,,19.16,17.26,4.420322895,2.123093843,98.631,4.31104,4.3143,4.23935,4.04271,95.695,95.695,95.725,95.765,4.523,4.485,4.412,4.184
2025-06-12,3402.4,3429.9,3457.5,36.295,36.619,37.052,3385.92,36.3422,3360.45,3391.4,36.18,,,19.7,18.02,4.359200001,2.080661535,97.92101,4.314,4.3097,4.2215,4.01524,95.695,95.695,95.735,95.78,4.4975,4.4555,4.345,4.135
2025-06-13,3452.8,3480.5,3508.6,36.355,36.683,37.123,3432.34,36.3029,3420.2,3435.35,36.075,,,21.16,20.82,4.398676872,2.097780466,98.18401,4.31642,4.3123,4.2266,4.03351,95.6975,95.695,95.73,95.775,4.5195,4.468,4.3575,4.1315
2025-06-16,3417.3,3445.0,3472.9,36.448,36.776,37.219,3385.23,36.3132,3417.3,3397.6,36.375,,,19.87,19.11,4.446229458,2.121292114,97.998,4.32,4.33115,4.2525,4.065,95.695,95.69,95.705,95.745,4.535,4.5,4.3855,4.17
2025-06-17,3406.9,3434.6,3462.6,37.151,37.481,37.928,3388.11,37.1079,3380.55,3388.45,37.065,,,20.41,21.6,4.388844967,2.052685499,98.82001,4.32125,4.3251,4.24959,4.0645,95.695,95.69,95.705,95.74,4.54,4.52,4.38,4.1655
2025-06-18,3408.1,3435.7,3463.6,36.913,37.248,37.698,3369.38,36.7347,3381.35,3391.5,37.155,,,19.58,20.14,4.390862465,2.054453373,98.90501,4.32175,4.3261,4.24137,4.04875,95.695,95.69,95.695,95.73,4.547,4.5098,4.375,4.165
2025-06-19,3408.1,3435.7,3463.6,36.913,37.248,37.698,3370.9,36.382,3370.45,3368.9,36.31,,,19.58,22.17,4.390862465,2.054453373,98.90501,4.3209,4.3284,4.2465,4.05045,95.695,95.69,95.695,95.73,4.546,4.5103,4.3825,4.165
2025-06-20,3385.7,3413.2,3441.0,36.017,36.345,36.793,3368.39,36.0105,3355.15,3368.25,36.13,,,19.27,20.62,4.375123501,2.022915363,98.70701,4.322,4.31662,4.22343,4.02128,95.695,95.69,95.705,95.75,4.55,4.514,4.3735,4.145
2025-06-23,3395.0,3422.5,3450.2,36.187,36.528,36.982,3368.48,36.0997,3363.0,3380.55,36.13,,,19.02,19.83,4.347535133,2.024688721,98.41601,4.32356,4.30738,4.1997,3.98675,95.695,95.69,95.72,95.785,4.5477,4.5085,4.348,4.117
2025-06-24,3333.9,3361.4,3389.1,35.732,36.067,36.525,3323.67,35.9184,3319.5,3302.5,36.065,,,18.28,17.48,4.294498444,1.990559697,97.858,4.32375,4.30837,4.1854,3.94913,95.695,95.69,95.715,95.78,4.63,4.535,4.344,4.09
2025-06-25,3343.1,3370.8,3398.5,36.111,36.441,36.889,3332.33,36.2625,3322.4,3318.25,35.765,,,17.33,16.76,4.290579796,1.986046791,97.679,4.32875,4.2961,4.16185,3.91663,95.69,95.685,95.725,95.795,4.5865,4.5113,4.321,4.08
2025-06-26,3348.0,3375.7,3403.4,36.591,36.924,37.376,3327.92,36.656,3340.2,3318.7,36.59,,,16.65,16.59,4.24169445,1.941303492,97.147,4.32582,4.2932,4.146,3.878,95.685,95.685,95.72,95.795,4.59,4.517,4.295,4.031
2025-06-27,3287.6,3315.3,3342.7,36.037,36.37,36.819,3274.33,35.9911,3286.25,3271.75,35.98,,,16.49,16.32,4.276863575,1.957253456,97.401,4.32321,4.2969,4.15019,3.88736,95.685,95.685,95.715,95.79,4.605,4.509,4.342,4.031
2025-06-30,3307.7,3335.4,3362.9,35.852,36.172,36.614,3303.14,36.1094,3277.25,3287.45,35.975,,,17.31,16.73,4.227996826,1.928624749,96.87501,4.33155,4.3019,4.14665,3.86673,95.6725,95.695,95.78,95.915,4.6,4.521,4.35,4.0255
2025-07-01,3349.8,3377.5,3405.1,36.397,36.842,37.256,3338.84,36.036,3343.15,3349.0,36.505,,,16.76,16.83,4.241646767,1.934824586,96.81901,4.33192,4.29925,4.14557,3.8909,95.6725,95.695,95.78,95.91,4.555,4.495,4.36,4.02
2025-07-02,3359.7,3387.5,3415.2,36.727,37.172,37.592,3357.45,36.5515,3338.5,3335.7,36.305,,,16.87,16.64,4.276859283,1.95086658,96.776,4.32394,4.28208,4.13055,3.87607,95.67,95.71,95.79,95.925,4.5469,4.4812,4.3375,4.02
2025-07-03,3342.9,3370.9,3398.8,37.084,37.539,37.97,3326.12,36.8419,3350.0,3332.15,36.88,10.0,21.0,16.19,16.38,4.345741272,1.992868185,97.18001,4.33505,4.3315,4.215,3.983,95.6675,95.66,95.71,95.815,4.546,4.519,4.44,4.12
2025-07-04,3342.9,3370.9,3398.8,37.084,37.539,37.97,3337.15,36.9313,3333.7,3331.9,36.885,10.0,21.0,16.19,17.48,4.345741272,1.992868185,97.18001,4.3325,4.329,4.2024,3.96,95.6675,95.66,95.71,95.815,4.5475,4.75,4.445,4.12
2025-07-07,3342.8,3370.7,3398.7,36.904,37.361,37.797,3336.5,36.769,3306.0,3315.35,36.245,9.75,17.0,16.91,17.79,4.379384995,2.002734184,97.48,4.33754,4.3307,4.2162,3.986,95.665,95.66,95.71,95.81,4.5313,4.4985,4.3975,4.1072
2025-07-08,3316.9,3344.7,3372.6,36.749,37.207,37.643,3301.92,36.7623,3322.25,3314.75,36.775,9.0,19.0,16.2,16.81,4.399243355,2.021631479,97.51601,4.344,4.3354,4.21773,3.99495,95.6575,95.655,95.705,95.805,4.49,4.46,4.386,4.1
2025-07-09,3321.0,3348.5,3376.3,36.63,37.091,37.524,3313.66,36.3889,3288.05,3300.15,36.59,8.625,22.5,15.86,15.94,4.331963539,1.968506813,97.55501,4.34133,4.322,4.19705,3.9525,95.6575,95.655,95.71,95.82,4.495,4.435,4.367,4.0655
2025-07-10,3325.7,3353.3,3381.0,37.305,37.764,38.198,3324.05,37.0028,3326.05,3312.6,36.81,9.0,42.5,16.04,15.78,4.349754333,1.980149031,97.65201,4.33815,4.31945,4.19505,3.96204,95.6625,95.665,95.72,95.83,4.385,4.325,4.275,4.0452
2025-07-11,3364.0,3391.6,3419.5,38.955,39.422,39.855,3355.59,38.4154,3336.05,3352.1,37.5,13.5,60.0,16.94,16.4,4.409322262,2.006168127,97.853,4.3358,4.3192,4.2005,3.975,95.665,95.665,95.705,95.8,4.346,4.33,4.2445,4.025
2025-07-14,3359.1,3387.0,3415.3,38.742,39.214,39.641,3343.51,38.1374,3363.55,3351.15,38.995,8.15,31.5,16.99,17.2,4.43325901,2.013360262,98.081,4.34198,4.32666,4.21112,3.9885,95.665,95.66,95.705,95.8,4.3795,4.3815,4.244,4.003
2025-07-15,3336.7,3364.6,3392.9,38.11,38.588,39.028,3324.55,37.7065,3359.5,3345.1,38.26,7.375,31.5,16.37,17.38,4.481281281,2.051324606,98.616,4.3485,4.3373,4.229,4.0256,95.6625,95.65,95.69,95.775,4.465,4.4,4.29,4.0675
2025-07-16,3359.1,3386.9,3415.2,38.119,38.596,39.032,3347.13,37.9101,3339.4,3323.8,37.875,6.875,23.0,17.27,17.16,4.455301762,2.014199257,98.39201,4.3451,4.3309,4.21773,3.9924,95.6625,95.655,95.695,95.78,4.505,4.4495,4.3235,4.085
2025-07-17,3345.3,3373.1,3401.3,38.303,38.779,39.218,3338.97,38.1423,3329.3,3318.5,37.755,5.125,24.5,16.91,16.52,4.451343536,1.994307518,98.734,4.35038,4.33426,4.22925,4.01279,95.66,95.65,95.69,95.77,4.524,4.4675,4.371,4.095
2025-07-18,3358.3,3385.7,3414.1,38.464,38.941,39.385,3349.94,38.175,3351.6,3355.1,38.27,6.125,25.0,16.73,16.41,4.4155159,1.977062225,98.482,4.3429,4.3191,4.20625,3.9866,95.6625,95.66,95.7,95.79,4.545,4.505,4.4045,4.142
2025-07-21,3406.4,3433.7,3462.9,39.334,39.82,40.269,3397.05,38.9302,3362.6,3386.2,38.47,13.5,33.5,17.78,16.65,4.377726555,1.941929102,97.853,4.34625,4.32321,4.2111,3.9854,95.6625,95.655,95.7,95.79,4.565,4.535,4.45,4.15
2025-07-22,3443.7,3472.1,3501.8,39.555,40.052,40.508,3431.48,39.2925,3385.6,3409.85,38.84,13.625,35.5,19.08,16.5,4.344017029,1.931999683,97.39201,4.349,4.32028,4.20265,3.96886,95.6625,95.655,95.7,95.79,4.575,4.536,4.42,4.145
2025-07-23,3397.6,3426.2,3455.1,39.503,40.0,40.458,3387.29,39.2656,3430.15,3413.55,39.32,9.0,30.5,18.44,15.37,4.37976408,1.976938248,97.214,4.3495,4.316,4.2037,3.988,95.6625,95.655,95.7,95.79,4.565,4.53,4.435,4.16
2025-07-24,3373.5,3402.4,3431.1,39.224,39.72,40.177,3368.68,39.068,3361.55,3365.85,39.025,3.1,22.5,17.82,15.39,4.395711422,1.957071781,97.37701,4.35529,4.31734,4.2085,4.0103,95.6625,95.655,95.7,95.79,4.571,4.539,4.423,4.17
2025-07-25,3335.6,3364.4,3392.5,38.365,38.854,39.309,3337.3,38.16,3346.6,3343.5,38.735,0.875,17.0,17.05,14.93,4.387829781,1.966950774,97.645,4.35935,4.316,4.20225,4.0093,95.6625,95.655,95.705,95.8,4.605,4.544,4.45,4.16
2025-07-28,3310.0,3338.7,3366.8,38.221,38.712,39.169,3314.61,38.1687,3338.2,3305.25,38.125,-0.875,14.5,16.79,15.03,4.409792423,1.982656479,98.634,4.35179,4.30936,4.19585,4.00697,95.6625,95.655,95.705,95.8,4.6069,4.5505,4.433,4.16
2025-07-29,3324.0,3353.2,3381.2,38.286,38.781,39.238,3326.62,38.208,3325.0,3316.5,38.105,-2.25,16.0,16.61,15.98,4.320355892,1.903508663,98.886,4.34677,4.3001,4.18105,3.9735,95.665,95.66,95.71,95.805,4.602,4.536,4.4725,4.1578
2025-07-30,3295.8,3325.3,3352.8,37.739,38.226,38.682,3275.18,37.1322,3331.7,3304.3,37.92,54.0,8.5,16.48,15.48,4.369992256,1.953881741,99.815,4.35218,4.32357,4.236,4.053,95.6625,95.6575,95.685,95.755,4.585,4.531,4.4415,4.185
2025-07-31,3293.2,3321.1,3348.6,36.712,37.191,37.64,3289.93,36.7134,3306.8,3298.85,36.22,52.75,5.5,16.04,16.72,4.373997688,1.979187727,99.968,4.34838,4.32321,4.24503,4.0781,95.66,95.685,95.74,95.825,4.573,4.537,4.464,4.223
2025-08-01,3373.2,3399.8,3426.8,36.929,37.402,37.839,3363.48,37.0375,3294.9,3346.85,36.49,52.0,3.5,17.3,20.38,4.2158885,1.881873012,99.14101,4.34405,4.2472,4.06925,3.8153,95.6625,95.735,95.855,96.025,4.563,4.4565,4.3802,4.13
2025-08-04,3399.5,3426.4,3453.5,37.328,37.808,38.251,3373.59,37.4106,3359.05,3380.05,37.15,53.625,4.5,17.07,17.52,4.192347527,1.833522677,98.784,4.348,4.2348,4.05495,3.79537,95.6625,95.74,95.88,96.045,4.5775,4.4525,4.31,3.965
2025-08-05,3407.5,3434.7,3462.1,37.823,38.307,38.756,3380.6,37.8165,3363.25,3375.3,37.35,54.125,3.0,16.68,17.85,4.209980965,1.860253096,98.78201,4.35312,4.24721,4.07765,3.8386,95.6575,95.735,95.87,96.025,4.57,4.435,4.3,3.988
2025-08-06,3405.2,3433.4,3460.7,37.902,38.383,38.831,3369.33,37.8301,3362.7,3372.0,37.775,61.5,7.5,16.42,16.77,4.22568512,1.878408909,98.177,4.35562,4.23235,4.06446,3.817,95.655,95.735,95.88,96.035,4.54,4.395,4.247,3.9545
2025-08-07,3425.2,3453.7,3481.1,38.294,38.789,39.258,3396.38,38.268,3375.95,3383.75,38.375,65.0,14.0,16.95,16.57,4.25,1.873214126,98.4,4.359,4.22588,4.05725,3.8151,95.655,95.73,95.87,96.02,4.4545,4.3187,4.2055,3.9272
2025-08-08,3463.0,3491.3,3518.2,38.542,39.045,39.529,3397.75,38.3444,3397.1,3394.15,38.29,92.5,21.0,16.36,15.15,4.282935143,1.883605003,98.18001,4.35925,4.2352,4.07402,3.8475,95.6525,95.725,95.86,96.01,4.05,3.6575,3.5625,3.9272
2025-08-11,3376.2,3404.7,3433.0,37.787,38.282,38.756,3342.37,37.6139,3358.1,3356.4,37.755,59.5,10.0,16.94,16.25,4.28487587,1.883605003,98.52,4.36315,4.23805,4.07695,3.84775,95.65,95.725,95.85,96.0,4.533,4.41,4.261,3.955
2025-08-12,3371.1,3399.0,3427.3,38.002,38.496,38.97,3348.26,37.9143,3347.55,3343.3,37.69,51.0,4.5,16.35,14.73,4.288758278,1.900967598,98.09701,4.36324,4.2166,4.04125,3.8063,95.65,95.73,95.87,96.02,4.567,4.4235,4.255,3.93
2025-08-13,3380.5,3408.3,3436.6,38.602,39.102,39.582,3355.86,38.5045,3362.05,3364.4,38.605,51.0,5.5,15.95,14.49,4.232605934,1.854151726,97.84,4.35924,4.1867,4.0096,3.76,95.6525,95.745,95.9,96.055,4.61,4.415,4.245,3.9065
2025-08-14,3355.8,3383.2,3411.0,38.069,38.562,39.032,3335.39,38.0145,3356.7,3343.85,38.315,46.5,2.5,15.33,14.83,4.28487587,1.886210442,98.25401,4.35934,4.202,4.0455,3.81425,95.6525,95.735,95.875,96.01,4.582,4.4015,4.2375,3.925
2025-08-15,3355.4,3382.6,3410.1,37.975,38.467,38.933,3336.19,38.001,3344.35,3335.5,37.73,46.125,2.0,15.22,15.09,4.315972328,1.93148613,97.85201,4.3555,4.214,4.06276,3.83955,95.655,95.725,95.85,95.985,4.577,4.4045,4.248,3.935
2025-08-18,3350.7,3378.0,3405.5,38.029,38.525,38.994,3332.72,38.0213,3348.45,3332.4,38.085,45.375,3.0,14.9,14.99,4.333520889,1.945473671,98.16701,4.3408,4.21745,4.07035,3.85135,95.6525,95.72,95.845,95.965,4.556,4.394,4.235,3.943
2025-08-19,3331.8,3358.7,3385.8,37.332,37.814,38.277,3315.78,37.3927,3337.9,3334.45,38.07,43.625,-1.0,14.82,15.57,4.306233406,1.946363449,98.26501,4.33865,4.208,4.05305,3.8312,95.6525,95.725,95.85,95.975,4.54,4.365,4.2245,3.9355
2025-08-20,3361.6,3388.5,3415.8,37.773,38.26,38.711,3348.43,37.9002,3327.25,3344.65,37.075,43.0,-0.5,15.4,15.69,4.290664673,1.92890358,98.218,4.3408,4.2112,4.06428,3.83212,95.6525,95.72,95.845,95.97,4.53,4.37,4.222,3.9028
2025-08-21,3354.3,3381.6,3409.2,38.079,38.578,39.031,3338.71,38.1462,3339.7,3338.3,37.565,43.375,-1.5,15.44,16.6,4.327675819,1.933282852,98.619,4.33623,4.22818,4.09529,3.87639,95.6525,95.705,95.815,95.925,4.5395,4.406,4.259,3.93
2025-08-22,3391.3,3418.5,3446.0,39.054,39.555,40.009,3371.86,38.8888,3328.4,3334.25,38.005,45.0,1.5,15.15,14.22,4.253735542,1.833281517,97.716,4.3285,4.20245,4.04275,3.7909,95.65,95.71,95.845,95.965,4.5375,4.395,4.205,3.9395
2025-08-25,3390.2,3417.5,3445.1,38.703,39.213,39.667,3365.89,38.5745,3328.4,3334.25,38.005,44.25,-4.0,15.09,14.79,4.275080681,1.85320282,98.43001,4.32015,4.21,4.05701,3.8163,95.645,95.7,95.83,95.95,4.55,4.4035,4.22,3.9
2025-08-26,3404.8,3433.0,3461.0,38.606,39.117,39.569,3393.57,38.6107,3372.9,3367.1,38.42,49.25,5.0,15.88,14.62,4.261473656,1.824601173,98.22501,4.3115,4.18975,4.033,3.776,95.6475,95.71,95.845,95.96,4.5675,4.4225,4.2425,3.915
2025-08-27,3420.3,3448.6,3477.0,38.713,39.212,39.676,3397.37,38.599,3381.9,3376.35,38.215,52.0,10.5,15.9,14.85,4.234313011,1.793478012,98.232,4.30059,4.18321,4.02115,3.7502,95.6475,95.72,95.855,95.97,4.5475,4.3925,4.2325,3.93
2025-08-28,3445.8,3474.3,3502.3,39.19,39.703,40.175,3417.08,39.0541,3397.85,3407.65,38.935,58.5,64.5,16.34,14.43,4.203347206,1.785692215,97.813,4.28151,4.1715,4.019,3.76307,95.6475,95.72,95.845,95.965,4.5535,4.4135,4.2465,3.9297
2025-08-29,3487.2,3516.1,3544.6,40.2,40.723,41.202,3447.95,39.7189,3407.5,3429.15,38.8,67.75,86.5,17.39,15.36,4.22841835,1.814124107,97.771,4.26866,4.1609,4.0069,3.7515,95.7225,95.85,95.975,96.09,4.538,4.3955,4.2195,3.9295
2025-09-01,3487.2,3516.1,3544.6,40.2,40.723,41.202,3476.07,40.6965,3468.8,3474.9,40.575,67.75,86.5,17.39,16.12,4.22841835,1.814124107,97.771,4.2728,4.164,4.013,3.763,95.7225,95.85,95.975,96.09,4.5435,4.4035,4.2415,3.9295
2025-09-02,3562.9,3592.2,3620.9,41.592,42.078,42.395,3533.16,40.8825,3478.0,3490.0,40.52,64.0,80.0,19.81,17.17,4.261403084,1.841854095,98.397,4.2533,4.152,4.002,3.7601,95.7275,95.865,95.98,96.09,4.483,4.349,4.1535,3.845
2025-09-03,3606.1,3635.5,3664.5,42.06,42.549,42.872,3559.42,41.2103,3536.9,3556.2,40.86,63.75,74.0,19.53,16.35,4.216759682,1.808896065,98.14201,4.2456,4.1394,3.9855,3.73439,95.73,95.875,96.0,96.115,4.4555,4.33,4.158,3.8535
2025-09-04,3577.3,3606.7,3635.8,41.417,41.907,42.226,3545.85,40.6747,3539.45,3546.3,40.965,57.5,66.5,18.33,15.3,4.160719872,1.768264771,98.34701,4.22745,4.121,3.95578,3.702,95.7225,95.875,96.0,96.12,4.425,4.3,4.1275,3.815
2025-09-05,3624.0,3653.3,3682.1,41.552,42.038,42.354,3586.69,41.0042,3548.6,3594.55,40.745,56.25,58.0,18.3,15.18,4.074233055,1.698518753,97.76801,4.20435,4.07175,3.8842,3.61195,95.7325,95.91,96.09,96.215,4.4,4.2415,4.03,3.726
2025-09-08,3648.5,3677.4,3706.0,41.902,42.386,42.7,3635.98,41.354,3610.5,3632.65,41.19,40.5,60.0,19.09,15.11,4.039816856,1.681342125,97.454,4.1946,4.05775,3.86135,3.5835,95.725,95.905,96.1,96.23,4.397,4.28,4.049,3.7255
2025-09-09,3653.3,3682.2,3710.8,41.341,41.822,42.136,3626.63,40.874,3654.1,3649.55,41.245,39.25,45.5,17.99,15.04,4.087532997,1.715592384,97.788,4.18895,4.0768,3.9016,3.65112,95.7225,95.9,96.08,96.2,4.4115,4.28,4.076,3.748
2025-09-10,3653.1,3682.0,3710.6,41.6,42.08,42.394,3640.75,41.172,3646.4,3650.75,41.205,39.5,45.5,17.37,15.35,4.045426369,1.690666199,97.78001,4.18593,4.06637,3.8882,3.6339,95.715,95.895,96.08,96.205,4.4065,4.28,4.065,3.76
2025-09-11,3645.0,3673.6,3701.8,42.149,42.632,42.949,3634.07,41.5578,3617.95,3629.55,41.075,38.25,52.5,16.48,14.71,4.020590782,1.658096313,97.53101,4.162,4.03005,3.84575,3.6,95.7125,95.895,96.105,96.235,4.39,4.245,4.04,3.725
2025-09-12,3657.3,3686.4,3715.0,42.83,43.322,43.644,3643.14,42.1866,3645.35,3651.1,42.26,38.25,51.5,16.38,14.76,4.064320564,1.693051338,97.55,4.1704,4.0444,3.8625,3.61733,95.705,95.885,96.085,96.215,4.4,4.252,4.047,3.7295
2025-09-15,3689.5,3719.0,3747.7,42.962,43.459,43.78,3678.99,42.6806,3638.2,3657.65,42.2,39.0,45.0,17.9,15.69,4.037514687,1.665575027,97.302,4.15198,4.04079,3.868,3.611,95.705,95.885,96.065,96.195,4.385,4.25,4.035,3.726
2025-09-16,3695.5,3725.1,3753.9,42.917,43.415,43.738,3689.98,42.5639,3695.4,3695.4,42.69,37.0,33.0,18.37,16.36,4.027917862,1.654397011,96.633,4.1377,4.02788,3.855,3.59077,95.7075,95.885,96.065,96.2,4.381,4.229,4.03,3.725
2025-09-17,3688.0,3717.8,3746.8,42.152,42.644,42.963,3659.9,41.6749,3669.7,3681.0,41.265,35.25,33.5,17.41,15.72,4.08716774,1.693770409,96.873,4.1509,4.023,3.8511,3.60095,95.705,95.88,96.08,96.215,4.381,4.2315,4.045,3.74
2025-09-18,3648.7,3678.3,3707.1,42.118,42.608,42.925,3644.28,41.8269,3672.45,3643.7,41.855,33.5,30.0,16.45,15.7,4.104408264,1.71091938,97.34801,4.1608,4.0104,3.8402,3.601,95.695,95.865,96.08,96.21,4.398,4.2205,4.0225,3.765
2025-09-19,3676.0,3705.8,3734.8,42.952,43.448,43.775,3685.3,43.0841,3657.85,3663.15,42.235,34.0,28.0,16.76,15.45,4.127392769,1.73493576,97.644,4.1609,4.00663,3.8431,3.61037,95.6975,95.87,96.08,96.205,4.4,4.212,4.06,3.795
2025-09-22,3744.8,3775.1,3804.5,44.214,44.722,45.06,3746.7,44.0617,3721.25,3719.7,43.735,34.0,27.5,18.43,16.1,4.146656036,1.772096634,97.341,4.16395,4.009,3.85462,3.6345,95.6975,95.865,96.07,96.19,4.355,4.185,4.033,3.795
2025-09-23,3784.2,3815.7,3845.7,44.608,45.121,45.461,3764.01,44.0253,3788.4,3783.8,44.325,33.0,26.0,19.06,16.64,4.106128693,1.729682922,97.26401,4.161,3.99795,3.8458,3.62445,95.695,95.865,96.075,96.195,4.33,4.14,4.045,3.805
2025-09-24,3735.0,3768.1,3798.1,44.192,44.706,45.049,3736.16,43.9179,3768.05,3761.6,43.875,33.0,26.0,18.3,16.18,4.146593094,1.765109062,97.873,4.171,4.00422,3.85387,3.64265,95.695,95.86,96.07,96.185,4.33,4.14,4.025,3.7845
2025-09-25,3738.7,3771.1,3801.5,45.114,45.64,45.992,3749.44,45.1834,3752.4,3730.75,44.94,30.625,27.5,19.07,16.74,4.169783592,1.783298492,98.553,4.1675,4.0042,3.8756,3.69467,95.695,95.86,96.06,96.155,4.34,4.17,4.04,3.845
2025-09-26,3776.2,3809.0,3839.6,46.656,47.201,47.569,3759.98,46.0803,3748.75,3769.85,45.0,30.0,31.0,18.59,15.29,4.175523758,1.791050911,98.15201,4.1604,3.99111,3.86082,3.675,95.695,95.86,96.065,96.165,4.333,4.145,4.026,3.83
2025-09-29,3820.9,3855.2,3886.6,47.016,47.577,47.954,3833.55,46.93,3812.85,3826.85,46.95,28.75,17.0,19.19,16.12,4.1387043,1.776252747,97.90601,4.13168,3.9806,3.84513,3.65385,95.7,95.865,96.07,96.175,4.295,4.179,4.018,3.815
2025-09-30,3840.8,3873.2,3904.6,46.64,47.2,47.568,3858.96,46.6459,3806.55,3825.3,46.175,27.5,16.0,19.95,16.28,4.150279999,1.777096748,97.775,4.13303,3.96965,3.82955,3.6391,95.8625,96.08,96.195,96.29,4.27,4.16,3.9905,3.774
2025-10-01,3897.5,3929.1,3956.9,47.679,48.24,48.61,3865.74,47.318,3886.1,3872.0,47.28,26.625,11.5,19.05,16.29,4.098103523,1.746699333,97.706,4.129,3.9489,3.7931,3.5755,95.865,96.095,96.22,96.325,4.215,4.1265,3.9445,3.71
2025-10-02,3868.1,3899.1,3926.5,46.369,46.928,47.284,3856.58,46.9929,3877.5,3878.1,47.395,24.0,-15.0,18.05,16.63,4.082657814,1.749266624,97.84601,4.1124,3.9455,3.7859,3.56905,95.8575,96.085,96.21,96.32,4.19,4.065,3.905,3.695
2025-10-03,3908.9,3940.1,3967.6,47.965,48.533,48.892,3886.54,48.0003,3860.7,3885.7,47.605,24.75,-2.5,17.66,16.65,4.119174957,1.777840614,97.72301,4.10702,3.9472,3.79795,3.5956,95.855,96.075,96.2,96.305,4.137,4.0335,3.8745,3.641
2025-10-06,3976.3,4008.4,4037.1,48.448,49.026,49.386,3960.98,48.5115,3941.95,3949.45,48.565,24.25,-17.5,19.51,16.37,4.15204525,1.804829597,98.108,4.08723,3.94527,3.80155,3.60338,95.855,96.07,96.195,96.3,4.12,4.035,3.8665,3.6465
2025-10-07,4004.4,4036.8,4066.6,47.515,48.098,48.466,3984.85,47.8295,3962.3,3979.0,48.45,23.0,-22.5,19.94,17.24,4.122970581,1.764742851,98.578,4.08144,3.93695,3.79405,3.59405,95.8575,96.075,96.2,96.3,4.12,4.043,3.8625,3.627
2025-10-08,4070.5,4103.5,4133.7,48.994,49.58,49.949,4042.03,48.8874,4034.75,4040.05,49.005,22.0,-45.0,21.81,16.3,4.117136002,1.753416061,98.915,4.07758,3.9287,3.79569,3.59917,95.86,96.075,96.195,96.295,4.111,4.0315,3.872,3.625
2025-10-09,3972.6,4004.7,4034.0,47.157,47.707,48.057,3976.86,49.285,4040.6,4019.25,49.705,14.5,-145.0,21.85,16.43,4.138391495,1.781226158,99.538,4.0448,3.91233,3.7798,3.59347,95.86,96.075,96.19,96.29,3.91,3.91,3.79,3.595
2025-10-10,4000.4,4032.7,4062.0,47.247,47.807,48.163,4017.79,50.1479,3998.05,3974.5,50.76,14.75,-287.5,23.78,21.66,4.032150269,1.708137512,98.978,4.0328,3.8922,3.7347,3.51547,95.8575,96.08,96.215,96.325,3.665,3.68,3.58,3.485
2025-10-13,4133.0,4166.4,4196.4,50.429,50.993,51.359,4110.27,52.3722,4070.9,4095.95,51.24,19.375,-135.0,24.53,19.03,4.032150269,1.708137512,99.269,4.0353,3.8922,3.7347,3.51547,95.855,96.08,96.215,96.33,3.6125,3.665,3.5925,3.485
2025-10-14,4163.4,4196.9,4226.6,50.622,51.19,51.558,4142.94,51.4338,4143.8,4126.3,51.52,16.0,-125.0,26.11,20.81,4.032095909,1.723695755,99.047,4.0429,3.89842,3.73695,3.51,95.8525,96.075,96.22,96.335,3.91,3.9,3.71,3.556
2025-10-15,4201.6,4235.4,4265.5,51.378,51.949,52.316,4207.48,53.0308,4191.25,4204.6,52.585,16.0,-90.0,27.12,20.64,4.028202057,1.725393295,98.79301,4.0557,3.9006,3.7442,3.5145,95.8325,96.06,96.2,96.32,3.9,3.7835,3.68,3.502
2025-10-16,4304.6,4339.2,4369.7,53.296,53.873,54.243,4326.58,54.2404,4225.55,4261.95,53.02,15.5,-70.0,32.78,25.31,3.974514008,1.695021629,98.33601,4.02375,3.8625,3.6817,3.436,95.8325,96.075,96.23,96.36,3.853,3.811,3.687,3.497
2025-10-17,4213.3,4247.1,4276.8,50.104,50.671,51.033,4251.82,51.9206,4338.25,4224.75,54.1,49.25,5.0,31.2,20.78,4.008788109,1.732192993,98.43301,4.01,3.8648,3.6991,3.46535,95.8325,96.075,96.225,96.35,3.817,3.81,3.811,3.4495
2025-10-20,4359.4,4394.6,4425.4,51.384,51.953,52.315,4356.3,52.4483,4252.75,4294.35,51.8,16.75,-90.0,31.43,18.23,3.979990005,1.709575653,98.58601,4.00464,3.8699,3.70325,3.46962,95.8325,96.07,96.215,96.34,3.817,3.81,3.7,3.5
2025-10-21,4109.1,4142.2,4171.4,47.704,48.269,48.622,4125.22,48.7115,4275.1,4169.6,49.945,13.25,-77.5,29.82,17.87,3.962716103,1.686131477,98.93401,4.0207,3.87969,3.707,3.47,95.815,96.05,96.2,96.325,3.8045,3.78,3.6835,3.485
2025-10-22,4065.4,4098.6,4128.0,47.681,48.237,48.593,4098.42,48.4926,4081.5,4070.0,47.76,16.0,-30.0,27.19,18.6,3.949278831,1.658410072,98.897,4.016,3.874,3.70401,3.46419,95.8175,96.05,96.195,96.32,4.125,4.025,3.795,3.48
2025-10-23,4145.6,4179.3,4209.1,48.704,49.268,49.631,4126.28,48.92,4125.7,4143.75,49.105,15.625,-25.0,26.68,17.3,4.00088,1.695568,98.936,3.98913,3.86015,3.7046,3.4923,95.81,96.05,96.195,96.315,3.9695,3.995,3.81,3.48
2025-10-24,4137.8,4171.5,4201.3,48.586,49.157,49.523,4113.05,48.629,4069.65,4104.4,48.005,15.75,-18.0,24.75,16.37,4.000703,1.700639,98.952,3.98445,3.8457,3.688,3.48,95.81,96.04,96.21,96.335,4.133,4.01,3.79,3.4915
2025-10-27,4019.7,4052.6,4081.3,46.774,47.333,47.69,3982.21,46.8541,4029.7,3970.8,47.365,14.375,0.0,23.94,15.79,3.979543686,1.691915512,98.783,3.97575,3.8455,3.6959,3.4932,95.81,96.045,96.205,96.325,4.15,4.0,3.805,3.5075
2025-10-28,3983.1,4015.5,4043.7,47.324,47.885,48.246,3952.14,47.0619,3910.2,3948.5,46.44,14.75,7.5,24.03,16.42,3.975646973,1.681460381,98.66701,3.95507,3.8332,3.68985,3.49325,95.81,96.055,96.205,96.325,4.125,4.03,3.7935,3.5165
2025-10-29,4000.7,4033.7,4062.6,47.913,48.488,48.858,3930.07,47.5539,4024.5,4006.7,48.175,14.0,-15.0,24.7,16.92,4.075714111,1.773747444,99.22,3.99714,3.91,3.80188,3.6162,95.805,96.01,96.13,96.24,4.1545,4.0415,3.8455,3.535
2025-10-30,4015.9,4049.3,4079.0,48.616,49.209,49.59,4024.54,48.9284,3986.4,3994.15,48.18,13.0,-15.0,24.82,16.91,4.096981049,1.798258781,99.526,3.99355,3.89106,3.78817,3.61225,95.8075,96.01,96.12,96.225,4.1725,4.085,3.895,3.58
2025-10-31,3996.5,4029.5,4059.0,48.16,48.752,49.132,4002.92,48.6894,4013.2,4011.5,48.96,12.0,-36.0,22.66,17.44,4.077485085,1.758765221,99.80401,3.9925,3.88755,3.78526,3.5995,96.005,96.115,96.205,96.3,4.185,4.085,3.9325,3.67
2025-11-03,4014.0,4047.4,4077.2,48.049,48.641,49.02,4001.42,48.0777,3994.15,4025.25,48.775,11.75,-25.0,21.38,17.17,4.110429764,1.799060822,99.873,4.00025,3.8902,3.792,3.615,95.99,96.12,96.215,96.31,4.157,4.0115,3.853,3.67
2025-11-04,3960.5,3993.4,4022.5,47.291,47.866,48.235,3932.09,47.1593,3992.7,3951.1,47.76,10.0,-27.0,21.43,19.0,4.085158348,1.77885437,100.224,3.98776,3.8753,3.7732,3.5925,96.0,96.13,96.225,96.325,4.2025,4.0625,3.925,3.65
2025-11-05,3992.9,4026.2,4055.7,48.022,48.604,48.987,3979.57,48.0154,3964.85,3968.2,47.61,9.625,-16.0,20.15,18.01,4.159078598,1.846590042,100.204,3.969,3.87655,3.7945,3.63035,96.0175,96.12,96.205,96.295,4.1925,4.09,3.91,3.635
2025-11-06,3991.0,4024.2,4053.6,47.95,48.535,48.901,3977.21,48.0345,4004.3,3986.5,48.685,8.25,-21.5,20.13,19.5,4.083141327,1.802520752,99.733,3.96435,3.84826,3.74537,3.56225,96.025,96.14,96.23,96.33,4.175,4.085,3.915,3.625
2025-11-07,4009.8,4043.3,4072.8,48.143,48.746,49.121,4001.26,48.3229,4006.4,3994.1,48.695,7.25,-16.0,20.36,19.08,4.09662056,1.800707817,99.603,3.965,3.853,3.75175,3.56945,96.025,96.135,96.225,96.34,4.1465,4.0115,3.8675,3.625
2025-11-10,4122.0,4156.3,4186.5,50.311,50.922,51.314,4115.76,50.5104,4077.6,4090.25,50.04,8.0,-6.0,23.34,17.6,4.116010666,1.809477806,99.589,3.959,3.86557,3.77037,3.59325,96.0175,96.12,96.205,96.31,4.26,3.903,3.929,3.6406
2025-11-11,4116.3,4150.8,4180.9,50.744,51.367,51.758,4126.85,51.2213,4137.5,4123.3,51.24,5.75,-17.5,23.33,17.28,4.116010666,1.809477806,99.44301,3.9575,3.853,3.74725,3.5582,96.015,96.125,96.215,96.325,4.225,4.096,3.885,3.627
2025-11-12,4213.6,4248.8,4279.2,53.457,54.116,54.53,4195.39,53.2485,4120.1,4136.75,51.535,5.875,-2.5,25.82,17.51,4.06932354,1.779541016,99.495,3.966,3.8668,3.7698,3.5809,96.01,96.115,96.2,96.31,4.2,4.08,3.885,3.647
2025-11-13,4194.5,4230.8,4261.7,53.17,53.837,54.254,4171.52,52.2971,4234.3,4195.65,53.87,4.25,-4.5,24.82,20.0,4.119199753,1.803277016,99.15601,3.9644,3.8814,3.78625,3.60065,96.01,96.095,96.175,96.28,4.13,4.05,3.9,3.67
2025-11-14,4094.2,4129.5,4159.0,50.686,51.324,51.722,4084.06,50.5845,4161.2,4071.1,52.01,2.0,-10.5,24.13,19.83,4.148252487,1.830593109,99.299,3.9593,3.8847,3.7929,3.6094,96.01,96.085,96.16,96.265,4.125,4.06,3.9,3.6695
2025-11-17,4074.5,4109.8,4139.5,50.711,51.343,51.747,4044.96,50.2199,4083.2,4072.5,51.055,1.25,-17.0,24.07,22.38,4.138576508,1.826162338,99.58801,3.9597,3.89093,3.8012,3.61575,96.01,96.075,96.15,96.255,4.11,4.07,3.904,3.675
2025-11-18,4066.5,4101.7,4131.2,50.521,51.146,51.548,4067.24,50.7028,4041.05,4060.85,50.3,0.25,-17.5,23.9,24.69,4.113423347,1.811132431,99.55,3.9477,3.8777,3.77945,3.5806,96.0125,96.085,96.165,96.275,4.04,4.0285,3.866,3.64
2025-11-19,4082.8,4118.2,4148.3,50.854,51.503,51.906,4077.98,51.3595,4110.65,4126.95,52.2,0.5,-24.0,23.89,23.66,4.136673927,1.839413643,100.228,3.95781,3.8945,3.79835,3.59855,96.0175,96.055,96.125,96.255,4.04,4.046,3.895,3.638
2025-11-20,4060.0,4095.7,4125.3,50.301,50.956,51.358,4077.19,50.6642,4062.55,4090.6,50.845,-1.0,-27.5,22.93,26.42,4.084467888,1.812868118,100.158,3.957,3.88325,3.76955,3.55325,96.015,96.055,96.135,96.27,4.015,4.0075,3.8675,3.62
2025-11-21,4079.5,4116.0,4144.9,49.913,50.556,50.944,4065.14,50.0204,4034.3,4072.85,48.905,-1.0,-30.0,21.93,23.43,4.063272476,1.794273376,100.18,3.9358,3.8409,3.742,3.5315,96.01,96.095,96.205,96.295,4.042,4.03,3.87,3.61
2025-11-24,4094.2,4130.8,4159.6,50.326,50.96,51.347,4136.31,51.3626,4067.95,4082.05,50.04,-1.5,-32.5,22.55,20.52,4.024804115,1.780139923,100.142,3.9165,3.818,3.72725,3.52445,96.01,96.12,96.24,96.32,4.074,4.009,3.8495,3.5975
2025-11-25,4140.0,4177.3,4206.5,50.965,51.629,52.018,4130.69,51.4701,4130.15,4126.45,51.205,-3.5,-32.5,22.4,18.56,3.996030807,1.744907379,99.664,3.89738,3.7992,3.70445,3.4995,96.01,96.135,96.245,96.335,4.0645,4.02,3.8415,3.585
2025-11-26,4165.2,4202.3,4231.8,52.916,53.607,54.005,4162.15,53.36,4155.95,4139.6,52.48,34.375,42.0,21.95,17.19,3.99409008,1.732541084,99.595,3.87639,3.7864,3.6975,3.5015,96.005,96.13,96.24,96.325,4.081,4.0245,3.875,3.585
2025-11-27,4165.2,4202.3,4231.8,52.916,53.607,54.005,4157.61,53.3991,4154.0,4153.95,53.4,34.375,42.0,21.95,17.21,3.99409008,1.732541084,99.536,3.8738,3.7828,3.698,3.5029,96.005,96.13,96.24,96.325,4.0685,4.0045,3.877,3.5905
2025-11-28,4218.3,4254.9,4284.8,56.446,57.163,57.587,4239.43,56.5003,4159.4,4191.05,53.91,34.5,63.0,22.87,16.35,4.013238907,1.757951736,99.45901,3.872,3.77852,3.69705,3.51395,96.135,96.245,96.33,96.355,4.5,4.06,3.895,3.63
2025-12-01,4274.8,4305.7,4336.8,59.142,59.592,60.025,4232.21,57.989,4254.1,4238.85,57.49,33.5,57.5,23.34,17.24,4.086480141,1.819794655,99.414,3.85498,3.7745,3.6998,3.52675,96.14,96.245,96.33,96.35,4.4025,4.05,3.8835,3.635
2025-12-02,4220.8,4251.5,4282.6,58.703,59.154,59.593,4205.85,58.4695,4185.7,4214.75,57.44,31.0,62.5,22.49,16.59,4.086488724,1.822443008,99.357,3.8401,3.761,3.68345,3.50624,96.15,96.25,96.34,96.36,4.5095,4.07,3.88,3.657
2025-12-03,4232.5,4263.2,4294.3,58.62,59.06,59.497,4203.08,58.5007,4200.9,4210.3,58.365,31.0,47.5,21.96,16.08,4.063300133,1.789654732,98.854,3.82715,3.74885,3.6667,3.484,96.1575,96.26,96.35,96.375,4.56,4.063,3.88,3.63
2025-12-04,4243.0,4273.4,4304.1,57.491,57.923,58.344,4207.62,57.1357,4199.5,4200.6,57.565,30.5,42.5,20.57,15.78,4.098126411,1.806456566,98.98901,3.80938,3.7431,3.67025,3.503,96.1575,96.26,96.345,96.365,4.6205,4.071,3.886,3.6575
2025-12-05,4243.0,4273.8,4305.0,59.053,59.501,59.936,4197.78,58.3414,4224.05,4243.0,58.105,30.5,56.5,19.92,15.41,4.135070801,1.844610214,98.992,3.806,3.74725,3.67945,3.52439,96.1525,96.255,96.335,96.36,4.6015,4.071,3.893,3.6725
2025-12-08,4217.7,4248.6,4280.0,58.405,58.856,59.289,4190.66,58.1556,4204.15,4188.25,58.375,29.125,37.5,19.58,16.66,4.164328575,1.874919891,99.08701,3.7957,3.7437,3.67755,3.5336,96.1575,96.26,96.335,96.36,4.5985,4.0665,3.885,3.6725
2025-12-09,4236.2,4267.4,4299.4,60.84,61.314,61.769,4208.24,60.6703,4204.85,4198.0,58.63,29.0,51.0,20.35,16.93,4.187809944,1.899960518,99.22,3.7845,3.73995,3.6906,3.5622,96.1625,96.26,96.33,96.35,4.554,4.054,3.897,3.685
2025-12-10,4224.7,4255.6,4287.5,61.029,61.502,61.957,4228.84,61.8074,4191.4,4200.15,61.035,28.0,45.0,20.2,15.77,4.146821976,1.859745979,98.786,3.7559,3.7193,3.656,3.5025,96.185,96.285,96.35,96.375,4.48,4.0,3.86,3.65
2025-12-11,4313.0,4344.4,4376.5,64.592,65.08,65.545,4280.18,63.5586,4213.55,4230.35,62.115,30.5,39.5,20.97,14.85,4.156599998,1.876711845,98.34601,3.7512,3.7097,3.64605,3.50201,96.185,96.29,96.355,96.38,4.37,3.95,3.814,3.612
2025-12-12,4328.3,4360.0,4392.3,62.007,62.475,62.927,4299.63,61.9608,4319.5,4346.95,64.51,32.75,18.5,21.46,15.74,4.184056282,1.885667801,98.399,3.75667,3.70973,3.6413,3.48695,96.185,96.29,96.355,96.385,4.45,4.0045,3.839,3.612
2025-12-15,4335.2,4367.0,4399.4,63.589,64.071,64.541,4305.01,64.0876,4337.5,4315.85,63.87,29.75,7.0,21.2,16.5,4.172343254,1.89642334,98.30901,3.7435,3.70575,3.63145,3.4696,96.19,96.29,96.355,96.39,4.5,4.11,3.87,3.63
2025-12-16,4332.3,4363.9,4395.9,63.323,63.803,64.268,4302.32,63.7557,4276.25,4324.2,62.98,30.0,-2.5,20.18,16.48,4.145012856,1.890156746,98.146,3.7465,3.7073,3.63105,3.4675,96.19,96.29,96.355,96.39,4.6335,4.2,3.9219,3.635
2025-12-17,4373.9,4405.5,4437.3,66.901,67.399,67.878,4338.33,66.2655,4314.85,4342.1,65.945,31.5,19.5,21.22,17.62,4.152848244,1.88836956,98.368,3.7481,3.702,3.61745,3.45523,96.19,96.29,96.355,96.39,4.66,4.265,3.915,3.6275
2025-12-18,4364.5,4395.9,4427.6,65.219,65.712,66.19,4332.62,65.4736,4321.6,4333.35,66.295,32.25,1.0,21.31,16.87,4.121655464,1.856153488,98.427,3.74616,3.689,3.6032,3.43588,96.195,96.29,96.36,96.405,4.642,4.205,3.895,3.595
2025-12-19,4387.3,4418.8,4450.6,67.489,67.999,68.489,4338.88,67.1582,4327.55,4337.6,65.785,32.0,17.5,20.72,14.91,4.147088051,1.886597633,98.59901,3.74674,3.69486,3.6074,3.44455,96.1925,96.29,96.355,96.4,4.646,4.2075,3.896,3.61
2025-12-22,4469.4,4501.6,4534.0,68.565,69.094,69.608,4443.6,69.0383,4406.1,4421.65,69.22,35.0,1.0,23.8,14.08,4.162763596,1.911754608,98.286,3.749,3.69777,3.61265,3.455,96.1925,96.29,96.345,96.39,4.721,4.206,3.93,3.645
2025-12-23,4505.7,4538.1,4570.6,71.137,71.672,72.194,4484.47,71.43,4481.85,4449.4,69.74,27.0,21.5,24.53,14.0,4.162792206,1.899179459,97.942,3.739,3.6988,3.628,3.48402,96.2,96.29,96.335,96.375,5.125,4.18,3.94,3.6525
2025-12-24,4502.8,4535.1,4567.8,71.685,72.253,72.798,4479.42,71.87,4480.8,4449.4,72.18,26.0,-0.5,23.81,13.47,4.133506775,1.874054909,97.97601,3.7283,3.68682,3.60975,3.4592,96.205,96.295,96.34,96.38,5.14,4.155,3.914,3.6448
2025-12-25,4502.8,4535.1,4567.8,71.685,72.253,72.798,4479.42,71.87,4480.8,4449.4,72.18,26.0,-0.5,23.81,13.47,4.133506775,1.874054909,97.97601,3.7283,3.68682,3.60975,3.4592,96.205,96.295,96.34,96.38,5.14,4.155,3.914,3.6448
2025-12-26,4552.7,4585.7,4618.8,77.196,77.772,78.334,4533.21,79.2708,4480.8,4449.4,72.18,26.0,-0.5,25.78,13.6,4.12771225,1.877651215,98.022,3.72145,3.6725,3.5935,3.43985,96.205,96.3,96.355,96.4,5.1095,4.3325,3.981,3.6448
2025-12-29,4343.6,4375.7,4407.8,70.46,71.014,71.564,4332.35,72.137,4457.75,4337.05,74.635,18.0,-58.0,25.71,14.2,4.110161781,1.86150074,98.037,3.708,3.66695,3.58855,3.42395,96.2075,96.3075,96.355,96.395,4.952,4.113,3.858,3.614
2025-12-30,4386.3,4418.9,4451.9,77.919,78.528,79.126,4339.49,76.2945,4389.45,4367.8,74.835,15.75,4.0,24.83,14.33,4.121894836,1.86598587,98.23801,3.683,3.6567,3.5805,3.419,96.2125,96.3125,96.355,96.395,3.887,3.841,3.748,3.553
2025-12-31,4341.1,4373.9,4406.9,70.603,71.19,71.773,4319.37,71.6633,4307.95,4367.8,71.99,13.5,-60.0,23.92,14.95,4.166985512,1.898355484,98.32201,3.67485,3.6517,3.57962,3.427,96.315,96.355,96.395,96.47,3.91,3.8285,3.735,3.56
2026-01-01,4341.1,4373.9,4406.9,70.603,71.19,71.773,4319.37,71.6566,4307.95,4367.8,71.99,13.5,-60.0,23.92,14.95,4.166985512,1.898355484,98.32201,3.67485,3.6517,3.579,3.427,96.315,96.355,96.395,96.47,3.86,3.816,3.7225,3.56
2026-01-02,4329.6,4361.9,4394.5,71.015,71.578,72.131,4332.29,72.8181,4386.85,4352.95,74.215,10.5,-60.0,23.8,14.51,4.190676689,1.906496048,98.424,3.6757,3.646,3.575,3.427,96.315,96.36,96.4,96.47,3.93,3.845,3.73,3.56
2026-01-05,4451.5,4484.1,4516.8,76.657,77.25,77.844,4449.15,76.588,4436.7,4456.4,75.07,10.5,-3.0,24.25,14.9,4.161220551,1.868681908,98.27,3.67425,3.64625,3.57545,3.41965,96.3125,96.355,96.395,96.47,3.944,3.86,3.71,3.53
2026-01-06,4496.1,4529.1,4562.2,81.039,81.669,82.294,4494.83,81.2701,4452.75,4490.35,78.475,10.0,3.0,24.82,14.75,4.173041344,1.876778603,98.58,3.6756,3.6499,3.58742,3.4382,96.3075,96.35,96.39,96.455,3.96,3.9,3.745,3.561
2026-01-07,4462.5,4495.3,4528.1,77.613,78.211,78.815,4456.47,78.1865,4459.55,4438.0,78.985,10.0,-22.5,24.13,15.38,4.147540092,1.857896805,98.68401,3.678,3.6557,3.59219,3.4398,96.31,96.34,96.38,96.445,4.01,3.935,3.7675,3.5655
2026-01-08,4460.7,4493.9,4526.9,75.144,75.706,76.281,4477.65,76.9994,4432.1,4429.35,75.205,9.0,-25.5,24.07,15.45,4.167209625,1.870484352,98.93401,3.67107,3.65003,3.595,3.45055,96.3125,96.34,96.38,96.435,4.03,3.929,3.79,3.5705
2026-01-09,4500.9,4534.7,4567.9,79.341,79.938,80.531,4509.5,79.8562,4471.2,4493.85,78.14,9.0,-15.5,23.43,14.49,4.165341377,1.859687805,99.133,3.67838,3.67135,3.62495,3.48945,96.3175,96.325,96.35,96.395,4.0145,3.955,3.816,3.611
2026-01-12,4614.7,4649.2,4683.0,85.091,85.739,86.382,4597.51,85.1049,4587.7,4612.95,84.07,9.625,-5.0,25.03,15.12,4.175215721,1.85518837,98.86201,3.6794,3.6725,3.62875,3.4967,96.3175,96.325,96.35,96.39,4.035,3.9705,3.8405,3.6195
2026-01-13,4599.1,4633.5,4667.2,86.338,86.996,87.656,4586.52,86.9518,4582.8,4623.05,85.82,8.5,-5.0,23.76,15.98,4.179191589,1.854286194,99.134,3.678,3.67391,3.63051,3.49691,96.32,96.325,96.345,96.385,4.061,3.978,3.8585,3.635
2026-01-14,4635.7,4670.1,4704.0,91.385,92.081,92.78,4626.58,93.1637,4633.0,4606.5,91.095,7.5,-9.5,23.57,16.75,4.132032394,1.81387043,99.055,3.6725,3.6693,3.6245,3.4824,96.3225,96.325,96.345,96.385,4.075,3.9845,3.89,3.6625
2026-01-15,4623.7,4657.7,4691.7,92.347,93.031,93.711,4616.15,92.4225,4611.1,4610.85,91.265,4.375,-10.5,22.06,15.84,4.169412613,1.847976685,99.32101,3.671,3.66992,3.6341,3.51459,96.325,96.33,96.34,96.37,4.055,3.985,3.875,3.685
2026-01-16,4595.4,4629.4,4663.5,88.537,89.21,89.874,4596.09,90.1257,4607.25,4611.05,90.8,4.5,-26.5,22.23,15.86,4.222909927,1.881308556,99.39301,3.6692,3.6684,3.6319,3.52246,96.3275,96.33,96.345,96.375,4.05,3.99,3.9,3.6975
2026-01-19,4595.4,4629.4,4663.5,88.537,89.21,89.874,4670.89,94.3855,4664.95,4666.85,93.005,4.5,-26.5,22.23,18.84,4.222909927,1.881308556,99.39301,3.6692,3.6684,3.6319,3.52246,96.3275,96.33,96.345,96.375,4.0335,3.99,3.8815,3.71
2026-01-20,4765.8,4800.8,4835.7,94.636,95.336,96.027,4763.43,94.5886,4723.95,4747.8,95.7,4.5,-9.5,24.79,20.09,4.292546272,1.934756279,98.64101,3.6731,3.67135,3.6309,3.5188,96.3275,96.335,96.35,96.38,3.99,3.9645,3.87,3.7049
2026-01-21,4837.5,4873.1,4908.7,92.637,93.329,94.016,4831.73,93.0563,4860.75,4866.5,94.855,2.375,-17.5,26.27,16.9,4.242845535,1.861440659,98.761,3.67095,3.6709,3.6366,3.523,96.325,96.33,96.34,96.365,3.93,3.91,3.855,3.7049
2026-01-22,4913.4,4949.4,4985.7,96.372,97.089,97.797,4936.02,96.241,4825.55,4832.05,93.38,2.75,7.5,28.11,15.64,4.244883537,1.881305695,98.359,3.6703,3.67,3.6373,3.53305,96.3275,96.335,96.345,96.365,3.9785,3.8975,3.845,3.7
2026-01-23,4979.7,5017.0,5055.0,101.333,102.118,102.891,4987.49,103.1911,4926.2,4946.25,99.0,1.0,23.5,30.01,16.09,4.22518158,1.91130352,97.59901,3.67595,3.6702,3.6354,3.52269,96.3275,96.335,96.345,96.365,3.9785,3.94,3.8465,3.72
2026-01-26,5082.5,5122.3,5161.9,115.504,116.388,117.261,5008.7,103.7824,5093.55,5090.8,109.605,-3.375,2.5,32.7,16.15,4.211345673,1.893981934,97.04,3.675,3.672,3.6369,3.522,96.3275,96.33,96.34,96.365,3.96,3.95,3.859,3.7
2026-01-27,5082.6,5120.6,5158.9,105.957,106.804,107.647,5180.16,112.0839,5088.1,5064.25,111.565,-2.25,-11.5,33.13,16.35,4.243162155,1.893116951,96.217,3.67185,3.6662,3.6252,3.502,96.3275,96.335,96.345,96.375,3.945,3.9225,3.8431,3.695
2026-01-28,5303.6,5340.2,5380.7,113.534,114.398,115.268,5417.21,116.6974,5277.8,5306.95,112.795,33.5,-5.0,39.67,16.35,4.243215561,1.88360405,96.44601,3.67,3.66905,3.63154,3.50835,96.33,96.335,96.345,96.37,3.935,3.9175,3.87,3.67
2026-01-29,5318.4,5354.8,5395.8,114.429,115.319,116.214,5375.24,115.6976,5501.7,5405.0,118.45,29.75,-13.0,46.02,16.88,4.231338501,1.890521049,96.283,3.66895,3.6603,3.61735,3.49515,96.33,96.335,96.345,96.375,3.905,3.8925,3.85,3.64
2026-01-30,4713.9,4745.1,4780.7,78.531,79.14,79.77,4894.23,85.1994,5063.45,4981.85,103.19,24.5,10.0,44.08,17.44,4.235470772,1.893123627,96.991,3.67075,3.66003,3.61,3.471,96.335,96.35,96.375,96.42,3.875,3.942,3.8425,3.635
2026-02-02,4652.6,4686.4,4720.3,77.009,77.568,78.141,4661.38,79.2725,4685.45,4714.75,81.975,22.25,-5.0,37.38,16.34,4.277392387,1.934786797,97.632,3.6697,3.6663,3.6273,3.50381,96.3325,96.345,96.365,96.405,3.9,3.907,3.8315,3.625
2026-02-03,4935.0,4971.4,5007.7,83.301,83.941,84.589,4946.76,85.1623,4923.65,4920.95,87.49,23.0,-13.5,41.04,18.0,4.265472412,1.913074493,97.437,3.673,3.66689,3.62675,3.50225,96.3325,96.345,96.365,96.405,3.8275,3.912,3.7725,3.625
2026-02-04,4950.8,4987.6,5024.3,84.396,85.054,85.713,4964.93,88.1751,5051.75,4985.1,90.59,22.75,-30.0,36.93,18.64,4.273521423,1.931332588,97.616,3.667,3.66,3.61968,3.4907,96.335,96.345,96.365,96.405,3.8275,3.912,3.7725,3.625
2026-02-05,4889.5,4925.0,4960.2,76.714,77.281,77.849,4779.05,70.9175,4859.1,4847.25,78.71,22.25,-57.5,35.53,21.77,4.180072784,1.871488571,97.82401,3.6645,3.6313,3.55675,3.4001,96.34,96.36,96.4,96.455,3.735,3.7125,3.71,3.6025
2026-02-06,4979.8,5017.0,5054.3,76.895,77.497,78.093,4964.36,77.8369,4870.1,4948.0,74.94,23.0,-25.0,33.96,17.76,4.20599556,1.877540588,97.633,3.66267,3.64115,3.5811,3.436,96.3425,96.36,96.39,96.435,3.7125,3.7025,3.6175,3.52
2026-02-09,5079.4,5117.8,5156.1,82.234,82.867,83.478,5057.8,83.399,4992.5,5039.55,80.36,23.5,-25.0,32.84,17.36,4.202068329,1.862823486,96.816,3.6595,3.63985,3.5753,3.42422,96.345,96.36,96.385,96.44,3.75,3.75,3.685,3.52
2026-02-10,5031.0,5069.0,5106.9,80.384,81.003,81.605,5025.45,80.8096,5047.95,5031.4,82.28,22.5,-27.5,28.86,17.79,4.142664909,1.820511818,96.799,3.6602,3.63333,3.56105,3.404,96.3475,96.365,96.395,96.455,3.845,3.835,3.7475,3.555
2026-02-11,5098.5,5137.2,5175.7,83.92,84.563,85.202,5084.39,84.2793,5070.3,5077.85,86.1,24.0,-14.0,29.38,17.65,4.172388077,1.838610649,96.83401,3.66,3.657,3.6105,3.4651,96.3475,96.35,96.36,96.4,3.94,3.885,3.8075,3.5975
2026-02-12,4948.4,4986.1,5023.8,75.682,76.256,76.842,4922.19,75.2846,5063.25,5043.15,83.515,20.75,-10.0,30.23,20.82,4.098077774,1.779191017,96.925,3.6655,3.6547,3.5958,3.4322,96.345,96.345,96.36,96.405,3.95,3.8975,3.8125,3.61
2026-02-13,5046.3,5083.9,5121.3,77.964,78.535,79.105,5042.04,77.4148,4969.3,4994.95,77.35,22.25,-3.0,30.84,20.6,4.048314095,1.756770134,96.915,3.66412,3.6526,3.5866,3.40705,96.3425,96.345,96.36,96.41,4.0035,3.937,3.8315,3.6
2026-02-16,5046.3,5083.9,5121.3,77.964,78.535,79.105,4992.08,76.6124,5005.4,4972.1,77.09,22.25,-3.0,30.84,21.2,4.048314095,1.756770134,96.915,3.665,3.6526,3.5866,3.40705,96.3425,96.345,96.36,96.41,3.965,3.915,3.815,3.5925
2026-02-17,4905.9,4942.5,4978.7,73.54,74.063,74.576,4877.89,73.5264,4922.3,4861.45,74.645,18.875,-5.0,33.24,20.29,4.057836533,1.781640053,97.15501,3.6709,3.6597,3.6025,3.4328,96.3375,96.34,96.355,96.395,3.9985,3.932,3.8215,3.5925
2026-02-18,5009.5,5046.9,5083.7,77.598,78.196,78.767,4977.56,77.2025,4916.85,5003.3,75.45,20.5,-5.0,33.75,19.62,4.082694054,1.787635803,97.703,3.6768,3.66742,3.6112,3.4473,96.3325,96.335,96.35,96.39,3.9625,3.8775,3.8215,3.59
2026-02-19,4997.4,5035.1,5072.0,77.634,78.231,78.812,4996.1,78.5081,4991.05,5004.8,77.75,19.125,-9.5,33.56,20.23,4.067346573,1.769554138,97.925,3.67217,3.6645,3.611,3.4492,96.3325,96.335,96.345,96.385,3.965,3.9075,3.815,3.59
2026-02-20,5080.9,5119.6,5157.7,82.343,82.974,83.571,5107.45,84.647,5032.3,5053.2,80.505,20.75,2.5,36.44,19.09,4.082603455,1.786680222,97.79601,3.67368,3.6711,3.62465,3.4699,96.3325,96.33,96.34,96.37,3.99,3.925,3.843,3.6025
2026-02-23,5225.6,5265.5,5304.5,86.573,87.217,87.853,5227.42,88.1986,5147.55,5191.4,86.94,20.25,-19.0,38.46,21.01,4.03090477,1.769440651,97.706,3.67616,3.67215,3.6214,3.4532,96.3325,96.33,96.34,96.37,3.995,3.93,3.846,3.6137
2026-02-24,5176.3,5215.8,5254.6,87.506,88.13,88.764,5143.85,87.1568,5167.25,5120.25,88.105,18.375,-1.5,37.55,19.55,4.028962135,1.760814667,97.843,3.67108,3.6706,3.625,3.47115,96.335,96.335,96.34,96.37,3.9775,3.9375,3.845,3.615
2026-02-25,5226.2,5266.1,5305.4,90.988,91.63,92.28,5164.78,89.2296,5171.75,5191.55,90.705,19.25,-5.0,34.96,17.93,4.051869392,1.760784149,97.7,3.66905,3.668,3.627,3.48145,96.3325,96.335,96.34,96.37,3.975,3.91,3.835,3.6175
2026-02-26,5194.2,5233.7,5272.8,86.998,87.584,88.221,5184.97,88.3,5174.75,5167.35,86.43,16.625,47.5,33.07,18.63,4.00409317,1.716993332,97.79101,3.6672,3.6608,3.6095,3.4528,96.335,96.34,96.345,96.38,4.0035,3.91,3.839,3.65
2026-02-27,5247.9,5287.6,5327.1,92.682,93.291,93.969,5278.93,93.7867,5174.1,5222.3,89.975,17.75,60.0,33.23,19.86,3.937450409,1.68094635,97.608,3.6651,3.6544,3.59455,3.4244,96.34,96.35,96.395,96.43,3.965,3.937,3.8365,3.62
